Date,TAVG (Degrees Fahrenheit),TMAX (Degrees Fahrenheit),TMIN (Degrees Fahrenheit),PRCP (Inches),SNOW (Inches),SNWD (Inches)
5/1/1904,,54,22,0,,
5/2/1904,,49,29,0.12,,
5/3/1904,,49,36,0,,
5/4/1904,,48,27,0,,
5/5/1904,,41,28,0,,
5/6/1904,,48,33,0.23,,
5/7/1904,,41,23,0,,
5/8/1904,,46,15,0,,
5/9/1904,,61,25,0,,
5/10/1904,,53,31,0.01,,
5/11/1904,,53,21,0,,
5/12/1904,,46,16,0,,
5/13/1904,,59,17,0,,
5/14/1904,,57,28,0.03,,
5/15/1904,,51,25,0,,
5/16/1904,,61,27,0,,
5/17/1904,,,21,0,,
5/18/1904,,64,30,0,,
5/19/1904,,63,34,0,,
5/20/1904,,61,34,0.65,,
5/21/1904,,67,31,0,,
5/22/1904,,66,33,0,,
5/23/1904,,65,35,0,,
5/24/1904,,58,33,0,,
5/25/1904,,44,23,0.05,,
5/26/1904,,57,16,0,,
5/27/1904,,,,0,,
5/28/1904,,63,31,0,,
5/29/1904,,66,33,0.13,,
5/30/1904,,66,32,0,,
5/31/1904,,59,34,0,,
6/1/1904,,53,34,0.03,,
6/2/1904,,48,34,0.12,,
6/3/1904,,52,32,0.47,,
6/4/1904,,51,31,0,,
6/5/1904,,62,26,0,,
6/6/1904,,68,29,0,,
6/7/1904,,60,38,0.17,,
6/8/1904,,63,30,0,,
6/9/1904,,66,28,0,,
6/10/1904,,56,45,0,,
6/11/1904,,54,20,0,,
6/12/1904,,62,22,0,,
6/13/1904,,68,26,0,,
6/14/1904,,71,28,0,,
6/15/1904,,76,31,0,,
6/16/1904,,75,31,0.01,,
6/17/1904,,80,32,0,,
6/18/1904,,76,35,0,,
6/19/1904,,69,34,0,,
6/20/1904,,70,30,0,,
6/21/1904,,76,30,0,,
6/22/1904,,73,39,0,,
6/23/1904,,66,48,0,,
6/24/1904,,53,28,0,0,
6/25/1904,,62,24,0,,
6/26/1904,,67,19,0,,
6/27/1904,,68,19,0,,
6/28/1904,,72,19,0,,
6/29/1904,,79,30,0,,
6/30/1904,,81,34,0,,
7/1/1904,,73,38,0,,
7/2/1904,,71,34,0.05,,
7/3/1904,,69,38,0.05,,
7/4/1904,,75,34,0.22,,
7/5/1904,,65,35,0,,
7/6/1904,,74,34,0,,
7/7/1904,,76,34,0,,
7/8/1904,,74,44,0,,
7/9/1904,,79,35,0,,
7/10/1904,,79,35,0,,
7/11/1904,,81,34,0,,
7/12/1904,,75,48,0.02,,
7/13/1904,,61,43,0.45,,
7/14/1904,,71,30,0.03,,
7/15/1904,,,36,0,,
7/16/1904,,62,30,0,,
7/17/1904,,61,30,0,,
7/18/1904,,72,29,0,,
7/19/1904,,82,29,0,,
7/20/1904,,82,35,0,,
7/21/1904,,81,35,0,,
7/22/1904,,82,36,0.04,,
7/23/1904,,72,44,0,,
7/24/1904,,77,38,0,,
7/25/1904,,79,35,0.01,,
7/26/1904,,82,35,0,,
7/27/1904,,82,40,0.11,,
7/28/1904,,74,40,0.57,,
7/29/1904,,63,40,0,,
7/30/1904,,69,28,0,,
7/31/1904,,74,29,0,,
8/1/1904,,79,28,0,,
8/2/1904,,80,29,0,,
8/3/1904,,79,42,0,,
8/4/1904,,81,38,0,,
8/5/1904,,82,32,0,,
8/6/1904,,76,32,0,,
8/7/1904,,80,32,0,,
8/8/1904,,78,34,0,,
8/9/1904,,82,29,0,,
8/10/1904,,73,48,0.2,,
8/11/1904,,75,43,0,,
8/12/1904,,80,35,0,,
8/13/1904,,83,35,0,,
8/14/1904,,84,35,0.06,,
8/15/1904,,79,47,0.02,,
8/16/1904,,82,40,0,,
8/17/1904,,78,40,0,,
8/18/1904,,77,36,0.01,,
8/19/1904,,72,32,0.24,,
8/20/1904,,65,32,0.03,,
8/21/1904,,60,24,0,,
8/22/1904,,71,22,0,,
8/23/1904,,65,34,0,,
8/24/1904,,77,28,0,,
8/25/1904,,,42,0,,
8/26/1904,,77,34,0,,
8/27/1904,,73,40,0,,
8/28/1904,,67,49,0.4,,
8/29/1904,,65,40,0.16,,
8/30/1904,,66,35,0.05,,
8/31/1904,,67,33,0,,
9/1/1904,,65,29,0,,
9/2/1904,,68,25,0,,
9/3/1904,,71,25,0,,
9/4/1904,,74,26,0,,
9/5/1904,,78,27,0,,
9/6/1904,,81,31,0,,
9/7/1904,,81,31,0,,
9/8/1904,,81,36,0,,
9/9/1904,,72,33,0,,
9/10/1904,,64,31,0,,
9/11/1904,,67,23,0,,
9/12/1904,,64,31,0,,
9/13/1904,,64,20,0,,
9/14/1904,,64,20,0,,
9/15/1904,,73,26,0,,
9/16/1904,,72,31,0,,
9/17/1904,,71,33,0,,
9/18/1904,,71,41,0,,
9/19/1904,,70,31,0,,
9/20/1904,,71,27,0,,
9/21/1904,,67,29,0,,
9/22/1904,,60,27,0.03,,
9/23/1904,,69,27,0,,
9/24/1904,,59,27,0,,
9/25/1904,,65,24,0,,
9/26/1904,,56,35,0.45,,
9/27/1904,,46,32,0.23,,
9/28/1904,,55,33,0,,
9/29/1904,,65,26,0,,
9/30/1904,,62,27,0.03,,
10/1/1904,,63,42,0,0,
10/2/1904,,,,0,0,
10/3/1904,,58,36,0,0,
10/4/1904,,58,39,0,0,
10/5/1904,,70,26,0,0,
10/6/1904,,62,30,0,0,
10/7/1904,,,,0,0,
10/8/1904,,52,31,0.31,2,
10/9/1904,,45,30,0.08,0,
10/10/1904,,48,34,0.05,0,
10/11/1904,,40,34,0,0,
10/12/1904,,59,25,0.04,0,
10/13/1904,,53,31,0,0,
10/14/1904,,57,26,0,0,
10/15/1904,,55,26,0.01,0,
10/16/1904,,52,31,0.06,0,
10/17/1904,,32,25,0.25,6,
10/18/1904,,33,25,0,0,
10/19/1904,,41,24,0,0,
10/20/1904,,50,24,0,0,
10/21/1904,,52,29,0,0,
10/22/1904,,58,22,0,0,
10/23/1904,,56,28,0,0,
10/24/1904,,50,22,0,0,
10/25/1904,,63,16,0,0,
10/26/1904,,66,21,0,0,
10/27/1904,,63,21,0,0,
10/28/1904,,62,20,0,0,
10/29/1904,,60,17,0,0,
10/30/1904,,55,19,0,0,
10/31/1904,,49,22,0,0,
11/1/1904,,52,15,0,0,
11/2/1904,,53,17,0,0,
11/3/1904,,56,14,0,0,
11/4/1904,,54,12,0,0,
11/5/1904,,52,15,0,0,
11/6/1904,,43,14,0,0,
11/7/1904,,54,14,0,0,
11/8/1904,,50,19,0,0,
11/9/1904,,47,27,0,0,
11/10/1904,,48,14,0,0,
11/11/1904,,53,19,0,0,
11/12/1904,,54,15,0,0,
11/13/1904,,48,5,0,0,
11/14/1904,,45,11,0,0,
11/15/1904,,44,15,0,0,
11/16/1904,,34,27,0.15,1.5,2
11/17/1904,,41,18,0,0,
11/18/1904,,38,28,0.12,2.5,4
11/19/1904,,30,8,0,0,
11/20/1904,,36,13,0,0,
11/21/1904,,42,20,0,0,
11/22/1904,,44,19,0,0,
11/23/1904,,48,10,0,0,
11/24/1904,,48,9,0,0,
11/25/1904,,43,5,0,0,
11/26/1904,,50,11,0,0,
11/27/1904,,48,17,0,0,
11/28/1904,,38,22,0.28,2,
11/29/1904,,54,17,0,0,
11/30/1904,,45,12,0,0,
12/1/1904,,38,23,0.26,3.5,4
12/2/1904,,29,12,0,,
12/3/1904,,23,-18,0,,
12/4/1904,,25,-14,0,,
12/5/1904,,30,-9,0,,
12/6/1904,,32,-10,0,,
12/7/1904,,38,12,0,,
12/8/1904,,33,10,0,,
12/9/1904,,36,5,0,,
12/10/1904,,32,20,0.15,2.5,3
12/11/1904,,26,-2,0,,
12/12/1904,,26,7,0,,
12/13/1904,,35,7,0.11,1.5,5
12/14/1904,,25,5,0,,
12/15/1904,,28,19,0.34,2,7
12/16/1904,,21,3,0,,
12/17/1904,,25,0,0,,
12/18/1904,,31,20,0,,
12/19/1904,,30,25,0,,
12/20/1904,,34,23,0,,
12/21/1904,,38,26,0,,
12/22/1904,,34,23,0.28,6,10
12/23/1904,,34,-11,0.19,3,
12/24/1904,,31,14,0.4,4,
12/25/1904,,33,12,0.37,1.5,18
12/26/1904,,36,-32,0,,
12/27/1904,,29,-27,0,,
12/28/1904,,27,-15,0,,
12/29/1904,,43,8,0,,
12/30/1904,,38,11,0,,
12/31/1904,,32,18,0.7,7,
1/1/1905,,26,9,0.65,,24
1/2/1905,,26,7,,,
1/3/1905,,25,-5,,,
1/4/1905,,22,-6,,,
1/5/1905,,19,-5,0,,
1/6/1905,,26,10,,,
1/7/1905,,24,11,0.04,0.7,
1/8/1905,,25,12,0.06,0.2,26
1/9/1905,,24,-20,,,
1/10/1905,,19,-2,,,
1/11/1905,,21,-14,,,
1/12/1905,,30,-10,0.07,0.5,22
1/13/1905,,22,-3,,,
1/14/1905,,,12,,,
1/15/1905,,,23,0.02,0.5,
1/16/1905,,,,,,
1/17/1905,,,24,,,
1/18/1905,,,25,,,
1/19/1905,,29,22,,,
1/20/1905,,27,18,,0.3,27
1/21/1905,,,12,,,
1/22/1905,,30,12,,0.2,29
1/23/1905,,32,22,0.55,,31
1/24/1905,,,,,,
1/25/1905,,44,,,,24
1/26/1905,,,20,,,
1/27/1905,,,14,0.08,0.8,
1/28/1905,,,,,,
1/29/1905,,28,20,0.65,,
1/30/1905,,22,,,,
1/31/1905,,19,6,,0.5,22
2/1/1905,,24,-12,,,
2/2/1905,,30,15,0.24,,
2/3/1905,,28,9,0.04,1,13
2/4/1905,,35,11,,,
2/5/1905,,32,-14,,,
2/6/1905,,34,,,,
2/7/1905,,29,-3,,,
2/8/1905,,18,7,0.09,1.5,
2/9/1905,,14,-11,,,
2/10/1905,,35,-4,,,
2/11/1905,,23,,,,1
2/12/1905,,15,-45,,,
2/13/1905,,10,-18,,,
2/14/1905,,29,-7,,,
2/15/1905,,36,11,,,
2/16/1905,,30,14,,,
2/17/1905,,47,24,,,15
2/18/1905,,40,22,,,
2/19/1905,,39,,,,
2/20/1905,,35,27,0.14,5,20
2/21/1905,,43,19,,,
2/22/1905,,50,29,,,
2/23/1905,,48,34,,,
2/24/1905,,48,24,,,
2/25/1905,,48,18,,,
2/26/1905,,43,24,0,,
2/27/1905,,50,29,,,
2/28/1905,,49,28,,,17
3/1/1905,,53,23,,0,
3/2/1905,,60,,,0,
3/3/1905,,61,,,0,
3/4/1905,,55,,,0,
3/5/1905,,,23,,0,
3/6/1905,,37,19,0.01,0.3,
3/7/1905,,43,25,,0,
3/8/1905,,53,33,,0,
3/9/1905,,48,20,,0,
3/10/1905,,41,12,,0,
3/11/1905,,44,19,,0,
3/12/1905,,41,28,0.24,1.5,
3/13/1905,,43,20,,0,
3/14/1905,,45,26,,0,
3/15/1905,,52,32,,0,
3/16/1905,,47,19,,0,
3/17/1905,,49,20,,0,
3/18/1905,,42,28,0.2,2,
3/19/1905,,37,18,0.11,1.7,6
3/20/1905,,38,20,0.07,1,
3/21/1905,,37,25,0.3,3,
3/22/1905,,35,14,0.45,3.5,
3/23/1905,,33,9,,0,
3/24/1905,,37,,0.28,4,11
3/25/1905,,39,11,0.35,3.5,
3/26/1905,,38,25,,2,17
3/27/1905,,30,18,,0,
3/28/1905,,,-4,,0,
3/29/1905,,31,19,,2.5,20
3/30/1905,,34,14,0.35,1,
3/31/1905,,38,8,,0,20
4/1/1905,,47,19,,,
4/2/1905,,44,4,,,
4/3/1905,,35,15,,,
4/4/1905,,40,18,,,
4/5/1905,,54,-4,,,
4/6/1905,,57,2,,,
4/7/1905,,55,21,,,
4/8/1905,,49,32,,,
4/9/1905,,45,23,0.7,4,11
4/10/1905,,33,15,0.3,2,
4/11/1905,,48,10,,,
4/12/1905,,48,14,,,
4/13/1905,,,28,,,
4/14/1905,,44,24,0.05,1,4
4/15/1905,,50,27,,,
4/16/1905,,42,20,0.3,3,1
4/17/1905,,,20,,,
4/18/1905,,54,18,,,
4/19/1905,,40,29,0.2,,
4/20/1905,,,,,,
4/21/1905,,49,30,0.15,,3
4/22/1905,,,21,,,
4/23/1905,,,22,,,
4/24/1905,,55,23,,,
4/25/1905,,57,30,0.07,,
4/26/1905,,49,28,0.1,,1
4/27/1905,,43,25,,,
4/28/1905,,44,17,,,
4/29/1905,,50,22,0.06,,
4/30/1905,,53,28,0.04,,
5/1/1905,,45,32,0.04,,
5/2/1905,,43,20,0.2,,
5/3/1905,,35,24,0.3,,
5/4/1905,,43,19,0,,
5/5/1905,,42,18,0,,
5/6/1905,,51,11,0.25,,
5/7/1905,,57,24,0,,
5/8/1905,,52,29,0.2,1,1
5/9/1905,,39,28,0.11,,
5/10/1905,,30,23,0.06,,
5/11/1905,,44,22,0,,
5/12/1905,,43,28,0.3,,
5/13/1905,,46,28,0.11,,
5/14/1905,,54,26,0,,
5/15/1905,,56,23,0,,
5/16/1905,,66,35,0,,
5/17/1905,,63,27,0.25,,
5/18/1905,,44,33,0.52,,
5/19/1905,,57,22,0,,
5/20/1905,,,21,0,,
5/21/1905,,50,28,0.25,,
5/22/1905,,53,23,0.3,1.5,
5/23/1905,,49,30,0,,
5/24/1905,,57,27,0,,
5/25/1905,,50,28,0,,
5/26/1905,,53,30,0.3,,
5/27/1905,,52,34,0.07,,
5/28/1905,,54,34,0.4,,
5/29/1905,,53,33,0.24,,
5/30/1905,,63,34,0,,
5/31/1905,,72,30,0,,
6/1/1905,,75,31,0,,
6/2/1905,,73,35,0,,
6/3/1905,,73,35,0,,
6/4/1905,,72,32,0.01,,
6/5/1905,,66,34,0.07,,
6/6/1905,,66,31,0,,
6/7/1905,,79,36,0,,
6/8/1905,,77,30,0.01,,
6/9/1905,,69,33,0.13,,
6/10/1905,,60,32,0.07,,
6/11/1905,,70,30,0,,
6/12/1905,,68,34,0.21,,
6/13/1905,,62,30,0.03,,
6/14/1905,,68,29,0.03,,
6/15/1905,,58,35,0.2,,
6/16/1905,,56,32,0.27,,
6/17/1905,,55,32,0.53,,
6/18/1905,,50,29,0.42,,
6/19/1905,,61,27,0,,
6/20/1905,,69,30,0.05,,
6/21/1905,,68,34,0,,
6/22/1905,,63,34,0.45,,
6/23/1905,,58,37,0.45,,
6/24/1905,,63,37,0,,
6/25/1905,,74,32,0.09,,
6/26/1905,,81,40,0,,
6/27/1905,,72,28,0,,
6/28/1905,,70,30,0,,
6/29/1905,,72,27,0,,
6/30/1905,,72,30,0,,
7/1/1905,,73,36,0,,
7/2/1905,,67,34,0.14,,
7/3/1905,,74,29,0,,
7/4/1905,,72,27,0,,
7/5/1905,,72,28,0,,
7/6/1905,,74,32,0,,
7/7/1905,,80,34,0,,
7/8/1905,,80,31,0,,
7/9/1905,,84,31,0,,
7/10/1905,,90,36,0,,
7/11/1905,,85,39,0.02,,
7/12/1905,,82,34,0,,
7/13/1905,,83,37,0,,
7/14/1905,,90,46,0.12,,
7/15/1905,,74,42,0.27,,
7/16/1905,,72,35,0.37,,
7/17/1905,,70,37,0,,
7/18/1905,,85,30,0,,
7/19/1905,,82,43,0,,
7/20/1905,,83,41,0,,
7/21/1905,,86,35,0,,
7/22/1905,,85,37,0,,
7/23/1905,,91,35,0,,
7/24/1905,,87,37,0.12,,
7/25/1905,,82,40,0,,
7/26/1905,,88,40,0.2,,
7/27/1905,,78,35,0.04,,
7/28/1905,,80,34,0,,
7/29/1905,,80,35,0,,
7/30/1905,,82,32,0,,
7/31/1905,,76,42,0,,
8/1/1905,,83,35,0.04,,
8/2/1905,,87,34,0,,
8/3/1905,,83,44,0.03,,
8/4/1905,,83,42,0,,
8/5/1905,,84,45,0.57,,
8/6/1905,,84,34,0,,
8/7/1905,,88,36,0,,
8/8/1905,,88,40,0,,
8/9/1905,,92,38,0,,
8/10/1905,,96,47,0.47,,
8/11/1905,,97,40,0,,
8/12/1905,,72,36,0.4,,
8/13/1905,,82,35,0,,
8/14/1905,,84,36,0,,
8/15/1905,,92,38,0,,
8/16/1905,,84,30,0,,
8/17/1905,,65,40,0,,
8/18/1905,,76,30,0,,
8/19/1905,,92,32,0,,
8/20/1905,,82,37,0,,
8/21/1905,,83,44,0,,
8/22/1905,,84,44,0,,
8/23/1905,,76,40,0,,
8/24/1905,,91,36,0,,
8/25/1905,,90,50,0.02,,
8/26/1905,,80,42,0.01,,
8/27/1905,,89,39,0.01,,
8/28/1905,,83,45,0,,
8/29/1905,,88,42,0,,
8/30/1905,,91,46,0.06,,
8/31/1905,,80,45,0,,
9/1/1905,,74,26,0,,
9/2/1905,,81,25,0,,
9/3/1905,,80,29,0,,
9/4/1905,,76,35,0,,
9/5/1905,,72,40,0.01,,
9/6/1905,,76,26,0,,
9/7/1905,,76,28,0,,
9/8/1905,,80,26,0,,
9/9/1905,,80,30,0,,
9/10/1905,,81,30,0,,
9/11/1905,,76,39,0,,
9/12/1905,,69,38,0.16,,
9/13/1905,,79,28,0,,
9/14/1905,,66,27,0,,
9/15/1905,,66,25,0,,
9/16/1905,,70,25,0,,
9/17/1905,,75,32,0.01,,
9/18/1905,,53,15,0,,
9/19/1905,,65,27,0,,
9/20/1905,,72,27,0,,
9/21/1905,,75,31,0,,
9/22/1905,,70,29,0,,
9/23/1905,,80,27,0,,
9/24/1905,,70,43,0.09,,
9/25/1905,,55,30,0,,
9/26/1905,,69,32,0,,
9/27/1905,,,,0,,
9/28/1905,,,,0,,
9/29/1905,,48,29,1.16,,
9/30/1905,,36,26,0.15,,
10/1/1905,,47,27,,2.5,
10/2/1905,,,29,,,
10/3/1905,,63,,,,
10/4/1905,,66,34,,,
10/5/1905,,67,35,,,
10/6/1905,,,34,,,
10/7/1905,,48,21,,,
10/8/1905,,51,24,0.3,2,
10/9/1905,,43,,0.1,0.9,
10/10/1905,,40,16,0.05,0.4,
10/11/1905,,53,15,,,
10/12/1905,,52,23,,,
10/13/1905,,44,14,,0.4,
10/14/1905,,,15,,,
10/15/1905,,34,24,,,3
10/16/1905,,38,,,5,
10/17/1905,,33,13,0.45,4,6
10/18/1905,,29,15,,2,7
10/19/1905,,,,0.1,,
10/20/1905,,,,,,
10/21/1905,,43,,,,20
10/22/1905,,47,2,,,
10/23/1905,,46,9,,,
10/24/1905,,33,13,,,
10/25/1905,,,15,,,
10/26/1905,,43,11,,,
10/27/1905,,,7,,,
10/28/1905,,,,,,
10/29/1905,,,,,,
10/30/1905,,,,,,
10/31/1905,,,,,,
11/1/1905,,44,,,,0
11/2/1905,,,22,,,0
11/3/1905,,46,29,,,0
11/4/1905,,35,23,0.24,3,3
11/5/1905,,36,,0,,2
11/6/1905,,42,6,0,,1
11/7/1905,,,7,0,,1
11/8/1905,,45,6,0,,
11/9/1905,,48,6,0,,
11/10/1905,,48,,0,,
11/11/1905,,48,,0,,
11/12/1905,,54,9,0,,
11/13/1905,,56,9,0,,
11/14/1905,,50,13,0,,
11/15/1905,,47,10,0,,
11/16/1905,,,,0,,
11/17/1905,,,,0,,
11/18/1905,,,,0,,
11/19/1905,,,,0,,
11/20/1905,,,,0,,
11/21/1905,,,,0,,
11/22/1905,,,,0,,
11/23/1905,,,,0,,
11/24/1905,,,,0,,
11/25/1905,,48,0,0,,12
11/26/1905,,,,0.51,,15
11/27/1905,,,,0.15,,
11/28/1905,,38,7,0.18,,14
11/29/1905,,,,0,,10
11/30/1905,,,,0,,7
12/1/1905,,30,11,0,,7
12/2/1905,,20,-8,0,,7
12/3/1905,,27,18,0.12,1.5,8
12/4/1905,,31,6,0,,7
12/5/1905,,29,-11,0,,
12/6/1905,,31,6,0,,6
12/7/1905,,33,-3,0,,
12/8/1905,,28,12,0.1,1,6
12/9/1905,,29,,0,,5
12/10/1905,,25,-9,0,,5
12/11/1905,,18,0,0,,3
12/12/1905,,21,-2,0,,3
12/13/1905,,34,-15,0,,
12/14/1905,,31,-10,0,,2
12/15/1905,,33,-7,0,,
12/16/1905,,36,4,0,,
12/17/1905,,32,18,0,,
12/18/1905,,31,20,0,,
12/19/1905,,29,8,0,,
12/20/1905,,28,4,0.25,3.5,6
12/21/1905,,,-4,0,,
12/22/1905,,22,-29,0,,
12/23/1905,,18,-16,0,,4
12/24/1905,,20,-5,0,,
12/25/1905,,21,,0.03,,4
12/26/1905,,,14,0.24,,
12/27/1905,,20,,0.15,,8
12/28/1905,,,-18,0,,7
12/29/1905,,17,-3,0,,
12/30/1905,,13,-6,0.2,,11
12/31/1905,,19,2,0.14,1.5,13
1/1/1906,,,-22,,,
1/2/1906,,19,-10,,,
1/3/1906,,,-12,,,
1/4/1906,,,10,,,
1/5/1906,,30,,,,
1/6/1906,,,,0.25,,
1/7/1906,,,,,1,
1/8/1906,,,-20,,,
1/9/1906,,28,-2,,,
1/10/1906,,26,16,0.2,1.5,
1/11/1906,,31,18,0.35,3,16
1/12/1906,,30,,0.27,1.5,
1/13/1906,,,,0.8,5,22
1/14/1906,,,,,1.5,23
1/15/1906,,20,,,0.5,24
1/16/1906,,30,16,0.41,3,27
1/17/1906,,31,7,0.39,2.5,29
1/18/1906,,33,12,0.52,2,30
1/19/1906,,32,24,1.06,,
1/20/1906,,26,-5,0.15,1,
1/21/1906,,21,,0.1,,52
1/22/1906,,16,4,0.05,,
1/23/1906,,29,13,0.05,,53
1/24/1906,,34,24,,,54
1/25/1906,,42,4,,,
1/26/1906,,42,-1,,,49
1/27/1906,,36,5,,,
1/28/1906,,41,-5,,,
1/29/1906,,,16,,,
1/30/1906,,,,,,
1/31/1906,,42,11,,,30
2/1/1906,,45,3,,0,26
2/2/1906,,53,,,0,
2/3/1906,,36,,,0,
2/4/1906,,32,-18,,0,
2/5/1906,,31,-17,,0,
2/6/1906,,47,-20,,0,
2/7/1906,,,,,0,
2/8/1906,,,-16,,0,
2/9/1906,,34,-15,,0,
2/10/1906,,,,0.5,0,
2/11/1906,,,12,,0,
2/12/1906,,35,20,0.02,0,
2/13/1906,,31,18,0.05,0,
2/14/1906,,,15,0.22,1,
2/15/1906,,,19,0.34,2.5,30
2/16/1906,,28,9,0.1,0.9,
2/17/1906,,29,20,,1,32
2/18/1906,,,,,0,
2/19/1906,,32,,,2,31
2/20/1906,,30,18,0.25,1,31
2/21/1906,,,,0.28,1.5,33
2/22/1906,,31,17,0.23,1,
2/23/1906,,27,9,0.5,5,40
2/24/1906,,28,10,0.24,1,41
2/25/1906,,28,,0.36,3,41
2/26/1906,,32,,,0,40
2/27/1906,,39,23,0.05,0.3,
2/28/1906,,37,27,,6,47
3/1/1906,,29,12,0.24,1,48
3/2/1906,,26,-23,,0,
3/3/1906,,28,-14,,0,
3/4/1906,,35,16,0.1,0.5,
3/5/1906,,28,,,0,
3/6/1906,,42,4,,0,
3/7/1906,,51,-1,,0,
3/8/1906,,42,13,,0,
3/9/1906,,36,18,0.07,0.5,
3/10/1906,,,4,0.28,1.5,
3/11/1906,,20,-5,0.4,2,
3/12/1906,,33,-3,,3.5,10
3/13/1906,,29,-5,2,6,16
3/14/1906,,25,-11,0.48,2.5,19
3/15/1906,,21,-10,,0,
3/16/1906,,22,-41,,0,
3/17/1906,,27,-36,,0,
3/18/1906,,23,-10,,0,
3/19/1906,,24,,,0,
3/20/1906,,33,-9,,0,
3/21/1906,,,20,,0,
3/22/1906,,43,26,,0,
3/23/1906,,,26,0.51,0.5,
3/24/1906,,,29,0.14,1.5,34
3/25/1906,,42,30,,0,
3/26/1906,,,22,,0,
3/27/1906,,43,15,,0,
3/28/1906,,42,24,0.56,0.5,
3/29/1906,,47,16,,0,
3/30/1906,,56,9,,0,25
3/31/1906,,51,26,0.18,0,24
4/1/1906,,44,21,0.03,,22
4/2/1906,,38,18,0.36,,23
4/3/1906,,37,4,0,,
4/4/1906,,48,-7,0,,21
4/5/1906,,,,0,,
4/6/1906,,59,12,0,,20
4/7/1906,,56,,0,,
4/8/1906,,45,17,0,,18
4/9/1906,,44,27,0.1,,17
4/10/1906,,49,,0,,
4/11/1906,,54,29,1.02,5.5,22
4/12/1906,,36,,0,,
4/13/1906,,44,,0,,
4/14/1906,,,,0,,
4/15/1906,,,,0,,
4/16/1906,,57,,0,,
4/17/1906,,48,31,0.15,,14
4/18/1906,,50,21,0.35,2,14
4/19/1906,,54,14,0,,
4/20/1906,,,,0,,10
4/21/1906,,63,,0,,8
4/22/1906,,67,26,0,,
4/23/1906,,56,27,0.1,,6
4/24/1906,,48,31,0.15,,
4/25/1906,,40,29,0.16,,
4/26/1906,,44,21,0.2,1.5,
4/27/1906,,48,21,0,,
4/28/1906,,56,7,0,,
4/29/1906,,56,,0,,
4/30/1906,,44,16,0,,
5/1/1906,,55,15,0.02,,
5/2/1906,,56,24,,,
5/3/1906,,59,28,,,
5/4/1906,,55,35,0.03,,
5/5/1906,,43,16,,,
5/6/1906,,53,,,,
5/7/1906,,58,22,,,
5/8/1906,,,22,,,
5/9/1906,,68,24,,,
5/10/1906,,69,27,,,
5/11/1906,,66,30,,,
5/12/1906,,66,28,,,
5/13/1906,,56,39,0.24,,
5/14/1906,,55,35,0.1,,
5/15/1906,,45,,0.31,,
5/16/1906,,37,,0.25,,
5/17/1906,,,22,,,
5/18/1906,,,,,,
5/19/1906,,66,18,,,
5/20/1906,,64,29,0.25,,
5/21/1906,,,15,0.05,,
5/22/1906,,63,25,,,
5/23/1906,,61,33,0.1,,
5/24/1906,,,39,,,
5/25/1906,,,,,,
5/26/1906,,,,0.15,,
5/27/1906,,,29,0.27,,
5/28/1906,,,,0.93,,
5/29/1906,,,,,,
5/30/1906,,44,28,,,
5/31/1906,,,,,,
6/1/1906,,50,16,0,0,
6/2/1906,,53,18,0,0,
6/3/1906,,52,17,0,0,
6/4/1906,,59,19,0,0,
6/5/1906,,60,20,0,0,
6/6/1906,,62,25,0.15,0.2,
6/7/1906,,69,40,0.1,1,
6/8/1906,,,24,0,0,
6/9/1906,,64,28,0,0,
6/10/1906,,77,39,0,0,
6/11/1906,,74,34,0,0,
6/12/1906,,72,38,0,0,
6/13/1906,,69,33,0,0,
6/14/1906,,68,26,0,0,
6/15/1906,,76,28,0,0,
6/16/1906,,65,39,0.21,0,
6/17/1906,,,32,0.2,0,
6/18/1906,,52,30,0.1,0,
6/19/1906,,51,29,0,0,
6/20/1906,,56,32,0,0,
6/21/1906,,61,30,0,0,
6/22/1906,,72,30,0,0,
6/23/1906,,64,30,0.04,0.4,
6/24/1906,,58,30,0,0,
6/25/1906,,71,24,0.06,0,
6/26/1906,,80,46,0.04,0,
6/27/1906,,71,36,0.12,0,
6/28/1906,,53,27,0.32,0,
6/29/1906,,56,23,0.02,0,
6/30/1906,,56,24,0,0,
7/1/1906,,69,34,0,,
7/2/1906,,70,30,0,,
7/3/1906,,77,32,0,,
7/4/1906,,76,31,0,,
7/5/1906,,79,32,0,,
7/6/1906,,72,35,0,,
7/7/1906,,71,32,0,,
7/8/1906,,72,39,0,,
7/9/1906,,69,,0.45,,
7/10/1906,,75,36,0,,
7/11/1906,,77,38,0,,
7/12/1906,,79,38,0,,
7/13/1906,,72,41,0.02,,
7/14/1906,,65,40,0,,
7/15/1906,,74,30,0,,
7/16/1906,,77,45,0,,
7/17/1906,,72,45,0.25,,
7/18/1906,,73,37,0,,
7/19/1906,,76,35,0,,
7/20/1906,,80,34,0,,
7/21/1906,,,42,0,,
7/22/1906,,74,39,0,,
7/23/1906,,72,45,0,,
7/24/1906,,77,46,0,,
7/25/1906,,79,34,0,,
7/26/1906,,80,38,0.4,,
7/27/1906,,80,31,0,,
7/28/1906,,80,31,0,,
7/29/1906,,81,34,0,,
7/30/1906,,78,35,0,,
7/31/1906,,70,35,0.11,,
8/1/1906,,70,39,0.2,,
8/2/1906,,77,36,0,,
8/3/1906,,72,35,0,,
8/4/1906,,71,37,0,,
8/5/1906,,70,36,0,,
8/6/1906,,63,43,0,,
8/7/1906,,75,31,0,,
8/8/1906,,83,36,0,,
8/9/1906,,85,,0,,
8/10/1906,,83,38,0.01,,
8/11/1906,,74,41,0,,
8/12/1906,,72,42,0,,
8/13/1906,,70,44,0,,
8/14/1906,,75,36,0,,
8/15/1906,,81,32,0,,
8/16/1906,,82,32,0,,
8/17/1906,,85,35,0,,
8/18/1906,,84,34,0.14,,
8/19/1906,,74,41,0,,
8/20/1906,,74,48,0,,
8/21/1906,,64,41,0.48,,
8/22/1906,,58,44,0.11,,
8/23/1906,,62,32,0.71,,
8/24/1906,,54,,0.05,,
8/25/1906,,58,35,0,,
8/26/1906,,60,,0,,
8/27/1906,,70,,0,,
8/28/1906,,70,35,0,,
8/29/1906,,75,30,0,,
8/30/1906,,79,29,0,,
8/31/1906,,72,45,0,,
9/1/1906,,65,44,0,,
9/2/1906,,72,29,0,,
9/3/1906,,70,20,0,,
9/4/1906,,72,24,0,,
9/5/1906,,74,20,0,,
9/6/1906,,77,35,0,,
9/7/1906,,70,34,0,,
9/8/1906,,72,30,0,,
9/9/1906,,68,36,0,,
9/10/1906,,59,39,0,,
9/11/1906,,56,21,0,,
9/12/1906,,52,26,0,,
9/13/1906,,49,35,0.46,,
9/14/1906,,42,,0.16,,
9/15/1906,,47,29,0.01,,
9/16/1906,,57,,0,,
9/17/1906,,62,22,0,,
9/18/1906,,69,27,0,,
9/19/1906,,71,30,0,,
9/20/1906,,72,32,0,,
9/21/1906,,72,40,0,,
9/22/1906,,71,,0,,
9/23/1906,,74,,0,,
9/24/1906,,73,52,0,,
9/25/1906,,62,,0,,
9/26/1906,,71,,0,,
9/27/1906,,,,0,,
9/28/1906,,70,46,0,,
9/29/1906,,75,,0,,
9/30/1906,,76,,0,,
10/1/1906,,,,0,0,
10/2/1906,,,,0,0,
10/3/1906,,,,0.3,3,
10/4/1906,,,,0,0,
10/5/1906,,,,0,0,
10/6/1906,,,,0,0,
10/7/1906,,,,0,0,
10/8/1906,,,,0,0,
10/9/1906,,71,,0,0,
10/10/1906,,69,,0,0,
10/11/1906,,68,,0,0,
10/12/1906,,,,0,0,
10/13/1906,,48,16,0,0,
10/14/1906,,54,22,0,0,
10/15/1906,,54,,0,0,
10/16/1906,,52,,0,0,0
10/17/1906,,56,25,0.33,2,0
10/18/1906,,42,18,0,0,
10/19/1906,,33,12,0.11,3,4
10/20/1906,,28,17,,0,
10/21/1906,,34,-2,0,0,1
10/22/1906,,42,-8,0,0,0
10/23/1906,,48,4,0,0,
10/24/1906,,38,20,0,0,
10/25/1906,,42,30,0,0,
10/26/1906,,53,37,0,0,0
10/27/1906,,55,27,0,0,
10/28/1906,,53,24,0,0,
10/29/1906,,54,21,0,0,
10/30/1906,,58,20,0,0,
10/31/1906,,54,23,,0,
11/1/1906,,47,28,0.07,1,0
11/2/1906,,44,11,0,0,0
11/3/1906,,38,28,0,0,0
11/4/1906,,45,28,0.1,1,0
11/5/1906,,39,27,0,0,0
11/6/1906,,34,20,0.05,0,1
11/7/1906,,38,24,0,0,0
11/8/1906,,42,33,0,0,0
11/9/1906,,49,30,0,0,0
11/10/1906,,43,30,0,0,
11/11/1906,,47,23,0,0,
11/12/1906,,42,25,0,0,
11/13/1906,,41,32,0.18,1,0
11/14/1906,,44,35,0.06,0,
11/15/1906,,43,32,0,0,0
11/16/1906,,32,17,0,0,0
11/17/1906,,22,-3,0,0,0
11/18/1906,,12,-12,0,0,0
11/19/1906,,20,-17,0,0,0
11/20/1906,,15,-1,0,0,0
11/21/1906,,22,9,0,0,0
11/22/1906,,22,-8,0,0,0
11/23/1906,,30,-11,0,0,0
11/24/1906,,39,-4,0,0,0
11/25/1906,,29,14,0.09,2,3
11/26/1906,,21,-3,0,0,3
11/27/1906,,34,-7,0,0,
11/28/1906,,35,-2,0,0,
11/29/1906,,,11,0.06,1,4
11/30/1906,,22,-11,0,0,
12/1/1906,,32,-15,0,0,4
12/2/1906,,45,1,0,0,
12/3/1906,,50,4,0,0,
12/4/1906,,40,16,0,0,
12/5/1906,,35,13,0,0,
12/6/1906,,27,21,0.07,2,6
12/7/1906,,37,26,0.15,3,9
12/8/1906,,31,26,0.26,5,14
12/9/1906,,30,22,0.33,6,20
12/10/1906,,34,23,0.05,1,21
12/11/1906,,39,27,0,0,
12/12/1906,,37,29,0.22,3,20
12/13/1906,,32,15,0.12,1,19
12/14/1906,,23,-14,0,0,18
12/15/1906,,15,-17,0,0,18
12/16/1906,,24,4,0,0,16
12/17/1906,,23,5,0,0,14
12/18/1906,,26,16,0,0,14
12/19/1906,,27,16,0,0,12
12/20/1906,,31,18,0.15,1,12
12/21/1906,,33,,0,0,10
12/22/1906,,38,15,0,0,8
12/23/1906,,36,18,0,0,8
12/24/1906,,35,20,0,0,8
12/25/1906,,38,24,0,0,5
12/26/1906,,36,30,0,0,4
12/27/1906,,37,25,0,0,4
12/28/1906,,34,11,0,0,4
12/29/1906,,,11,0,0,4
12/30/1906,,29,13,0.25,2,6
12/31/1906,,29,19,0.2,2,7
1/1/1907,,26,-8,0,0,5
1/2/1907,,12,-13,0,0,
1/3/1907,,18,-9,0.14,0,6
1/4/1907,,29,17,0.6,24,30
1/5/1907,,28,17,0.55,10,40
1/6/1907,,28,13,0.15,1,41
1/7/1907,,27,13,0.25,2,40
1/8/1907,,20,-20,0.07,0.5,35
1/9/1907,,27,-18,0,0,33
1/10/1907,,32,-9,0,0,30
1/11/1907,,26,14,0.06,1,30
1/12/1907,,19,13,0.27,2,32
1/13/1907,,15,5,0.05,0.5,32
1/14/1907,,16,-5,0.02,0,32
1/15/1907,,18,-5,0.43,2,34
1/16/1907,,15,-2,0,0,34
1/17/1907,,18,6,0,0,34
1/18/1907,,18,9,0.3,2,36
1/19/1907,,19,12,0.36,2,38
1/20/1907,,22,,0.44,2,40
1/21/1907,,21,11,0.1,0,40
1/22/1907,,,,0,0,
1/23/1907,,,,0,0,
1/24/1907,,,,0,0,
1/25/1907,,,,0,0,
1/26/1907,,,,0,0,
1/27/1907,,,,0,0,
1/28/1907,,,,0,0,
1/29/1907,,,,0,0,
1/30/1907,,,,0,0,
1/31/1907,,,,0,0,
2/1/1907,,20,-8,0,0,40
2/2/1907,,25,-5,0.2,2,42
2/3/1907,,26,15,0.12,1,43
2/4/1907,,32,25,0.05,0,43
2/5/1907,,33,26,,0,42
2/6/1907,,36,10,0,0,41
2/7/1907,,30,12,0,0,41
2/8/1907,,38,1,0,0,40
2/9/1907,,43,10,0,0,38
2/10/1907,,47,-6,0,0,32
2/11/1907,,45,-8,0,0,30
2/12/1907,,43,0,0,0,28
2/13/1907,,44,4,0,0,26
2/14/1907,,42,-3,0,0,25
2/15/1907,,47,4,0,0,24
2/16/1907,,50,-7,0,0,22
2/17/1907,,43,-5,0,0,21
2/18/1907,,38,1,0,0,21
2/19/1907,,34,-4,0,0,20
2/20/1907,,40,24,0,0,18
2/21/1907,,38,28,0,0,17
2/22/1907,,42,21,0,0,16
2/23/1907,,41,26,0,0,15
2/24/1907,,37,21,0,0,13
2/25/1907,,37,26,0,0,13
2/26/1907,,30,20,0,0,13
2/27/1907,,32,-10,0,0,13
2/28/1907,,30,-12,0,0,13
3/1/1907,,30,17,0.1,1,12
3/2/1907,,28,-5,0,0,
3/3/1907,,26,8,0.15,2,13
3/4/1907,,40,15,0.1,1,14
3/5/1907,,47,10,0,,
3/6/1907,,42,28,0,,12
3/7/1907,,40,17,0,,
3/8/1907,,40,21,0,0,
3/9/1907,,38,12,0,,
3/10/1907,,33,23,0.38,4,15
3/11/1907,,30,11,0.12,2,17
3/12/1907,,36,-1,0,0,
3/13/1907,,25,-10,0,0,
3/14/1907,,28,15,0.25,3,18
3/15/1907,,37,17,0.08,1,
3/16/1907,,32,23,0,0,
3/17/1907,,37,22,0.05,,16
3/18/1907,,40,33,0.7,5,11
3/19/1907,,39,32,0.45,3,10
3/20/1907,,44,31,0.05,,
3/21/1907,,39,25,0.45,,11
3/22/1907,,29,19,0.64,,15
3/23/1907,,34,22,0.46,,18
3/24/1907,,33,23,0.51,,23
3/25/1907,,29,21,0.28,,26
3/26/1907,,28,16,0.31,,29
3/27/1907,,26,12,0.23,,32
3/28/1907,,28,12,0.21,,36
3/29/1907,,32,17,0.18,,38
3/30/1907,,35,12,0,,
3/31/1907,,35,16,0,,
4/1/1907,,50,21,0,,36
4/2/1907,,45,22,0,,34
4/3/1907,,44,29,0,,
4/4/1907,,41,18,0,,
4/5/1907,,34,24,0,,
4/6/1907,,35,20,0.26,,36
4/7/1907,,38,25,0.18,,
4/8/1907,,46,24,0,,30
4/9/1907,,51,29,0,,
4/10/1907,,54,39,0,,26
4/11/1907,,50,15,0,,24
4/12/1907,,54,12,0,,20
4/13/1907,,60,26,0,,16
4/14/1907,,53,19,0,,
4/15/1907,,51,33,0,,14
4/16/1907,,48,20,0,,12
4/17/1907,,35,22,0,,
4/18/1907,,33,6,0,,
4/19/1907,,31,12,0,,
4/20/1907,,40,-1,0,,
4/21/1907,,47,9,0,,10
4/22/1907,,52,24,0,,
4/23/1907,,52,26,0,,
4/24/1907,,38,16,0.52,,13
4/25/1907,,39,-6,0,,
4/26/1907,,46,21,0,,
4/27/1907,,43,19,0,,10
4/28/1907,,38,18,0,,
4/29/1907,,42,1,0,,
4/30/1907,,46,7,0,,9
5/1/1907,,47,17,0,0,9
5/2/1907,,41,20,0,0,
5/3/1907,,45,21,0,0,
5/4/1907,,42,12,0,0,
5/5/1907,,50,11,0,0,8
5/6/1907,,47,19,0,0,8
5/7/1907,,51,19,0,0,6
5/8/1907,,55,22,0,0,
5/9/1907,,59,25,0,0,
5/10/1907,,59,30,0.28,2,7
5/11/1907,,56,29,0.18,1,8
5/12/1907,,40,21,0,0,
5/13/1907,,50,21,0,0,
5/14/1907,,59,26,0,0,5
5/15/1907,,60,30,0,0,
5/16/1907,,57,31,0,0,4
5/17/1907,,58,31,0,0,
5/18/1907,,60,30,0,0,3
5/19/1907,,54,31,0,0,
5/20/1907,,59,24,0,0,
5/21/1907,,64,27,0,0,
5/22/1907,,57,32,0.15,0,
5/23/1907,,,31,0,0,
5/24/1907,,41,28,0,0,
5/25/1907,,44,26,0,0,
5/26/1907,,40,23,0,0,
5/27/1907,,54,26,0,0,
5/28/1907,,54,29,0,0,
5/29/1907,,59,31,0,0,
5/30/1907,,54,26,0,0,
5/31/1907,,56,29,0,0,
6/1/1907,,64,29,0,0,
6/2/1907,,,,0,0,
6/3/1907,,,,0,0,
6/4/1907,,,,0,0,
6/5/1907,,,,0,0,
6/6/1907,,,,0,0,
6/7/1907,,,,0,0,
6/8/1907,,,,0,0,
6/9/1907,,,,0,0,
6/10/1907,,,,0,0,
6/11/1907,,54,25,0,0,
6/12/1907,,55,31,0.4,0,
6/13/1907,,45,31,0.3,0,
6/14/1907,,50,27,0.52,0,
6/15/1907,,42,25,0.1,0,
6/16/1907,,43,29,0.16,0,
6/17/1907,,58,28,0,0,
6/18/1907,,66,28,0,0,
6/19/1907,,65,30,0,0,
6/20/1907,,60,33,0.04,0,
6/21/1907,,54,35,1.4,0,
6/22/1907,,55,34,0.25,0,
6/23/1907,,58,39,0.32,0,
6/24/1907,,54,28,0,0,
6/25/1907,,51,29,0.09,0,
6/26/1907,,65,31,0,0,
6/27/1907,,68,37,0,0,
6/28/1907,,71,37,0.03,0,
6/29/1907,,72,30,0.07,0,
6/30/1907,,66,32,0.03,0,
7/1/1907,,75,31,,,
7/2/1907,,83,35,,,
7/3/1907,,80,41,,,
7/4/1907,,81,40,0.11,,
7/5/1907,,75,31,,,
7/6/1907,,74,32,,,
7/7/1907,,72,34,,,
7/8/1907,,82,43,,,
7/9/1907,,77,,,,
7/10/1907,,74,40,,,
7/11/1907,,71,37,0.12,,
7/12/1907,,77,34,0.04,,
7/13/1907,,71,34,,,
7/14/1907,,69,32,0.05,,
7/15/1907,,67,35,0.3,,
7/16/1907,,64,29,,,
7/17/1907,,72,30,0.08,,
7/18/1907,,70,,0.14,,
7/19/1907,,81,37,0.1,,
7/20/1907,,73,35,,,
7/21/1907,,85,38,,,
7/22/1907,,82,,,,
7/23/1907,,80,34,,,
7/24/1907,,72,36,,,
7/25/1907,,71,,,,
7/26/1907,,78,36,0.1,,
7/27/1907,,80,31,,,
7/28/1907,,79,30,,,
7/29/1907,,87,36,0.2,,
7/30/1907,,90,37,0.03,,
7/31/1907,,89,36,,,
8/1/1907,,82,32,0.08,,
8/2/1907,,89,37,0.05,,
8/3/1907,,75,,0.07,,
8/4/1907,,70,39,0.3,,
8/5/1907,,81,37,0,,
8/6/1907,,81,47,0.05,,
8/7/1907,,80,,0,,
8/8/1907,,86,37,0,,
8/9/1907,,82,36,0,,
8/10/1907,,75,32,0.09,,
8/11/1907,,69,26,0.08,,
8/12/1907,,74,27,0,,
8/13/1907,,80,28,0,,
8/14/1907,,80,38,0,,
8/15/1907,,,39,0,,
8/16/1907,,80,40,0,,
8/17/1907,,79,48,0,,
8/18/1907,,82,50,0.04,,
8/19/1907,,,,0,,
8/20/1907,,,21,0,,
8/21/1907,,79,26,0,,
8/22/1907,,75,30,0,,
8/23/1907,,82,30,0,,
8/24/1907,,,39,0.1,,
8/25/1907,,66,,0.3,,
8/26/1907,,64,41,0.45,,
8/27/1907,,58,32,0,,
8/28/1907,,68,36,0,,
8/29/1907,,70,29,0.1,,
8/30/1907,,64,36,0,,
8/31/1907,,70,26,0,,
9/1/1907,,76,31,0,0,
9/2/1907,,72,29,0,0,
9/3/1907,,72,29,0,0,
9/4/1907,,72,34,0,0,
9/5/1907,,71,36,0.1,0,
9/6/1907,,68,27,0.12,0,
9/7/1907,,62,35,0,0,
9/8/1907,,69,29,0,0,
9/9/1907,,72,30,0,0,
9/10/1907,,82,32,0,0,
9/11/1907,,73,42,0,0,
9/12/1907,,73,45,0,0,
9/13/1907,,61,35,0,0,
9/14/1907,,59,24,0,0,
9/15/1907,,66,27,0,0,
9/16/1907,,67,24,0,0,
9/17/1907,,62,25,0,0,
9/18/1907,,64,24,0,0,
9/19/1907,,54,33,,0,
9/20/1907,,58,24,0,0,
9/21/1907,,62,23,0,0,
9/22/1907,,64,21,0,0,
9/23/1907,,69,31,0,0,
9/24/1907,,68,28,0,0,
9/25/1907,,71,25,0,0,
9/26/1907,,64,40,0.6,0,
9/27/1907,,62,41,0,0,
9/28/1907,,60,31,0,0,
9/29/1907,,50,34,0.13,0,
9/30/1907,,61,30,0,0,
10/1/1907,,57,31,0,,
10/2/1907,,51,30,0,,
10/3/1907,,62,31,0,,
10/4/1907,,68,25,0,,
10/5/1907,,69,28,0,,
10/6/1907,,61,30,0,,
10/7/1907,,59,28,0,,
10/8/1907,,62,31,0,,
10/9/1907,,69,19,0,,
10/10/1907,,70,20,0,,
10/11/1907,,68,19,0,,
10/12/1907,,71,22,0,,
10/13/1907,,64,21,0,,
10/14/1907,,70,26,0,,
10/15/1907,,62,31,0,,
10/16/1907,,70,30,0,,
10/17/1907,,68,24,0,,
10/18/1907,,65,21,0,,
10/19/1907,,67,24,0,,
10/20/1907,,62,22,0,,
10/21/1907,,60,27,0,,
10/22/1907,,60,26,0,,
10/23/1907,,59,25,0,,
10/24/1907,,57,20,0,,
10/25/1907,,59,23,0,,
10/26/1907,,57,26,0,,
10/27/1907,,56,21,0,,
10/28/1907,,52,24,0.02,,
10/29/1907,,56,20,0,,
10/30/1907,,48,35,0,,
10/31/1907,,52,36,0.02,,
11/1/1907,,41,21,0,0,
11/2/1907,,44,20,0,0,
11/3/1907,,42,19,0,0,
11/4/1907,,40,21,0,0,
11/5/1907,,51,16,0,0,
11/6/1907,,50,21,0,0,
11/7/1907,,52,20,0,0,
11/8/1907,,52,19,0,0,
11/9/1907,,49,16,0,0,
11/10/1907,,49,23,0,0,
11/11/1907,,44,11,0,0,
11/12/1907,,48,6,0,0,
11/13/1907,,44,12,0,0,
11/14/1907,,45,12,0,0,
11/15/1907,,39,11,0,0,
11/16/1907,,39,21,0,0,
11/17/1907,,30,23,0.12,2,
11/18/1907,,31,9,0,0,
11/19/1907,,34,4,0,0,
11/20/1907,,27,16,0,0,
11/21/1907,,32,10,0,0,
11/22/1907,,28,19,0,0,
11/23/1907,,29,19,0.39,4,
11/24/1907,,30,18,0,0,
11/25/1907,,35,27,0,0,
11/26/1907,,39,25,0,0,
11/27/1907,,33,11,0,0,
11/28/1907,,35,13,0,0,
11/29/1907,,40,26,0,0,
11/30/1907,,45,5,0,0,
12/1/1907,,35,14,0,,
12/2/1907,,36,13,0,,
12/3/1907,,33,12,0,,
12/4/1907,,49,-2,0,,
12/5/1907,,48,23,0,,
12/6/1907,,33,24,0,,
12/7/1907,,35,23,0.17,2.8,6
12/8/1907,,34,20,0.21,3.3,
12/9/1907,,24,-8,0,,
12/10/1907,,32,9,0,,
12/11/1907,,34,26,0.15,2,7
12/12/1907,,32,8,0,,
12/13/1907,,34,19,0.58,10,15
12/14/1907,,26,-4,0,,
12/15/1907,,22,12,0,,
12/16/1907,,19,10,0,,
12/17/1907,,16,-22,0,,
12/18/1907,,18,-26,0,,
12/19/1907,,20,-28,0,,
12/20/1907,,24,-12,0,,
12/21/1907,,19,-9,0,,
12/22/1907,,28,17,0,,
12/23/1907,,27,17,0.12,2,16
12/24/1907,,32,23,0.06,1,17
12/25/1907,,29,17,0,,
12/26/1907,,34,15,0.59,11,
12/27/1907,,30,2,0.04,1,
12/28/1907,,26,-8,0,,
12/29/1907,,20,4,0,,
12/30/1907,,15,-4,0,,
12/31/1907,,28,13,0.1,2,23
1/1/1908,,27,20,0.65,6.5,
1/2/1908,,29,8,0,0,28
1/3/1908,,32,-2,0,0,28
1/4/1908,,32,,0,0,27
1/5/1908,,26,-1,0,0,27
1/6/1908,,28,5,0,0,27
1/7/1908,,32,4,0,0,26
1/8/1908,,31,-1,0,0,26
1/9/1908,,29,21,0.4,4,24
1/10/1908,,25,-11,0,0,29
1/11/1908,,27,2,0,0,29
1/12/1908,,35,-11,0,0,29
1/13/1908,,37,-10,0,0,28
1/14/1908,,36,9,0,0,28
1/15/1908,,35,20,0,0,28
1/16/1908,,30,10,0.1,1,29
1/17/1908,,40,19,0,0,29
1/18/1908,,38,-5,0,0,29
1/19/1908,,30,18,0,0,29
1/20/1908,,32,10,0.3,3,29
1/21/1908,,32,-10,0,0,29
1/22/1908,,31,-4,0,0,29
1/23/1908,,37,-18,0,0,29
1/24/1908,,32,5,0,0,29
1/25/1908,,30,21,0.1,1,30
1/26/1908,,32,11,0,0,30
1/27/1908,,34,-7,0,0,29
1/28/1908,,27,12,0,0,29
1/29/1908,,23,11,0.2,2,31
1/30/1908,,20,-2,0.5,5,35
1/31/1908,,8,-28,0,,34
2/1/1908,,13,-40,0,0,34
2/2/1908,,28,-24,0,0,34
2/3/1908,,28,7,0,0,33
2/4/1908,,27,17,0.1,1,32
2/5/1908,,25,14,0.1,1,32
2/6/1908,,31,22,0,0,31
2/7/1908,,33,4,0,0,30
2/8/1908,,35,16,0,0,30
2/9/1908,,32,8,0,0,29
2/10/1908,,41,1,0,0,28
2/11/1908,,35,17,0,0,27
2/12/1908,,22,11,0.1,1,27
2/13/1908,,25,-20,0,0,27
2/14/1908,,24,-4,0,0,27
2/15/1908,,28,14,0,0,27
2/16/1908,,36,12,0,0,26
2/17/1908,,31,16,0,0,26
2/18/1908,,32,-15,0,0,26
2/19/1908,,29,-8,0,0,
2/20/1908,,31,7,,,
2/21/1908,,45,15,0,0,24
2/22/1908,,50,6,0,0,24
2/23/1908,,52,7,0,0,22
2/24/1908,,44,17,0,0,22
2/25/1908,,31,20,0.1,1,22
2/26/1908,,39,24,0,0,21
2/27/1908,,41,29,0,0,20
2/28/1908,,39,28,0.4,4,24
2/29/1908,,54,24,0.3,3,27
3/1/1908,,29,2,0.3,3,30
3/2/1908,,24,-3,0,0,30
3/3/1908,,27,8,0.1,1,31
3/4/1908,,34,12,0.1,1,31
3/5/1908,,36,18,0.1,1,32
3/6/1908,,28,10,0,0,32
3/7/1908,,24,2,0.3,3,35
3/8/1908,,24,-14,0,0,35
3/9/1908,,37,7,0,0,34
3/10/1908,,40,-4,0,0,34
3/11/1908,,40,16,0,0,33
3/12/1908,,36,20,0,0,33
3/13/1908,,33,25,0.1,1,34
3/14/1908,,39,29,0,0,33
3/15/1908,,44,32,0.01,0,31
3/16/1908,,42,32,0.08,0,25
3/17/1908,,43,26,0.02,0,20
3/18/1908,,29,12,0,0,20
3/19/1908,,26,-10,0,0,20
3/20/1908,,34,1,0,0,19
3/21/1908,,36,6,0.1,1,20
3/22/1908,,35,2,0,0,20
3/23/1908,,34,26,0.1,1,20
3/24/1908,,43,29,0,0,19
3/25/1908,,43,28,0,0,19
3/26/1908,,32,16,0,0,19
3/27/1908,,28,12,0.4,4,23
3/28/1908,,20,-9,0.1,1,23
3/29/1908,,28,1,0,0,23
3/30/1908,,32,,0,0,23
3/31/1908,,30,12,0.2,2,25
4/1/1908,,25,4,0,0,25
4/2/1908,,39,-5,0,0,24
4/3/1908,,47,6,0,0,23
4/4/1908,,46,22,0,0,23
4/5/1908,,43,23,0,0,21
4/6/1908,,41,24,0,0,19
4/7/1908,,45,19,0,0,18
4/8/1908,,56,7,0,0,17
4/9/1908,,52,20,0,0,15
4/10/1908,,55,25,0,0,12
4/11/1908,,60,21,0,0,11
4/12/1908,,62,24,0,0,10
4/13/1908,,65,25,0,0,9
4/14/1908,,63,30,0,0,8
4/15/1908,,54,34,0.23,0,7
4/16/1908,,53,34,0,0,6
4/17/1908,,52,27,0,0,5
4/18/1908,,60,26,0,0,4
4/19/1908,,68,24,0,0,2
4/20/1908,,65,27,0,0,1
4/21/1908,,62,28,0.07,0,0
4/22/1908,,57,29,0.15,0,0
4/23/1908,,45,32,0.07,0,0
4/24/1908,,43,26,0.12,0,0
4/25/1908,,37,18,0,0,0
4/26/1908,,42,16,0.04,0,0
4/27/1908,,50,18,0,0,0
4/28/1908,,50,21,0.12,1,0
4/29/1908,,48,16,0,0,0
4/30/1908,,56,16,0,0,0
5/1/1908,,64,24,,,
5/2/1908,,62,30,,,
5/3/1908,,56,30,0.29,,
5/4/1908,,,31,0.12,,
5/5/1908,,60,29,,,
5/6/1908,,65,27,,,
5/7/1908,,67,29,,,
5/8/1908,,63,32,0,,
5/9/1908,,46,28,0.39,2,
5/10/1908,,36,26,0.09,1,
5/11/1908,,42,28,0,,
5/12/1908,,46,26,,,
5/13/1908,,46,28,0.08,,
5/14/1908,,52,26,,,
5/15/1908,,50,28,0.16,,
5/16/1908,,48,24,0.18,,
5/17/1908,,48,24,0.08,,
5/18/1908,,58,34,,,
5/19/1908,,52,27,,,
5/20/1908,,42,30,,,
5/21/1908,,,,,,
5/22/1908,,48,29,0.25,,
5/23/1908,,46,22,,,
5/24/1908,,57,,,,
5/25/1908,,53,31,0.14,,
5/26/1908,,49,29,0.26,,
5/27/1908,,,29,0.2,,
5/28/1908,,55,30,0.06,,
5/29/1908,,59,20,0.06,,
5/30/1908,,66,33,0.11,,
5/31/1908,,56,32,0.06,,
6/1/1908,,46,32,0.03,,
6/2/1908,,53,27,0.1,,
6/3/1908,,48,34,0.11,,
6/4/1908,,45,30,0.12,,
6/5/1908,,46,30,0.23,,
6/6/1908,,56,37,0.03,,
6/7/1908,,57,38,0.03,,
6/8/1908,,57,39,0.06,,
6/9/1908,,58,39,0.1,,
6/10/1908,,66,31,0,,
6/11/1908,,63,33,0,,
6/12/1908,,57,41,0.4,,
6/13/1908,,66,32,0,,
6/14/1908,,73,38,0,,
6/15/1908,,70,38,0,,
6/16/1908,,68,36,0.44,,
6/17/1908,,54,38,0.18,,
6/18/1908,,44,36,0.16,,
6/19/1908,,52,32,0.07,,
6/20/1908,,46,32,0.22,,
6/21/1908,,48,34,0.52,,
6/22/1908,,48,34,0.05,,
6/23/1908,,57,28,0,,
6/24/1908,,72,30,0,,
6/25/1908,,76,34,0,,
6/26/1908,,72,38,0,,
6/27/1908,,66,36,0,,
6/28/1908,,60,26,0,,
6/29/1908,,68,28,0,,
6/30/1908,,70,32,0,,
7/1/1908,,70,42,0,,
7/2/1908,,72,30,0,,
7/3/1908,,78,36,0,,
7/4/1908,,74,42,0,,
7/5/1908,,67,40,0,,
7/6/1908,,68,28,0,,
7/7/1908,,74,30,0,,
7/8/1908,,78,36,0,,
7/9/1908,,80,41,0,,
7/10/1908,,78,42,0,,
7/11/1908,,84,42,0,,
7/12/1908,,82,38,0,,
7/13/1908,,84,46,0,,
7/14/1908,,78,54,0.11,,
7/15/1908,,78,42,0,,
7/16/1908,,74,40,0,,
7/17/1908,,72,28,0,,
7/18/1908,,70,33,0,,
7/19/1908,,76,34,0,,
7/20/1908,,80,36,0,,
7/21/1908,,82,38,0,,
7/22/1908,,80,41,0.28,,
7/23/1908,,76,44,0,,
7/24/1908,,74,38,0,,
7/25/1908,,78,40,0,,
7/26/1908,,76,50,0,,
7/27/1908,,74,48,0,,
7/28/1908,,78,46,0,,
7/29/1908,,82,40,0,,
7/30/1908,,84,38,0,,
7/31/1908,,85,40,0,,
8/1/1908,,84,42,0,0,
8/2/1908,,80,48,0,0,
8/3/1908,,78,36,0,0,
8/4/1908,,83,35,0,0,
8/5/1908,,79,45,0,0,
8/6/1908,,80,42,0,0,
8/7/1908,,80,36,0,0,
8/8/1908,,83,37,0,0,
8/9/1908,,85,34,0,0,
8/10/1908,,76,48,0.32,0,
8/11/1908,,72,36,0,0,
8/12/1908,,68,39,0,0,
8/13/1908,,63,36,0.18,0,
8/14/1908,,68,36,0.11,0,
8/15/1908,,58,40,0.08,0,
8/16/1908,,70,34,0,0,
8/17/1908,,78,34,0,0,
8/18/1908,,72,36,0,0,
8/19/1908,,74,34,0.68,0,
8/20/1908,,72,34,0,0,
8/21/1908,,71,38,0,0,
8/22/1908,,72,38,0,0,
8/23/1908,,61,52,0.28,0,
8/24/1908,,72,36,0,0,
8/25/1908,,73,33,0,0,
8/26/1908,,60,22,0,0,
8/27/1908,,68,24,0,0,
8/28/1908,,57,38,0,0,
8/29/1908,,58,32,0,0,
8/30/1908,,51,32,0.37,0,
8/31/1908,,56,27,0,0,
9/1/1908,,62,24,0,0,
9/2/1908,,70,27,0,0,
9/3/1908,,78,36,0,0,
9/4/1908,,72,31,0,0,
9/5/1908,,77,32,0,0,
9/6/1908,,79,36,0,0,
9/7/1908,,74,39,0,0,
9/8/1908,,59,37,0,0,
9/9/1908,,64,27,0,0,
9/10/1908,,74,27,0,0,
9/11/1908,,66,35,0,0,
9/12/1908,,66,41,0,0,
9/13/1908,,61,33,0.08,0,
9/14/1908,,69,34,0,0,
9/15/1908,,68,36,0,0,
9/16/1908,,72,36,0,0,
9/17/1908,,63,36,0.18,0,
9/18/1908,,52,32,0,0,
9/19/1908,,64,30,0,0,
9/20/1908,,63,30,0,0,
9/21/1908,,65,29,0,0,
9/22/1908,,64,33,0,0,
9/23/1908,,,41,0,0,
9/24/1908,,52,32,0,0,
9/25/1908,,42,24,0.3,4,4
9/26/1908,,48,26,0,0,0
9/27/1908,,56,11,0,0,
9/28/1908,,52,25,0,0,
9/29/1908,,,35,0,0,
9/30/1908,,58,26,0,0,
10/1/1908,,65,,0,0,
10/2/1908,,65,37,0,0,
10/3/1908,,48,,0,0,
10/4/1908,,42,24,0.16,2,2
10/5/1908,,43,29,0,0,0
10/6/1908,,49,30,0,0,
10/7/1908,,63,24,0,0,
10/8/1908,,62,23,0,0,
10/9/1908,,,26,0,0,
10/10/1908,,63,27,0,0,
10/11/1908,,,24,0,0,
10/12/1908,,53,27,0,0,
10/13/1908,,52,36,0,0,
10/14/1908,,46,35,1.15,0,
10/15/1908,,39,29,2.7,4,4
10/16/1908,,35,23,0,0,3
10/17/1908,,32,10,0.37,3.5,4
10/18/1908,,38,5,0,0,3
10/19/1908,,34,13,0,0,2
10/20/1908,,32,12,0.08,1,3
10/21/1908,,27,12,0,0,2
10/22/1908,,,-2,0,0,0
10/23/1908,,38,13,0,0,
10/24/1908,,38,14,0,0,
10/25/1908,,37,13,0,0,
10/26/1908,,48,8,0,0,
10/27/1908,,48,13,0,0,
10/28/1908,,50,18,0,0,
10/29/1908,,48,25,0,0,
10/30/1908,,50,27,0,0,
10/31/1908,,45,31,0,0,
11/1/1908,,46,23,0,0,
11/2/1908,,50,20,0,0,
11/3/1908,,58,17,0,0,
11/4/1908,,54,15,0,0,
11/5/1908,,55,17,0,0,
11/6/1908,,53,18,0,0,
11/7/1908,,52,20,0,0,
11/8/1908,,46,20,0,0,
11/9/1908,,38,15,0,0,
11/10/1908,,26,-7,0,0,
11/11/1908,,26,-9,0.08,1,
11/12/1908,,31,-1,0,0,
11/13/1908,,30,-4,0,0,
11/14/1908,,33,10,0,0,
11/15/1908,,31,9,0,0,
11/16/1908,,,10,0,0,
11/17/1908,,51,27,0,0,
11/18/1908,,49,18,0,0,
11/19/1908,,49,25,0,0,
11/20/1908,,46,22,0.06,1,
11/21/1908,,42,20,0,0,
11/22/1908,,39,28,0.3,3,
11/23/1908,,38,16,0,0,
11/24/1908,,33,-1,0,0,
11/25/1908,,29,-5,0,0,
11/26/1908,,29,11,0,0,
11/27/1908,,20,17,0,0,
11/28/1908,,34,,0,0,
11/29/1908,,31,13,0,0,
11/30/1908,,25,3,0,0,
12/1/1908,,,,,,
12/2/1908,,,,,,
12/3/1908,,,,,,
12/4/1908,,,,,,
12/5/1908,,,,,,
12/6/1908,,,,,,
12/7/1908,,,,,,
12/8/1908,,,,,,
12/9/1908,,,,,,
12/10/1908,,,,,,
12/11/1908,,,,,,
12/12/1908,,,,,,
12/13/1908,,,,,,
12/14/1908,,,,,,
12/15/1908,,,,,,
12/16/1908,,,,,,
12/17/1908,,,,,,
12/18/1908,,,,,,
12/19/1908,,,,,,
12/20/1908,,,,,,
12/21/1908,,,,,,
12/22/1908,,,,,,
12/23/1908,,,,,,
12/24/1908,,,,,,
12/25/1908,,,,,,
12/26/1908,,,,,,
12/27/1908,,,,,,
12/28/1908,,,,,,
12/29/1908,,,,,,
12/30/1908,,,,,,
12/31/1908,,,,,,
1/1/1909,,,,,,
1/2/1909,,,,,,
1/3/1909,,,,,,
1/4/1909,,,,0.9,0.9,
1/5/1909,,,,1,1,
1/6/1909,,,,,,
1/7/1909,,,,1.1,1.1,
1/8/1909,,,,,,
1/9/1909,,,,,,
1/10/1909,,,,,,
1/11/1909,,,,,,
1/12/1909,,,,,,
1/13/1909,,,,0.9,0.9,
1/14/1909,,,,,,
1/15/1909,,,,,,
1/16/1909,,,,,,
1/17/1909,,,,,,
1/18/1909,,,,,,
1/19/1909,,,,,,
1/20/1909,,,,,,
1/21/1909,,,,,,
1/22/1909,,,,,,
1/23/1909,,,,0.8,0.8,
1/24/1909,,,,,,
1/25/1909,,,,,,
1/26/1909,,,,,,
1/27/1909,,,,,,
1/28/1909,,,,,,
1/29/1909,,,,,,
1/30/1909,,,,,,
1/31/1909,,,,,,
2/1/1909,,37,,0,0,
2/2/1909,,40,,0,0,
2/3/1909,,42,,0,0,
2/4/1909,,35,,0,0,
2/5/1909,,23,,0.2,0.2,
2/6/1909,,24,,0,0,
2/7/1909,,27,,0,0,
2/8/1909,,,,0,0,
2/9/1909,,14,,0,0,
2/10/1909,,,,0.5,0.5,
2/11/1909,,28,,0,0,
2/12/1909,,32,,0,0,
2/13/1909,,36,,0.7,0.7,
2/14/1909,,28,,0,0,
2/15/1909,,30,,0,0,
2/16/1909,,37,,0,0,
2/17/1909,,33,,0,0,
2/18/1909,,27,,0,0,
2/19/1909,,28,,0.4,0.4,
2/20/1909,,23,,0,0,
2/21/1909,,,,0,0,
2/22/1909,,26,,0,0,
2/23/1909,,22,,0,0,
2/24/1909,,33,,0,0,
2/25/1909,,26,,0,0,
2/26/1909,,24,,0,0,
2/27/1909,,26,,0,0,
2/28/1909,,27,,0,0,
3/1/1909,,30,22,0.3,3,
3/2/1909,,38,23,0,0,
3/3/1909,,45,5,0,0,
3/4/1909,,40,29,0,0,
3/5/1909,,33,14,0,0,
3/6/1909,,32,12,0,0,
3/7/1909,,37,,0,0,
3/8/1909,,34,,0,0,
3/9/1909,,27,,0,0,
3/10/1909,,16,-4,0,0,
3/11/1909,,22,-20,0,0,
3/12/1909,,20,-4,0,0,
3/13/1909,,21,12,0,0,
3/14/1909,,36,18,0,0,
3/15/1909,,39,9,0,0,
3/16/1909,,40,0,0,0,
3/17/1909,,33,12,0,0,
3/18/1909,,32,11,0,0,
3/19/1909,,30,3,0,0,
3/20/1909,,25,10,0,0,
3/21/1909,,35,-5,0,0,
3/22/1909,,25,19,0,0,
3/23/1909,,43,6,0,0,
3/24/1909,,34,16,0,0,
3/25/1909,,34,28,0,0,
3/26/1909,,37,25,0,0,
3/27/1909,,32,19,0,0,
3/28/1909,,34,19,0,0,
3/29/1909,,33,15,0,0,
3/30/1909,,38,23,0,0,
3/31/1909,,27,21,0,0,
4/1/1909,,31,17,,,
4/2/1909,,40,13,,,
4/3/1909,,31,17,,,
4/4/1909,,20,-4,0.55,0.5,
4/5/1909,,20,-10,,,
4/6/1909,,22,4,,,
4/7/1909,,26,-22,,,
4/8/1909,,43,-1,,,
4/9/1909,,42,22,,,
4/10/1909,,33,,,,
4/11/1909,,,10,,,
4/12/1909,,31,-1,,,
4/13/1909,,37,17,,,
4/14/1909,,36,6,,,
4/15/1909,,43,17,,,
4/16/1909,,44,8,,,
4/17/1909,,37,35,,,
4/18/1909,,42,2,,,
4/19/1909,,45,12,,,
4/20/1909,,39,14,,,
4/21/1909,,29,9,,,
4/22/1909,,34,5,,,
4/23/1909,,34,21,,,
4/24/1909,,41,22,,,
4/25/1909,,47,30,,,
4/26/1909,,39,32,,,
4/27/1909,,34,29,,,
4/28/1909,,30,,,,
4/29/1909,,,16,,,
4/30/1909,,26,-9,,,
5/1/1909,,35,19,0,,
5/2/1909,,49,20,0,,
5/3/1909,,58,22,0,,
5/4/1909,,58,27,0,,
5/5/1909,,27,20,0.1,,
5/6/1909,,41,10,0,,
5/7/1909,,40,17,0,,
5/8/1909,,41,21,0,,
5/9/1909,,48,16,0,,
5/10/1909,,42,26,0,,
5/11/1909,,29,23,0,,
5/12/1909,,37,17,0,,
5/13/1909,,42,19,0,,
5/14/1909,,46,24,0,,
5/15/1909,,40,28,0,,
5/16/1909,,35,29,0.2,,
5/17/1909,,38,25,0,,
5/18/1909,,41,28,0.35,,
5/19/1909,,49,29,0,,
5/20/1909,,54,27,0,,
5/21/1909,,45,26,0,,
5/22/1909,,40,26,0,,
5/23/1909,,35,30,0,,
5/24/1909,,47,32,0,,
5/25/1909,,56,24,0,,
5/26/1909,,50,33,0,,
5/27/1909,,44,34,0,,
5/28/1909,,44,35,0,,
5/29/1909,,44,32,0,,
5/30/1909,,42,26,0,,
5/31/1909,,43,25,0,,
6/1/1909,,65,31,,,
6/2/1909,,69,31,,,
6/3/1909,,69,34,,,
6/4/1909,,69,36,,,
6/5/1909,,63,35,,,
6/6/1909,,59,35,,,
6/7/1909,,59,27,,,
6/8/1909,,53,35,,,
6/9/1909,,42,30,,,
6/10/1909,,,33,,,
6/11/1909,,45,32,,,
6/12/1909,,50,31,,,
6/13/1909,,62,32,,,
6/14/1909,,65,31,,,
6/15/1909,,65,35,,,
6/16/1909,,66,37,,,
6/17/1909,,,35,,,
6/18/1909,,,36,,,
6/19/1909,,,37,,,
6/20/1909,,,34,,,
6/21/1909,,,40,,,
6/22/1909,,,37,,,
6/23/1909,,,35,,,
6/24/1909,,,33,,,
6/25/1909,,,36,,,
6/26/1909,,,31,,,
6/27/1909,,,45,,,
6/28/1909,,,41,,,
6/29/1909,,,37,,,
6/30/1909,,,37,,,
7/1/1909,,,42,0,,
7/2/1909,,,49,0,,
7/3/1909,,,52,0,,
7/4/1909,,,49,0.5,,
7/5/1909,,,42,0,,
7/6/1909,,,41,0,,
7/7/1909,,,36,0,,
7/8/1909,,,31,0,,
7/9/1909,,,36,0,,
7/10/1909,,,36,0,,
7/11/1909,,,45,0,,
7/12/1909,,,29,0,,
7/13/1909,,,35,0,,
7/14/1909,,,32,0,,
7/15/1909,,,32,0,,
7/16/1909,,,36,0,,
7/17/1909,,,38,0,,
7/18/1909,,,46,0,,
7/19/1909,,,50,0,,
7/20/1909,,,45,0,,
7/21/1909,,,32,0,,
7/22/1909,,,35,0,,
7/23/1909,,,41,0.6,,
7/24/1909,,,38,0,,
7/25/1909,,,37,0,,
7/26/1909,,,48,0,,
7/27/1909,,,41,0,,
7/28/1909,,,40,0,,
7/29/1909,,,32,0,,
7/30/1909,,,36,0,,
7/31/1909,,,35,0,,
8/1/1909,,,40,0,,
8/2/1909,,,42,0,,
8/3/1909,,,32,0,,
8/4/1909,,,38,0,,
8/5/1909,,,42,0,,
8/6/1909,,,36,0,,
8/7/1909,,,47,0,,
8/8/1909,,,45,0,,
8/9/1909,,,41,0,,
8/10/1909,,,51,0,,
8/11/1909,,,43,0,,
8/12/1909,,,40,0,,
8/13/1909,,,45,0,,
8/14/1909,,,33,0,,
8/15/1909,,,37,0,,
8/16/1909,,,41,0,,
8/17/1909,,,38,0,,
8/18/1909,,,39,0,,
8/19/1909,,,39,0,,
8/20/1909,,,40,0,,
8/21/1909,,,56,0,,
8/22/1909,,,40,0.6,,
8/23/1909,,,49,0,,
8/24/1909,,,29,0,,
8/25/1909,,,30,0,,
8/26/1909,,,32,0,,
8/27/1909,,,40,0,,
8/28/1909,,,25,0,,
8/29/1909,,,31,0,,
8/30/1909,,,43,0,,
8/31/1909,,,50,0.5,,
9/1/1909,,,,1.2,0,
9/2/1909,,64,46,0,0,
9/3/1909,,51,44,0,0,
9/4/1909,,50,41,0.5,0,
9/5/1909,,56,39,0,0,
9/6/1909,,55,43,0,0,
9/7/1909,,54,45,0.8,0,
9/8/1909,,57,42,0,0,
9/9/1909,,64,,0,0,
9/10/1909,,60,25,0,0,
9/11/1909,,39,36,0,0,
9/12/1909,,40,31,0,0,
9/13/1909,,51,30,0,0,
9/14/1909,,55,33,0,0,
9/15/1909,,60,32,0,0,
9/16/1909,,64,29,0,0,
9/17/1909,,52,32,0,0,
9/18/1909,,46,21,0,0,
9/19/1909,,,26,0,0,
9/20/1909,,48,,0,0,
9/21/1909,,,29,0,0,
9/22/1909,,39,25,0,0,
9/23/1909,,55,21,0,0,
9/24/1909,,63,24,0,0,
9/25/1909,,68,31,0,0,
9/26/1909,,,40,0,0,
9/27/1909,,69,37,0,0,
9/28/1909,,67,32,0,0,
9/29/1909,,53,,0,0,
9/30/1909,,,32,0,0,
10/1/1909,,44,20,,0,
10/2/1909,,50,29,,0,
10/3/1909,,57,36,,0,
10/4/1909,,43,35,,0,
10/5/1909,,44,27,,0,
10/6/1909,,46,27,,0,
10/7/1909,,27,14,,0.3,
10/8/1909,,31,9,,0,
10/9/1909,,44,19,,0,
10/10/1909,,44,20,,0,
10/11/1909,,43,20,,0,
10/12/1909,,50,14,,0,
10/13/1909,,56,33,,0,
10/14/1909,,58,29,,0,
10/15/1909,,58,27,,0,
10/16/1909,,59,23,,0,
10/17/1909,,56,21,,0,
10/18/1909,,58,20,,0,
10/19/1909,,54,25,,0,
10/20/1909,,42,30,,0.2,
10/21/1909,,45,22,,0,
10/22/1909,,47,16,,0,
10/23/1909,,51,23,,0,
10/24/1909,,35,24,,0,
10/25/1909,,49,26,,0,
10/26/1909,,49,22,,0,
10/27/1909,,58,21,,0,
10/28/1909,,57,21,,0,
10/29/1909,,51,27,,0,
10/30/1909,,33,23,,0.2,
10/31/1909,,30,20,,0,
11/1/1909,,,25,0,,
11/2/1909,,47,32,0,,
11/3/1909,,53,31,0,,
11/4/1909,,53,22,0,,
11/5/1909,,52,17,0,,
11/6/1909,,49,21,0,,
11/7/1909,,40,21,0,,
11/8/1909,,48,24,0,,
11/9/1909,,44,24,0,,
11/10/1909,,34,23,0.2,0.2,
11/11/1909,,32,11,0,,
11/12/1909,,31,-5,0,,
11/13/1909,,25,11,0,,
11/14/1909,,24,-3,0.14,0.2,
11/15/1909,,27,,0,,
11/16/1909,,24,12,0,,
11/17/1909,,32,9,0,,
11/18/1909,,40,20,0.15,0.2,
11/19/1909,,37,29,0,,
11/20/1909,,37,30,0,,
11/21/1909,,33,22,0,,
11/22/1909,,37,25,0.1,0.1,
11/23/1909,,38,35,0,,
11/24/1909,,38,30,0,,
11/25/1909,,37,31,0,,
11/26/1909,,,26,0,,
11/27/1909,,27,5,0,,
11/28/1909,,37,-2,0,,
11/29/1909,,,5,0,,
11/30/1909,,30,26,0,,
12/1/1909,,32,12,,0,
12/2/1909,,36,12,,0.2,
12/3/1909,,12,-6,,0,
12/4/1909,,5,-22,,0,
12/5/1909,,13,-16,,0,
12/6/1909,,,-1,,0,
12/7/1909,,,,,0,
12/8/1909,,,-3,,0,
12/9/1909,,,-4,,0,
12/10/1909,,,-4,,0,
12/11/1909,,20,-8,,0,
12/12/1909,,21,12,,0,
12/13/1909,,30,11,,0,
12/14/1909,,27,2,,0,
12/15/1909,,,-1,,0,
12/16/1909,,24,3,,0,
12/17/1909,,,-26,,0,
12/18/1909,,18,-17,,0,
12/19/1909,,21,-2,,0,
12/20/1909,,17,-23,,0,
12/21/1909,,17,-18,,0,
12/22/1909,,,-16,,0,
12/23/1909,,18,-11,,0,
12/24/1909,,14,-18,,0,
12/25/1909,,18,-15,,0,
12/26/1909,,22,15,,0,
12/27/1909,,21,15,,0,
12/28/1909,,27,-1,,0,
12/29/1909,,28,-8,,0,
12/30/1909,,30,0,,0,
12/31/1909,,31,25,,0.3,
1/1/1910,,,,2.3,2.4,30
1/2/1910,,,,0,,
1/3/1910,,,,0,,
1/4/1910,,,,0,,
1/5/1910,,,,0,,
1/6/1910,,,,0,,
1/7/1910,,,,0,,
1/8/1910,,,,0,,
1/9/1910,,,,0,,
1/10/1910,,,,0,,
1/11/1910,,,,0,,
1/12/1910,,,,0,,
1/13/1910,,,,0,,
1/14/1910,,,,0,,
1/15/1910,,,,0.1,,36
1/16/1910,,,,0,,
1/17/1910,,,,0,,
1/18/1910,,,,0.09,,40
1/19/1910,,,,0,,
1/20/1910,,,,0,,
1/21/1910,,,,0,,
1/22/1910,,,,0,,
1/23/1910,,,,0,,
1/24/1910,,,,0,,
1/25/1910,,,,0.2,,45
1/26/1910,,,,0,,
1/27/1910,,,,0,,
1/28/1910,,,,0.12,,
1/29/1910,,,,0,,
1/30/1910,,,,0,,
1/31/1910,,,,0,,
2/1/1910,,35,8,0.2,,
2/2/1910,,27,8,0,,
2/3/1910,,30,-23,0,,
2/4/1910,,34,-21,0,,
2/5/1910,,29,-19,0,,
2/6/1910,,28,-5,0,,
2/7/1910,,30,-12,0,,
2/8/1910,,24,-1,0,,
2/9/1910,,26,-14,0,,
2/10/1910,,28,9,0,,
2/11/1910,,22,-17,0.3,,
2/12/1910,,25,12,0,,
2/13/1910,,31,21,0.4,,
2/14/1910,,32,27,0.6,,
2/15/1910,,28,9,0,,
2/16/1910,,16,-34,0,,
2/17/1910,,8,-9,0,,
2/18/1910,,20,0,0,,
2/19/1910,,25,,0,,
2/20/1910,,18,0,0,,
2/21/1910,,17,10,0.1,,
2/22/1910,,22,-11,0,,
2/23/1910,,25,17,0.2,,
2/24/1910,,37,22,0,,
2/25/1910,,32,24,0,,
2/26/1910,,25,-3,0,,
2/27/1910,,27,17,0,,
2/28/1910,,35,24,0,,
3/1/1910,,36,23,0,,
3/2/1910,,,,0,,
3/3/1910,,48,30,0,,
3/4/1910,,46,38,0,,
3/5/1910,,46,32,0,,
3/6/1910,,45,4,0,,
3/7/1910,,45,20,0,,
3/8/1910,,45,21,0,,
3/9/1910,,42,12,0,,
3/10/1910,,45,11,0,,
3/11/1910,,,9,0,,
3/12/1910,,50,17,0,,
3/13/1910,,54,14,0,,
3/14/1910,,55,12,0,,
3/15/1910,,55,13,0,,
3/16/1910,,53,16,0,,
3/17/1910,,51,19,0,,
3/18/1910,,56,25,0,,
3/19/1910,,,26,0,,
3/20/1910,,59,31,0,,
3/21/1910,,57,31,0,,
3/22/1910,,53,,0.2,0.2,6
3/23/1910,,48,29,0,,
3/24/1910,,50,22,0,,
3/25/1910,,47,17,0,,
3/26/1910,,45,24,0.05,0.5,
3/27/1910,,41,22,0,,
3/28/1910,,37,27,0.2,0.2,1
3/29/1910,,34,11,0,,
3/30/1910,,42,7,0,,
3/31/1910,,40,31,0,,
4/1/1910,,43,28,,3.2,
4/2/1910,,37,27,,1.3,
4/3/1910,,34,15,,,
4/4/1910,,32,-1,,,
4/5/1910,,45,10,,,
4/6/1910,,46,20,,,
4/7/1910,,48,31,,,
4/8/1910,,,25,,,
4/9/1910,,,25,,,
4/10/1910,,57,33,,,
4/11/1910,,58,,,,
4/12/1910,,59,28,,,
4/13/1910,,52,30,,,
4/14/1910,,34,15,,,
4/15/1910,,42,5,,,
4/16/1910,,53,19,,,
4/17/1910,,59,21,,,
4/18/1910,,65,,,,
4/19/1910,,65,27,,,
4/20/1910,,65,27,,,
4/21/1910,,51,22,,,
4/22/1910,,59,30,,,
4/23/1910,,66,22,,,
4/24/1910,,68,25,,,
4/25/1910,,73,27,,,
4/26/1910,,70,27,,,
4/27/1910,,68,31,,,
4/28/1910,,58,37,,,
4/29/1910,,42,28,,,
4/30/1910,,45,22,,,
5/1/1910,,41,26,0.06,,
5/2/1910,,45,16,,,
5/3/1910,,57,23,,,
5/4/1910,,,28,,,
5/5/1910,,,29,0.29,4,
5/6/1910,,,,0,,
5/7/1910,,,31,,,
5/8/1910,,62,33,,,
5/9/1910,,,31,,,
5/10/1910,,,,,,
5/11/1910,,,31,,,
5/12/1910,,,29,,,
5/13/1910,,,,,,
5/14/1910,,,,,,
5/15/1910,,,19,,,
5/16/1910,,,,,,
5/17/1910,,,22,,,
5/18/1910,,,27,,,
5/19/1910,,,32,,,
5/20/1910,,,30,0.3,,
5/21/1910,,,25,,,
5/22/1910,,,27,,,
5/23/1910,,,29,,,
5/24/1910,,66,32,,,
5/25/1910,,62,38,0,,
5/26/1910,,56,30,,,
5/27/1910,,54,35,0.72,,
5/28/1910,,54,31,,,
5/29/1910,,70,,,,
5/30/1910,,72,33,,,
5/31/1910,,70,31,,,
6/1/1910,,75,40,,,
6/2/1910,,67,37,,,
6/3/1910,,56,,,,
6/4/1910,,61,28,,,
6/5/1910,,71,29,,,
6/6/1910,,64,31,,,
6/7/1910,,62,31,,,
6/8/1910,,55,32,,,
6/9/1910,,62,26,,,
6/10/1910,,74,29,,,
6/11/1910,,72,34,,,
6/12/1910,,74,39,,,
6/13/1910,,66,33,,,
6/14/1910,,72,29,0,,
6/15/1910,,77,32,,,
6/16/1910,,75,47,,,
6/17/1910,,66,37,,,
6/18/1910,,70,37,,,
6/19/1910,,76,31,,,
6/20/1910,,75,40,,,
6/21/1910,,72,37,,,
6/22/1910,,62,40,,,
6/23/1910,,64,43,,,
6/24/1910,,69,22,,,
6/25/1910,,77,30,,,
6/26/1910,,,32,,,
6/27/1910,,88,36,,,
6/28/1910,,84,43,,,
6/29/1910,,74,40,,,
6/30/1910,,72,43,0.03,,
7/1/1910,,74,40,0,,
7/2/1910,,79,36,0,,
7/3/1910,,74,47,0,,
7/4/1910,,68,43,0.14,,
7/5/1910,,62,41,0,,
7/6/1910,,69,31,0,,
7/7/1910,,75,38,0,,
7/8/1910,,75,33,0,,
7/9/1910,,73,34,0,,
7/10/1910,,74,33,0,,
7/11/1910,,83,41,0,,
7/12/1910,,75,35,0,,
7/13/1910,,82,36,0,,
7/14/1910,,87,41,0.2,,
7/15/1910,,75,53,0,,
7/16/1910,,83,37,0,,
7/17/1910,,82,43,0,,
7/18/1910,,83,53,0,,
7/19/1910,,84,50,0,,
7/20/1910,,81,49,0,,
7/21/1910,,76,47,0.35,,
7/22/1910,,75,41,0,,
7/23/1910,,70,32,0,,
7/24/1910,,78,45,0,,
7/25/1910,,81,36,0,,
7/26/1910,,78,44,0,,
7/27/1910,,76,48,0.17,,
7/28/1910,,80,44,0,,
7/29/1910,,79,44,0,,
7/30/1910,,78,44,0,,
7/31/1910,,80,44,0.08,,
8/1/1910,,75,41,0,0,
8/2/1910,,76,41,0,0,
8/3/1910,,76,29,0,0,
8/4/1910,,81,29,0,0,
8/5/1910,,75,46,0,0,
8/6/1910,,72,30,0,0,
8/7/1910,,73,,0,0,
8/8/1910,,72,36,0,0,
8/9/1910,,75,41,0,0,
8/10/1910,,78,39,0.02,0,
8/11/1910,,80,37,0,0,
8/12/1910,,79,38,0,0,
8/13/1910,,72,37,0.17,0,
8/14/1910,,74,32,0,0,
8/15/1910,,69,31,0,0,
8/16/1910,,69,28,0,0,
8/17/1910,,72,28,0,0,
8/18/1910,,79,29,0,0,
8/19/1910,,82,34,0,0,
8/20/1910,,79,37,0,0,
8/21/1910,,76,47,0,0,
8/22/1910,,78,35,0,0,
8/23/1910,,73,31,0,0,
8/24/1910,,63,28,0,0,
8/25/1910,,68,20,0,0,
8/26/1910,,74,26,0,0,
8/27/1910,,73,31,0,0,
8/28/1910,,72,28,0,0,
8/29/1910,,55,35,0,0,
8/30/1910,,65,21,0,0,
8/31/1910,,68,25,0,0,
9/1/1910,,64,36,0,0,
9/2/1910,,64,31,0,0,
9/3/1910,,65,26,0,0,
9/4/1910,,48,24,0,0,
9/5/1910,,59,25,0,0,
9/6/1910,,60,39,0,0,
9/7/1910,,62,37,0,0,
9/8/1910,,75,25,0,0,
9/9/1910,,63,36,0,0,
9/10/1910,,74,21,0,0,
9/11/1910,,,30,0,0,
9/12/1910,,59,,0,0,
9/13/1910,,60,33,0,0,
9/14/1910,,62,46,0,0,
9/15/1910,,73,38,0.1,0,0
9/16/1910,,71,46,0,0,
9/17/1910,,69,,0,0,
9/18/1910,,72,,0,0,
9/19/1910,,77,32,0,0,
9/20/1910,,71,38,0.4,0,0
9/21/1910,,65,39,0,0,
9/22/1910,,,38,0.6,0,
9/23/1910,,58,34,0,0,
9/24/1910,,60,32,0,0,
9/25/1910,,,29,0,0,
9/26/1910,,57,20,0,0,
9/27/1910,,65,22,0,0,
9/28/1910,,80,25,0,0,
9/29/1910,,,34,0,0,
9/30/1910,,76,33,0,0,
10/1/1910,,67,,0,,
10/2/1910,,67,,0,,0
10/3/1910,,50,30,0,,0
10/4/1910,,53,24,0.08,,
10/5/1910,,57,26,0,,
10/6/1910,,56,29,0,,
10/7/1910,,,30,0,,
10/8/1910,,,31,0,,
10/9/1910,,,27,0,,
10/10/1910,,73,,0,,
10/11/1910,,73,25,0,,
10/12/1910,,66,36,0,,
10/13/1910,,61,31,0,,0
10/14/1910,,59,25,0,,
10/15/1910,,64,24,0,,
10/16/1910,,67,37,0.25,,
10/17/1910,,53,33,0,,
10/18/1910,,57,33,0,,0
10/19/1910,,49,24,0,,
10/20/1910,,48,14,0,,
10/21/1910,,51,18,0,,
10/22/1910,,53,19,0,,
10/23/1910,,62,28,0,,
10/24/1910,,52,36,0,,
10/25/1910,,54,30,0,,
10/26/1910,,54,25,0.6,,
10/27/1910,,50,10,0,,
10/28/1910,,53,11,0,,
10/29/1910,,52,17,0,,
10/30/1910,,,18,0,,
10/31/1910,,,26,0,,
11/1/1910,,45,26,0,0,
11/2/1910,,39,34,0,0,
11/3/1910,,46,34,0.01,0,0
11/4/1910,,35,19,0,0,
11/5/1910,,31,13,0,0,
11/6/1910,,35,15,0,0,
11/7/1910,,38,17,0,0,
11/8/1910,,40,18,0.6,6,6
11/9/1910,,36,14,0,0,5
11/10/1910,,38,18,0,0,5
11/11/1910,,42,28,0,0,5
11/12/1910,,45,29,0,0,4
11/13/1910,,40,26,0,0,4
11/14/1910,,35,13,0,0,3
11/15/1910,,32,11,0,0,3
11/16/1910,,25,9,0,0,3
11/17/1910,,30,12,0,0,3
11/18/1910,,29,18,0.2,2,5
11/19/1910,,26,12,0,0,5
11/20/1910,,23,15,0.07,1,6
11/21/1910,,29,20,0.04,0.5,6
11/22/1910,,34,15,0.2,2,8
11/23/1910,,30,16,0.18,1.5,10
11/24/1910,,36,28,0.2,1,11
11/25/1910,,38,30,0.25,0,8
11/26/1910,,35,12,0.5,5,12
11/27/1910,,15,-12,0.2,2,14
11/28/1910,,30,10,0.1,1,13
11/29/1910,,30,20,0.2,2,15
11/30/1910,,30,24,0,0,15
12/1/1910,,,11,0,0,10
12/2/1910,,,10,0,0,9
12/3/1910,,35,29,0,0,9
12/4/1910,,35,23,0.3,3,12
12/5/1910,,,5,0,0,12
12/6/1910,,24,,0,0,12
12/7/1910,,25,,0,0,12
12/8/1910,,25,13,0,0,12
12/9/1910,,30,15,0.2,2,14
12/10/1910,,25,15,0,0,14
12/11/1910,,28,,0,0,14
12/12/1910,,34,14,0.25,2.5,16
12/13/1910,,18,-1,0,0,16
12/14/1910,,10,0,0,0,16
12/15/1910,,15,-1,0,0,16
12/16/1910,,15,4,0,0,15
12/17/1910,,15,0,0,0,14
12/18/1910,,15,-4,0,0,13
12/19/1910,,15,4,0,0,12
12/20/1910,,16,-7,0,0,12
12/21/1910,,20,10,0,0,11
12/22/1910,,21,,0,0,10
12/23/1910,,20,5,0,0,10
12/24/1910,,,2,0.2,2,12
12/25/1910,,22,-7,0,0,12
12/26/1910,,30,-5,0.3,3,15
12/27/1910,,28,4,0.05,0.5,16
12/28/1910,,30,10,0,0,15
12/29/1910,,20,2,0,0,15
12/30/1910,,30,12,0.3,3,18
12/31/1910,,35,11,0,0,18
1/1/1911,,,-13,,0,18
1/2/1911,,10,-40,,0,18
1/3/1911,,15,-37,,0,18
1/4/1911,,20,10,,0,17
1/5/1911,,18,15,,0,17
1/6/1911,,18,15,,0,17
1/7/1911,,22,11,,0,16
1/8/1911,,20,3,,0,16
1/9/1911,,32,19,0.1,1,17
1/10/1911,,30,10,0.05,10.5,28
1/11/1911,,12,5,0.25,2.5,30
1/12/1911,,15,11,0.9,9,34
1/13/1911,,27,14,0.55,5.5,45
1/14/1911,,23,14,0.2,2,47
1/15/1911,,15,9,0.15,1.5,48
1/16/1911,,10,-3,,0,47
1/17/1911,,10,,,0,45
1/18/1911,,25,-15,,0,44
1/19/1911,,,15,0.1,1,45
1/20/1911,,20,,0.2,2,47
1/21/1911,,20,-14,,0,47
1/22/1911,,3,-12,,0,46
1/23/1911,,2,-23,,0,46
1/24/1911,,20,-21,1.2,12,58
1/25/1911,,28,,0.8,8,66
1/26/1911,,25,15,0.05,0.5,67
1/27/1911,,16,5,,0,66
1/28/1911,,20,1,,0.5,67
1/29/1911,,30,14,,0,65
1/30/1911,,39,22,,0,63
1/31/1911,,38,32,0.1,1,64
2/1/1911,,,20,0,0,
2/2/1911,,25,10,0.05,1,61
2/3/1911,,18,-2,0,0,61
2/4/1911,,12,-6,0,0,61
2/5/1911,,22,-3,0,0,61
2/6/1911,,35,-13,0.11,2,63
2/7/1911,,,-24,0,0,63
2/8/1911,,8,-18,0,0,63
2/9/1911,,5,-17,0,0,63
2/10/1911,,20,-11,0,0,63
2/11/1911,,20,-10,0,0,63
2/12/1911,,22,12,0,0,63
2/13/1911,,26,9,0.6,7,70
2/14/1911,,24,-12,0,0,70
2/15/1911,,18,-8,0,0,70
2/16/1911,,,-10,0,0,70
2/17/1911,,12,-30,0,0,70
2/18/1911,,15,-24,0,0,70
2/19/1911,,17,,0,0,69
2/20/1911,,10,-14,0,0,69
2/21/1911,,,-18,0,0,69
2/22/1911,,,-24,0,0,69
2/23/1911,,31,-23,0,0,
2/24/1911,,24,-34,0,0,66
2/25/1911,,25,8,0.08,2,68
2/26/1911,,37,-3,0,0,65
2/27/1911,,20,-20,0,0,64
2/28/1911,,10,-30,0,0,64
3/1/1911,,23,-10,0,0,63
3/2/1911,,16,-8,0,0,59
3/3/1911,,30,1,0,0,56
3/4/1911,,42,19,0.15,1.5,56
3/5/1911,,29,20,0.1,1,56
3/6/1911,,30,18,0.07,0.8,56
3/7/1911,,34,20,0.2,2,55
3/8/1911,,32,23,0.3,3,56
3/9/1911,,32,20,0,0,55
3/10/1911,,29,3,0,0,54
3/11/1911,,26,13,0,0,54
3/12/1911,,24,11,0,0,54
3/13/1911,,43,0,0,0,50
3/14/1911,,30,11,0,0,50
3/15/1911,,31,5,0,0,48
3/16/1911,,33,8,0,0,45
3/17/1911,,33,9,0,0,44
3/18/1911,,30,6,0,0,43
3/19/1911,,43,11,0,0,40
3/20/1911,,44,13,0,0,36
3/21/1911,,35,26,0,0,35
3/22/1911,,38,16,0,0,34
3/23/1911,,36,16,0.05,0.5,32
3/24/1911,,38,15,0.05,0.5,30
3/25/1911,,25,16,0,0,30
3/26/1911,,23,8,0,0,29
3/27/1911,,21,10,0.1,1,29
3/28/1911,,28,0,0,0,29
3/29/1911,,35,15,0,0,28
3/30/1911,,35,18,0,0,27
3/31/1911,,33,22,0,0,26
4/1/1911,,,,0,0,25
4/2/1911,,,26,0,0,26
4/3/1911,,,27,0,0,25
4/4/1911,,33,20,0.1,1,26
4/5/1911,,24,21,0,0,26
4/6/1911,,,0,0.2,2,26
4/7/1911,,,11,0,0,26
4/8/1911,,,,0,0,
4/9/1911,,,,0,0,
4/10/1911,,,24,0,0,25
4/11/1911,,,,0,0,25
4/12/1911,,25,8,0.1,1,26
4/13/1911,,35,-10,0,0,26
4/14/1911,,20,-11,0,0,
4/15/1911,,30,1,0,0,25
4/16/1911,,30,,0,0,25
4/17/1911,,,19,0,0,
4/18/1911,,,13,0,0,24
4/19/1911,,31,21,0.05,0.5,25
4/20/1911,,40,23,0,0,24
4/21/1911,,38,26,0.1,1,25
4/22/1911,,33,25,0.2,0,
4/23/1911,,37,26,,,
4/24/1911,,35,24,0,0,23
4/25/1911,,40,26,0,0,22
4/26/1911,,34,26,0,0,21
4/27/1911,,42,27,0.2,0,21
4/28/1911,,43,33,0,0,20
4/29/1911,,36,26,0,0,19
4/30/1911,,40,28,0,0,18
5/1/1911,,45,29,,0,
5/2/1911,,47,28,,0,
5/3/1911,,45,34,,0,
5/4/1911,,63,32,,0,
5/5/1911,,69,28,,0,
5/6/1911,,65,31,,0,
5/7/1911,,58,19,,0,
5/8/1911,,63,29,0,0,
5/9/1911,,55,33,0.1,0,
5/10/1911,,41,25,,0,
5/11/1911,,50,26,,0,
5/12/1911,,62,22,,0,
5/13/1911,,59,26,,0,
5/14/1911,,64,32,0.1,0,
5/15/1911,,52,35,,0,
5/16/1911,,47,31,0.4,0,
5/17/1911,,41,28,,0,
5/18/1911,,38,29,0.7,0,
5/19/1911,,40,20,0,0,
5/20/1911,,47,20,,0,
5/21/1911,,56,24,,0,
5/22/1911,,56,30,,0,
5/23/1911,,59,34,0.2,0,
5/24/1911,,55,34,0.05,0,
5/25/1911,,55,,0,0,
5/26/1911,,46,29,0.5,0,
5/27/1911,,39,18,,0,
5/28/1911,,51,22,,0,
5/29/1911,,58,22,,0,
5/30/1911,,65,26,,0,
5/31/1911,,72,28,,0,
6/1/1911,,61,40,0.1,0,
6/2/1911,,48,36,0.2,0,
6/3/1911,,59,38,,0.1,
6/4/1911,,60,36,0.4,0,
6/5/1911,,57,27,0,0,
6/6/1911,,66,27,0.01,0,
6/7/1911,,64,33,0.04,0,
6/8/1911,,58,34,0.2,0,
6/9/1911,,53,30,0,0,
6/10/1911,,66,33,0,0,
6/11/1911,,75,34,0,0,
6/12/1911,,76,36,0,0,
6/13/1911,,77,42,0,0,
6/14/1911,,,45,0,0,
6/15/1911,,68,42,1,0,
6/16/1911,,,36,0,0,
6/17/1911,,,40,0.01,0,
6/18/1911,,72,35,0,0,
6/19/1911,,70,42,0,0,
6/20/1911,,69,42,0,0,
6/21/1911,,,40,0,0,
6/22/1911,,,39,0,0,
6/23/1911,,71,48,0,0,
6/24/1911,,69,39,0,0,
6/25/1911,,61,30,0,0,
6/26/1911,,67,32,0,0,
6/27/1911,,,42,0,0,
6/28/1911,,59,42,0,0,
6/29/1911,,66,49,0,0,
6/30/1911,,60,40,0,0,
7/1/1911,,59,45,0,0,
7/2/1911,,66,39,0,0,
7/3/1911,,63,31,0,0,
7/4/1911,,64,36,0,0,
7/5/1911,,63,34,0,0,
7/6/1911,,78,40,0,0,
7/7/1911,,65,38,0,0,
7/8/1911,,69,40,0,0,
7/9/1911,,,41,0,0,
7/10/1911,,70,40,0,0,
7/11/1911,,71,41,0,0,
7/12/1911,,78,42,0,0,
7/13/1911,,79,49,0,0,
7/14/1911,,82,39,0,0,
7/15/1911,,81,38,0,0,
7/16/1911,,80,39,0,0,
7/17/1911,,82,40,0,0,
7/18/1911,,81,38,0,0,
7/19/1911,,75,35,0,0,
7/20/1911,,70,36,0,0,
7/21/1911,,72,38,0,0,
7/22/1911,,69,44,0,0,
7/23/1911,,72,31,0,0,
7/24/1911,,,,0,0,
7/25/1911,,69,41,0,0,
7/26/1911,,68,39,0,0,
7/27/1911,,67,,0,0,
7/28/1911,,70,41,0,0,
7/29/1911,,71,41,0,0,
7/30/1911,,70,39,0,0,
7/31/1911,,67,30,0,0,
8/1/1911,,69,32,0,,
8/2/1911,,60,30,0,,
8/3/1911,,59,36,0,,
8/4/1911,,60,30,0,,
8/5/1911,,59,32,0,,
8/6/1911,,61,31,0,,
8/7/1911,,70,30,0,,
8/8/1911,,71,31,0,,
8/9/1911,,70,30,0,,
8/10/1911,,68,31,0,,
8/11/1911,,72,29,0,,
8/12/1911,,69,30,0,,
8/13/1911,,70,31,0,,
8/14/1911,,71,36,0,,
8/15/1911,,70,32,0,,
8/16/1911,,73,29,0,,
8/17/1911,,74,30,0,,
8/18/1911,,76,32,0,,
8/19/1911,,74,30,0,,
8/20/1911,,72,29,0,,
8/21/1911,,74,30,0,,
8/22/1911,,74,30,0,,
8/23/1911,,75,35,0,,
8/24/1911,,73,30,0,,
8/25/1911,,74,31,0,,
8/26/1911,,76,32,0,,
8/27/1911,,74,30,0,,
8/28/1911,,76,32,0,,
8/29/1911,,76,32,0,,
8/30/1911,,76,32,0,,
8/31/1911,,74,32,0,,
9/1/1911,,78,30,0,0,0
9/2/1911,,79,39,0,0,0
9/3/1911,,62,37,0,0,0
9/4/1911,,69,31,0,0,0
9/5/1911,,64,40,0.05,0,0
9/6/1911,,,28,0,0,0
9/7/1911,,,31,0,0,0
9/8/1911,,60,27,0,0,0
9/9/1911,,73,31,0,0,0
9/10/1911,,76,26,0,0,0
9/11/1911,,70,30,0,0,0
9/12/1911,,69,48,0,0,0
9/13/1911,,62,21,0,0,0
9/14/1911,,71,29,0,0,0
9/15/1911,,60,25,0,0,0
9/16/1911,,62,20,0,0,0
9/17/1911,,65,41,0,0,0
9/18/1911,,64,45,0,0,0
9/19/1911,,69,48,0,0,0
9/20/1911,,56,16,0,0,0
9/21/1911,,66,28,0,0,0
9/22/1911,,56,40,1,0,0
9/23/1911,,55,36,0,0,0
9/24/1911,,54,31,0.5,0,0
9/25/1911,,64,28,0,0,0
9/26/1911,,64,35,0,0,0
9/27/1911,,59,32,0,0,0
9/28/1911,,54,31,0,0,0
9/29/1911,,63,20,0,0,0
9/30/1911,,58,,0,0,0
10/1/1911,,52,35,0,0,
10/2/1911,,38,31,,0,0
10/3/1911,,38,29,0.2,0,0
10/4/1911,,53,19,0,0,
10/5/1911,,59,23,0,0,
10/6/1911,,59,24,0,0,
10/7/1911,,64,25,0,0,
10/8/1911,,66,25,0,0,
10/9/1911,,64,26,0,0,
10/10/1911,,62,26,0.2,2,2
10/11/1911,,56,28,0.5,7,7
10/12/1911,,44,27,0,0,4
10/13/1911,,55,22,0,0,1
10/14/1911,,63,30,0,0,0
10/15/1911,,49,25,0,0,
10/16/1911,,50,20,0,0,
10/17/1911,,48,28,0,0,
10/18/1911,,40,24,0,0,
10/19/1911,,36,7,0,0,
10/20/1911,,47,14,0,0,0
10/21/1911,,40,6,0,0,
10/22/1911,,49,13,0,0,
10/23/1911,,48,20,0,0,
10/24/1911,,46,20,0,0,
10/25/1911,,42,29,0,0,
10/26/1911,,44,8,0,0,
10/27/1911,,51,3,0,0,
10/28/1911,,49,5,0,0,
10/29/1911,,50,4,0,0,
10/30/1911,,,13,0,0,
10/31/1911,,45,10,0,0,
11/1/1911,,40,6,0,0,
11/2/1911,,42,4,0,0,
11/3/1911,,41,16,0,0,
11/4/1911,,38,21,0,0,
11/5/1911,,31,13,0.4,8,
11/6/1911,,30,11,0.5,10,
11/7/1911,,30,18,0,0,
11/8/1911,,31,24,0.15,3,
11/9/1911,,30,26,0.25,5,
11/10/1911,,30,16,0.18,3.5,
11/11/1911,,18,-1,0,0,
11/12/1911,,15,-8,0,0,
11/13/1911,,30,3,0.3,6,
11/14/1911,,32,11,0,0,
11/15/1911,,33,17,0.15,3,
11/16/1911,,34,4,0,0,
11/17/1911,,30,11,0,0,
11/18/1911,,27,12,0.11,2.2,
11/19/1911,,34,4,0,0,
11/20/1911,,43,21,0,0,
11/21/1911,,39,6,0.1,2,
11/22/1911,,37,6,0,0,
11/23/1911,,46,6,0,0,
11/24/1911,,38,0,0,0,
11/25/1911,,40,0,0,0,
11/26/1911,,32,0,0.05,1,
11/27/1911,,23,-15,0,0,
11/28/1911,,23,-25,0,0,
11/29/1911,,33,1,0,0,
11/30/1911,,30,1,0,0,
12/1/1911,,39,1,0,,
12/2/1911,,58,0,0,,
12/3/1911,,45,7,0,,
12/4/1911,,41,0,0,,
12/5/1911,,36,3,0,,
12/6/1911,,33,5,0,,
12/7/1911,,35,3,0,,
12/8/1911,,30,4,0,,
12/9/1911,,51,16,0,,
12/10/1911,,43,11,0.02,0.3,
12/11/1911,,39,8,0,,
12/12/1911,,33,3,0,,
12/13/1911,,38,-9,0,,
12/14/1911,,35,4,0,,
12/15/1911,,26,6,0,,
12/16/1911,,30,12,0,,
12/17/1911,,29,14,0,,
12/18/1911,,26,11,0,,
12/19/1911,,24,8,0,,
12/20/1911,,18,6,0,,
12/21/1911,,22,10,0,,
12/22/1911,,18,4,0.05,0.5,
12/23/1911,,20,8,1,10,
12/24/1911,,15,-3,0,,
12/25/1911,,18,-9,0,,
12/26/1911,,9,0,0,,
12/27/1911,,21,-4,0.2,2.5,
12/28/1911,,24,4,0.2,2,
12/29/1911,,21,5,0,,
12/30/1911,,13,-14,0.3,3,
12/31/1911,,17,6,0.1,1,
1/1/1912,,12,0,0,0,20
1/2/1912,,15,-6,0,0,20
1/3/1912,,,-10,0,0,20
1/4/1912,,22,,0,0,20
1/5/1912,,21,10,0,0,20
1/6/1912,,15,2,0,0,20
1/7/1912,,13,-3,0,0,20
1/8/1912,,9,-1,0,0,20
1/9/1912,,20,3,0,2,22
1/10/1912,,24,14,0.1,1,23
1/11/1912,,23,1,0.2,2,25
1/12/1912,,27,13,0.4,4,29
1/13/1912,,33,20,0.2,2,31
1/14/1912,,40,24,0,0,28
1/15/1912,,43,30,0,0,26
1/16/1912,,41,24,0,0,23
1/17/1912,,38,14,0,0,21
1/18/1912,,26,18,0,0,21
1/19/1912,,27,-2,0,0,21
1/20/1912,,26,4,0,0,19
1/21/1912,,33,23,0,0,19
1/22/1912,,41,18,0,0,18
1/23/1912,,32,11,0,0,18
1/24/1912,,32,,,0,
1/25/1912,,,28,0.1,1,17
1/26/1912,,,29,0.1,1,20
1/27/1912,,39,5,0,0,20
1/28/1912,,28,14,0,0,20
1/29/1912,,35,13,0,0,20
1/30/1912,,33,24,0,0,20
1/31/1912,,36,1,0,0,20
2/1/1912,,39,-10,0,0,
2/2/1912,,10,-5,0,0,
2/3/1912,,9,-3,0,0,
2/4/1912,,7,-4,0,0,
2/5/1912,,11,-7,0,0,
2/6/1912,,13,0,0,0,
2/7/1912,,12,10,0,0,17
2/8/1912,,,10,0,0,
2/9/1912,,,1,0,0,
2/10/1912,,,-1,0,0,16
2/11/1912,,,-1,0,0,
2/12/1912,,,1,0,0,
2/13/1912,,14,0,0,0,
2/14/1912,,17,7,0,0,
2/15/1912,,32,12,0.02,0.2,
2/16/1912,,31,21,,,
2/17/1912,,33,15,0,0,
2/18/1912,,33,20,0.5,5,5
2/19/1912,,28,3,0,0,
2/20/1912,,,,,3,
2/21/1912,,31,-9,0,0,
2/22/1912,,22,9,0.3,3,31
2/23/1912,,26,12,0,0,
2/24/1912,,27,2,0,0,25
2/25/1912,,39,12,0,0,25
2/26/1912,,20,15,0.1,1,26
2/27/1912,,25,9,0.2,2,
2/28/1912,,19,-21,0,0,25
2/29/1912,,,-4,0,0,24
3/1/1912,,30,11,0.4,4,28
3/2/1912,,32,13,0.8,8,36
3/3/1912,,29,5,0.4,4,40
3/4/1912,,29,-28,0,0,38
3/5/1912,,38,16,0.3,3,41
3/6/1912,,38,24,0,0,41
3/7/1912,,35,18,0.2,2,43
3/8/1912,,26,-1,0,0,43
3/9/1912,,44,-10,0,0,42
3/10/1912,,34,-2,0,0,42
3/11/1912,,31,15,0.2,2,44
3/12/1912,,40,9,0,0,41
3/13/1912,,34,4,0,0,38
3/14/1912,,30,-11,0,0,36
3/15/1912,,28,,0.3,3,39
3/16/1912,,29,19,0.4,4,43
3/17/1912,,30,18,0.5,5,48
3/18/1912,,28,11,0.4,4,52
3/19/1912,,30,13,,1,53
3/20/1912,,,-7,0,0,51
3/21/1912,,40,-19,0,0,49
3/22/1912,,39,-2,0,0,
3/23/1912,,45,1,0,0,46
3/24/1912,,36,3,0,0,43
3/25/1912,,48,11,0,0,40
3/26/1912,,,15,0,0,36
3/27/1912,,48,7,0,0,34
3/28/1912,,42,15,0,0,30
3/29/1912,,,28,0.3,3,33
3/30/1912,,34,14,0.4,1,
3/31/1912,,44,-7,0,,
4/1/1912,,49,9,0,0,28
4/2/1912,,49,22,,0,24
4/3/1912,,44,17,,0,21
4/4/1912,,41,20,,0.2,20
4/5/1912,,35,15,0.05,0.5,
4/6/1912,,26,4,0,0,
4/7/1912,,34,12,0,0,19
4/8/1912,,42,16,0,0,18
4/9/1912,,41,20,0,0,17
4/10/1912,,37,21,0,0,17
4/11/1912,,45,26,0,0,17
4/12/1912,,,21,,1,18
4/13/1912,,34,24,0.1,1,19
4/14/1912,,37,22,0,0,19
4/15/1912,,43,15,0,0,18
4/16/1912,,38,25,0,0,17
4/17/1912,,44,18,0,0,17
4/18/1912,,42,21,0,0,16
4/19/1912,,35,20,0.25,2.5,19
4/20/1912,,34,10,0,0,19
4/21/1912,,39,14,0.05,0.5,19
4/22/1912,,36,20,0,0,17
4/23/1912,,40,27,0,0,16
4/24/1912,,46,22,0.1,1,17
4/25/1912,,39,22,0.6,6,23
4/26/1912,,42,25,0,0,17
4/27/1912,,44,33,0,0,15
4/28/1912,,44,24,0,0,13
4/29/1912,,39,30,0.2,2,15
4/30/1912,,36,24,0,0,13
5/1/1912,,43,21,0,0,13
5/2/1912,,39,20,0.3,3,14
5/3/1912,,43,23,0.1,1,15
5/4/1912,,41,22,0,0,
5/5/1912,,44,27,0,,
5/6/1912,,42,19,0,0,11
5/7/1912,,59,21,0,0,
5/8/1912,,60,20,0,0,7
5/9/1912,,58,28,0,0,8
5/10/1912,,59,31,0,0,
5/11/1912,,50,29,0.7,7,11
5/12/1912,,49,19,0.1,1,10
5/13/1912,,57,16,0,0,8
5/14/1912,,58,20,0,0,7
5/15/1912,,60,24,0,0,
5/16/1912,,63,28,0,0,5
5/17/1912,,63,27,0,0,4
5/18/1912,,66,30,0,0,3
5/19/1912,,65,33,0,0,3
5/20/1912,,52,32,0.1,0,2
5/21/1912,,45,31,0,0,2
5/22/1912,,43,27,0.2,2,
5/23/1912,,43,29,0,0,1
5/24/1912,,58,26,0,0,1
5/25/1912,,66,27,0,0,1
5/26/1912,,61,33,,0,0
5/27/1912,,48,28,0,0,0
5/28/1912,,55,28,0,0,0
5/29/1912,,68,35,0,0,0
5/30/1912,,68,36,0.6,0,0
5/31/1912,,56,26,0,0,0
6/1/1912,,61,32,0,0,0
6/2/1912,,67,37,0,0,0
6/3/1912,,66,30,0,0,0
6/4/1912,,74,28,0,0,0
6/5/1912,,69,29,0,0,0
6/6/1912,,72,30,0,0,0
6/7/1912,,78,39,0,0,0
6/8/1912,,70,38,0.2,0,0
6/9/1912,,61,37,0.1,0,0
6/10/1912,,61,37,0,0,0
6/11/1912,,65,32,0,0,0
6/12/1912,,66,31,0,0,0
6/13/1912,,68,48,0,0,0
6/14/1912,,73,33,0,0,0
6/15/1912,,43,28,1.1,0,0
6/16/1912,,49,30,0,0,0
6/17/1912,,59,26,0,0,0
6/18/1912,,80,36,0,0,0
6/19/1912,,89,34,0,0,0
6/20/1912,,86,31,0,0,0
6/21/1912,,86,35,0,0,0
6/22/1912,,74,38,0,0,0
6/23/1912,,74,43,0,0,0
6/24/1912,,80,37,0,0,0
6/25/1912,,78,40,0,0,0
6/26/1912,,78,38,0,0,0
6/27/1912,,78,28,0,0,0
6/28/1912,,75,37,0,0,0
6/29/1912,,71,43,0,0,0
6/30/1912,,68,28,0,0,0
7/1/1912,,,28,0,0,0
7/2/1912,,41,,0,0,0
7/3/1912,,65,31,0,0,0
7/4/1912,,61,40,0,0,0
7/5/1912,,65,34,0,0,0
7/6/1912,,65,37,0,0,0
7/7/1912,,60,35,0,0,0
7/8/1912,,60,34,0,0,0
7/9/1912,,61,35,0,0,0
7/10/1912,,63,32,0,0,0
7/11/1912,,71,41,0,0,0
7/12/1912,,56,47,0,0,0
7/13/1912,,51,32,0,0,0
7/14/1912,,65,32,0,0,0
7/15/1912,,71,32,0,0,0
7/16/1912,,73,37,0,0,0
7/17/1912,,76,36,0,0,0
7/18/1912,,72,39,,0,0
7/19/1912,,65,48,,0,0
7/20/1912,,66,42,0,0,0
7/21/1912,,,40,0,0,0
7/22/1912,,77,45,,,
7/23/1912,,71,42,,,
7/24/1912,,71,34,,,
7/25/1912,,73,33,,,
7/26/1912,,75,34,,,
7/27/1912,,,34,,,
7/28/1912,,70,36,,,
7/29/1912,,71,34,0,0,0
7/30/1912,,62,34,0,0,0
7/31/1912,,62,34,0,0,0
8/1/1912,,68,45,1.9,0,0
8/2/1912,,67,54,0.7,0,0
8/3/1912,,79,,0,0,0
8/4/1912,,62,34,0,0,0
8/5/1912,,,36,0,0,0
8/6/1912,,66,24,0,0,0
8/7/1912,,68,36,0,0,0
8/8/1912,,72,31,0,0,0
8/9/1912,,68,43,0,0,0
8/10/1912,,64,40,0,0,0
8/11/1912,,78,38,0,0,0
8/12/1912,,71,32,0,0,0
8/13/1912,,74,31,0,0,0
8/14/1912,,70,38,0,0,0
8/15/1912,,70,34,0.7,0,0
8/16/1912,,55,37,0,0,0
8/17/1912,,50,32,0.9,0,0
8/18/1912,,56,31,0.6,0,0
8/19/1912,,55,35,0,0,0
8/20/1912,,58,34,1.4,0,0
8/21/1912,,61,44,0,0,0
8/22/1912,,72,,0,0,0
8/23/1912,,76,51,0,0,0
8/24/1912,,75,34,0,0,0
8/25/1912,,74,39,0,0,0
8/26/1912,,79,36,0,0,0
8/27/1912,,69,37,0.7,0,0
8/28/1912,,66,35,0.4,0,0
8/29/1912,,61,39,0,0,0
8/30/1912,,56,22,0,0,0
8/31/1912,,59,25,0,0,0
9/1/1912,,55,26,0,0,0
9/2/1912,,58,28,0,0,0
9/3/1912,,66,31,0,0,0
9/4/1912,,60,36,0,0,0
9/5/1912,,48,30,0,0,0
9/6/1912,,61,29,0,0,0
9/7/1912,,53,30,0,0,0
9/8/1912,,54,28,0,0,0
9/9/1912,,45,32,0,0,0
9/10/1912,,50,30,0,0,0
9/11/1912,,52,32,,0,0
9/12/1912,,56,31,0,0,0
9/13/1912,,45,30,0,0,0
9/14/1912,,38,20,0,0,0
9/15/1912,,42,21,0,0,0
9/16/1912,,52,24,0,0,0
9/17/1912,,,24,0,0,0
9/18/1912,,,23,0,0,0
9/19/1912,,42,26,0,0,0
9/20/1912,,39,23,,,
9/21/1912,,44,14,0,,
9/22/1912,,49,16,0,0,
9/23/1912,,50,31,,,
9/24/1912,,42,21,0,0,0
9/25/1912,,44,22,0,0,0
9/26/1912,,,24,0,0,0
9/27/1912,,52,28,0,0,0
9/28/1912,,55,23,0,0,0
9/29/1912,,59,19,0,0,0
9/30/1912,,,,,,
10/1/1912,,66,19,0,0,
10/2/1912,,58,29,0,0,
10/3/1912,,59,26,0,0,
10/4/1912,,56,,0,0,
10/5/1912,,58,30,0,0,
10/6/1912,,,,0,0,
10/7/1912,,,21,0.4,4,
10/8/1912,,,,0.8,8,
10/9/1912,,53,26,0.2,2,10
10/10/1912,,41,30,0,0,8
10/11/1912,,41,27,0,0,5
10/12/1912,,,30,0,0,
10/13/1912,,,14,0,0,
10/14/1912,,,16,0,0,
10/15/1912,,50,32,0,0,
10/16/1912,,,34,0,0,
10/17/1912,,,40,0,0,
10/18/1912,,41,20,0,0,
10/19/1912,,,21,0,0,
10/20/1912,,,19,0.2,2,2
10/21/1912,,31,11,0,0,2
10/22/1912,,31,8,0,0,1
10/23/1912,,49,11,0,0,
10/24/1912,,46,6,0,0,
10/25/1912,,54,41,0,0,
10/26/1912,,,31,0,0,
10/27/1912,,42,33,0.3,3,3
10/28/1912,,,23,0,0,3
10/29/1912,,31,23,0,0,1
10/30/1912,,,,0,0,1
10/31/1912,,36,9,0,0,1
11/1/1912,,38,0,,,1
11/2/1912,,39,,,,1
11/3/1912,,36,9,,3,4
11/4/1912,,27,,,,
11/5/1912,,,19,,,
11/6/1912,,32,21,,,6
11/7/1912,,35,27,,,6
11/8/1912,,37,28,,,4
11/9/1912,,49,32,,,4
11/10/1912,,44,31,,,4
11/11/1912,,34,25,,,4
11/12/1912,,34,24,,,4
11/13/1912,,43,26,,,4
11/14/1912,,43,11,,,4
11/15/1912,,39,27,,,4
11/16/1912,,44,22,,,4
11/17/1912,,44,7,,,4
11/18/1912,,,10,,,4
11/19/1912,,42,20,,,4
11/20/1912,,33,25,,1,5
11/21/1912,,,,,,
11/22/1912,,,,,,
11/23/1912,,,,,,
11/24/1912,,,,,,
11/25/1912,,,,,,
11/26/1912,,,,,,
11/27/1912,,,,,,
11/28/1912,,,,,,
11/29/1912,,,,,,
11/30/1912,,,,,,
12/1/1912,,,,0,0,
12/2/1912,,,,0,0,
12/3/1912,,,,0,0,
12/4/1912,,,,0,0,
12/5/1912,,,,0,0,
12/6/1912,,,,0,0,
12/7/1912,,,,0,0,
12/8/1912,,44,5,0,0,
12/9/1912,,,,0,0,
12/10/1912,,31,19,0,0,
12/11/1912,,26,11,0,0,
12/12/1912,,34,10,0,0,
12/13/1912,,33,11,0,0,
12/14/1912,,31,19,0,0,
12/15/1912,,28,0,0,0,
12/16/1912,,25,11,0.6,6,
12/17/1912,,22,,0,0,
12/18/1912,,25,4,0.2,2,
12/19/1912,,22,4,0,0,16
12/20/1912,,,-11,0,0,16
12/21/1912,,,-15,0,0,16
12/22/1912,,19,-12,0,0,16
12/23/1912,,,-5,0.4,4,
12/24/1912,,,-1,0,0,
12/25/1912,,20,,0,0,
12/26/1912,,15,-1,0,0,
12/27/1912,,21,-11,0,0,
12/28/1912,,19,10,0,0,
12/29/1912,,20,-5,0.2,2,22
12/30/1912,,19,-9,0,0,
12/31/1912,,21,1,0,0,
1/1/1913,,20,-5,0.35,4,26
1/2/1913,,21,-4,0,0,
1/3/1913,,22,1,0,0,
1/4/1913,,20,-22,0,0,
1/5/1913,,,-35,0,0,
1/6/1913,,22,-45,0,0,
1/7/1913,,1,-11,0,0,
1/8/1913,,20,-1,0,0,
1/9/1913,,21,11,0.7,8,34
1/10/1913,,,-1,0,0,
1/11/1913,,,0,0,0,
1/12/1913,,22,,0,0,
1/13/1913,,30,,0,0,
1/14/1913,,,22,0,0,
1/15/1913,,24,,2.6,30,
1/16/1913,,22,4,0,0,
1/17/1913,,,5,0,0,
1/18/1913,,24,9,0,0,
1/19/1913,,24,-19,0,0,
1/20/1913,,,-25,0,0,
1/21/1913,,21,4,0,0,
1/22/1913,,20,-4,0,0,
1/23/1913,,10,-5,0,0,
1/24/1913,,,,0,0,
1/25/1913,,23,10,0,0,
1/26/1913,,,11,0,0,
1/27/1913,,,7,0,0,
1/28/1913,,,11,0,0,
1/29/1913,,,7,0,0,
1/30/1913,,,,0,0,
1/31/1913,,,,0,0,
2/1/1913,,,,0,0,
2/2/1913,,11,-28,0,0,
2/3/1913,,,1,0,0,27
2/4/1913,,30,6,0,0,
2/5/1913,,25,2,0,0,
2/6/1913,,20,6,0,0,
2/7/1913,,31,-31,0,0,
2/8/1913,,32,-25,0,0,
2/9/1913,,,-16,0,0,
2/10/1913,,,,0.32,4,25
2/11/1913,,32,-19,0,0,
2/12/1913,,25,-10,0,0,
2/13/1913,,36,15,0,0,
2/14/1913,,30,9,0,0,24
2/15/1913,,,,0,0,
2/16/1913,,36,27,0,0,
2/17/1913,,34,12,0,0,
2/18/1913,,26,12,0,0,26
2/19/1913,,,10,0,0,
2/20/1913,,21,-19,0,0,
2/21/1913,,16,-12,0.48,6,25
2/22/1913,,19,-21,0,0,
2/23/1913,,12,-26,0,0,
2/24/1913,,15,-26,0,0,
2/25/1913,,21,-11,0.64,8,23
2/26/1913,,26,10,0,0,
2/27/1913,,19,6,0,0,
2/28/1913,,22,9,0,0,
3/1/1913,,21,1,0,0,31
3/2/1913,,31,6,0,0,
3/3/1913,,32,21,0,0,
3/4/1913,,34,22,0.1,1,
3/5/1913,,33,6,0,0,
3/6/1913,,,19,0,0,
3/7/1913,,38,-1,0,0,
3/8/1913,,41,3,0,0,
3/9/1913,,32,5,0,0,
3/10/1913,,40,10,0,0,
3/11/1913,,40,21,0,0,
3/12/1913,,41,22,0,0,
3/13/1913,,31,-11,0,0,
3/14/1913,,21,-9,0,0,
3/15/1913,,20,-8,0,0,
3/16/1913,,27,6,0,0,
3/17/1913,,31,,0.3,3,27
3/18/1913,,28,21,0.3,3,30
3/19/1913,,27,19,0.2,2,32
3/20/1913,,20,11,0.3,3,35
3/21/1913,,20,-21,0,0,
3/22/1913,,29,6,0,0,
3/23/1913,,,,0,0,
3/24/1913,,,,0,0,
3/25/1913,,19,-4,0,0,
3/26/1913,,16,-26,0,0,
3/27/1913,,29,9,0,0,
3/28/1913,,31,20,0.1,1,37
3/29/1913,,38,26,0,0,
3/30/1913,,41,30,0,0,
3/31/1913,,39,26,0,0,
4/1/1913,,31,11,0,0,31
4/2/1913,,37,19,0,0,
4/3/1913,,31,16,0,0,
4/4/1913,,40,,0,0,
4/5/1913,,42,29,0,0,
4/6/1913,,44,22,0,0,
4/7/1913,,53,20,0,0,
4/8/1913,,40,22,0,0,
4/9/1913,,46,6,0,0,
4/10/1913,,59,9,0,0,
4/11/1913,,54,11,0,0,
4/12/1913,,60,12,0,0,
4/13/1913,,61,16,0,0,
4/14/1913,,61,21,0,0,
4/15/1913,,50,26,0.1,1,
4/16/1913,,52,22,0,0,
4/17/1913,,59,21,0,0,
4/18/1913,,56,22,0,0,
4/19/1913,,46,30,0.02,0.2,
4/20/1913,,60,24,0,0,
4/21/1913,,54,22,0,0,
4/22/1913,,49,24,0,0,
4/23/1913,,40,,0,0,
4/24/1913,,34,,0,0,
4/25/1913,,42,12,0,0,
4/26/1913,,57,11,0,0,
4/27/1913,,60,31,0,0,
4/28/1913,,54,24,0,0,
4/29/1913,,61,26,0,0,
4/30/1913,,51,19,0,0,
5/1/1913,,40,22,,,19
5/2/1913,,39,20,,,
5/3/1913,,49,26,,,
5/4/1913,,,30,,,
5/5/1913,,59,31,,,
5/6/1913,,61,20,,,
5/7/1913,,64,33,,,
5/8/1913,,65,31,,,
5/9/1913,,62,26,,,
5/10/1913,,61,31,,,
5/11/1913,,56,32,,,
5/12/1913,,45,30,,,
5/13/1913,,41,31,,,
5/14/1913,,40,26,,,
5/15/1913,,45,23,,,
5/16/1913,,46,22,,,
5/17/1913,,50,24,,,
5/18/1913,,42,34,,,
5/19/1913,,44,32,,,
5/20/1913,,42,31,,,
5/21/1913,,63,34,,,
5/22/1913,,66,31,,,
5/23/1913,,65,30,,,
5/24/1913,,64,35,,,
5/25/1913,,80,36,,,
5/26/1913,,71,,,,
5/27/1913,,67,36,,,
5/28/1913,,64,32,,,
5/29/1913,,66,35,,,
5/30/1913,,72,35,,,
5/31/1913,,71,34,,,
6/1/1913,,71,31,0,,
6/2/1913,,70,35,0,,
6/3/1913,,71,34,0,,
6/4/1913,,60,40,0,,
6/5/1913,,67,34,0,,
6/6/1913,,68,40,0,,
6/7/1913,,71,35,0,,
6/8/1913,,68,36,0,,
6/9/1913,,66,31,0,,
6/10/1913,,65,35,0,,
6/11/1913,,60,36,0.5,,
6/12/1913,,56,33,0,,
6/13/1913,,69,,0.2,,
6/14/1913,,61,57,0,,
6/15/1913,,68,61,0,,
6/16/1913,,71,66,0,,
6/17/1913,,76,35,0,,
6/18/1913,,69,,0,,
6/19/1913,,82,47,0.01,,
6/20/1913,,77,61,0,,
6/21/1913,,71,,0,,
6/22/1913,,73,65,0,,
6/23/1913,,67,45,0.18,,
6/24/1913,,54,44,0.04,,
6/25/1913,,56,,0.16,,
6/26/1913,,55,52,0.2,,
6/27/1913,,57,48,0.25,,
6/28/1913,,54,42,0.22,,
6/29/1913,,50,42,0.18,,
6/30/1913,,58,,0.15,,
7/1/1913,,65,,0,,
7/2/1913,,66,50,0,,
7/3/1913,,56,45,0.19,,
7/4/1913,,58,52,0,,
7/5/1913,,70,,0,,
7/6/1913,,80,,0,,
7/7/1913,,77,,0,,
7/8/1913,,78,,0.12,,
7/9/1913,,79,52,0.07,,
7/10/1913,,69,59,0.34,,
7/11/1913,,62,56,0,,
7/12/1913,,67,52,0,,
7/13/1913,,65,54,0,,
7/14/1913,,67,,0,,
7/15/1913,,70,62,0,,
7/16/1913,,74,,0,,
7/17/1913,,80,,0,,
7/18/1913,,80,,0,,
7/19/1913,,77,,0,,
7/20/1913,,76,61,0,,
7/21/1913,,76,51,0.3,,
7/22/1913,,,55,0.42,,
7/23/1913,,72,65,0,,
7/24/1913,,,58,1.5,,
7/25/1913,,60,57,0.5,,
7/26/1913,,59,48,0.23,,
7/27/1913,,63,49,0,,
7/28/1913,,63,54,0.2,,
7/29/1913,,58,42,1.05,,
7/30/1913,,59,,0,,
7/31/1913,,,57,0,,
8/1/1913,,78,,0,,
8/2/1913,,76,66,0,,
8/3/1913,,78,,0,,
8/4/1913,,,53,0.12,,
8/5/1913,,68,56,0.09,,
8/6/1913,,66,60,0,,
8/7/1913,,65,61,0,,
8/8/1913,,70,59,0,,
8/9/1913,,66,47,0.23,,
8/10/1913,,75,,0,,
8/11/1913,,76,,0.08,,
8/12/1913,,,65,0,,
8/13/1913,,73,,0.02,,
8/14/1913,,68,,0,,
8/15/1913,,67,62,0,,
8/16/1913,,74,,0,,
8/17/1913,,73,,0,,
8/18/1913,,71,,0,,
8/19/1913,,73,,0,,
8/20/1913,,78,,0,,
8/21/1913,,81,,0,,
8/22/1913,,83,71,0,,
8/23/1913,,,73,0,,
8/24/1913,,80,,0,,
8/25/1913,,81,,0,,
8/26/1913,,78,,0.02,,
8/27/1913,,78,49,0,,
8/28/1913,,81,38,0,,
8/29/1913,,78,43,0.18,,
8/30/1913,,69,44,0.11,,
8/31/1913,,68,41,0,,
9/1/1913,,,50,0.19,,
9/2/1913,,63,40,0.23,,
9/3/1913,,64,43,0.22,,
9/4/1913,,68,36,,,
9/5/1913,,73,37,,,
9/6/1913,,73,31,,,
9/7/1913,,72,36,,,
9/8/1913,,60,42,0.67,,
9/9/1913,,58,39,,,
9/10/1913,,62,28,,,
9/11/1913,,71,27,,,
9/12/1913,,72,27,,,
9/13/1913,,70,31,0.08,0,
9/14/1913,,60,41,0.02,,
9/15/1913,,55,35,,,
9/16/1913,,63,23,,,
9/17/1913,,66,27,,,
9/18/1913,,66,,,,
9/19/1913,,,29,,,
9/20/1913,,65,19,,,
9/21/1913,,69,24,,,
9/22/1913,,68,21,,,
9/23/1913,,65,24,,,
9/24/1913,,64,21,,,
9/25/1913,,,11,,,
9/26/1913,,62,20,,,
9/27/1913,,66,,,,
9/28/1913,,67,,,,
9/29/1913,,65,24,,,
9/30/1913,,61,21,,,
10/1/1913,,67,25,0,0,
10/2/1913,,65,28,0,0,
10/3/1913,,62,30,0,0,
10/4/1913,,64,31,0,0,
10/5/1913,,66,34,0.25,2,0
10/6/1913,,65,22,0.35,3,1
10/7/1913,,,20,0.48,4,9
10/8/1913,,40,29,0.25,2,8
10/9/1913,,36,22,0.1,1,7
10/10/1913,,37,20,0,0,7
10/11/1913,,42,10,0,0,4
10/12/1913,,54,21,0,0,2
10/13/1913,,53,24,0,0,0
10/14/1913,,56,18,0,0,
10/15/1913,,40,27,0,0,
10/16/1913,,39,12,0,0,
10/17/1913,,39,4,0,0,
10/18/1913,,,22,0,0,
10/19/1913,,54,25,0,0,
10/20/1913,,38,9,0,0,
10/21/1913,,42,23,0,0,
10/22/1913,,54,20,0,0,
10/23/1913,,61,29,0,0,
10/24/1913,,52,21,0,0,
10/25/1913,,50,19,0,0,
10/26/1913,,47,16,0,0,
10/27/1913,,41,12,0,0,
10/28/1913,,40,14,0,0,
10/29/1913,,38,16,0,0,
10/30/1913,,45,20,0,0,
10/31/1913,,50,30,0,0,
11/1/1913,,,13,0.2,2,2
11/2/1913,,38,17,0.3,3,1
11/3/1913,,36,15,0.1,1,6
11/4/1913,,36,12,0,0,5
11/5/1913,,33,19,0,0,0
11/6/1913,,29,13,0,0,0
11/7/1913,,27,12,0,0,0
11/8/1913,,47,,0,0,0
11/9/1913,,34,15,0,0,0
11/10/1913,,54,17,0,0,0
11/11/1913,,52,16,0,0,0
11/12/1913,,56,26,0,0,0
11/13/1913,,35,8,0,0,0
11/14/1913,,40,7,0,0,0
11/15/1913,,34,22,0,0,0
11/16/1913,,41,22,0,0,0
11/17/1913,,34,19,0.1,1,1
11/18/1913,,38,26,0.2,2,3
11/19/1913,,40,16,0.3,3,6
11/20/1913,,27,3,0,0,6
11/21/1913,,29,8,0.1,1,7
11/22/1913,,31,17,0.05,0.5,7
11/23/1913,,36,5,0.05,0.5,8
11/24/1913,,37,8,0.15,1.5,9
11/25/1913,,36,13,0.1,1,10
11/26/1913,,37,16,0.25,2.5,12
11/27/1913,,35,21,0.1,1,13
11/28/1913,,38,,0,0,11
11/29/1913,,,4,0,0,10
11/30/1913,,,18,0,0,10
12/1/1913,,,20,0,,12
12/2/1913,,32,4,0,,
12/3/1913,,29,6,0,,
12/4/1913,,34,5,0,,
12/5/1913,,30,7,0,,
12/6/1913,,40,11,0,,
12/7/1913,,,7,0,,
12/8/1913,,28,5,0,,
12/9/1913,,34,6,0,,
12/10/1913,,36,7,0,,
12/11/1913,,,7,0,,
12/12/1913,,40,10,0,,
12/13/1913,,30,4,0,,
12/14/1913,,42,13,0,,
12/15/1913,,,15,0,,
12/16/1913,,38,9,0,,
12/17/1913,,32,4,0,,
12/18/1913,,31,6,0,,
12/19/1913,,38,1,0,,
12/20/1913,,28,-4,0,,
12/21/1913,,25,-7,0,,
12/22/1913,,19,0,0,,
12/23/1913,,21,8,0,,
12/24/1913,,20,13,0,,11
12/25/1913,,24,11,0,,
12/26/1913,,25,16,0.1,,12
12/27/1913,,30,2,0,,12
12/28/1913,,30,-13,0,,
12/29/1913,,24,-16,,,
12/30/1913,,30,-9,0,,0
12/31/1913,,30,15,0.2,,14
1/1/1914,,28,17,,,14
1/2/1914,,26,19,,,
1/3/1914,,27,16,,,
1/4/1914,,24,12,,,
1/5/1914,,26,13,,,15
1/6/1914,,21,9,,,17
1/7/1914,,28,13,,,
1/8/1914,,25,16,,,
1/9/1914,,21,4,,,
1/10/1914,,21,7,,,
1/11/1914,,18,2,,,
1/12/1914,,24,-1,,,15
1/13/1914,,22,-6,,,
1/14/1914,,24,-9,,,16
1/15/1914,,28,2,,,
1/16/1914,,23,8,,,17
1/17/1914,,19,11,,,
1/18/1914,,24,16,,,20
1/19/1914,,26,20,,,21
1/20/1914,,28,17,,,
1/21/1914,,30,21,,,
1/22/1914,,26,16,,,24
1/23/1914,,22,11,,,28
1/24/1914,,19,6,,,29
1/25/1914,,19,10,,,30
1/26/1914,,22,11,,,32
1/27/1914,,21,15,,,36
1/28/1914,,19,2,,,38
1/29/1914,,20,-7,,,41
1/30/1914,,21,-9,,,42
1/31/1914,,19,4,,,42
2/1/1914,,26,-4,0,0,42
2/2/1914,,18,-2,0,0,
2/3/1914,,16,-9,0,0,
2/4/1914,,24,10,0,0,
2/5/1914,,19,-10,0,0,41
2/6/1914,,3,-41,0,0,
2/7/1914,,18,-9,0,0,
2/8/1914,,26,8,0,0,
2/9/1914,,36,14,0,0,40
2/10/1914,,34,21,0,0,39
2/11/1914,,32,19,0,0,36
2/12/1914,,26,10,0,0,
2/13/1914,,36,12,0,0,
2/14/1914,,32,16,0,0,
2/15/1914,,39,15,0.18,2,38
2/16/1914,,36,14,0,0,
2/17/1914,,42,1,0,0,36
2/18/1914,,36,-1,0,0,
2/19/1914,,36,9,0,0,
2/20/1914,,34,10,0,0,
2/21/1914,,31,7,0,0,
2/22/1914,,34,10,0,0,
2/23/1914,,30,14,0,0,34
2/24/1914,,32,16,0,0,
2/25/1914,,30,14,0,0,32
2/26/1914,,36,-8,0.36,4,36
2/27/1914,,34,2,0,0,34
2/28/1914,,38,12,0,0,32
3/1/1914,,38,7,,,32
3/2/1914,,40,12,,,29
3/3/1914,,42,9,,,26
3/4/1914,,37,4,,,24
3/5/1914,,41,10,,,21
3/6/1914,,45,6,,,20
3/7/1914,,40,5,,,17
3/8/1914,,50,26,,,14
3/9/1914,,42,24,,,13
3/10/1914,,47,9,,,11
3/11/1914,,51,-5,,,8
3/12/1914,,48,-3,,,8
3/13/1914,,45,6,,,7
3/14/1914,,48,8,,,5
3/15/1914,,42,30,,,4
3/16/1914,,44,29,,,2
3/17/1914,,54,20,,,0
3/18/1914,,42,19,,,0
3/19/1914,,42,-3,,,0
3/20/1914,,38,7,,,0
3/21/1914,,42,-8,,,0
3/22/1914,,44,4,,,0
3/23/1914,,38,13,,,2
3/24/1914,,32,15,,,1
3/25/1914,,30,15,,,5
3/26/1914,,35,4,,,6
3/27/1914,,35,24,,,4
3/28/1914,,36,3,,,2
3/29/1914,,44,11,,,0
3/30/1914,,45,20,,,4
3/31/1914,,40,15,,,6
4/1/1914,,41,17,,5,
4/2/1914,,44,12,,4,
4/3/1914,,38,14,,4,
4/4/1914,,45,10,,1,
4/5/1914,,48,19,,0,
4/6/1914,,52,21,,,
4/7/1914,,49,16,,,
4/8/1914,,54,22,,,
4/9/1914,,51,18,,,
4/10/1914,,55,13,,,
4/11/1914,,50,11,,,
4/12/1914,,50,25,,,
4/13/1914,,49,21,,,
4/14/1914,,53,27,,,
4/15/1914,,54,39,,,
4/16/1914,,44,26,,,
4/17/1914,,45,20,,,
4/18/1914,,49,19,,,
4/19/1914,,53,34,,,
4/20/1914,,48,32,,,
4/21/1914,,56,30,,,
4/22/1914,,60,28,,,
4/23/1914,,53,34,,,
4/24/1914,,45,31,,,
4/25/1914,,47,24,,,
4/26/1914,,48,22,,,
4/27/1914,,38,24,,,
4/28/1914,,50,15,,,
4/29/1914,,47,25,,,
4/30/1914,,61,20,,,
5/1/1914,,61,22,,,
5/2/1914,,63,22,,,
5/3/1914,,62,26,,,
5/4/1914,,59,24,,,
5/5/1914,,45,12,,,
5/6/1914,,,19,,,
5/7/1914,,61,20,,,
5/8/1914,,60,19,,,
5/9/1914,,64,21,,,
5/10/1914,,67,19,,,
5/11/1914,,61,,,,
5/12/1914,,65,32,,,
5/13/1914,,69,21,,,
5/14/1914,,68,27,,,
5/15/1914,,64,29,,,
5/16/1914,,68,29,,,
5/17/1914,,56,36,,,
5/18/1914,,67,32,,,
5/19/1914,,63,31,,,
5/20/1914,,67,33,,,
5/21/1914,,64,21,,,
5/22/1914,,66,27,,,
5/23/1914,,70,34,,,
5/24/1914,,71,28,,,
5/25/1914,,55,35,,,
5/26/1914,,68,36,,,
5/27/1914,,68,26,,,
5/28/1914,,69,38,,,
5/29/1914,,64,23,,,
5/30/1914,,73,28,,,
5/31/1914,,77,30,,,
6/1/1914,,76,34,0,,
6/2/1914,,74,31,0,,
6/3/1914,,70,39,0,,
6/4/1914,,65,41,0,,
6/5/1914,,67,34,0,,
6/6/1914,,64,36,0,,
6/7/1914,,58,29,0,,
6/8/1914,,61,26,0,,
6/9/1914,,58,25,0,,
6/10/1914,,64,31,0,,
6/11/1914,,61,26,0,,
6/12/1914,,67,37,0,,
6/13/1914,,68,31,0.09,,
6/14/1914,,64,30,0,,
6/15/1914,,69,30,0,,
6/16/1914,,70,30,0,,
6/17/1914,,64,,0,,
6/18/1914,,76,32,0,,
6/19/1914,,72,33,0.18,,
6/20/1914,,58,34,0.35,,
6/21/1914,,57,34,0.38,,
6/22/1914,,57,33,0,,
6/23/1914,,62,33,0,,
6/24/1914,,71,36,0,,
6/25/1914,,71,42,0,,
6/26/1914,,67,32,0.29,,
6/27/1914,,59,31,0,,
6/28/1914,,61,31,0,,
6/29/1914,,65,33,0,,
6/30/1914,,64,38,0.01,,
7/1/1914,,,,,,
7/2/1914,,,,,,
7/3/1914,,,,,,
7/4/1914,,,,,,
7/5/1914,,,,,,
7/6/1914,,,,,,
7/7/1914,,,,,,
7/8/1914,,,,,,
7/9/1914,,,,,,
7/10/1914,,,,,,
7/11/1914,,,,,,
7/12/1914,,,,,,
7/13/1914,,,,,,
7/14/1914,,,,,,
7/15/1914,,,,,,
7/16/1914,,,,,,
7/17/1914,,,,,,
7/18/1914,,,,,,
7/19/1914,,,,,,
7/20/1914,,,,,,
7/21/1914,,,,,,
7/22/1914,,,,,,
7/23/1914,,,,,,
7/24/1914,,,,,,
7/25/1914,,,,,,
7/26/1914,,,,,,
7/27/1914,,,,,,
7/28/1914,,,,,,
7/29/1914,,,,,,
7/30/1914,,,,,,
7/31/1914,,,,,,
8/1/1914,,79,44,0.02,0,
8/2/1914,,69,43,0,0,
8/3/1914,,76,,0,0,
8/4/1914,,74,,0,0,
8/5/1914,,78,32,0,0,
8/6/1914,,79,,0,0,
8/7/1914,,76,41,0,0,
8/8/1914,,,43,0,0,
8/9/1914,,81,31,0,0,
8/10/1914,,70,34,0,0,
8/11/1914,,,,0,0,
8/12/1914,,77,,0,0,
8/13/1914,,81,32,0,0,
8/14/1914,,79,33,0,0,
8/15/1914,,,,0,0,
8/16/1914,,76,38,0,0,
8/17/1914,,78,44,0,0,
8/18/1914,,65,25,0,0,
8/19/1914,,70,25,0,0,
8/20/1914,,77,28,0,0,
8/21/1914,,75,34,0,0,
8/22/1914,,,31,0,0,
8/23/1914,,71,29,0,0,
8/24/1914,,70,31,0,0,
8/25/1914,,72,25,0,0,
8/26/1914,,,27,0,0,
8/27/1914,,71,28,0,0,
8/28/1914,,,31,0,0,
8/29/1914,,,30,0,0,
8/30/1914,,,,0,0,
8/31/1914,,,31,0,0,
9/1/1914,,71,25,0,,
9/2/1914,,72,29,0,,
9/3/1914,,71,30,0,,
9/4/1914,,72,31,0,,
9/5/1914,,68,28,0,,
9/6/1914,,69,28,0,,
9/7/1914,,71,30,0,,
9/8/1914,,70,26,0,,
9/9/1914,,61,20,0,,
9/10/1914,,66,23,0,,
9/11/1914,,69,25,0,,
9/12/1914,,68,23,0.5,,
9/13/1914,,40,19,0,,
9/14/1914,,40,20,0.7,,
9/15/1914,,64,28,0.15,,
9/16/1914,,65,21,0,,
9/17/1914,,63,24,0,,
9/18/1914,,70,28,0.3,,
9/19/1914,,80,33,0.2,,
9/20/1914,,76,35,0.16,,
9/21/1914,,54,30,0,,
9/22/1914,,70,28,0,,
9/23/1914,,64,24,0,,
9/24/1914,,67,35,0,,
9/25/1914,,80,33,0,,
9/26/1914,,76,25,0,,
9/27/1914,,64,28,0,,
9/28/1914,,60,20,0,,
9/29/1914,,45,18,0,,
9/30/1914,,70,28,0,,
10/1/1914,,68,33,0.01,,
10/2/1914,,59,32,0.11,,
10/3/1914,,54,29,0.06,,
10/4/1914,,58,25,0.06,,
10/5/1914,,45,24,0.09,,
10/6/1914,,39,22,0.02,,
10/7/1914,,40,14,0,,
10/8/1914,,39,,0,,
10/9/1914,,44,28,0,,
10/10/1914,,42,27,0.05,,
10/11/1914,,42,25,0,,
10/12/1914,,42,29,0.03,,
10/13/1914,,45,,0,,
10/14/1914,,40,28,0,,
10/15/1914,,39,29,0,,
10/16/1914,,65,24,0,,
10/17/1914,,59,26,0,,
10/18/1914,,46,32,0.03,,
10/19/1914,,45,30,0.03,,
10/20/1914,,48,34,0,,
10/21/1914,,45,20,0,,
10/22/1914,,48,20,0,,
10/23/1914,,45,36,0,,
10/24/1914,,48,34,0,,
10/25/1914,,65,24,0,,
10/26/1914,,42,26,0,,
10/27/1914,,59,23,0,,
10/28/1914,,69,40,0,,
10/29/1914,,69,23,0,,
10/30/1914,,61,26,0,,
10/31/1914,,56,31,0,,
11/1/1914,,53,24,0,0,
11/2/1914,,50,29,0,0,
11/3/1914,,43,32,0,0,
11/4/1914,,44,22,0,0,
11/5/1914,,48,30,0,0,
11/6/1914,,,21,0,0,
11/7/1914,,49,,0,0,
11/8/1914,,49,26,0,0,
11/9/1914,,40,16,0.1,1,
11/10/1914,,46,20,0,0,
11/11/1914,,43,21,0,0,
11/12/1914,,49,26,0,0,
11/13/1914,,,18,0,0,
11/14/1914,,49,,0,0,
11/15/1914,,49,26,0,0,
11/16/1914,,56,26,0.15,2,
11/17/1914,,38,13,0.1,1,
11/18/1914,,47,23,0,0,
11/19/1914,,39,21,0,0,
11/20/1914,,43,21,0,0,
11/21/1914,,42,17,0,0,
11/22/1914,,44,,0,0,
11/23/1914,,46,28,0,0,
11/24/1914,,52,20,0,0,
11/25/1914,,38,20,0,0,
11/26/1914,,50,17,0,0,
11/27/1914,,51,,0,0,
11/28/1914,,60,,0,0,
11/29/1914,,,,0.3,4,
11/30/1914,,,,0.4,5,
12/1/1914,,31,-10,0,,
12/2/1914,,30,0,0,,
12/3/1914,,31,9,0.05,,
12/4/1914,,32,21,0.02,,
12/5/1914,,34,20,0.01,,
12/6/1914,,29,-10,0,,
12/7/1914,,28,9,0,,
12/8/1914,,26,8,0,,
12/9/1914,,26,-11,0,,
12/10/1914,,25,-15,0,,
12/11/1914,,22,-5,0.04,,
12/12/1914,,19,-7,0.01,,
12/13/1914,,23,-18,0,,
12/14/1914,,24,-21,0,,
12/15/1914,,17,-17,0,,
12/16/1914,,22,-24,0,,
12/17/1914,,24,-22,0,,
12/18/1914,,31,-10,0,,
12/19/1914,,26,-21,0,,
12/20/1914,,17,-11,0,,
12/21/1914,,17,-14,0,,
12/22/1914,,23,-14,0,,
12/23/1914,,32,3,0,,
12/24/1914,,26,10,0,,
12/25/1914,,28,-3,0,,
12/26/1914,,29,16,0,,
12/27/1914,,32,7,0,,
12/28/1914,,22,11,0.14,,
12/29/1914,,20,6,0.35,,8
12/30/1914,,24,13,0,,
12/31/1914,,25,14,0,,8
1/1/1915,,39,3,0,0,9
1/2/1915,,30,5,0,0,
1/3/1915,,33,-3,0,0,
1/4/1915,,39,9,0.3,3,
1/5/1915,,25,-16,0,0,
1/6/1915,,26,-4,0,0,
1/7/1915,,23,15,0,0,
1/8/1915,,25,12,0,0,
1/9/1915,,26,12,0,0,
1/10/1915,,26,4,0,0,
1/11/1915,,34,3,0,0,
1/12/1915,,29,15,0.5,5,
1/13/1915,,32,10,0.6,6,
1/14/1915,,26,15,1.2,12,24
1/15/1915,,26,5,0,0,
1/16/1915,,25,,0,0,
1/17/1915,,27,-3,0,0,
1/18/1915,,23,-5,0,0,
1/19/1915,,25,10,0,0,
1/20/1915,,29,12,0,0,
1/21/1915,,,0,0,0,
1/22/1915,,11,-24,0,0,
1/23/1915,,13,-16,0,0,
1/24/1915,,19,-8,0,0,
1/25/1915,,18,-8,0,0,
1/26/1915,,19,7,0,0,
1/27/1915,,25,-3,0.3,3,
1/28/1915,,29,-7,0,0,
1/29/1915,,37,22,0,0,
1/30/1915,,34,19,0.3,3,26
1/31/1915,,33,21,0.1,1,27
2/1/1915,,32,20,0,0,
2/2/1915,,34,26,0.11,1.5,
2/3/1915,,33,,0.5,7,29
2/4/1915,,28,14,0,0,
2/5/1915,,22,-15,0,0,
2/6/1915,,36,-7,0,0,
2/7/1915,,43,0,0,0,
2/8/1915,,40,7,0,0,
2/9/1915,,43,10,0,0,
2/10/1915,,39,18,0,0,
2/11/1915,,36,14,0,0,
2/12/1915,,37,16,0,0,
2/13/1915,,32,9,0,0,
2/14/1915,,23,-11,0,0,
2/15/1915,,35,14,0,0,
2/16/1915,,35,1,0,0,
2/17/1915,,35,1,0.2,3,
2/18/1915,,34,15,0,0,
2/19/1915,,39,4,0,0,
2/20/1915,,38,10,0,0,
2/21/1915,,40,10,0,0,
2/22/1915,,30,19,0.1,1.5,
2/23/1915,,32,16,0.1,1.5,
2/24/1915,,30,19,0,0,
2/25/1915,,38,20,0.2,3,19
2/26/1915,,35,20,0,0,
2/27/1915,,29,16,0,0,
2/28/1915,,27,13,0,0,19
3/1/1915,,46,13,0,0,20
3/2/1915,,38,8,0,0,
3/3/1915,,37,16,0,0,
3/4/1915,,34,-5,0,0,
3/5/1915,,36,14,0,0,
3/6/1915,,32,12,0,0,
3/7/1915,,38,10,0,0,
3/8/1915,,41,-1,0,0,
3/9/1915,,39,-3,0,0,
3/10/1915,,38,1,0,0,
3/11/1915,,36,8,0,0,
3/12/1915,,37,20,0,0,
3/13/1915,,39,25,0,0,
3/14/1915,,40,20,0,0,
3/15/1915,,39,26,0,0,
3/16/1915,,47,,0.2,3,
3/17/1915,,55,35,0,0,
3/18/1915,,41,30,0,0,
3/19/1915,,40,20,0,0,
3/20/1915,,41,19,0,0,
3/21/1915,,52,14,0,0,
3/22/1915,,54,16,0,0,
3/23/1915,,48,25,0,0,
3/24/1915,,43,20,0.1,1.5,
3/25/1915,,35,13,0.9,14,
3/26/1915,,36,8,0,0,
3/27/1915,,44,19,0,0,
3/28/1915,,55,25,0,0,
3/29/1915,,42,29,0,0,
3/30/1915,,42,25,0,0,12
3/31/1915,,43,27,0,0,12
4/1/1915,,48,25,0,0,
4/2/1915,,56,32,0,0,
4/3/1915,,49,31,0.5,0,
4/4/1915,,40,27,0.3,0,
4/5/1915,,43,24,0,0,
4/6/1915,,50,28,0,0,
4/7/1915,,49,25,0,0,
4/8/1915,,46,30,0,0,
4/9/1915,,55,40,0,0,
4/10/1915,,50,33,0,0,
4/11/1915,,55,23,0,0,
4/12/1915,,61,25,0,0,
4/13/1915,,63,24,0,0,
4/14/1915,,62,29,0,0,
4/15/1915,,58,28,0,0,
4/16/1915,,54,29,0,0,
4/17/1915,,61,34,0,0,
4/18/1915,,65,25,0,0,
4/19/1915,,64,26,0,0,
4/20/1915,,60,30,0,0,
4/21/1915,,47,29,0.3,0,
4/22/1915,,54,29,0.2,0,
4/23/1915,,51,32,0,0,
4/24/1915,,58,21,0,0,
4/25/1915,,60,26,0,0,
4/26/1915,,60,24,0,0,
4/27/1915,,63,21,0,0,
4/28/1915,,67,29,0,0,
4/29/1915,,64,28,0,0,
4/30/1915,,60,26,0,0,
5/1/1915,,,25,0.5,,
5/2/1915,,38,29,0.1,,
5/3/1915,,38,18,0,,
5/4/1915,,44,20,0,,
5/5/1915,,45,25,0,,
5/6/1915,,53,14,0,,
5/7/1915,,52,20,0.1,,
5/8/1915,,59,22,0,,
5/9/1915,,59,24,0.2,,
5/10/1915,,51,34,0.5,,
5/11/1915,,49,33,0.2,,
5/12/1915,,53,32,0.08,,
5/13/1915,,46,33,0.2,,
5/14/1915,,57,,0.2,,
5/15/1915,,60,,0,,
5/16/1915,,58,25,0,,
5/17/1915,,37,29,0.1,,
5/18/1915,,37,26,0.2,,
5/19/1915,,39,32,0,,
5/20/1915,,70,28,0,,
5/21/1915,,55,30,0.1,,
5/22/1915,,52,30,0.3,,
5/23/1915,,56,20,0,,
5/24/1915,,52,30,0.3,,
5/25/1915,,60,32,0.1,,
5/26/1915,,62,29,0,,
5/27/1915,,55,30,0,,
5/28/1915,,50,,0,,
5/29/1915,,59,32,0,,
5/30/1915,,,28,0,,
5/31/1915,,,35,0,,
6/1/1915,,58,37,0.9,,
6/2/1915,,66,31,0.1,,
6/3/1915,,45,23,0.3,,
6/4/1915,,48,31,0,,
6/5/1915,,48,22,0,,
6/6/1915,,55,27,0,,
6/7/1915,,60,35,0,,
6/8/1915,,47,37,0,,
6/9/1915,,50,34,0,,
6/10/1915,,60,31,0,,
6/11/1915,,70,35,0,,
6/12/1915,,55,28,0.3,,
6/13/1915,,53,26,0,,
6/14/1915,,53,30,0,,
6/15/1915,,,32,0,,
6/16/1915,,70,29,0,,
6/17/1915,,40,21,0.35,,
6/18/1915,,58,36,0.06,,
6/19/1915,,60,30,0,,
6/20/1915,,59,28,0,,
6/21/1915,,66,26,0,,
6/22/1915,,72,26,0,,
6/23/1915,,67,,0,,
6/24/1915,,75,32,0,,
6/25/1915,,71,36,0,,
6/26/1915,,50,26,0,,
6/27/1915,,59,,0,,
6/28/1915,,45,24,0,,
6/29/1915,,67,29,0,,
6/30/1915,,66,24,0,,
7/1/1915,,68,29,0,0,
7/2/1915,,65,29,0.12,0,
7/3/1915,,62,33,0,0,
7/4/1915,,71,24,0,0,
7/5/1915,,74,,0,0,
7/6/1915,,71,,0,0,
7/7/1915,,74,22,0,0,
7/8/1915,,71,33,0.14,0,
7/9/1915,,68,35,0.68,0,
7/10/1915,,68,29,0,0,
7/11/1915,,69,40,0,0,
7/12/1915,,68,39,0,0,
7/13/1915,,72,32,0.16,0,
7/14/1915,,69,43,0,0,
7/15/1915,,63,28,0,0,
7/16/1915,,68,28,0,0,
7/17/1915,,70,30,0,0,
7/18/1915,,70,26,0,0,
7/19/1915,,72,25,0,0,
7/20/1915,,80,32,0,0,
7/21/1915,,78,30,0,0,
7/22/1915,,69,40,0.06,0,
7/23/1915,,70,42,0,0,
7/24/1915,,80,32,0,0,
7/25/1915,,79,,0,0,
7/26/1915,,69,36,0,0,
7/27/1915,,76,30,0,0,
7/28/1915,,71,36,0.42,0,
7/29/1915,,71,35,0,0,
7/30/1915,,69,31,0,0,
7/31/1915,,65,33,0.43,0,
8/1/1915,,69,33,0,,
8/2/1915,,70,32,0,,
8/3/1915,,73,34,0,,
8/4/1915,,80,33,0,,
8/5/1915,,79,37,0.43,,
8/6/1915,,77,39,0.16,,
8/7/1915,,75,36,0.17,,
8/8/1915,,74,35,0,,
8/9/1915,,80,33,0,,
8/10/1915,,79,36,0,,
8/11/1915,,78,35,0.04,,
8/12/1915,,75,33,0.06,,
8/13/1915,,80,32,0.12,,
8/14/1915,,75,35,0.13,,
8/15/1915,,78,32,0.14,,
8/16/1915,,75,42,0,,
8/17/1915,,80,34,0,,
8/18/1915,,78,35,0,,
8/19/1915,,79,39,0,,
8/20/1915,,82,33,0,,
8/21/1915,,78,37,0.01,,
8/22/1915,,83,36,0,,
8/23/1915,,79,34,0.53,,
8/24/1915,,72,32,0.04,,
8/25/1915,,77,34,0.54,,
8/26/1915,,78,38,0,,
8/27/1915,,76,33,0,,
8/28/1915,,79,42,0,,
8/29/1915,,84,32,0,,
8/30/1915,,80,32,0,,
8/31/1915,,77,41,0,,
9/1/1915,,72,45,0.06,,
9/2/1915,,59,42,0.32,,
9/3/1915,,54,42,0.18,,
9/4/1915,,54,,0.28,,
9/5/1915,,68,39,0,,
9/6/1915,,77,34,0,,
9/7/1915,,64,39,0.17,,
9/8/1915,,54,32,0.11,,
9/9/1915,,59,30,0,,
9/10/1915,,63,25,0,,
9/11/1915,,53,35,0.1,,
9/12/1915,,52,24,0,,
9/13/1915,,44,23,0.5,,
9/14/1915,,45,21,0,,
9/15/1915,,53,21,0,,
9/16/1915,,60,24,0,,
9/17/1915,,65,25,0,,
9/18/1915,,69,26,0,,
9/19/1915,,68,32,0,,
9/20/1915,,65,24,0,,
9/21/1915,,70,24,0,,
9/22/1915,,68,30,0,,
9/23/1915,,65,25,0,,
9/24/1915,,55,37,0.16,,
9/25/1915,,57,35,0,,
9/26/1915,,64,31,0.53,,
9/27/1915,,43,37,0.27,,
9/28/1915,,50,29,0.2,,
9/29/1915,,54,27,0,,
9/30/1915,,55,25,0,,
10/1/1915,,58,32,0,0,
10/2/1915,,52,28,0.2,0,
10/3/1915,,44,28,0.6,6,
10/4/1915,,46,21,0,0,
10/5/1915,,48,24,0,0,
10/6/1915,,44,18,0,0,
10/7/1915,,55,12,0,0,
10/8/1915,,63,17,0,0,
10/9/1915,,63,23,0,0,
10/10/1915,,54,29,0.17,1.7,3
10/11/1915,,43,13,0.36,3.6,
10/12/1915,,44,22,0,0,
10/13/1915,,49,28,0,0,
10/14/1915,,41,26,0,0,
10/15/1915,,54,27,0.7,7,
10/16/1915,,56,22,0,0,
10/17/1915,,53,22,0,0,
10/18/1915,,56,22,0,0,
10/19/1915,,55,35,0,0,
10/20/1915,,57,31,0,0,
10/21/1915,,66,20,0,0,
10/22/1915,,68,20,0,0,
10/23/1915,,62,21,0,0,
10/24/1915,,51,22,0,0,
10/25/1915,,47,28,0,0,
10/26/1915,,55,21,0,0,
10/27/1915,,55,25,0,0,
10/28/1915,,55,22,0,0,
10/29/1915,,62,20,0,0,
10/30/1915,,52,21,0,0,
10/31/1915,,48,31,0,0,
11/1/1915,,49,24,0,0,
11/2/1915,,58,25,0,0,
11/3/1915,,50,32,0,0,
11/4/1915,,51,26,0,0,
11/5/1915,,49,26,0,0,
11/6/1915,,51,33,0,0,
11/7/1915,,43,22,0.16,2,
11/8/1915,,32,17,0.08,1,0
11/9/1915,,32,23,0.14,1.7,0
11/10/1915,,26,12,0.48,6,0
11/11/1915,,21,5,0.32,4,0
11/12/1915,,20,13,0.34,4.2,1
11/13/1915,,17,-20,0,0,1
11/14/1915,,22,10,0,0,1
11/15/1915,,25,11,0,0,
11/16/1915,,27,15,0.26,3.2,1
11/17/1915,,22,16,0,0,
11/18/1915,,34,15,0,0,
11/19/1915,,35,23,0,0,
11/20/1915,,35,13,0.64,8,0
11/21/1915,,35,4,0.56,7,0
11/22/1915,,34,23,0.24,3,0
11/23/1915,,40,29,0,0,
11/24/1915,,39,13,0.26,3.3,1
11/25/1915,,20,-6,0.05,0.6,1
11/26/1915,,25,15,0.17,2.2,1
11/27/1915,,19,-2,0,0,
11/28/1915,,21,-11,0,0,
11/29/1915,,26,-2,0,0,
11/30/1915,,28,16,0,0,
12/1/1915,,31,-16,0,0,
12/2/1915,,39,-7,0,0,
12/3/1915,,42,7,0.03,0,
12/4/1915,,35,29,0,0,
12/5/1915,,33,28,0,0,
12/6/1915,,34,27,0.07,1,
12/7/1915,,34,28,0.04,0.5,
12/8/1915,,38,20,0,0,
12/9/1915,,40,23,0.02,0.3,
12/10/1915,,35,14,0,0,
12/11/1915,,25,13,0.23,3,5
12/12/1915,,28,-8,0,0,
12/13/1915,,30,-7,0.13,2,
12/14/1915,,29,-20,0.48,8,10
12/15/1915,,23,0,0,0,
12/16/1915,,19,-22,0,0,
12/17/1915,,21,-6,0,0,
12/18/1915,,21,-2,0,0,
12/19/1915,,20,-11,0,0,
12/20/1915,,21,-2,0.06,1,11
12/21/1915,,31,18,0.12,2,14
12/22/1915,,35,27,0.13,2,17
12/23/1915,,30,15,0.12,2,19
12/24/1915,,19,-13,0,0,
12/25/1915,,20,12,0.11,1.5,20
12/26/1915,,20,-19,0,0,
12/27/1915,,15,-14,0,0,
12/28/1915,,25,6,0.21,3,24
12/29/1915,,17,-10,0.23,3.5,25
12/30/1915,,11,-22,0,0,
12/31/1915,,19,-38,0,0,24
1/1/1916,,14,-13,0,0,23
1/2/1916,,17,9,0.07,1,24
1/3/1916,,30,14,0.4,6.5,30
1/4/1916,,30,15,0.51,9,39
1/5/1916,,18,-12,0.1,2,41
1/6/1916,,24,8,0,0,35
1/7/1916,,23,12,0,0,30
1/8/1916,,25,7,0.05,4,34
1/9/1916,,28,3,0.4,8.5,42
1/10/1916,,18,5,0.16,4,44
1/11/1916,,19,,0,0,
1/12/1916,,8,-22,0.04,0.5,40
1/13/1916,,14,-3,0.13,2,
1/14/1916,,20,11,0.07,,
1/15/1916,,19,-2,0.17,3,39
1/16/1916,,10,-22,0,0,38
1/17/1916,,12,-33,0,0,32
1/18/1916,,23,-19,0,0,37
1/19/1916,,22,2,0.25,4.5,40
1/20/1916,,20,9,0,0,38
1/21/1916,,13,7,0.01,1,36
1/22/1916,,24,8,0.05,2.5,39
1/23/1916,,32,21,0.12,3.5,41
1/24/1916,,31,25,0.24,3.5,42
1/25/1916,,31,24,0.16,2.5,45
1/26/1916,,29,0,0.24,5,50
1/27/1916,,14,-30,0,0,49
1/28/1916,,11,-13,0.2,3.5,51
1/29/1916,,10,-7,0.03,0.7,49
1/30/1916,,9,-10,0,0,47
1/31/1916,,11,-15,0,0,45
2/1/1916,,13,-13,0,0,44
2/2/1916,,18,5,0.06,1.3,44
2/3/1916,,23,5,0.28,4,47
2/4/1916,,24,14,0.12,1.7,46
2/5/1916,,25,18,0.15,2.4,48
2/6/1916,,30,19,0.2,3,49
2/7/1916,,31,26,0.46,4.5,51
2/8/1916,,28,18,0.13,1.4,51
2/9/1916,,30,20,0.11,1,49
2/10/1916,,35,27,0,0,48
2/11/1916,,34,23,0.22,1.7,47
2/12/1916,,30,-16,0,0,47
2/13/1916,,43,-11,0,0,46
2/14/1916,,46,12,0,0,45
2/15/1916,,55,4,0,0,44
2/16/1916,,48,6,0,0,43
2/17/1916,,52,10,0,0,42
2/18/1916,,55,-1,0,0,42
2/19/1916,,45,1,0,0,41
2/20/1916,,39,10,0,0,41
2/21/1916,,49,3,0,0,40
2/22/1916,,40,0,0,0,40
2/23/1916,,35,18,0,0,40
2/24/1916,,34,20,0,0,39
2/25/1916,,45,12,0,0,39
2/26/1916,,40,5,0,0,39
2/27/1916,,31,0,0.23,1.7,40
2/28/1916,,23,-16,0,0,40
2/29/1916,,19,10,0.41,5.5,45
3/1/1916,,19,-3,0,0,45
3/2/1916,,20,-2,0.13,1.5,46
3/3/1916,,30,10,0,0,44
3/4/1916,,33,25,0,0,43
3/5/1916,,36,12,0.36,5.5,46
3/6/1916,,36,4,0.23,3.5,49
3/7/1916,,25,5,0.2,3,51
3/8/1916,,33,20,0.16,1.5,52
3/9/1916,,39,28,0,0,49
3/10/1916,,42,24,0,0,46
3/11/1916,,50,23,0,0,43
3/12/1916,,49,19,0,0,42
3/13/1916,,42,26,0,0,40
3/14/1916,,32,5,0,0,40
3/15/1916,,44,21,0,0,39
3/16/1916,,48,18,0,0,39
3/17/1916,,52,24,0,0,38
3/18/1916,,54,26,0,0,38
3/19/1916,,46,34,0.09,0,37
3/20/1916,,40,33,0.63,0,36
3/21/1916,,37,20,0.09,0.5,34
3/22/1916,,48,26,0,0,33
3/23/1916,,39,19,0.92,14,41
3/24/1916,,31,15,0.21,3,43
3/25/1916,,32,4,0,0,39
3/26/1916,,43,26,0,0,37
3/27/1916,,46,34,0,0,34
3/28/1916,,42,25,0.29,5,37
3/29/1916,,32,7,0,0,36
3/30/1916,,43,2,0,0,35
3/31/1916,,43,17,0,0,35
4/1/1916,,43,29,0.03,0,33
4/2/1916,,37,21,0.19,3,35
4/3/1916,,45,7,0,0,34
4/4/1916,,49,8,0,0,34
4/5/1916,,37,15,0.13,2.5,37
4/6/1916,,42,12,0,0,35
4/7/1916,,48,14,0,0,33
4/8/1916,,47,17,0,0,31
4/9/1916,,50,24,0,0,29
4/10/1916,,60,37,0,0,27
4/11/1916,,52,34,0.1,0,26
4/12/1916,,37,27,0.18,0,25
4/13/1916,,55,9,0,0,24
4/14/1916,,61,18,0,0,23
4/15/1916,,51,28,0.13,1.5,24
4/16/1916,,42,12,0,0,23
4/17/1916,,48,25,0,0,22
4/18/1916,,41,28,0,0,22
4/19/1916,,38,22,0,0,22
4/20/1916,,41,20,0,0,21
4/21/1916,,40,24,0.09,0,20
4/22/1916,,44,30,0,0,20
4/23/1916,,52,19,0,0,17
4/24/1916,,62,20,0,0,16
4/25/1916,,66,21,0,0,14
4/26/1916,,67,23,0,0,12
4/27/1916,,63,25,0,0,9
4/28/1916,,55,24,0.21,3.5,13
4/29/1916,,37,11,0,0,10
4/30/1916,,42,13,0,0,8
5/1/1916,,47,17,0.15,0,7
5/2/1916,,54,16,0.04,0,4
5/3/1916,,59,25,0,0,3
5/4/1916,,64,27,0,0,2
5/5/1916,,62,30,0,0,0
5/6/1916,,68,28,0,0,0
5/7/1916,,64,20,0,0,0
5/8/1916,,62,18,0,0,0
5/9/1916,,63,24,0,0,0
5/10/1916,,40,13,0,0,0
5/11/1916,,35,18,0.18,2,2
5/12/1916,,38,10,0.02,0.5,1
5/13/1916,,33,22,0.44,7,
5/14/1916,,37,11,0,0,0
5/15/1916,,44,10,0,0,0
5/16/1916,,50,18,0,0,0
5/17/1916,,55,26,0,0,0
5/18/1916,,50,26,0.01,0,0
5/19/1916,,53,31,0.12,0,0
5/20/1916,,50,36,0.03,0,0
5/21/1916,,49,30,0.04,0,0
5/22/1916,,51,23,0.45,4,4
5/23/1916,,41,12,0.1,0,0
5/24/1916,,42,29,0.47,2.5,3
5/25/1916,,37,25,0.28,2,3
5/26/1916,,39,25,0.34,4.5,2
5/27/1916,,48,27,0,0,0
5/28/1916,,54,34,0,0,0
5/29/1916,,59,35,0.04,0,0
5/30/1916,,54,34,0.05,0,0
5/31/1916,,47,26,0.04,0,0
6/1/1916,,41,27,0.12,0,0
6/2/1916,,51,25,0.04,0,0
6/3/1916,,58,26,0,0,0
6/4/1916,,61,29,0.07,0,0
6/5/1916,,49,30,0.22,0,0
6/6/1916,,49,23,0,0,0
6/7/1916,,59,25,0,0,0
6/8/1916,,65,28,0,0,0
6/9/1916,,,31,0.07,0,0
6/10/1916,,,30,0,0,0
6/11/1916,,,27,0,0,0
6/12/1916,,,25,0,0,0
6/13/1916,,,25,0,0,0
6/14/1916,,,27,0,0,0
6/15/1916,,,31,0,0,0
6/16/1916,,76,30,0,0,0
6/17/1916,,78,31,0,0,0
6/18/1916,,78,32,0.07,0,0
6/19/1916,,70,31,0,0,0
6/20/1916,,,31,0.97,0,0
6/21/1916,,49,30,0.54,5.5,0
6/22/1916,,43,29,0.16,0,0
6/23/1916,,58,27,0.01,0,0
6/24/1916,,,28,0,0,
6/25/1916,,78,32,0.07,0,
6/26/1916,,71,36,0,0,
6/27/1916,,77,35,0,0,
6/28/1916,,74,38,0,0,
6/29/1916,,65,37,0,0,
6/30/1916,,72,20,0,0,
7/1/1916,,79,31,,0,
7/2/1916,,,,,0,
7/3/1916,,74,35,0.43,0,
7/4/1916,,,39,,0,
7/5/1916,,,33,,0,
7/6/1916,,,34,,0,
7/7/1916,,85,34,,0,
7/8/1916,,89,50,,0,
7/9/1916,,79,43,,0,
7/10/1916,,71,41,0.02,0,
7/11/1916,,79,32,,0,
7/12/1916,,81,38,,0,
7/13/1916,,78,41,,0,
7/14/1916,,,,,0,
7/15/1916,,78,42,0.24,0,
7/16/1916,,,,0.03,0,
7/17/1916,,75,,,0,
7/18/1916,,66,,,0,
7/19/1916,,70,,,0,
7/20/1916,,74,31,,0,
7/21/1916,,78,37,,0,
7/22/1916,,72,36,,0,
7/23/1916,,77,30,,0,
7/24/1916,,79,40,,0,
7/25/1916,,75,43,0.1,0,
7/26/1916,,71,42,0.08,0,
7/27/1916,,75,,0.01,0,
7/28/1916,,68,,,0,
7/29/1916,,69,,0.05,0,
7/30/1916,,76,35,,0,
7/31/1916,,79,39,,0,
8/1/1916,,,43,0,0,
8/2/1916,,80,,0,0,
8/3/1916,,78,,0,0,
8/4/1916,,80,37,0.11,0,
8/5/1916,,69,44,0.23,0,
8/6/1916,,68,37,0,0,
8/7/1916,,74,31,0.21,0,
8/8/1916,,69,,0.51,0,
8/9/1916,,66,37,0.02,0,
8/10/1916,,66,37,0.26,0,
8/11/1916,,77,34,0,0,
8/12/1916,,72,32,0,0,
8/13/1916,,79,40,0,0,
8/14/1916,,77,35,0,0,
8/15/1916,,69,36,0.1,0,
8/16/1916,,73,38,0,0,
8/17/1916,,73,36,0,0,
8/18/1916,,69,36,0.02,0,
8/19/1916,,58,27,0,0,
8/20/1916,,49,25,0,0,
8/21/1916,,64,27,0.02,0,
8/22/1916,,77,26,0,0,
8/23/1916,,82,31,0,0,
8/24/1916,,79,32,0.02,0,
8/25/1916,,77,,0,0,
8/26/1916,,78,31,0,0,
8/27/1916,,75,28,0,0,
8/28/1916,,,,0,0,
8/29/1916,,,35,0,0,
8/30/1916,,79,35,0,0,
8/31/1916,,78,32,0,0,
9/1/1916,,81,34,0,0,
9/2/1916,,78,35,0,0,
9/3/1916,,65,43,0.16,0,
9/4/1916,,66,33,0,0,
9/5/1916,,79,26,0,0,
9/6/1916,,64,33,0.01,0,
9/7/1916,,73,30,0,0,
9/8/1916,,69,32,0,0,
9/9/1916,,69,37,0.16,0,
9/10/1916,,40,22,0.15,0,
9/11/1916,,45,20,0,0,
9/12/1916,,61,26,0,0,
9/13/1916,,64,28,0,0,
9/14/1916,,67,21,0,0,
9/15/1916,,70,19,0,0,
9/16/1916,,70,23,0,0,
9/17/1916,,63,23,0,0,
9/18/1916,,73,26,0,0,
9/19/1916,,72,28,0,0,
9/20/1916,,73,24,0,0,
9/21/1916,,74,23,0,0,
9/22/1916,,73,24,0,0,
9/23/1916,,67,34,0,0,
9/24/1916,,,38,0.12,0,
9/25/1916,,67,27,0,0,
9/26/1916,,50,28,0,0,
9/27/1916,,46,31,0.14,0,
9/28/1916,,59,14,0,0,
9/29/1916,,63,25,0,0,
9/30/1916,,63,32,0,0,
10/1/1916,,55,36,0.6,0,
10/2/1916,,39,31,0.35,0,
10/3/1916,,37,27,0.49,0,0
10/4/1916,,42,18,,0,
10/5/1916,,49,15,,,
10/6/1916,,61,23,,,
10/7/1916,,,,,,
10/8/1916,,,,,,
10/9/1916,,,,,,
10/10/1916,,,,,,
10/11/1916,,,,,,
10/12/1916,,,,,,
10/13/1916,,,,,,
10/14/1916,,,,,,
10/15/1916,,,,,,
10/16/1916,,,,,,
10/17/1916,,,,,,
10/18/1916,,,,,,
10/19/1916,,,,,,
10/20/1916,,,,,,
10/21/1916,,,,,,
10/22/1916,,,,,,
10/23/1916,,,,,,
10/24/1916,,,,,,
10/25/1916,,,,,,
10/26/1916,,,,,,
10/27/1916,,,,,,
10/28/1916,,,,,,
10/29/1916,,,,,,
10/30/1916,,,,,,
10/31/1916,,,,,,
11/1/1916,,,,,,
11/2/1916,,,,,,
11/3/1916,,,,,,
11/4/1916,,,,,,
11/5/1916,,,,,,
11/6/1916,,,,,,
11/7/1916,,,,,,
11/8/1916,,,,,,
11/9/1916,,,,,,
11/10/1916,,,,,,
11/11/1916,,,,,,
11/12/1916,,,,,,
11/13/1916,,,,,,
11/14/1916,,,,,,
11/15/1916,,,,,,
11/16/1916,,,,,,
11/17/1916,,,,,,
11/18/1916,,,,,,
11/19/1916,,,,,,
11/20/1916,,,,,,
11/21/1916,,,,,,
11/22/1916,,,,,,
11/23/1916,,,,,,
11/24/1916,,,,,,
11/25/1916,,,,,,
11/26/1916,,,,,,
11/27/1916,,,,,,
11/28/1916,,,,,,
11/29/1916,,,,,,
11/30/1916,,,,,,
12/1/1916,,,,,,
12/2/1916,,,,,,
12/3/1916,,,,,,
12/4/1916,,,,,,
12/5/1916,,,,,,
12/6/1916,,,,,,
12/7/1916,,,,,,
12/8/1916,,,,,,
12/9/1916,,,,,,
12/10/1916,,,,,,
12/11/1916,,,,,,
12/12/1916,,,,,,
12/13/1916,,,,,,
12/14/1916,,,,,,
12/15/1916,,,,,,
12/16/1916,,,,,,
12/17/1916,,,,,,
12/18/1916,,,,,,
12/19/1916,,,,,,
12/20/1916,,,,,,
12/21/1916,,,,,,
12/22/1916,,,,,,
12/23/1916,,,,,,
12/24/1916,,,,,,
12/25/1916,,,,,,
12/26/1916,,,,,,
12/27/1916,,,,,,
12/28/1916,,,,,,
12/29/1916,,,,,,
12/30/1916,,,,,,
12/31/1916,,,,,,
1/1/1917,,,,,,
1/2/1917,,,,,,
1/3/1917,,,,,,
1/4/1917,,,,,,
1/5/1917,,,,,,
1/6/1917,,,,,,
1/7/1917,,,,,,
1/8/1917,,,,,,
1/9/1917,,,,,,
1/10/1917,,,,,,
1/11/1917,,,,,,
1/12/1917,,,,,,
1/13/1917,,,,,,
1/14/1917,,,,,,
1/15/1917,,,,,,
1/16/1917,,,,,,
1/17/1917,,,,,,
1/18/1917,,,,,,
1/19/1917,,,,,,
1/20/1917,,,,,,
1/21/1917,,,,,,
1/22/1917,,,,,,
1/23/1917,,,,,,
1/24/1917,,,,,,
1/25/1917,,,,,,
1/26/1917,,,,,,
1/27/1917,,,,,,
1/28/1917,,,,,,
1/29/1917,,,,,,
1/30/1917,,,,,,
1/31/1917,,,,,,
2/1/1917,,,,,,
2/2/1917,,,,,,
2/3/1917,,,,,,
2/4/1917,,,,,,
2/5/1917,,,,,,
2/6/1917,,,,,,
2/7/1917,,,,,,
2/8/1917,,,,,,
2/9/1917,,,,,,
2/10/1917,,,,,,
2/11/1917,,,,,,
2/12/1917,,,,,,
2/13/1917,,,,,,
2/14/1917,,,,,,
2/15/1917,,,,,,
2/16/1917,,,,,,
2/17/1917,,,,,,
2/18/1917,,,,,,
2/19/1917,,,,,,
2/20/1917,,,,,,
2/21/1917,,,,,,
2/22/1917,,,,,,
2/23/1917,,,,,,
2/24/1917,,,,,,
2/25/1917,,,,,,
2/26/1917,,,,,,
2/27/1917,,,,,,
2/28/1917,,,,,,
3/1/1917,,,,,,
3/2/1917,,,,,,
3/3/1917,,,,,,
3/4/1917,,,,,,
3/5/1917,,,,,,
3/6/1917,,,,,,
3/7/1917,,,,,,
3/8/1917,,,,,,
3/9/1917,,,,,,
3/10/1917,,,,,,
3/11/1917,,,,,,
3/12/1917,,,,,,
3/13/1917,,,,,,
3/14/1917,,,,,,
3/15/1917,,,,,,
3/16/1917,,,,,,
3/17/1917,,,,,,
3/18/1917,,,,,,
3/19/1917,,,,,,
3/20/1917,,,,,,
3/21/1917,,,,,,
3/22/1917,,,,,,
3/23/1917,,,,,,
3/24/1917,,,,,,
3/25/1917,,,,,,
3/26/1917,,,,,,
3/27/1917,,,,,,
3/28/1917,,,,,,
3/29/1917,,,,,,
3/30/1917,,,,,,
3/31/1917,,,,,,
4/1/1917,,,,,,
4/2/1917,,,,,,
4/3/1917,,,,,,
4/4/1917,,,,,,
4/5/1917,,,,,,
4/6/1917,,,,,,
4/7/1917,,,,,,
4/8/1917,,,,,,
4/9/1917,,,,,,
4/10/1917,,,,,,
4/11/1917,,,,,,
4/12/1917,,,,,,
4/13/1917,,,,,,
4/14/1917,,,,,,
4/15/1917,,,,,,
4/16/1917,,,,,,
4/17/1917,,,,,,
4/18/1917,,,,,,
4/19/1917,,,,,,
4/20/1917,,,,,,
4/21/1917,,,,,,
4/22/1917,,,,,,
4/23/1917,,,,,,
4/24/1917,,,,,,
4/25/1917,,,,,,
4/26/1917,,,,,,
4/27/1917,,,,,,
4/28/1917,,,,,,
4/29/1917,,,,,,
4/30/1917,,,,,,
5/1/1917,,,,,,
5/2/1917,,,,,,
5/3/1917,,,,,,
5/4/1917,,,,,,
5/5/1917,,,,,,
5/6/1917,,,,,,
5/7/1917,,,,,,
5/8/1917,,,,,,
5/9/1917,,,,,,
5/10/1917,,,,,,
5/11/1917,,,,,,
5/12/1917,,,,,,
5/13/1917,,,,,,
5/14/1917,,,,,,
5/15/1917,,,,,,
5/16/1917,,,,,,
5/17/1917,,,,,,
5/18/1917,,,,,,
5/19/1917,,,,,,
5/20/1917,,,,,,
5/21/1917,,,,,,
5/22/1917,,,,,,
5/23/1917,,,,,,
5/24/1917,,,,,,
5/25/1917,,,,,,
5/26/1917,,,,,,
5/27/1917,,,,,,
5/28/1917,,,,,,
5/29/1917,,,,,,
5/30/1917,,,,,,
5/31/1917,,,,,,
6/1/1917,,,,,,
6/2/1917,,,,,,
6/3/1917,,,,,,
6/4/1917,,,,,,
6/5/1917,,,,,,
6/6/1917,,,,,,
6/7/1917,,,,,,
6/8/1917,,,,,,
6/9/1917,,,,,,
6/10/1917,,,,,,
6/11/1917,,,,,,
6/12/1917,,,,,,
6/13/1917,,,,,,
6/14/1917,,,,,,
6/15/1917,,,,,,
6/16/1917,,,,,,
6/17/1917,,,,,,
6/18/1917,,,,,,
6/19/1917,,,,,,
6/20/1917,,,,,,
6/21/1917,,,,,,
6/22/1917,,,,,,
6/23/1917,,,,,,
6/24/1917,,,,,,
6/25/1917,,,,,,
6/26/1917,,,,,,
6/27/1917,,,,,,
6/28/1917,,,,,,
6/29/1917,,,,,,
6/30/1917,,,,,,
7/1/1917,,,,,,
7/2/1917,,,,,,
7/3/1917,,,,,,
7/4/1917,,,,,,
7/5/1917,,,,,,
7/6/1917,,,,,,
7/7/1917,,,,,,
7/8/1917,,,,,,
7/9/1917,,,,,,
7/10/1917,,,,,,
7/11/1917,,,,,,
7/12/1917,,,,,,
7/13/1917,,,,,,
7/14/1917,,,,,,
7/15/1917,,,,,,
7/16/1917,,,,,,
7/17/1917,,,,,,
7/18/1917,,,,,,
7/19/1917,,,,,,
7/20/1917,,,,,,
7/21/1917,,,,,,
7/22/1917,,,,,,
7/23/1917,,,,,,
7/24/1917,,,,,,
7/25/1917,,,,,,
7/26/1917,,,,,,
7/27/1917,,,,,,
7/28/1917,,,,,,
7/29/1917,,,,,,
7/30/1917,,,,,,
7/31/1917,,,,,,
8/1/1917,,,,,,
8/2/1917,,,,,,
8/3/1917,,,,,,
8/4/1917,,,,,,
8/5/1917,,,,,,
8/6/1917,,,,,,
8/7/1917,,,,,,
8/8/1917,,,,,,
8/9/1917,,,,,,
8/10/1917,,,,,,
8/11/1917,,,,,,
8/12/1917,,,,,,
8/13/1917,,,,,,
8/14/1917,,,,,,
8/15/1917,,,,,,
8/16/1917,,,,,,
8/17/1917,,,,,,
8/18/1917,,,,,,
8/19/1917,,,,,,
8/20/1917,,,,,,
8/21/1917,,,,,,
8/22/1917,,,,,,
8/23/1917,,,,,,
8/24/1917,,,,,,
8/25/1917,,,,,,
8/26/1917,,,,,,
8/27/1917,,,,,,
8/28/1917,,,,,,
8/29/1917,,,,,,
8/30/1917,,,,,,
8/31/1917,,,,,,
9/1/1917,,,,,,
9/2/1917,,,,,,
9/3/1917,,,,,,
9/4/1917,,,,,,
9/5/1917,,,,,,
9/6/1917,,,,,,
9/7/1917,,,,,,
9/8/1917,,,,,,
9/9/1917,,,,,,
9/10/1917,,,,,,
9/11/1917,,,,,,
9/12/1917,,,,,,
9/13/1917,,,,,,
9/14/1917,,,,,,
9/15/1917,,,,,,
9/16/1917,,,,,,
9/17/1917,,,,,,
9/18/1917,,,,,,
9/19/1917,,,,,,
9/20/1917,,,,,,
9/21/1917,,,,,,
9/22/1917,,,,,,
9/23/1917,,,,,,
9/24/1917,,,,,,
9/25/1917,,,,,,
9/26/1917,,,,,,
9/27/1917,,,,,,
9/28/1917,,,,,,
9/29/1917,,,,,,
9/30/1917,,,,,,
10/1/1917,,,,,,
10/2/1917,,,,,,
10/3/1917,,,,,,
10/4/1917,,,,,,
10/5/1917,,,,,,
10/6/1917,,,,,,
10/7/1917,,,,,,
10/8/1917,,,,,,
10/9/1917,,,,,,
10/10/1917,,,,,,
10/11/1917,,,,,,
10/12/1917,,,,,,
10/13/1917,,,,,,
10/14/1917,,,,,,
10/15/1917,,,,,,
10/16/1917,,,,,,
10/17/1917,,,,,,
10/18/1917,,,,,,
10/19/1917,,,,,,
10/20/1917,,,,,,
10/21/1917,,,,,,
10/22/1917,,,,,,
10/23/1917,,,,,,
10/24/1917,,,,,,
10/25/1917,,,,,,
10/26/1917,,,,,,
10/27/1917,,,,,,
10/28/1917,,,,,,
10/29/1917,,,,,,
10/30/1917,,,,,,
10/31/1917,,,,,,
11/1/1917,,,,,,
11/2/1917,,,,,,
11/3/1917,,,,,,
11/4/1917,,,,,,
11/5/1917,,,,,,
11/6/1917,,,,,,
11/7/1917,,,,,,
11/8/1917,,,,,,
11/9/1917,,,,,,
11/10/1917,,,,,,
11/11/1917,,,,,,
11/12/1917,,,,,,
11/13/1917,,,,,,
11/14/1917,,,,,,
11/15/1917,,,,,,
11/16/1917,,,,,,
11/17/1917,,,,,,
11/18/1917,,,,,,
11/19/1917,,,,,,
11/20/1917,,,,,,
11/21/1917,,,,,,
11/22/1917,,,,,,
11/23/1917,,,,,,
11/24/1917,,,,,,
11/25/1917,,,,,,
11/26/1917,,,,,,
11/27/1917,,,,,,
11/28/1917,,,,,,
11/29/1917,,,,,,
11/30/1917,,,,,,
12/1/1917,,,,,,
12/2/1917,,,,,,
12/3/1917,,,,,,
12/4/1917,,,,,,
12/5/1917,,,,,,
12/6/1917,,,,,,
12/7/1917,,,,,,
12/8/1917,,,,,,
12/9/1917,,,,,,
12/10/1917,,,,,,
12/11/1917,,,,,,
12/12/1917,,,,,,
12/13/1917,,,,,,
12/14/1917,,,,,,
12/15/1917,,,,,,
12/16/1917,,,,,,
12/17/1917,,,,,,
12/18/1917,,,,,,
12/19/1917,,,,,,
12/20/1917,,,,,,
12/21/1917,,,,,,
12/22/1917,,,,,,
12/23/1917,,,,,,
12/24/1917,,,,,,
12/25/1917,,,,,,
12/26/1917,,,,,,
12/27/1917,,,,,,
12/28/1917,,,,,,
12/29/1917,,,,,,
12/30/1917,,,,,,
12/31/1917,,,,,,
1/1/1918,,,,,,
1/2/1918,,,,,,
1/3/1918,,,,,,
1/4/1918,,,,,,
1/5/1918,,,,,,
1/6/1918,,,,,,
1/7/1918,,,,,,
1/8/1918,,,,,,
1/9/1918,,,,,,
1/10/1918,,,,,,
1/11/1918,,,,,,
1/12/1918,,,,,,
1/13/1918,,,,,,
1/14/1918,,,,,,
1/15/1918,,,,,,
1/16/1918,,,,,,
1/17/1918,,,,,,
1/18/1918,,,,,,
1/19/1918,,,,,,
1/20/1918,,,,,,
1/21/1918,,,,,,
1/22/1918,,,,,,
1/23/1918,,,,,,
1/24/1918,,,,,,
1/25/1918,,,,,,
1/26/1918,,,,,,
1/27/1918,,,,,,
1/28/1918,,,,,,
1/29/1918,,,,,,
1/30/1918,,,,,,
1/31/1918,,,,,,
2/1/1918,,,,,,
2/2/1918,,,,,,
2/3/1918,,,,,,
2/4/1918,,,,,,
2/5/1918,,,,,,
2/6/1918,,,,,,
2/7/1918,,,,,,
2/8/1918,,,,,,
2/9/1918,,,,,,
2/10/1918,,,,,,
2/11/1918,,,,,,
2/12/1918,,,,,,
2/13/1918,,,,,,
2/14/1918,,,,,,
2/15/1918,,,,,,
2/16/1918,,,,,,
2/17/1918,,,,,,
2/18/1918,,,,,,
2/19/1918,,,,,,
2/20/1918,,,,,,
2/21/1918,,,,,,
2/22/1918,,,,,,
2/23/1918,,,,,,
2/24/1918,,,,,,
2/25/1918,,,,,,
2/26/1918,,,,,,
2/27/1918,,,,,,
2/28/1918,,,,,,
3/1/1918,,,,,,
3/2/1918,,,,,,
3/3/1918,,,,,,
3/4/1918,,,,,,
3/5/1918,,,,,,
3/6/1918,,,,,,
3/7/1918,,,,,,
3/8/1918,,,,,,
3/9/1918,,,,,,
3/10/1918,,,,,,
3/11/1918,,,,,,
3/12/1918,,,,,,
3/13/1918,,,,,,
3/14/1918,,,,,,
3/15/1918,,,,,,
3/16/1918,,,,,,
3/17/1918,,,,,,
3/18/1918,,,,,,
3/19/1918,,,,,,
3/20/1918,,,,,,
3/21/1918,,,,,,
3/22/1918,,,,,,
3/23/1918,,,,,,
3/24/1918,,,,,,
3/25/1918,,,,,,
3/26/1918,,,,,,
3/27/1918,,,,,,
3/28/1918,,,,,,
3/29/1918,,,,,,
3/30/1918,,,,,,
3/31/1918,,,,,,
4/1/1918,,,,,,
4/2/1918,,,,,,
4/3/1918,,,,,,
4/4/1918,,,,,,
4/5/1918,,,,,,
4/6/1918,,,,,,
4/7/1918,,,,,,
4/8/1918,,,,,,
4/9/1918,,,,,,
4/10/1918,,,,,,
4/11/1918,,,,,,
4/12/1918,,,,,,
4/13/1918,,,,,,
4/14/1918,,,,,,
4/15/1918,,,,,,
4/16/1918,,,,,,
4/17/1918,,,,,,
4/18/1918,,,,,,
4/19/1918,,,,,,
4/20/1918,,,,,,
4/21/1918,,,,,,
4/22/1918,,,,,,
4/23/1918,,,,,,
4/24/1918,,,,,,
4/25/1918,,,,,,
4/26/1918,,,,,,
4/27/1918,,,,,,
4/28/1918,,,,,,
4/29/1918,,,,,,
4/30/1918,,,,,,
5/1/1918,,,,,,
5/2/1918,,,,,,
5/3/1918,,,,,,
5/4/1918,,,,,,
5/5/1918,,,,,,
5/6/1918,,,,,,
5/7/1918,,,,,,
5/8/1918,,,,,,
5/9/1918,,,,,,
5/10/1918,,,,,,
5/11/1918,,,,,,
5/12/1918,,,,,,
5/13/1918,,,,,,
5/14/1918,,,,,,
5/15/1918,,,,,,
5/16/1918,,,,,,
5/17/1918,,,,,,
5/18/1918,,,,,,
5/19/1918,,,,,,
5/20/1918,,,,,,
5/21/1918,,,,,,
5/22/1918,,,,,,
5/23/1918,,,,,,
5/24/1918,,,,,,
5/25/1918,,,,,,
5/26/1918,,,,,,
5/27/1918,,,,,,
5/28/1918,,,,,,
5/29/1918,,,,,,
5/30/1918,,,,,,
5/31/1918,,,,,,
6/1/1918,,,,,,
6/2/1918,,,,,,
6/3/1918,,,,,,
6/4/1918,,,,,,
6/5/1918,,,,,,
6/6/1918,,,,,,
6/7/1918,,,,,,
6/8/1918,,,,,,
6/9/1918,,,,,,
6/10/1918,,,,,,
6/11/1918,,,,,,
6/12/1918,,,,,,
6/13/1918,,,,,,
6/14/1918,,,,,,
6/15/1918,,,,,,
6/16/1918,,,,,,
6/17/1918,,,,,,
6/18/1918,,,,,,
6/19/1918,,,,,,
6/20/1918,,,,,,
6/21/1918,,,,,,
6/22/1918,,,,,,
6/23/1918,,,,,,
6/24/1918,,,,,,
6/25/1918,,,,,,
6/26/1918,,,,,,
6/27/1918,,,,,,
6/28/1918,,,,,,
6/29/1918,,,,,,
6/30/1918,,,,,,
7/1/1918,,,,,,
7/2/1918,,,,,,
7/3/1918,,,,,,
7/4/1918,,,,,,
7/5/1918,,,,,,
7/6/1918,,,,,,
7/7/1918,,,,,,
7/8/1918,,,,,,
7/9/1918,,,,,,
7/10/1918,,,,,,
7/11/1918,,,,,,
7/12/1918,,,,,,
7/13/1918,,,,,,
7/14/1918,,,,,,
7/15/1918,,,,,,
7/16/1918,,,,,,
7/17/1918,,,,,,
7/18/1918,,,,,,
7/19/1918,,,,,,
7/20/1918,,,,,,
7/21/1918,,,,,,
7/22/1918,,,,,,
7/23/1918,,,,,,
7/24/1918,,,,,,
7/25/1918,,,,,,
7/26/1918,,,,,,
7/27/1918,,,,,,
7/28/1918,,,,,,
7/29/1918,,,,,,
7/30/1918,,,,,,
7/31/1918,,,,,,
8/1/1918,,,,,,
8/2/1918,,,,,,
8/3/1918,,,,,,
8/4/1918,,,,,,
8/5/1918,,,,,,
8/6/1918,,,,,,
8/7/1918,,,,,,
8/8/1918,,,,,,
8/9/1918,,,,,,
8/10/1918,,,,,,
8/11/1918,,,,,,
8/12/1918,,,,,,
8/13/1918,,,,,,
8/14/1918,,,,,,
8/15/1918,,,,,,
8/16/1918,,,,,,
8/17/1918,,,,,,
8/18/1918,,,,,,
8/19/1918,,,,,,
8/20/1918,,,,,,
8/21/1918,,,,,,
8/22/1918,,,,,,
8/23/1918,,,,,,
8/24/1918,,,,,,
8/25/1918,,,,,,
8/26/1918,,,,,,
8/27/1918,,,,,,
8/28/1918,,,,,,
8/29/1918,,,,,,
8/30/1918,,,,,,
8/31/1918,,,,,,
9/1/1918,,,,,,
9/2/1918,,,,,,
9/3/1918,,,,,,
9/4/1918,,,,,,
9/5/1918,,,,,,
9/6/1918,,,,,,
9/7/1918,,,,,,
9/8/1918,,,,,,
9/9/1918,,,,,,
9/10/1918,,,,,,
9/11/1918,,,,,,
9/12/1918,,,,,,
9/13/1918,,,,,,
9/14/1918,,,,,,
9/15/1918,,,,,,
9/16/1918,,,,,,
9/17/1918,,,,,,
9/18/1918,,,,,,
9/19/1918,,,,,,
9/20/1918,,,,,,
9/21/1918,,,,,,
9/22/1918,,,,,,
9/23/1918,,,,,,
9/24/1918,,,,,,
9/25/1918,,,,,,
9/26/1918,,,,,,
9/27/1918,,,,,,
9/28/1918,,,,,,
9/29/1918,,,,,,
9/30/1918,,,,,,
10/1/1918,,,,,,
10/2/1918,,,,,,
10/3/1918,,,,,,
10/4/1918,,,,,,
10/5/1918,,,,,,
10/6/1918,,,,,,
10/7/1918,,,,,,
10/8/1918,,,,,,
10/9/1918,,,,,,
10/10/1918,,,,,,
10/11/1918,,,,,,
10/12/1918,,,,,,
10/13/1918,,,,,,
10/14/1918,,,,,,
10/15/1918,,,,,,
10/16/1918,,,,,,
10/17/1918,,,,,,
10/18/1918,,,,,,
10/19/1918,,,,,,
10/20/1918,,,,,,
10/21/1918,,,,,,
10/22/1918,,,,,,
10/23/1918,,,,,,
10/24/1918,,,,,,
10/25/1918,,,,,,
10/26/1918,,,,,,
10/27/1918,,,,,,
10/28/1918,,,,,,
10/29/1918,,,,,,
10/30/1918,,,,,,
10/31/1918,,,,,,
11/1/1918,,,,,,
11/2/1918,,,,,,
11/3/1918,,,,,,
11/4/1918,,,,,,
11/5/1918,,,,,,
11/6/1918,,,,,,
11/7/1918,,,,,,
11/8/1918,,,,,,
11/9/1918,,,,,,
11/10/1918,,,,,,
11/11/1918,,,,,,
11/12/1918,,,,,,
11/13/1918,,,,,,
11/14/1918,,,,,,
11/15/1918,,,,,,
11/16/1918,,,,,,
11/17/1918,,,,,,
11/18/1918,,,,,,
11/19/1918,,,,,,
11/20/1918,,,,,,
11/21/1918,,,,,,
11/22/1918,,,,,,
11/23/1918,,,,,,
11/24/1918,,,,,,
11/25/1918,,,,,,
11/26/1918,,,,,,
11/27/1918,,,,,,
11/28/1918,,,,,,
11/29/1918,,,,,,
11/30/1918,,,,,,
12/1/1918,,,,,,
12/2/1918,,,,,,
12/3/1918,,,,,,
12/4/1918,,,,,,
12/5/1918,,,,,,
12/6/1918,,,,,,
12/7/1918,,,,,,
12/8/1918,,,,,,
12/9/1918,,,,,,
12/10/1918,,,,,,
12/11/1918,,,,,,
12/12/1918,,,,,,
12/13/1918,,,,,,
12/14/1918,,,,,,
12/15/1918,,,,,,
12/16/1918,,,,,,
12/17/1918,,,,,,
12/18/1918,,,,,,
12/19/1918,,,,,,
12/20/1918,,,,,,
12/21/1918,,,,,,
12/22/1918,,,,,,
12/23/1918,,,,,,
12/24/1918,,,,,,
12/25/1918,,,,,,
12/26/1918,,,,,,
12/27/1918,,,,,,
12/28/1918,,,,,,
12/29/1918,,,,,,
12/30/1918,,,,,,
12/31/1918,,,,,,
1/1/1919,,,,,,
1/2/1919,,,,,,
1/3/1919,,,,,,
1/4/1919,,,,,,
1/5/1919,,,,,,
1/6/1919,,,,,,
1/7/1919,,,,,,
1/8/1919,,,,,,
1/9/1919,,,,,,
1/10/1919,,,,,,
1/11/1919,,,,,,
1/12/1919,,,,,,
1/13/1919,,,,,,
1/14/1919,,,,,,
1/15/1919,,,,,,
1/16/1919,,,,,,
1/17/1919,,,,,,
1/18/1919,,,,,,
1/19/1919,,,,,,
1/20/1919,,,,,,
1/21/1919,,,,,,
1/22/1919,,,,,,
1/23/1919,,,,,,
1/24/1919,,,,,,
1/25/1919,,,,,,
1/26/1919,,,,,,
1/27/1919,,,,,,
1/28/1919,,,,,,
1/29/1919,,,,,,
1/30/1919,,,,,,
1/31/1919,,,,,,
2/1/1919,,,,,,
2/2/1919,,,,,,
2/3/1919,,,,,,
2/4/1919,,,,,,
2/5/1919,,,,,,
2/6/1919,,,,,,
2/7/1919,,,,,,
2/8/1919,,,,,,
2/9/1919,,,,,,
2/10/1919,,,,,,
2/11/1919,,,,,,
2/12/1919,,,,,,
2/13/1919,,,,,,
2/14/1919,,,,,,
2/15/1919,,,,,,
2/16/1919,,,,,,
2/17/1919,,,,,,
2/18/1919,,,,,,
2/19/1919,,,,,,
2/20/1919,,,,,,
2/21/1919,,,,,,
2/22/1919,,,,,,
2/23/1919,,,,,,
2/24/1919,,,,,,
2/25/1919,,,,,,
2/26/1919,,,,,,
2/27/1919,,,,,,
2/28/1919,,,,,,
3/1/1919,,,,,,
3/2/1919,,,,,,
3/3/1919,,,,,,
3/4/1919,,,,,,
3/5/1919,,,,,,
3/6/1919,,,,,,
3/7/1919,,,,,,
3/8/1919,,,,,,
3/9/1919,,,,,,
3/10/1919,,,,,,
3/11/1919,,,,,,
3/12/1919,,,,,,
3/13/1919,,,,,,
3/14/1919,,,,,,
3/15/1919,,,,,,
3/16/1919,,,,,,
3/17/1919,,,,,,
3/18/1919,,,,,,
3/19/1919,,,,,,
3/20/1919,,,,,,
3/21/1919,,,,,,
3/22/1919,,,,,,
3/23/1919,,,,,,
3/24/1919,,,,,,
3/25/1919,,,,,,
3/26/1919,,,,,,
3/27/1919,,,,,,
3/28/1919,,,,,,
3/29/1919,,,,,,
3/30/1919,,,,,,
3/31/1919,,,,,,
4/1/1919,,,,,,
4/2/1919,,,,,,
4/3/1919,,,,,,
4/4/1919,,,,,,
4/5/1919,,,,,,
4/6/1919,,,,,,
4/7/1919,,,,,,
4/8/1919,,,,,,
4/9/1919,,,,,,
4/10/1919,,,,,,
4/11/1919,,,,,,
4/12/1919,,,,,,
4/13/1919,,,,,,
4/14/1919,,,,,,
4/15/1919,,,,,,
4/16/1919,,,,,,
4/17/1919,,,,,,
4/18/1919,,,,,,
4/19/1919,,,,,,
4/20/1919,,,,,,
4/21/1919,,,,,,
4/22/1919,,,,,,
4/23/1919,,,,,,
4/24/1919,,,,,,
4/25/1919,,,,,,
4/26/1919,,,,,,
4/27/1919,,,,,,
4/28/1919,,,,,,
4/29/1919,,,,,,
4/30/1919,,,,,,
5/1/1919,,,,,,
5/2/1919,,,,,,
5/3/1919,,,,,,
5/4/1919,,,,,,
5/5/1919,,,,,,
5/6/1919,,,,,,
5/7/1919,,,,,,
5/8/1919,,,,,,
5/9/1919,,,,,,
5/10/1919,,,,,,
5/11/1919,,,,,,
5/12/1919,,,,,,
5/13/1919,,,,,,
5/14/1919,,,,,,
5/15/1919,,,,,,
5/16/1919,,,,,,
5/17/1919,,,,,,
5/18/1919,,,,,,
5/19/1919,,,,,,
5/20/1919,,,,,,
5/21/1919,,,,,,
5/22/1919,,,,,,
5/23/1919,,,,,,
5/24/1919,,,,,,
5/25/1919,,,,,,
5/26/1919,,,,,,
5/27/1919,,,,,,
5/28/1919,,,,,,
5/29/1919,,,,,,
5/30/1919,,,,,,
5/31/1919,,,,,,
6/1/1919,,,,,,
6/2/1919,,,,,,
6/3/1919,,,,,,
6/4/1919,,,,,,
6/5/1919,,,,,,
6/6/1919,,,,,,
6/7/1919,,,,,,
6/8/1919,,,,,,
6/9/1919,,,,,,
6/10/1919,,,,,,
6/11/1919,,,,,,
6/12/1919,,,,,,
6/13/1919,,,,,,
6/14/1919,,,,,,
6/15/1919,,,,,,
6/16/1919,,,,,,
6/17/1919,,,,,,
6/18/1919,,,,,,
6/19/1919,,,,,,
6/20/1919,,,,,,
6/21/1919,,,,,,
6/22/1919,,,,,,
6/23/1919,,,,,,
6/24/1919,,,,,,
6/25/1919,,,,,,
6/26/1919,,,,,,
6/27/1919,,,,,,
6/28/1919,,,,,,
6/29/1919,,,,,,
6/30/1919,,,,,,
7/1/1919,,,,,,
7/2/1919,,,,,,
7/3/1919,,,,,,
7/4/1919,,,,,,
7/5/1919,,,,,,
7/6/1919,,,,,,
7/7/1919,,,,,,
7/8/1919,,,,,,
7/9/1919,,,,,,
7/10/1919,,,,,,
7/11/1919,,,,,,
7/12/1919,,,,,,
7/13/1919,,,,,,
7/14/1919,,,,,,
7/15/1919,,,,,,
7/16/1919,,,,,,
7/17/1919,,,,,,
7/18/1919,,,,,,
7/19/1919,,,,,,
7/20/1919,,,,,,
7/21/1919,,,,,,
7/22/1919,,,,,,
7/23/1919,,,,,,
7/24/1919,,,,,,
7/25/1919,,,,,,
7/26/1919,,,,,,
7/27/1919,,,,,,
7/28/1919,,,,,,
7/29/1919,,,,,,
7/30/1919,,,,,,
7/31/1919,,,,,,
8/1/1919,,,,,,
8/2/1919,,,,,,
8/3/1919,,,,,,
8/4/1919,,,,,,
8/5/1919,,,,,,
8/6/1919,,,,,,
8/7/1919,,,,,,
8/8/1919,,,,,,
8/9/1919,,,,,,
8/10/1919,,,,,,
8/11/1919,,,,,,
8/12/1919,,,,,,
8/13/1919,,,,,,
8/14/1919,,,,,,
8/15/1919,,,,,,
8/16/1919,,,,,,
8/17/1919,,,,,,
8/18/1919,,,,,,
8/19/1919,,,,,,
8/20/1919,,,,,,
8/21/1919,,,,,,
8/22/1919,,,,,,
8/23/1919,,,,,,
8/24/1919,,,,,,
8/25/1919,,,,,,
8/26/1919,,,,,,
8/27/1919,,,,,,
8/28/1919,,,,,,
8/29/1919,,,,,,
8/30/1919,,,,,,
8/31/1919,,,,,,
9/1/1919,,,,,,
9/2/1919,,,,,,
9/3/1919,,,,,,
9/4/1919,,,,,,
9/5/1919,,,,,,
9/6/1919,,,,,,
9/7/1919,,,,,,
9/8/1919,,,,,,
9/9/1919,,,,,,
9/10/1919,,,,,,
9/11/1919,,,,,,
9/12/1919,,,,,,
9/13/1919,,,,,,
9/14/1919,,,,,,
9/15/1919,,,,,,
9/16/1919,,,,,,
9/17/1919,,,,,,
9/18/1919,,,,,,
9/19/1919,,,,,,
9/20/1919,,,,,,
9/21/1919,,,,,,
9/22/1919,,,,,,
9/23/1919,,,,,,
9/24/1919,,,,,,
9/25/1919,,,,,,
9/26/1919,,,,,,
9/27/1919,,,,,,
9/28/1919,,,,,,
9/29/1919,,,,,,
9/30/1919,,,,,,
10/1/1919,,,,,,
10/2/1919,,,,,,
10/3/1919,,,,,,
10/4/1919,,,,,,
10/5/1919,,,,,,
10/6/1919,,,,,,
10/7/1919,,,,,,
10/8/1919,,,,,,
10/9/1919,,,,,,
10/10/1919,,,,,,
10/11/1919,,,,,,
10/12/1919,,,,,,
10/13/1919,,,,,,
10/14/1919,,,,,,
10/15/1919,,,,,,
10/16/1919,,,,,,
10/17/1919,,,,,,
10/18/1919,,,,,,
10/19/1919,,,,,,
10/20/1919,,,,,,
10/21/1919,,,,,,
10/22/1919,,,,,,
10/23/1919,,,,,,
10/24/1919,,,,,,
10/25/1919,,,,,,
10/26/1919,,,,,,
10/27/1919,,,,,,
10/28/1919,,,,,,
10/29/1919,,,,,,
10/30/1919,,,,,,
10/31/1919,,,,,,
11/1/1919,,,,,,
11/2/1919,,,,,,
11/3/1919,,,,,,
11/4/1919,,,,,,
11/5/1919,,,,,,
11/6/1919,,,,,,
11/7/1919,,,,,,
11/8/1919,,,,,,
11/9/1919,,,,,,
11/10/1919,,,,,,
11/11/1919,,,,,,
11/12/1919,,,,,,
11/13/1919,,,,,,
11/14/1919,,,,,,
11/15/1919,,,,,,
11/16/1919,,,,,,
11/17/1919,,,,,,
11/18/1919,,,,,,
11/19/1919,,,,,,
11/20/1919,,,,,,
11/21/1919,,,,,,
11/22/1919,,,,,,
11/23/1919,,,,,,
11/24/1919,,,,,,
11/25/1919,,,,,,
11/26/1919,,,,,,
11/27/1919,,,,,,
11/28/1919,,,,,,
11/29/1919,,,,,,
11/30/1919,,,,,,
12/1/1919,,,,,,
12/2/1919,,,,,,
12/3/1919,,,,,,
12/4/1919,,,,,,
12/5/1919,,,,,,
12/6/1919,,,,,,
12/7/1919,,,,,,
12/8/1919,,,,,,
12/9/1919,,,,,,
12/10/1919,,,,,,
12/11/1919,,,,,,
12/12/1919,,,,,,
12/13/1919,,,,,,
12/14/1919,,,,,,
12/15/1919,,,,,,
12/16/1919,,,,,,
12/17/1919,,,,,,
12/18/1919,,,,,,
12/19/1919,,,,,,
12/20/1919,,,,,,
12/21/1919,,,,,,
12/22/1919,,,,,,
12/23/1919,,,,,,
12/24/1919,,,,,,
12/25/1919,,,,,,
12/26/1919,,,,,,
12/27/1919,,,,,,
12/28/1919,,,,,,
12/29/1919,,,,,,
12/30/1919,,,,,,
12/31/1919,,,,,,
1/1/1920,,,,,,
1/2/1920,,,,,,
1/3/1920,,,,,,
1/4/1920,,,,,,
1/5/1920,,,,,,
1/6/1920,,,,,,
1/7/1920,,,,,,
1/8/1920,,,,,,
1/9/1920,,,,,,
1/10/1920,,,,,,
1/11/1920,,,,,,
1/12/1920,,,,,,
1/13/1920,,,,,,
1/14/1920,,,,,,
1/15/1920,,,,,,
1/16/1920,,,,,,
1/17/1920,,,,,,
1/18/1920,,,,,,
1/19/1920,,,,,,
1/20/1920,,,,,,
1/21/1920,,,,,,
1/22/1920,,,,,,
1/23/1920,,,,,,
1/24/1920,,,,,,
1/25/1920,,,,,,
1/26/1920,,,,,,
1/27/1920,,,,,,
1/28/1920,,,,,,
1/29/1920,,,,,,
1/30/1920,,,,,,
1/31/1920,,,,,,
2/1/1920,,,,,,
2/2/1920,,,,,,
2/3/1920,,,,,,
2/4/1920,,,,,,
2/5/1920,,,,,,
2/6/1920,,,,,,
2/7/1920,,,,,,
2/8/1920,,,,,,
2/9/1920,,,,,,
2/10/1920,,,,,,
2/11/1920,,,,,,
2/12/1920,,,,,,
2/13/1920,,,,,,
2/14/1920,,,,,,
2/15/1920,,,,,,
2/16/1920,,,,,,
2/17/1920,,,,,,
2/18/1920,,,,,,
2/19/1920,,,,,,
2/20/1920,,,,,,
2/21/1920,,,,,,
2/22/1920,,,,,,
2/23/1920,,,,,,
2/24/1920,,,,,,
2/25/1920,,,,,,
2/26/1920,,,,,,
2/27/1920,,,,,,
2/28/1920,,,,,,
2/29/1920,,,,,,
3/1/1920,,,,,,
3/2/1920,,,,,,
3/3/1920,,,,,,
3/4/1920,,,,,,
3/5/1920,,,,,,
3/6/1920,,,,,,
3/7/1920,,,,,,
3/8/1920,,,,,,
3/9/1920,,,,,,
3/10/1920,,,,,,
3/11/1920,,,,,,
3/12/1920,,,,,,
3/13/1920,,,,,,
3/14/1920,,,,,,
3/15/1920,,,,,,
3/16/1920,,,,,,
3/17/1920,,,,,,
3/18/1920,,,,,,
3/19/1920,,,,,,
3/20/1920,,,,,,
3/21/1920,,,,,,
3/22/1920,,,,,,
3/23/1920,,,,,,
3/24/1920,,,,,,
3/25/1920,,,,,,
3/26/1920,,,,,,
3/27/1920,,,,,,
3/28/1920,,,,,,
3/29/1920,,,,,,
3/30/1920,,,,,,
3/31/1920,,,,,,
4/1/1920,,,,,,
4/2/1920,,,,,,
4/3/1920,,,,,,
4/4/1920,,,,,,
4/5/1920,,,,,,
4/6/1920,,,,,,
4/7/1920,,,,,,
4/8/1920,,,,,,
4/9/1920,,,,,,
4/10/1920,,,,,,
4/11/1920,,,,,,
4/12/1920,,,,,,
4/13/1920,,,,,,
4/14/1920,,,,,,
4/15/1920,,,,,,
4/16/1920,,,,,,
4/17/1920,,,,,,
4/18/1920,,,,,,
4/19/1920,,,,,,
4/20/1920,,,,,,
4/21/1920,,,,,,
4/22/1920,,,,,,
4/23/1920,,,,,,
4/24/1920,,,,,,
4/25/1920,,,,,,
4/26/1920,,,,,,
4/27/1920,,,,,,
4/28/1920,,,,,,
4/29/1920,,,,,,
4/30/1920,,,,,,
5/1/1920,,,,,,
5/2/1920,,,,,,
5/3/1920,,,,,,
5/4/1920,,,,,,
5/5/1920,,,,,,
5/6/1920,,,,,,
5/7/1920,,,,,,
5/8/1920,,,,,,
5/9/1920,,,,,,
5/10/1920,,,,,,
5/11/1920,,,,,,
5/12/1920,,,,,,
5/13/1920,,,,,,
5/14/1920,,,,,,
5/15/1920,,,,,,
5/16/1920,,,,,,
5/17/1920,,,,,,
5/18/1920,,,,,,
5/19/1920,,,,,,
5/20/1920,,,,,,
5/21/1920,,,,,,
5/22/1920,,,,,,
5/23/1920,,,,,,
5/24/1920,,,,,,
5/25/1920,,,,,,
5/26/1920,,,,,,
5/27/1920,,,,,,
5/28/1920,,,,,,
5/29/1920,,,,,,
5/30/1920,,,,,,
5/31/1920,,,,,,
6/1/1920,,,,,,
6/2/1920,,,,,,
6/3/1920,,,,,,
6/4/1920,,,,,,
6/5/1920,,,,,,
6/6/1920,,,,,,
6/7/1920,,,,,,
6/8/1920,,,,,,
6/9/1920,,,,,,
6/10/1920,,,,,,
6/11/1920,,,,,,
6/12/1920,,,,,,
6/13/1920,,,,,,
6/14/1920,,,,,,
6/15/1920,,,,,,
6/16/1920,,,,,,
6/17/1920,,,,,,
6/18/1920,,,,,,
6/19/1920,,,,,,
6/20/1920,,,,,,
6/21/1920,,,,,,
6/22/1920,,,,,,
6/23/1920,,,,,,
6/24/1920,,,,,,
6/25/1920,,,,,,
6/26/1920,,,,,,
6/27/1920,,,,,,
6/28/1920,,,,,,
6/29/1920,,,,,,
6/30/1920,,,,,,
7/1/1920,,,,,,
7/2/1920,,,,,,
7/3/1920,,,,,,
7/4/1920,,,,,,
7/5/1920,,,,,,
7/6/1920,,,,,,
7/7/1920,,,,,,
7/8/1920,,,,,,
7/9/1920,,,,,,
7/10/1920,,,,,,
7/11/1920,,,,,,
7/12/1920,,,,,,
7/13/1920,,,,,,
7/14/1920,,,,,,
7/15/1920,,,,,,
7/16/1920,,,,,,
7/17/1920,,,,,,
7/18/1920,,,,,,
7/19/1920,,,,,,
7/20/1920,,,,,,
7/21/1920,,,,,,
7/22/1920,,,,,,
7/23/1920,,,,,,
7/24/1920,,,,,,
7/25/1920,,,,,,
7/26/1920,,,,,,
7/27/1920,,,,,,
7/28/1920,,,,,,
7/29/1920,,,,,,
7/30/1920,,,,,,
7/31/1920,,,,,,
8/1/1920,,,,,,
8/2/1920,,,,,,
8/3/1920,,,,,,
8/4/1920,,,,,,
8/5/1920,,,,,,
8/6/1920,,,,,,
8/7/1920,,,,,,
8/8/1920,,,,,,
8/9/1920,,,,,,
8/10/1920,,,,,,
8/11/1920,,,,,,
8/12/1920,,,,,,
8/13/1920,,,,,,
8/14/1920,,,,,,
8/15/1920,,,,,,
8/16/1920,,,,,,
8/17/1920,,,,,,
8/18/1920,,,,,,
8/19/1920,,,,,,
8/20/1920,,,,,,
8/21/1920,,,,,,
8/22/1920,,,,,,
8/23/1920,,,,,,
8/24/1920,,,,,,
8/25/1920,,,,,,
8/26/1920,,,,,,
8/27/1920,,,,,,
8/28/1920,,,,,,
8/29/1920,,,,,,
8/30/1920,,,,,,
8/31/1920,,,,,,
9/1/1920,,,,,,
9/2/1920,,,,,,
9/3/1920,,,,,,
9/4/1920,,,,,,
9/5/1920,,,,,,
9/6/1920,,,,,,
9/7/1920,,,,,,
9/8/1920,,,,,,
9/9/1920,,,,,,
9/10/1920,,,,,,
9/11/1920,,,,,,
9/12/1920,,,,,,
9/13/1920,,,,,,
9/14/1920,,,,,,
9/15/1920,,,,,,
9/16/1920,,,,,,
9/17/1920,,,,,,
9/18/1920,,,,,,
9/19/1920,,,,,,
9/20/1920,,,,,,
9/21/1920,,,,,,
9/22/1920,,,,,,
9/23/1920,,,,,,
9/24/1920,,,,,,
9/25/1920,,,,,,
9/26/1920,,,,,,
9/27/1920,,,,,,
9/28/1920,,,,,,
9/29/1920,,,,,,
9/30/1920,,,,,,
10/1/1920,,,,,,
10/2/1920,,,,,,
10/3/1920,,,,,,
10/4/1920,,,,,,
10/5/1920,,,,,,
10/6/1920,,,,,,
10/7/1920,,,,,,
10/8/1920,,,,,,
10/9/1920,,,,,,
10/10/1920,,,,,,
10/11/1920,,,,,,
10/12/1920,,,,,,
10/13/1920,,,,,,
10/14/1920,,,,,,
10/15/1920,,,,,,
10/16/1920,,,,,,
10/17/1920,,,,,,
10/18/1920,,,,,,
10/19/1920,,,,,,
10/20/1920,,,,,,
10/21/1920,,,,,,
10/22/1920,,,,,,
10/23/1920,,,,,,
10/24/1920,,,,,,
10/25/1920,,,,,,
10/26/1920,,,,,,
10/27/1920,,,,,,
10/28/1920,,,,,,
10/29/1920,,,,,,
10/30/1920,,,,,,
10/31/1920,,,,,,
11/1/1920,,,,,,
11/2/1920,,,,,,
11/3/1920,,,,,,
11/4/1920,,,,,,
11/5/1920,,,,,,
11/6/1920,,,,,,
11/7/1920,,,,,,
11/8/1920,,,,,,
11/9/1920,,,,,,
11/10/1920,,,,,,
11/11/1920,,,,,,
11/12/1920,,,,,,
11/13/1920,,,,,,
11/14/1920,,,,,,
11/15/1920,,,,,,
11/16/1920,,,,,,
11/17/1920,,,,,,
11/18/1920,,,,,,
11/19/1920,,,,,,
11/20/1920,,,,,,
11/21/1920,,,,,,
11/22/1920,,,,,,
11/23/1920,,,,,,
11/24/1920,,,,,,
11/25/1920,,,,,,
11/26/1920,,,,,,
11/27/1920,,,,,,
11/28/1920,,,,,,
11/29/1920,,,,,,
11/30/1920,,,,,,
12/1/1920,,,,,,
12/2/1920,,,,,,
12/3/1920,,,,,,
12/4/1920,,,,,,
12/5/1920,,,,,,
12/6/1920,,,,,,
12/7/1920,,,,,,
12/8/1920,,,,,,
12/9/1920,,,,,,
12/10/1920,,,,,,
12/11/1920,,,,,,
12/12/1920,,,,,,
12/13/1920,,,,,,
12/14/1920,,,,,,
12/15/1920,,,,,,
12/16/1920,,,,,,
12/17/1920,,,,,,
12/18/1920,,,,,,
12/19/1920,,,,,,
12/20/1920,,,,,,
12/21/1920,,,,,,
12/22/1920,,,,,,
12/23/1920,,,,,,
12/24/1920,,,,,,
12/25/1920,,,,,,
12/26/1920,,,,,,
12/27/1920,,,,,,
12/28/1920,,,,,,
12/29/1920,,,,,,
12/30/1920,,,,,,
12/31/1920,,,,,,
1/1/1921,,,,,,
1/2/1921,,,,,,
1/3/1921,,,,,,
1/4/1921,,,,,,
1/5/1921,,,,,,
1/6/1921,,,,,,
1/7/1921,,,,,,
1/8/1921,,,,,,
1/9/1921,,,,,,
1/10/1921,,,,,,
1/11/1921,,,,,,
1/12/1921,,,,,,
1/13/1921,,,,,,
1/14/1921,,,,,,
1/15/1921,,,,,,
1/16/1921,,,,,,
1/17/1921,,,,,,
1/18/1921,,,,,,
1/19/1921,,,,,,
1/20/1921,,,,,,
1/21/1921,,,,,,
1/22/1921,,,,,,
1/23/1921,,,,,,
1/24/1921,,,,,,
1/25/1921,,,,,,
1/26/1921,,,,,,
1/27/1921,,,,,,
1/28/1921,,,,,,
1/29/1921,,,,,,
1/30/1921,,,,,,
1/31/1921,,,,,,
2/1/1921,,,,,,
2/2/1921,,,,,,
2/3/1921,,,,,,
2/4/1921,,,,,,
2/5/1921,,,,,,
2/6/1921,,,,,,
2/7/1921,,,,,,
2/8/1921,,,,,,
2/9/1921,,,,,,
2/10/1921,,,,,,
2/11/1921,,,,,,
2/12/1921,,,,,,
2/13/1921,,,,,,
2/14/1921,,,,,,
2/15/1921,,,,,,
2/16/1921,,,,,,
2/17/1921,,,,,,
2/18/1921,,,,,,
2/19/1921,,,,,,
2/20/1921,,,,,,
2/21/1921,,,,,,
2/22/1921,,,,,,
2/23/1921,,,,,,
2/24/1921,,,,,,
2/25/1921,,,,,,
2/26/1921,,,,,,
2/27/1921,,,,,,
2/28/1921,,,,,,
3/1/1921,,,,,,
3/2/1921,,,,,,
3/3/1921,,,,,,
3/4/1921,,,,,,
3/5/1921,,,,,,
3/6/1921,,,,,,
3/7/1921,,,,,,
3/8/1921,,,,,,
3/9/1921,,,,,,
3/10/1921,,,,,,
3/11/1921,,,,,,
3/12/1921,,,,,,
3/13/1921,,,,,,
3/14/1921,,,,,,
3/15/1921,,,,,,
3/16/1921,,,,,,
3/17/1921,,,,,,
3/18/1921,,,,,,
3/19/1921,,,,,,
3/20/1921,,,,,,
3/21/1921,,,,,,
3/22/1921,,,,,,
3/23/1921,,,,,,
3/24/1921,,,,,,
3/25/1921,,,,,,
3/26/1921,,,,,,
3/27/1921,,,,,,
3/28/1921,,,,,,
3/29/1921,,,,,,
3/30/1921,,,,,,
3/31/1921,,,,,,
4/1/1921,,,,,,
4/2/1921,,,,,,
4/3/1921,,,,,,
4/4/1921,,,,,,
4/5/1921,,,,,,
4/6/1921,,,,,,
4/7/1921,,,,,,
4/8/1921,,,,,,
4/9/1921,,,,,,
4/10/1921,,,,,,
4/11/1921,,,,,,
4/12/1921,,,,,,
4/13/1921,,,,,,
4/14/1921,,,,,,
4/15/1921,,,,,,
4/16/1921,,,,,,
4/17/1921,,,,,,
4/18/1921,,,,,,
4/19/1921,,,,,,
4/20/1921,,,,,,
4/21/1921,,,,,,
4/22/1921,,,,,,
4/23/1921,,,,,,
4/24/1921,,,,,,
4/25/1921,,,,,,
4/26/1921,,,,,,
4/27/1921,,,,,,
4/28/1921,,,,,,
4/29/1921,,,,,,
4/30/1921,,,,,,
5/1/1921,,,,,,
5/2/1921,,,,,,
5/3/1921,,,,,,
5/4/1921,,,,,,
5/5/1921,,,,,,
5/6/1921,,,,,,
5/7/1921,,,,,,
5/8/1921,,,,,,
5/9/1921,,,,,,
5/10/1921,,,,,,
5/11/1921,,,,,,
5/12/1921,,,,,,
5/13/1921,,,,,,
5/14/1921,,,,,,
5/15/1921,,,,,,
5/16/1921,,,,,,
5/17/1921,,,,,,
5/18/1921,,,,,,
5/19/1921,,,,,,
5/20/1921,,,,,,
5/21/1921,,,,,,
5/22/1921,,,,,,
5/23/1921,,,,,,
5/24/1921,,,,,,
5/25/1921,,,,,,
5/26/1921,,,,,,
5/27/1921,,,,,,
5/28/1921,,,,,,
5/29/1921,,,,,,
5/30/1921,,,,,,
5/31/1921,,,,,,
6/1/1921,,,,,,
6/2/1921,,,,,,
6/3/1921,,,,,,
6/4/1921,,,,,,
6/5/1921,,,,,,
6/6/1921,,,,,,
6/7/1921,,,,,,
6/8/1921,,,,,,
6/9/1921,,,,,,
6/10/1921,,,,,,
6/11/1921,,,,,,
6/12/1921,,,,,,
6/13/1921,,,,,,
6/14/1921,,,,,,
6/15/1921,,,,,,
6/16/1921,,,,,,
6/17/1921,,,,,,
6/18/1921,,,,,,
6/19/1921,,,,,,
6/20/1921,,,,,,
6/21/1921,,,,,,
6/22/1921,,,,,,
6/23/1921,,,,,,
6/24/1921,,,,,,
6/25/1921,,,,,,
6/26/1921,,,,,,
6/27/1921,,,,,,
6/28/1921,,,,,,
6/29/1921,,,,,,
6/30/1921,,,,,,
7/1/1921,,,,,,
7/2/1921,,,,,,
7/3/1921,,,,,,
7/4/1921,,,,,,
7/5/1921,,,,,,
7/6/1921,,,,,,
7/7/1921,,,,,,
7/8/1921,,,,,,
7/9/1921,,,,,,
7/10/1921,,,,,,
7/11/1921,,,,,,
7/12/1921,,,,,,
7/13/1921,,,,,,
7/14/1921,,,,,,
7/15/1921,,,,,,
7/16/1921,,,,,,
7/17/1921,,,,,,
7/18/1921,,,,,,
7/19/1921,,,,,,
7/20/1921,,,,,,
7/21/1921,,,,,,
7/22/1921,,,,,,
7/23/1921,,,,,,
7/24/1921,,,,,,
7/25/1921,,,,,,
7/26/1921,,,,,,
7/27/1921,,,,,,
7/28/1921,,,,,,
7/29/1921,,,,,,
7/30/1921,,,,,,
7/31/1921,,,,,,
8/1/1921,,,,,,
8/2/1921,,,,,,
8/3/1921,,,,,,
8/4/1921,,,,,,
8/5/1921,,,,,,
8/6/1921,,,,,,
8/7/1921,,,,,,
8/8/1921,,,,,,
8/9/1921,,,,,,
8/10/1921,,,,,,
8/11/1921,,,,,,
8/12/1921,,,,,,
8/13/1921,,,,,,
8/14/1921,,,,,,
8/15/1921,,,,,,
8/16/1921,,,,,,
8/17/1921,,,,,,
8/18/1921,,,,,,
8/19/1921,,,,,,
8/20/1921,,,,,,
8/21/1921,,,,,,
8/22/1921,,,,,,
8/23/1921,,,,,,
8/24/1921,,,,,,
8/25/1921,,,,,,
8/26/1921,,,,,,
8/27/1921,,,,,,
8/28/1921,,,,,,
8/29/1921,,,,,,
8/30/1921,,,,,,
8/31/1921,,,,,,
9/1/1921,,,,,,
9/2/1921,,,,,,
9/3/1921,,,,,,
9/4/1921,,,,,,
9/5/1921,,,,,,
9/6/1921,,,,,,
9/7/1921,,,,,,
9/8/1921,,,,,,
9/9/1921,,,,,,
9/10/1921,,,,,,
9/11/1921,,,,,,
9/12/1921,,,,,,
9/13/1921,,,,,,
9/14/1921,,,,,,
9/15/1921,,,,,,
9/16/1921,,,,,,
9/17/1921,,,,,,
9/18/1921,,,,,,
9/19/1921,,,,,,
9/20/1921,,,,,,
9/21/1921,,,,,,
9/22/1921,,,,,,
9/23/1921,,,,,,
9/24/1921,,,,,,
9/25/1921,,,,,,
9/26/1921,,,,,,
9/27/1921,,,,,,
9/28/1921,,,,,,
9/29/1921,,,,,,
9/30/1921,,,,,,
10/1/1921,,,,,,
10/2/1921,,,,,,
10/3/1921,,,,,,
10/4/1921,,,,,,
10/5/1921,,,,,,
10/6/1921,,,,,,
10/7/1921,,,,,,
10/8/1921,,,,,,
10/9/1921,,,,,,
10/10/1921,,,,,,
10/11/1921,,,,,,
10/12/1921,,,,,,
10/13/1921,,,,,,
10/14/1921,,,,,,
10/15/1921,,,,,,
10/16/1921,,,,,,
10/17/1921,,,,,,
10/18/1921,,,,,,
10/19/1921,,,,,,
10/20/1921,,,,,,
10/21/1921,,,,,,
10/22/1921,,,,,,
10/23/1921,,,,,,
10/24/1921,,,,,,
10/25/1921,,,,,,
10/26/1921,,,,,,
10/27/1921,,,,,,
10/28/1921,,,,,,
10/29/1921,,,,,,
10/30/1921,,,,,,
10/31/1921,,,,,,
11/1/1921,,,,,,
11/2/1921,,,,,,
11/3/1921,,,,,,
11/4/1921,,,,,,
11/5/1921,,,,,,
11/6/1921,,,,,,
11/7/1921,,,,,,
11/8/1921,,,,,,
11/9/1921,,,,,,
11/10/1921,,,,,,
11/11/1921,,,,,,
11/12/1921,,,,,,
11/13/1921,,,,,,
11/14/1921,,,,,,
11/15/1921,,,,,,
11/16/1921,,,,,,
11/17/1921,,,,,,
11/18/1921,,,,,,
11/19/1921,,,,,,
11/20/1921,,,,,,
11/21/1921,,,,,,
11/22/1921,,,,,,
11/23/1921,,,,,,
11/24/1921,,,,,,
11/25/1921,,,,,,
11/26/1921,,,,,,
11/27/1921,,,,,,
11/28/1921,,,,,,
11/29/1921,,,,,,
11/30/1921,,,,,,
12/1/1921,,,,,,
12/2/1921,,,,,,
12/3/1921,,,,,,
12/4/1921,,,,,,
12/5/1921,,,,,,
12/6/1921,,,,,,
12/7/1921,,,,,,
12/8/1921,,,,,,
12/9/1921,,,,,,
12/10/1921,,,,,,
12/11/1921,,,,,,
12/12/1921,,,,,,
12/13/1921,,,,,,
12/14/1921,,,,,,
12/15/1921,,,,,,
12/16/1921,,,,,,
12/17/1921,,,,,,
12/18/1921,,,,,,
12/19/1921,,,,,,
12/20/1921,,,,,,
12/21/1921,,,,,,
12/22/1921,,,,,,
12/23/1921,,,,,,
12/24/1921,,,,,,
12/25/1921,,,,,,
12/26/1921,,,,,,
12/27/1921,,,,,,
12/28/1921,,,,,,
12/29/1921,,,,,,
12/30/1921,,,,,,
12/31/1921,,,,,,
1/1/1922,,,,,,
1/2/1922,,,,,,
1/3/1922,,,,,,
1/4/1922,,,,,,
1/5/1922,,,,,,
1/6/1922,,,,,,
1/7/1922,,,,,,
1/8/1922,,,,,,
1/9/1922,,,,,,
1/10/1922,,,,,,
1/11/1922,,,,,,
1/12/1922,,,,,,
1/13/1922,,,,,,
1/14/1922,,,,,,
1/15/1922,,,,,,
1/16/1922,,,,,,
1/17/1922,,,,,,
1/18/1922,,,,,,
1/19/1922,,,,,,
1/20/1922,,,,,,
1/21/1922,,,,,,
1/22/1922,,,,,,
1/23/1922,,,,,,
1/24/1922,,,,,,
1/25/1922,,,,,,
1/26/1922,,,,,,
1/27/1922,,,,,,
1/28/1922,,,,,,
1/29/1922,,,,,,
1/30/1922,,,,,,
1/31/1922,,,,,,
2/1/1922,,,,,,
2/2/1922,,,,,,
2/3/1922,,,,,,
2/4/1922,,,,,,
2/5/1922,,,,,,
2/6/1922,,,,,,
2/7/1922,,,,,,
2/8/1922,,,,,,
2/9/1922,,,,,,
2/10/1922,,,,,,
2/11/1922,,,,,,
2/12/1922,,,,,,
2/13/1922,,,,,,
2/14/1922,,,,,,
2/15/1922,,,,,,
2/16/1922,,,,,,
2/17/1922,,,,,,
2/18/1922,,,,,,
2/19/1922,,,,,,
2/20/1922,,,,,,
2/21/1922,,,,,,
2/22/1922,,,,,,
2/23/1922,,,,,,
2/24/1922,,,,,,
2/25/1922,,,,,,
2/26/1922,,,,,,
2/27/1922,,,,,,
2/28/1922,,,,,,
3/1/1922,,,,,,
3/2/1922,,,,,,
3/3/1922,,,,,,
3/4/1922,,,,,,
3/5/1922,,,,,,
3/6/1922,,,,,,
3/7/1922,,,,,,
3/8/1922,,,,,,
3/9/1922,,,,,,
3/10/1922,,,,,,
3/11/1922,,,,,,
3/12/1922,,,,,,
3/13/1922,,,,,,
3/14/1922,,,,,,
3/15/1922,,,,,,
3/16/1922,,,,,,
3/17/1922,,,,,,
3/18/1922,,,,,,
3/19/1922,,,,,,
3/20/1922,,,,,,
3/21/1922,,,,,,
3/22/1922,,,,,,
3/23/1922,,,,,,
3/24/1922,,,,,,
3/25/1922,,,,,,
3/26/1922,,,,,,
3/27/1922,,,,,,
3/28/1922,,,,,,
3/29/1922,,,,,,
3/30/1922,,,,,,
3/31/1922,,,,,,
4/1/1922,,,,,,
4/2/1922,,,,,,
4/3/1922,,,,,,
4/4/1922,,,,,,
4/5/1922,,,,,,
4/6/1922,,,,,,
4/7/1922,,,,,,
4/8/1922,,,,,,
4/9/1922,,,,,,
4/10/1922,,,,,,
4/11/1922,,,,,,
4/12/1922,,,,,,
4/13/1922,,,,,,
4/14/1922,,,,,,
4/15/1922,,,,,,
4/16/1922,,,,,,
4/17/1922,,,,,,
4/18/1922,,,,,,
4/19/1922,,,,,,
4/20/1922,,,,,,
4/21/1922,,,,,,
4/22/1922,,,,,,
4/23/1922,,,,,,
4/24/1922,,,,,,
4/25/1922,,,,,,
4/26/1922,,,,,,
4/27/1922,,,,,,
4/28/1922,,,,,,
4/29/1922,,,,,,
4/30/1922,,,,,,
5/1/1922,,,,,,
5/2/1922,,,,,,
5/3/1922,,,,,,
5/4/1922,,,,,,
5/5/1922,,,,,,
5/6/1922,,,,,,
5/7/1922,,,,,,
5/8/1922,,,,,,
5/9/1922,,,,,,
5/10/1922,,,,,,
5/11/1922,,,,,,
5/12/1922,,,,,,
5/13/1922,,,,,,
5/14/1922,,,,,,
5/15/1922,,,,,,
5/16/1922,,,,,,
5/17/1922,,,,,,
5/18/1922,,,,,,
5/19/1922,,,,,,
5/20/1922,,,,,,
5/21/1922,,,,,,
5/22/1922,,,,,,
5/23/1922,,,,,,
5/24/1922,,,,,,
5/25/1922,,,,,,
5/26/1922,,,,,,
5/27/1922,,,,,,
5/28/1922,,,,,,
5/29/1922,,,,,,
5/30/1922,,,,,,
5/31/1922,,,,,,
6/1/1922,,,,,,
6/2/1922,,,,,,
6/3/1922,,,,,,
6/4/1922,,,,,,
6/5/1922,,,,,,
6/6/1922,,,,,,
6/7/1922,,,,,,
6/8/1922,,,,,,
6/9/1922,,,,,,
6/10/1922,,,,,,
6/11/1922,,,,,,
6/12/1922,,,,,,
6/13/1922,,,,,,
6/14/1922,,,,,,
6/15/1922,,,,,,
6/16/1922,,,,,,
6/17/1922,,,,,,
6/18/1922,,,,,,
6/19/1922,,,,,,
6/20/1922,,,,,,
6/21/1922,,,,,,
6/22/1922,,,,,,
6/23/1922,,,,,,
6/24/1922,,,,,,
6/25/1922,,,,,,
6/26/1922,,,,,,
6/27/1922,,,,,,
6/28/1922,,,,,,
6/29/1922,,,,,,
6/30/1922,,,,,,
7/1/1922,,,,,,
7/2/1922,,,,,,
7/3/1922,,,,,,
7/4/1922,,,,,,
7/5/1922,,,,,,
7/6/1922,,,,,,
7/7/1922,,,,,,
7/8/1922,,,,,,
7/9/1922,,,,,,
7/10/1922,,,,,,
7/11/1922,,,,,,
7/12/1922,,,,,,
7/13/1922,,,,,,
7/14/1922,,,,,,
7/15/1922,,,,,,
7/16/1922,,,,,,
7/17/1922,,,,,,
7/18/1922,,,,,,
7/19/1922,,,,,,
7/20/1922,,,,,,
7/21/1922,,,,,,
7/22/1922,,,,,,
7/23/1922,,,,,,
7/24/1922,,,,,,
7/25/1922,,,,,,
7/26/1922,,,,,,
7/27/1922,,,,,,
7/28/1922,,,,,,
7/29/1922,,,,,,
7/30/1922,,,,,,
7/31/1922,,,,,,
8/1/1922,,,,,,
8/2/1922,,,,,,
8/3/1922,,,,,,
8/4/1922,,,,,,
8/5/1922,,,,,,
8/6/1922,,,,,,
8/7/1922,,,,,,
8/8/1922,,,,,,
8/9/1922,,,,,,
8/10/1922,,,,,,
8/11/1922,,,,,,
8/12/1922,,,,,,
8/13/1922,,,,,,
8/14/1922,,,,,,
8/15/1922,,,,,,
8/16/1922,,,,,,
8/17/1922,,,,,,
8/18/1922,,,,,,
8/19/1922,,,,,,
8/20/1922,,,,,,
8/21/1922,,,,,,
8/22/1922,,,,,,
8/23/1922,,,,,,
8/24/1922,,,,,,
8/25/1922,,,,,,
8/26/1922,,,,,,
8/27/1922,,,,,,
8/28/1922,,,,,,
8/29/1922,,,,,,
8/30/1922,,,,,,
8/31/1922,,,,,,
9/1/1922,,,,,,
9/2/1922,,,,,,
9/3/1922,,,,,,
9/4/1922,,,,,,
9/5/1922,,,,,,
9/6/1922,,,,,,
9/7/1922,,,,,,
9/8/1922,,,,,,
9/9/1922,,,,,,
9/10/1922,,,,,,
9/11/1922,,,,,,
9/12/1922,,,,,,
9/13/1922,,,,,,
9/14/1922,,,,,,
9/15/1922,,,,,,
9/16/1922,,,,,,
9/17/1922,,,,,,
9/18/1922,,,,,,
9/19/1922,,,,,,
9/20/1922,,,,,,
9/21/1922,,,,,,
9/22/1922,,,,,,
9/23/1922,,,,,,
9/24/1922,,,,,,
9/25/1922,,,,,,
9/26/1922,,,,,,
9/27/1922,,,,,,
9/28/1922,,,,,,
9/29/1922,,,,,,
9/30/1922,,,,,,
10/1/1922,,,,,,
10/2/1922,,,,,,
10/3/1922,,,,,,
10/4/1922,,,,,,
10/5/1922,,,,,,
10/6/1922,,,,,,
10/7/1922,,,,,,
10/8/1922,,,,,,
10/9/1922,,,,,,
10/10/1922,,,,,,
10/11/1922,,,,,,
10/12/1922,,,,,,
10/13/1922,,,,,,
10/14/1922,,,,,,
10/15/1922,,,,,,
10/16/1922,,,,,,
10/17/1922,,,,,,
10/18/1922,,,,,,
10/19/1922,,,,,,
10/20/1922,,,,,,
10/21/1922,,,,,,
10/22/1922,,,,,,
10/23/1922,,,,,,
10/24/1922,,,,,,
10/25/1922,,,,,,
10/26/1922,,,,,,
10/27/1922,,,,,,
10/28/1922,,,,,,
10/29/1922,,,,,,
10/30/1922,,,,,,
10/31/1922,,,,,,
11/1/1922,,,,,,
11/2/1922,,,,,,
11/3/1922,,,,,,
11/4/1922,,,,,,
11/5/1922,,,,,,
11/6/1922,,,,,,
11/7/1922,,,,,,
11/8/1922,,,,,,
11/9/1922,,,,,,
11/10/1922,,,,,,
11/11/1922,,,,,,
11/12/1922,,,,,,
11/13/1922,,,,,,
11/14/1922,,,,,,
11/15/1922,,,,,,
11/16/1922,,,,,,
11/17/1922,,,,,,
11/18/1922,,,,,,
11/19/1922,,,,,,
11/20/1922,,,,,,
11/21/1922,,,,,,
11/22/1922,,,,,,
11/23/1922,,,,,,
11/24/1922,,,,,,
11/25/1922,,,,,,
11/26/1922,,,,,,
11/27/1922,,,,,,
11/28/1922,,,,,,
11/29/1922,,,,,,
11/30/1922,,,,,,
12/1/1922,,,,,,
12/2/1922,,,,,,
12/3/1922,,,,,,
12/4/1922,,,,,,
12/5/1922,,,,,,
12/6/1922,,,,,,
12/7/1922,,,,,,
12/8/1922,,,,,,
12/9/1922,,,,,,
12/10/1922,,,,,,
12/11/1922,,,,,,
12/12/1922,,,,,,
12/13/1922,,,,,,
12/14/1922,,,,,,
12/15/1922,,,,,,
12/16/1922,,,,,,
12/17/1922,,,,,,
12/18/1922,,,,,,
12/19/1922,,,,,,
12/20/1922,,,,,,
12/21/1922,,,,,,
12/22/1922,,,,,,
12/23/1922,,,,,,
12/24/1922,,,,,,
12/25/1922,,,,,,
12/26/1922,,,,,,
12/27/1922,,,,,,
12/28/1922,,,,,,
12/29/1922,,,,,,
12/30/1922,,,,,,
12/31/1922,,,,,,
1/1/1923,,,,,,
1/2/1923,,,,,,
1/3/1923,,,,,,
1/4/1923,,,,,,
1/5/1923,,,,,,
1/6/1923,,,,,,
1/7/1923,,,,,,
1/8/1923,,,,,,
1/9/1923,,,,,,
1/10/1923,,,,,,
1/11/1923,,,,,,
1/12/1923,,,,,,
1/13/1923,,,,,,
1/14/1923,,,,,,
1/15/1923,,,,,,
1/16/1923,,,,,,
1/17/1923,,,,,,
1/18/1923,,,,,,
1/19/1923,,,,,,
1/20/1923,,,,,,
1/21/1923,,,,,,
1/22/1923,,,,,,
1/23/1923,,,,,,
1/24/1923,,,,,,
1/25/1923,,,,,,
1/26/1923,,,,,,
1/27/1923,,,,,,
1/28/1923,,,,,,
1/29/1923,,,,,,
1/30/1923,,,,,,
1/31/1923,,,,,,
2/1/1923,,,,,,
2/2/1923,,,,,,
2/3/1923,,,,,,
2/4/1923,,,,,,
2/5/1923,,,,,,
2/6/1923,,,,,,
2/7/1923,,,,,,
2/8/1923,,,,,,
2/9/1923,,,,,,
2/10/1923,,,,,,
2/11/1923,,,,,,
2/12/1923,,,,,,
2/13/1923,,,,,,
2/14/1923,,,,,,
2/15/1923,,,,,,
2/16/1923,,,,,,
2/17/1923,,,,,,
2/18/1923,,,,,,
2/19/1923,,,,,,
2/20/1923,,,,,,
2/21/1923,,,,,,
2/22/1923,,,,,,
2/23/1923,,,,,,
2/24/1923,,,,,,
2/25/1923,,,,,,
2/26/1923,,,,,,
2/27/1923,,,,,,
2/28/1923,,,,,,
3/1/1923,,,,,,
3/2/1923,,,,,,
3/3/1923,,,,,,
3/4/1923,,,,,,
3/5/1923,,,,,,
3/6/1923,,,,,,
3/7/1923,,,,,,
3/8/1923,,,,,,
3/9/1923,,,,,,
3/10/1923,,,,,,
3/11/1923,,,,,,
3/12/1923,,,,,,
3/13/1923,,,,,,
3/14/1923,,,,,,
3/15/1923,,,,,,
3/16/1923,,,,,,
3/17/1923,,,,,,
3/18/1923,,,,,,
3/19/1923,,,,,,
3/20/1923,,,,,,
3/21/1923,,,,,,
3/22/1923,,,,,,
3/23/1923,,,,,,
3/24/1923,,,,,,
3/25/1923,,,,,,
3/26/1923,,,,,,
3/27/1923,,,,,,
3/28/1923,,,,,,
3/29/1923,,,,,,
3/30/1923,,,,,,
3/31/1923,,,,,,
4/1/1923,,,,,,
4/2/1923,,,,,,
4/3/1923,,,,,,
4/4/1923,,,,,,
4/5/1923,,,,,,
4/6/1923,,,,,,
4/7/1923,,,,,,
4/8/1923,,,,,,
4/9/1923,,,,,,
4/10/1923,,,,,,
4/11/1923,,,,,,
4/12/1923,,,,,,
4/13/1923,,,,,,
4/14/1923,,,,,,
4/15/1923,,,,,,
4/16/1923,,,,,,
4/17/1923,,,,,,
4/18/1923,,,,,,
4/19/1923,,,,,,
4/20/1923,,,,,,
4/21/1923,,,,,,
4/22/1923,,,,,,
4/23/1923,,,,,,
4/24/1923,,,,,,
4/25/1923,,,,,,
4/26/1923,,,,,,
4/27/1923,,,,,,
4/28/1923,,,,,,
4/29/1923,,,,,,
4/30/1923,,,,,,
5/1/1923,,,,,,
5/2/1923,,,,,,
5/3/1923,,,,,,
5/4/1923,,,,,,
5/5/1923,,,,,,
5/6/1923,,,,,,
5/7/1923,,,,,,
5/8/1923,,,,,,
5/9/1923,,,,,,
5/10/1923,,,,,,
5/11/1923,,,,,,
5/12/1923,,,,,,
5/13/1923,,,,,,
5/14/1923,,,,,,
5/15/1923,,,,,,
5/16/1923,,,,,,
5/17/1923,,,,,,
5/18/1923,,,,,,
5/19/1923,,,,,,
5/20/1923,,,,,,
5/21/1923,,,,,,
5/22/1923,,,,,,
5/23/1923,,,,,,
5/24/1923,,,,,,
5/25/1923,,,,,,
5/26/1923,,,,,,
5/27/1923,,,,,,
5/28/1923,,,,,,
5/29/1923,,,,,,
5/30/1923,,,,,,
5/31/1923,,,,,,
6/1/1923,,,,,,
6/2/1923,,,,,,
6/3/1923,,,,,,
6/4/1923,,,,,,
6/5/1923,,,,,,
6/6/1923,,,,,,
6/7/1923,,,,,,
6/8/1923,,,,,,
6/9/1923,,,,,,
6/10/1923,,,,,,
6/11/1923,,,,,,
6/12/1923,,,,,,
6/13/1923,,,,,,
6/14/1923,,,,,,
6/15/1923,,,,,,
6/16/1923,,,,,,
6/17/1923,,,,,,
6/18/1923,,,,,,
6/19/1923,,,,,,
6/20/1923,,,,,,
6/21/1923,,,,,,
6/22/1923,,,,,,
6/23/1923,,,,,,
6/24/1923,,,,,,
6/25/1923,,,,,,
6/26/1923,,,,,,
6/27/1923,,,,,,
6/28/1923,,,,,,
6/29/1923,,,,,,
6/30/1923,,,,,,
7/1/1923,,,,,,
7/2/1923,,,,,,
7/3/1923,,,,,,
7/4/1923,,,,,,
7/5/1923,,,,,,
7/6/1923,,,,,,
7/7/1923,,,,,,
7/8/1923,,,,,,
7/9/1923,,,,,,
7/10/1923,,,,,,
7/11/1923,,,,,,
7/12/1923,,,,,,
7/13/1923,,,,,,
7/14/1923,,,,,,
7/15/1923,,,,,,
7/16/1923,,,,,,
7/17/1923,,,,,,
7/18/1923,,,,,,
7/19/1923,,,,,,
7/20/1923,,,,,,
7/21/1923,,,,,,
7/22/1923,,,,,,
7/23/1923,,,,,,
7/24/1923,,,,,,
7/25/1923,,,,,,
7/26/1923,,,,,,
7/27/1923,,,,,,
7/28/1923,,,,,,
7/29/1923,,,,,,
7/30/1923,,,,,,
7/31/1923,,,,,,
8/1/1923,,,,,,
8/2/1923,,,,,,
8/3/1923,,,,,,
8/4/1923,,,,,,
8/5/1923,,,,,,
8/6/1923,,,,,,
8/7/1923,,,,,,
8/8/1923,,,,,,
8/9/1923,,,,,,
8/10/1923,,,,,,
8/11/1923,,,,,,
8/12/1923,,,,,,
8/13/1923,,,,,,
8/14/1923,,,,,,
8/15/1923,,,,,,
8/16/1923,,,,,,
8/17/1923,,,,,,
8/18/1923,,,,,,
8/19/1923,,,,,,
8/20/1923,,,,,,
8/21/1923,,,,,,
8/22/1923,,,,,,
8/23/1923,,,,,,
8/24/1923,,,,,,
8/25/1923,,,,,,
8/26/1923,,,,,,
8/27/1923,,,,,,
8/28/1923,,,,,,
8/29/1923,,,,,,
8/30/1923,,,,,,
8/31/1923,,,,,,
9/1/1923,,,,,,
9/2/1923,,,,,,
9/3/1923,,,,,,
9/4/1923,,,,,,
9/5/1923,,,,,,
9/6/1923,,,,,,
9/7/1923,,,,,,
9/8/1923,,,,,,
9/9/1923,,,,,,
9/10/1923,,,,,,
9/11/1923,,,,,,
9/12/1923,,,,,,
9/13/1923,,,,,,
9/14/1923,,,,,,
9/15/1923,,,,,,
9/16/1923,,,,,,
9/17/1923,,,,,,
9/18/1923,,,,,,
9/19/1923,,,,,,
9/20/1923,,,,,,
9/21/1923,,,,,,
9/22/1923,,,,,,
9/23/1923,,,,,,
9/24/1923,,,,,,
9/25/1923,,,,,,
9/26/1923,,,,,,
9/27/1923,,,,,,
9/28/1923,,,,,,
9/29/1923,,,,,,
9/30/1923,,,,,,
10/1/1923,,,,,,
10/2/1923,,,,,,
10/3/1923,,,,,,
10/4/1923,,,,,,
10/5/1923,,,,,,
10/6/1923,,,,,,
10/7/1923,,,,,,
10/8/1923,,,,,,
10/9/1923,,,,,,
10/10/1923,,,,,,
10/11/1923,,,,,,
10/12/1923,,,,,,
10/13/1923,,,,,,
10/14/1923,,,,,,
10/15/1923,,,,,,
10/16/1923,,,,,,
10/17/1923,,,,,,
10/18/1923,,,,,,
10/19/1923,,,,,,
10/20/1923,,,,,,
10/21/1923,,,,,,
10/22/1923,,,,,,
10/23/1923,,,,,,
10/24/1923,,,,,,
10/25/1923,,,,,,
10/26/1923,,,,,,
10/27/1923,,,,,,
10/28/1923,,,,,,
10/29/1923,,,,,,
10/30/1923,,,,,,
10/31/1923,,,,,,
11/1/1923,,,,,,
11/2/1923,,,,,,
11/3/1923,,,,,,
11/4/1923,,,,,,
11/5/1923,,,,,,
11/6/1923,,,,,,
11/7/1923,,,,,,
11/8/1923,,,,,,
11/9/1923,,,,,,
11/10/1923,,,,,,
11/11/1923,,,,,,
11/12/1923,,,,,,
11/13/1923,,,,,,
11/14/1923,,,,,,
11/15/1923,,,,,,
11/16/1923,,,,,,
11/17/1923,,,,,,
11/18/1923,,,,,,
11/19/1923,,,,,,
11/20/1923,,,,,,
11/21/1923,,,,,,
11/22/1923,,,,,,
11/23/1923,,,,,,
11/24/1923,,,,,,
11/25/1923,,,,,,
11/26/1923,,,,,,
11/27/1923,,,,,,
11/28/1923,,,,,,
11/29/1923,,,,,,
11/30/1923,,,,,,
12/1/1923,,,,,,
12/2/1923,,,,,,
12/3/1923,,,,,,
12/4/1923,,,,,,
12/5/1923,,,,,,
12/6/1923,,,,,,
12/7/1923,,,,,,
12/8/1923,,,,,,
12/9/1923,,,,,,
12/10/1923,,,,,,
12/11/1923,,,,,,
12/12/1923,,,,,,
12/13/1923,,,,,,
12/14/1923,,,,,,
12/15/1923,,,,,,
12/16/1923,,,,,,
12/17/1923,,,,,,
12/18/1923,,,,,,
12/19/1923,,,,,,
12/20/1923,,,,,,
12/21/1923,,,,,,
12/22/1923,,,,,,
12/23/1923,,,,,,
12/24/1923,,,,,,
12/25/1923,,,,,,
12/26/1923,,,,,,
12/27/1923,,,,,,
12/28/1923,,,,,,
12/29/1923,,,,,,
12/30/1923,,,,,,
12/31/1923,,,,,,
1/1/1924,,,,,,
1/2/1924,,,,,,
1/3/1924,,,,,,
1/4/1924,,,,,,
1/5/1924,,,,,,
1/6/1924,,,,,,
1/7/1924,,,,,,
1/8/1924,,,,,,
1/9/1924,,,,,,
1/10/1924,,,,,,
1/11/1924,,,,,,
1/12/1924,,,,,,
1/13/1924,,,,,,
1/14/1924,,,,,,
1/15/1924,,,,,,
1/16/1924,,,,,,
1/17/1924,,,,,,
1/18/1924,,,,,,
1/19/1924,,,,,,
1/20/1924,,,,,,
1/21/1924,,,,,,
1/22/1924,,,,,,
1/23/1924,,,,,,
1/24/1924,,,,,,
1/25/1924,,,,,,
1/26/1924,,,,,,
1/27/1924,,,,,,
1/28/1924,,,,,,
1/29/1924,,,,,,
1/30/1924,,,,,,
1/31/1924,,,,,,
2/1/1924,,,,,,
2/2/1924,,,,,,
2/3/1924,,,,,,
2/4/1924,,,,,,
2/5/1924,,,,,,
2/6/1924,,,,,,
2/7/1924,,,,,,
2/8/1924,,,,,,
2/9/1924,,,,,,
2/10/1924,,,,,,
2/11/1924,,,,,,
2/12/1924,,,,,,
2/13/1924,,,,,,
2/14/1924,,,,,,
2/15/1924,,,,,,
2/16/1924,,,,,,
2/17/1924,,,,,,
2/18/1924,,,,,,
2/19/1924,,,,,,
2/20/1924,,,,,,
2/21/1924,,,,,,
2/22/1924,,,,,,
2/23/1924,,,,,,
2/24/1924,,,,,,
2/25/1924,,,,,,
2/26/1924,,,,,,
2/27/1924,,,,,,
2/28/1924,,,,,,
2/29/1924,,,,,,
3/1/1924,,,,,,
3/2/1924,,,,,,
3/3/1924,,,,,,
3/4/1924,,,,,,
3/5/1924,,,,,,
3/6/1924,,,,,,
3/7/1924,,,,,,
3/8/1924,,,,,,
3/9/1924,,,,,,
3/10/1924,,,,,,
3/11/1924,,,,,,
3/12/1924,,,,,,
3/13/1924,,,,,,
3/14/1924,,,,,,
3/15/1924,,,,,,
3/16/1924,,,,,,
3/17/1924,,,,,,
3/18/1924,,,,,,
3/19/1924,,,,,,
3/20/1924,,,,,,
3/21/1924,,,,,,
3/22/1924,,,,,,
3/23/1924,,,,,,
3/24/1924,,,,,,
3/25/1924,,,,,,
3/26/1924,,,,,,
3/27/1924,,,,,,
3/28/1924,,,,,,
3/29/1924,,,,,,
3/30/1924,,,,,,
3/31/1924,,,,,,
4/1/1924,,,,,,
4/2/1924,,,,,,
4/3/1924,,,,,,
4/4/1924,,,,,,
4/5/1924,,,,,,
4/6/1924,,,,,,
4/7/1924,,,,,,
4/8/1924,,,,,,
4/9/1924,,,,,,
4/10/1924,,,,,,
4/11/1924,,,,,,
4/12/1924,,,,,,
4/13/1924,,,,,,
4/14/1924,,,,,,
4/15/1924,,,,,,
4/16/1924,,,,,,
4/17/1924,,,,,,
4/18/1924,,,,,,
4/19/1924,,,,,,
4/20/1924,,,,,,
4/21/1924,,,,,,
4/22/1924,,,,,,
4/23/1924,,,,,,
4/24/1924,,,,,,
4/25/1924,,,,,,
4/26/1924,,,,,,
4/27/1924,,,,,,
4/28/1924,,,,,,
4/29/1924,,,,,,
4/30/1924,,,,,,
5/1/1924,,,,,,
5/2/1924,,,,,,
5/3/1924,,,,,,
5/4/1924,,,,,,
5/5/1924,,,,,,
5/6/1924,,,,,,
5/7/1924,,,,,,
5/8/1924,,,,,,
5/9/1924,,,,,,
5/10/1924,,,,,,
5/11/1924,,,,,,
5/12/1924,,,,,,
5/13/1924,,,,,,
5/14/1924,,,,,,
5/15/1924,,,,,,
5/16/1924,,,,,,
5/17/1924,,,,,,
5/18/1924,,,,,,
5/19/1924,,,,,,
5/20/1924,,,,,,
5/21/1924,,,,,,
5/22/1924,,,,,,
5/23/1924,,,,,,
5/24/1924,,,,,,
5/25/1924,,,,,,
5/26/1924,,,,,,
5/27/1924,,,,,,
5/28/1924,,,,,,
5/29/1924,,,,,,
5/30/1924,,,,,,
5/31/1924,,,,,,
6/1/1924,,,,,,
6/2/1924,,,,,,
6/3/1924,,,,,,
6/4/1924,,,,,,
6/5/1924,,,,,,
6/6/1924,,,,,,
6/7/1924,,,,,,
6/8/1924,,,,,,
6/9/1924,,,,,,
6/10/1924,,,,,,
6/11/1924,,,,,,
6/12/1924,,,,,,
6/13/1924,,,,,,
6/14/1924,,,,,,
6/15/1924,,,,,,
6/16/1924,,,,,,
6/17/1924,,,,,,
6/18/1924,,,,,,
6/19/1924,,,,,,
6/20/1924,,,,,,
6/21/1924,,,,,,
6/22/1924,,,,,,
6/23/1924,,,,,,
6/24/1924,,,,,,
6/25/1924,,,,,,
6/26/1924,,,,,,
6/27/1924,,,,,,
6/28/1924,,,,,,
6/29/1924,,,,,,
6/30/1924,,,,,,
7/1/1924,,,,,,
7/2/1924,,,,,,
7/3/1924,,,,,,
7/4/1924,,,,,,
7/5/1924,,,,,,
7/6/1924,,,,,,
7/7/1924,,,,,,
7/8/1924,,,,,,
7/9/1924,,,,,,
7/10/1924,,,,,,
7/11/1924,,,,,,
7/12/1924,,,,,,
7/13/1924,,,,,,
7/14/1924,,,,,,
7/15/1924,,,,,,
7/16/1924,,,,,,
7/17/1924,,,,,,
7/18/1924,,,,,,
7/19/1924,,,,,,
7/20/1924,,,,,,
7/21/1924,,,,,,
7/22/1924,,,,,,
7/23/1924,,,,,,
7/24/1924,,,,,,
7/25/1924,,,,,,
7/26/1924,,,,,,
7/27/1924,,,,,,
7/28/1924,,,,,,
7/29/1924,,,,,,
7/30/1924,,,,,,
7/31/1924,,,,,,
8/1/1924,,,,,,
8/2/1924,,,,,,
8/3/1924,,,,,,
8/4/1924,,,,,,
8/5/1924,,,,,,
8/6/1924,,,,,,
8/7/1924,,,,,,
8/8/1924,,,,,,
8/9/1924,,,,,,
8/10/1924,,,,,,
8/11/1924,,,,,,
8/12/1924,,,,,,
8/13/1924,,,,,,
8/14/1924,,,,,,
8/15/1924,,,,,,
8/16/1924,,,,,,
8/17/1924,,,,,,
8/18/1924,,,,,,
8/19/1924,,,,,,
8/20/1924,,,,,,
8/21/1924,,,,,,
8/22/1924,,,,,,
8/23/1924,,,,,,
8/24/1924,,,,,,
8/25/1924,,,,,,
8/26/1924,,,,,,
8/27/1924,,,,,,
8/28/1924,,,,,,
8/29/1924,,,,,,
8/30/1924,,,,,,
8/31/1924,,,,,,
9/1/1924,,,,,,
9/2/1924,,,,,,
9/3/1924,,,,,,
9/4/1924,,,,,,
9/5/1924,,,,,,
9/6/1924,,,,,,
9/7/1924,,,,,,
9/8/1924,,,,,,
9/9/1924,,,,,,
9/10/1924,,,,,,
9/11/1924,,,,,,
9/12/1924,,,,,,
9/13/1924,,,,,,
9/14/1924,,,,,,
9/15/1924,,,,,,
9/16/1924,,,,,,
9/17/1924,,,,,,
9/18/1924,,,,,,
9/19/1924,,,,,,
9/20/1924,,,,,,
9/21/1924,,,,,,
9/22/1924,,,,,,
9/23/1924,,,,,,
9/24/1924,,,,,,
9/25/1924,,,,,,
9/26/1924,,,,,,
9/27/1924,,,,,,
9/28/1924,,,,,,
9/29/1924,,,,,,
9/30/1924,,,,,,
10/1/1924,,,,,,
10/2/1924,,,,,,
10/3/1924,,,,,,
10/4/1924,,,,,,
10/5/1924,,,,,,
10/6/1924,,,,,,
10/7/1924,,,,,,
10/8/1924,,,,,,
10/9/1924,,,,,,
10/10/1924,,,,,,
10/11/1924,,,,,,
10/12/1924,,,,,,
10/13/1924,,,,,,
10/14/1924,,,,,,
10/15/1924,,,,,,
10/16/1924,,,,,,
10/17/1924,,,,,,
10/18/1924,,,,,,
10/19/1924,,,,,,
10/20/1924,,,,,,
10/21/1924,,,,,,
10/22/1924,,,,,,
10/23/1924,,,,,,
10/24/1924,,,,,,
10/25/1924,,,,,,
10/26/1924,,,,,,
10/27/1924,,,,,,
10/28/1924,,,,,,
10/29/1924,,,,,,
10/30/1924,,,,,,
10/31/1924,,,,,,
11/1/1924,,,,,,
11/2/1924,,,,,,
11/3/1924,,,,,,
11/4/1924,,,,,,
11/5/1924,,,,,,
11/6/1924,,,,,,
11/7/1924,,,,,,
11/8/1924,,,,,,
11/9/1924,,,,,,
11/10/1924,,,,,,
11/11/1924,,,,,,
11/12/1924,,,,,,
11/13/1924,,,,,,
11/14/1924,,,,,,
11/15/1924,,,,,,
11/16/1924,,,,,,
11/17/1924,,,,,,
11/18/1924,,,,,,
11/19/1924,,,,,,
11/20/1924,,,,,,
11/21/1924,,,,,,
11/22/1924,,,,,,
11/23/1924,,,,,,
11/24/1924,,,,,,
11/25/1924,,,,,,
11/26/1924,,,,,,
11/27/1924,,,,,,
11/28/1924,,,,,,
11/29/1924,,,,,,
11/30/1924,,,,,,
12/1/1924,,,,,,
12/2/1924,,,,,,
12/3/1924,,,,,,
12/4/1924,,,,,,
12/5/1924,,,,,,
12/6/1924,,,,,,
12/7/1924,,,,,,
12/8/1924,,,,,,
12/9/1924,,,,,,
12/10/1924,,,,,,
12/11/1924,,,,,,
12/12/1924,,,,,,
12/13/1924,,,,,,
12/14/1924,,,,,,
12/15/1924,,,,,,
12/16/1924,,,,,,
12/17/1924,,,,,,
12/18/1924,,,,,,
12/19/1924,,,,,,
12/20/1924,,,,,,
12/21/1924,,,,,,
12/22/1924,,,,,,
12/23/1924,,,,,,
12/24/1924,,,,,,
12/25/1924,,,,,,
12/26/1924,,,,,,
12/27/1924,,,,,,
12/28/1924,,,,,,
12/29/1924,,,,,,
12/30/1924,,,,,,
12/31/1924,,,,,,
1/1/1925,,,,,,
1/2/1925,,,,,,
1/3/1925,,,,,,
1/4/1925,,,,,,
1/5/1925,,,,,,
1/6/1925,,,,,,
1/7/1925,,,,,,
1/8/1925,,,,,,
1/9/1925,,,,,,
1/10/1925,,,,,,
1/11/1925,,,,,,
1/12/1925,,,,,,
1/13/1925,,,,,,
1/14/1925,,,,,,
1/15/1925,,,,,,
1/16/1925,,,,,,
1/17/1925,,,,,,
1/18/1925,,,,,,
1/19/1925,,,,,,
1/20/1925,,,,,,
1/21/1925,,,,,,
1/22/1925,,,,,,
1/23/1925,,,,,,
1/24/1925,,,,,,
1/25/1925,,,,,,
1/26/1925,,,,,,
1/27/1925,,,,,,
1/28/1925,,,,,,
1/29/1925,,,,,,
1/30/1925,,,,,,
1/31/1925,,,,,,
2/1/1925,,,,,,
2/2/1925,,,,,,
2/3/1925,,,,,,
2/4/1925,,,,,,
2/5/1925,,,,,,
2/6/1925,,,,,,
2/7/1925,,,,,,
2/8/1925,,,,,,
2/9/1925,,,,,,
2/10/1925,,,,,,
2/11/1925,,,,,,
2/12/1925,,,,,,
2/13/1925,,,,,,
2/14/1925,,,,,,
2/15/1925,,,,,,
2/16/1925,,,,,,
2/17/1925,,,,,,
2/18/1925,,,,,,
2/19/1925,,,,,,
2/20/1925,,,,,,
2/21/1925,,,,,,
2/22/1925,,,,,,
2/23/1925,,,,,,
2/24/1925,,,,,,
2/25/1925,,,,,,
2/26/1925,,,,,,
2/27/1925,,,,,,
2/28/1925,,,,,,
3/1/1925,,,,,,
3/2/1925,,,,,,
3/3/1925,,,,,,
3/4/1925,,,,,,
3/5/1925,,,,,,
3/6/1925,,,,,,
3/7/1925,,,,,,
3/8/1925,,,,,,
3/9/1925,,,,,,
3/10/1925,,,,,,
3/11/1925,,,,,,
3/12/1925,,,,,,
3/13/1925,,,,,,
3/14/1925,,,,,,
3/15/1925,,,,,,
3/16/1925,,,,,,
3/17/1925,,,,,,
3/18/1925,,,,,,
3/19/1925,,,,,,
3/20/1925,,,,,,
3/21/1925,,,,,,
3/22/1925,,,,,,
3/23/1925,,,,,,
3/24/1925,,,,,,
3/25/1925,,,,,,
3/26/1925,,,,,,
3/27/1925,,,,,,
3/28/1925,,,,,,
3/29/1925,,,,,,
3/30/1925,,,,,,
3/31/1925,,,,,,
4/1/1925,,,,,,
4/2/1925,,,,,,
4/3/1925,,,,,,
4/4/1925,,,,,,
4/5/1925,,,,,,
4/6/1925,,,,,,
4/7/1925,,,,,,
4/8/1925,,,,,,
4/9/1925,,,,,,
4/10/1925,,,,,,
4/11/1925,,,,,,
4/12/1925,,,,,,
4/13/1925,,,,,,
4/14/1925,,,,,,
4/15/1925,,,,,,
4/16/1925,,,,,,
4/17/1925,,,,,,
4/18/1925,,,,,,
4/19/1925,,,,,,
4/20/1925,,,,,,
4/21/1925,,,,,,
4/22/1925,,,,,,
4/23/1925,,,,,,
4/24/1925,,,,,,
4/25/1925,,,,,,
4/26/1925,,,,,,
4/27/1925,,,,,,
4/28/1925,,,,,,
4/29/1925,,,,,,
4/30/1925,,,,,,
5/1/1925,,,,,,
5/2/1925,,,,,,
5/3/1925,,,,,,
5/4/1925,,,,,,
5/5/1925,,,,,,
5/6/1925,,,,,,
5/7/1925,,,,,,
5/8/1925,,,,,,
5/9/1925,,,,,,
5/10/1925,,,,,,
5/11/1925,,,,,,
5/12/1925,,,,,,
5/13/1925,,,,,,
5/14/1925,,,,,,
5/15/1925,,,,,,
5/16/1925,,,,,,
5/17/1925,,,,,,
5/18/1925,,,,,,
5/19/1925,,,,,,
5/20/1925,,,,,,
5/21/1925,,,,,,
5/22/1925,,,,,,
5/23/1925,,,,,,
5/24/1925,,,,,,
5/25/1925,,,,,,
5/26/1925,,,,,,
5/27/1925,,,,,,
5/28/1925,,,,,,
5/29/1925,,,,,,
5/30/1925,,,,,,
5/31/1925,,,,,,
6/1/1925,,,,,,
6/2/1925,,,,,,
6/3/1925,,,,,,
6/4/1925,,,,,,
6/5/1925,,,,,,
6/6/1925,,,,,,
6/7/1925,,,,,,
6/8/1925,,,,,,
6/9/1925,,,,,,
6/10/1925,,,,,,
6/11/1925,,,,,,
6/12/1925,,,,,,
6/13/1925,,,,,,
6/14/1925,,,,,,
6/15/1925,,,,,,
6/16/1925,,,,,,
6/17/1925,,,,,,
6/18/1925,,,,,,
6/19/1925,,,,,,
6/20/1925,,,,,,
6/21/1925,,,,,,
6/22/1925,,,,,,
6/23/1925,,,,,,
6/24/1925,,,,,,
6/25/1925,,,,,,
6/26/1925,,,,,,
6/27/1925,,,,,,
6/28/1925,,,,,,
6/29/1925,,,,,,
6/30/1925,,,,,,
7/1/1925,,,,,,
7/2/1925,,,,,,
7/3/1925,,,,,,
7/4/1925,,,,,,
7/5/1925,,,,,,
7/6/1925,,,,,,
7/7/1925,,,,,,
7/8/1925,,,,,,
7/9/1925,,,,,,
7/10/1925,,,,,,
7/11/1925,,,,,,
7/12/1925,,,,,,
7/13/1925,,,,,,
7/14/1925,,,,,,
7/15/1925,,,,,,
7/16/1925,,,,,,
7/17/1925,,,,,,
7/18/1925,,,,,,
7/19/1925,,,,,,
7/20/1925,,,,,,
7/21/1925,,,,,,
7/22/1925,,,,,,
7/23/1925,,,,,,
7/24/1925,,,,,,
7/25/1925,,,,,,
7/26/1925,,,,,,
7/27/1925,,,,,,
7/28/1925,,,,,,
7/29/1925,,,,,,
7/30/1925,,,,,,
7/31/1925,,,,,,
8/1/1925,,,,,,
8/2/1925,,,,,,
8/3/1925,,,,,,
8/4/1925,,,,,,
8/5/1925,,,,,,
8/6/1925,,,,,,
8/7/1925,,,,,,
8/8/1925,,,,,,
8/9/1925,,,,,,
8/10/1925,,,,,,
8/11/1925,,,,,,
8/12/1925,,,,,,
8/13/1925,,,,,,
8/14/1925,,,,,,
8/15/1925,,,,,,
8/16/1925,,,,,,
8/17/1925,,,,,,
8/18/1925,,,,,,
8/19/1925,,,,,,
8/20/1925,,,,,,
8/21/1925,,,,,,
8/22/1925,,,,,,
8/23/1925,,,,,,
8/24/1925,,,,,,
8/25/1925,,,,,,
8/26/1925,,,,,,
8/27/1925,,,,,,
8/28/1925,,,,,,
8/29/1925,,,,,,
8/30/1925,,,,,,
8/31/1925,,,,,,
9/1/1925,,,,,,
9/2/1925,,,,,,
9/3/1925,,,,,,
9/4/1925,,,,,,
9/5/1925,,,,,,
9/6/1925,,,,,,
9/7/1925,,,,,,
9/8/1925,,,,,,
9/9/1925,,,,,,
9/10/1925,,,,,,
9/11/1925,,,,,,
9/12/1925,,,,,,
9/13/1925,,,,,,
9/14/1925,,,,,,
9/15/1925,,,,,,
9/16/1925,,,,,,
9/17/1925,,,,,,
9/18/1925,,,,,,
9/19/1925,,,,,,
9/20/1925,,,,,,
9/21/1925,,,,,,
9/22/1925,,,,,,
9/23/1925,,,,,,
9/24/1925,,,,,,
9/25/1925,,,,,,
9/26/1925,,,,,,
9/27/1925,,,,,,
9/28/1925,,,,,,
9/29/1925,,,,,,
9/30/1925,,,,,,
10/1/1925,,,,,,
10/2/1925,,,,,,
10/3/1925,,,,,,
10/4/1925,,,,,,
10/5/1925,,,,,,
10/6/1925,,,,,,
10/7/1925,,,,,,
10/8/1925,,,,,,
10/9/1925,,,,,,
10/10/1925,,,,,,
10/11/1925,,,,,,
10/12/1925,,,,,,
10/13/1925,,,,,,
10/14/1925,,,,,,
10/15/1925,,,,,,
10/16/1925,,,,,,
10/17/1925,,,,,,
10/18/1925,,,,,,
10/19/1925,,,,,,
10/20/1925,,,,,,
10/21/1925,,,,,,
10/22/1925,,,,,,
10/23/1925,,,,,,
10/24/1925,,,,,,
10/25/1925,,,,,,
10/26/1925,,,,,,
10/27/1925,,,,,,
10/28/1925,,,,,,
10/29/1925,,,,,,
10/30/1925,,,,,,
10/31/1925,,,,,,
11/1/1925,,,,,,
11/2/1925,,,,,,
11/3/1925,,,,,,
11/4/1925,,,,,,
11/5/1925,,,,,,
11/6/1925,,,,,,
11/7/1925,,,,,,
11/8/1925,,,,,,
11/9/1925,,,,,,
11/10/1925,,,,,,
11/11/1925,,,,,,
11/12/1925,,,,,,
11/13/1925,,,,,,
11/14/1925,,,,,,
11/15/1925,,,,,,
11/16/1925,,,,,,
11/17/1925,,,,,,
11/18/1925,,,,,,
11/19/1925,,,,,,
11/20/1925,,,,,,
11/21/1925,,,,,,
11/22/1925,,,,,,
11/23/1925,,,,,,
11/24/1925,,,,,,
11/25/1925,,,,,,
11/26/1925,,,,,,
11/27/1925,,,,,,
11/28/1925,,,,,,
11/29/1925,,,,,,
11/30/1925,,,,,,
12/1/1925,,,,,,
12/2/1925,,,,,,
12/3/1925,,,,,,
12/4/1925,,,,,,
12/5/1925,,,,,,
12/6/1925,,,,,,
12/7/1925,,,,,,
12/8/1925,,,,,,
12/9/1925,,,,,,
12/10/1925,,,,,,
12/11/1925,,,,,,
12/12/1925,,,,,,
12/13/1925,,,,,,
12/14/1925,,,,,,
12/15/1925,,,,,,
12/16/1925,,,,,,
12/17/1925,,,,,,
12/18/1925,,,,,,
12/19/1925,,,,,,
12/20/1925,,,,,,
12/21/1925,,,,,,
12/22/1925,,,,,,
12/23/1925,,,,,,
12/24/1925,,,,,,
12/25/1925,,,,,,
12/26/1925,,,,,,
12/27/1925,,,,,,
12/28/1925,,,,,,
12/29/1925,,,,,,
12/30/1925,,,,,,
12/31/1925,,,,,,
1/1/1926,,,,,,
1/2/1926,,,,,,
1/3/1926,,,,,,
1/4/1926,,,,,,
1/5/1926,,,,,,
1/6/1926,,,,,,
1/7/1926,,,,,,
1/8/1926,,,,,,
1/9/1926,,,,,,
1/10/1926,,,,,,
1/11/1926,,,,,,
1/12/1926,,,,,,
1/13/1926,,,,,,
1/14/1926,,,,,,
1/15/1926,,,,,,
1/16/1926,,,,,,
1/17/1926,,,,,,
1/18/1926,,,,,,
1/19/1926,,,,,,
1/20/1926,,,,,,
1/21/1926,,,,,,
1/22/1926,,,,,,
1/23/1926,,,,,,
1/24/1926,,,,,,
1/25/1926,,,,,,
1/26/1926,,,,,,
1/27/1926,,,,,,
1/28/1926,,,,,,
1/29/1926,,,,,,
1/30/1926,,,,,,
1/31/1926,,,,,,
2/1/1926,,,,,,
2/2/1926,,,,,,
2/3/1926,,,,,,
2/4/1926,,,,,,
2/5/1926,,,,,,
2/6/1926,,,,,,
2/7/1926,,,,,,
2/8/1926,,,,,,
2/9/1926,,,,,,
2/10/1926,,,,,,
2/11/1926,,,,,,
2/12/1926,,,,,,
2/13/1926,,,,,,
2/14/1926,,,,,,
2/15/1926,,,,,,
2/16/1926,,,,,,
2/17/1926,,,,,,
2/18/1926,,,,,,
2/19/1926,,,,,,
2/20/1926,,,,,,
2/21/1926,,,,,,
2/22/1926,,,,,,
2/23/1926,,,,,,
2/24/1926,,,,,,
2/25/1926,,,,,,
2/26/1926,,,,,,
2/27/1926,,,,,,
2/28/1926,,,,,,
3/1/1926,,,,,,
3/2/1926,,,,,,
3/3/1926,,,,,,
3/4/1926,,,,,,
3/5/1926,,,,,,
3/6/1926,,,,,,
3/7/1926,,,,,,
3/8/1926,,,,,,
3/9/1926,,,,,,
3/10/1926,,,,,,
3/11/1926,,,,,,
3/12/1926,,,,,,
3/13/1926,,,,,,
3/14/1926,,,,,,
3/15/1926,,,,,,
3/16/1926,,,,,,
3/17/1926,,,,,,
3/18/1926,,,,,,
3/19/1926,,,,,,
3/20/1926,,,,,,
3/21/1926,,,,,,
3/22/1926,,,,,,
3/23/1926,,,,,,
3/24/1926,,,,,,
3/25/1926,,,,,,
3/26/1926,,,,,,
3/27/1926,,,,,,
3/28/1926,,,,,,
3/29/1926,,,,,,
3/30/1926,,,,,,
3/31/1926,,,,,,
4/1/1926,,,,,,
4/2/1926,,,,,,
4/3/1926,,,,,,
4/4/1926,,,,,,
4/5/1926,,,,,,
4/6/1926,,,,,,
4/7/1926,,,,,,
4/8/1926,,,,,,
4/9/1926,,,,,,
4/10/1926,,,,,,
4/11/1926,,,,,,
4/12/1926,,,,,,
4/13/1926,,,,,,
4/14/1926,,,,,,
4/15/1926,,,,,,
4/16/1926,,,,,,
4/17/1926,,,,,,
4/18/1926,,,,,,
4/19/1926,,,,,,
4/20/1926,,,,,,
4/21/1926,,,,,,
4/22/1926,,,,,,
4/23/1926,,,,,,
4/24/1926,,,,,,
4/25/1926,,,,,,
4/26/1926,,,,,,
4/27/1926,,,,,,
4/28/1926,,,,,,
4/29/1926,,,,,,
4/30/1926,,,,,,
5/1/1926,,,,,,
5/2/1926,,,,,,
5/3/1926,,,,,,
5/4/1926,,,,,,
5/5/1926,,,,,,
5/6/1926,,,,,,
5/7/1926,,,,,,
5/8/1926,,,,,,
5/9/1926,,,,,,
5/10/1926,,,,,,
5/11/1926,,,,,,
5/12/1926,,,,,,
5/13/1926,,,,,,
5/14/1926,,,,,,
5/15/1926,,,,,,
5/16/1926,,,,,,
5/17/1926,,,,,,
5/18/1926,,,,,,
5/19/1926,,,,,,
5/20/1926,,,,,,
5/21/1926,,,,,,
5/22/1926,,,,,,
5/23/1926,,,,,,
5/24/1926,,,,,,
5/25/1926,,,,,,
5/26/1926,,,,,,
5/27/1926,,,,,,
5/28/1926,,,,,,
5/29/1926,,,,,,
5/30/1926,,,,,,
5/31/1926,,,,,,
6/1/1926,,,,,,
6/2/1926,,,,,,
6/3/1926,,,,,,
6/4/1926,,,,,,
6/5/1926,,,,,,
6/6/1926,,,,,,
6/7/1926,,,,,,
6/8/1926,,,,,,
6/9/1926,,,,,,
6/10/1926,,,,,,
6/11/1926,,,,,,
6/12/1926,,,,,,
6/13/1926,,,,,,
6/14/1926,,,,,,
6/15/1926,,,,,,
6/16/1926,,,,,,
6/17/1926,,,,,,
6/18/1926,,,,,,
6/19/1926,,,,,,
6/20/1926,,,,,,
6/21/1926,,,,,,
6/22/1926,,,,,,
6/23/1926,,,,,,
6/24/1926,,,,,,
6/25/1926,,,,,,
6/26/1926,,,,,,
6/27/1926,,,,,,
6/28/1926,,,,,,
6/29/1926,,,,,,
6/30/1926,,,,,,
7/1/1926,,,,,,
7/2/1926,,,,,,
7/3/1926,,,,,,
7/4/1926,,,,,,
7/5/1926,,,,,,
7/6/1926,,,,,,
7/7/1926,,,,,,
7/8/1926,,,,,,
7/9/1926,,,,,,
7/10/1926,,,,,,
7/11/1926,,,,,,
7/12/1926,,,,,,
7/13/1926,,,,,,
7/14/1926,,,,,,
7/15/1926,,,,,,
7/16/1926,,,,,,
7/17/1926,,,,,,
7/18/1926,,,,,,
7/19/1926,,,,,,
7/20/1926,,,,,,
7/21/1926,,,,,,
7/22/1926,,,,,,
7/23/1926,,,,,,
7/24/1926,,,,,,
7/25/1926,,,,,,
7/26/1926,,,,,,
7/27/1926,,,,,,
7/28/1926,,,,,,
7/29/1926,,,,,,
7/30/1926,,,,,,
7/31/1926,,,,,,
8/1/1926,,,,,,
8/2/1926,,,,,,
8/3/1926,,,,,,
8/4/1926,,,,,,
8/5/1926,,,,,,
8/6/1926,,,,,,
8/7/1926,,,,,,
8/8/1926,,,,,,
8/9/1926,,,,,,
8/10/1926,,,,,,
8/11/1926,,,,,,
8/12/1926,,,,,,
8/13/1926,,,,,,
8/14/1926,,,,,,
8/15/1926,,,,,,
8/16/1926,,,,,,
8/17/1926,,,,,,
8/18/1926,,,,,,
8/19/1926,,,,,,
8/20/1926,,,,,,
8/21/1926,,,,,,
8/22/1926,,,,,,
8/23/1926,,,,,,
8/24/1926,,,,,,
8/25/1926,,,,,,
8/26/1926,,,,,,
8/27/1926,,,,,,
8/28/1926,,,,,,
8/29/1926,,,,,,
8/30/1926,,,,,,
8/31/1926,,,,,,
9/1/1926,,,,,,
9/2/1926,,,,,,
9/3/1926,,,,,,
9/4/1926,,,,,,
9/5/1926,,,,,,
9/6/1926,,,,,,
9/7/1926,,,,,,
9/8/1926,,,,,,
9/9/1926,,,,,,
9/10/1926,,,,,,
9/11/1926,,,,,,
9/12/1926,,,,,,
9/13/1926,,,,,,
9/14/1926,,,,,,
9/15/1926,,,,,,
9/16/1926,,,,,,
9/17/1926,,,,,,
9/18/1926,,,,,,
9/19/1926,,,,,,
9/20/1926,,,,,,
9/21/1926,,,,,,
9/22/1926,,,,,,
9/23/1926,,,,,,
9/24/1926,,,,,,
9/25/1926,,,,,,
9/26/1926,,,,,,
9/27/1926,,,,,,
9/28/1926,,,,,,
9/29/1926,,,,,,
9/30/1926,,,,,,
10/1/1926,,,,,,
10/2/1926,,,,,,
10/3/1926,,,,,,
10/4/1926,,,,,,
10/5/1926,,,,,,
10/6/1926,,,,,,
10/7/1926,,,,,,
10/8/1926,,,,,,
10/9/1926,,,,,,
10/10/1926,,,,,,
10/11/1926,,,,,,
10/12/1926,,,,,,
10/13/1926,,,,,,
10/14/1926,,,,,,
10/15/1926,,,,,,
10/16/1926,,,,,,
10/17/1926,,,,,,
10/18/1926,,,,,,
10/19/1926,,,,,,
10/20/1926,,,,,,
10/21/1926,,,,,,
10/22/1926,,,,,,
10/23/1926,,,,,,
10/24/1926,,,,,,
10/25/1926,,,,,,
10/26/1926,,,,,,
10/27/1926,,,,,,
10/28/1926,,,,,,
10/29/1926,,,,,,
10/30/1926,,,,,,
10/31/1926,,,,,,
11/1/1926,,,,,,
11/2/1926,,,,,,
11/3/1926,,,,,,
11/4/1926,,,,,,
11/5/1926,,,,,,
11/6/1926,,,,,,
11/7/1926,,,,,,
11/8/1926,,,,,,
11/9/1926,,,,,,
11/10/1926,,,,,,
11/11/1926,,,,,,
11/12/1926,,,,,,
11/13/1926,,,,,,
11/14/1926,,,,,,
11/15/1926,,,,,,
11/16/1926,,,,,,
11/17/1926,,,,,,
11/18/1926,,,,,,
11/19/1926,,,,,,
11/20/1926,,,,,,
11/21/1926,,,,,,
11/22/1926,,,,,,
11/23/1926,,,,,,
11/24/1926,,,,,,
11/25/1926,,,,,,
11/26/1926,,,,,,
11/27/1926,,,,,,
11/28/1926,,,,,,
11/29/1926,,,,,,
11/30/1926,,,,,,
12/1/1926,,,,,,
12/2/1926,,,,,,
12/3/1926,,,,,,
12/4/1926,,,,,,
12/5/1926,,,,,,
12/6/1926,,,,,,
12/7/1926,,,,,,
12/8/1926,,,,,,
12/9/1926,,,,,,
12/10/1926,,,,,,
12/11/1926,,,,,,
12/12/1926,,,,,,
12/13/1926,,,,,,
12/14/1926,,,,,,
12/15/1926,,,,,,
12/16/1926,,,,,,
12/17/1926,,,,,,
12/18/1926,,,,,,
12/19/1926,,,,,,
12/20/1926,,,,,,
12/21/1926,,,,,,
12/22/1926,,,,,,
12/23/1926,,,,,,
12/24/1926,,,,,,
12/25/1926,,,,,,
12/26/1926,,,,,,
12/27/1926,,,,,,
12/28/1926,,,,,,
12/29/1926,,,,,,
12/30/1926,,,,,,
12/31/1926,,,,,,
1/1/1927,,,,,,
1/2/1927,,,,,,
1/3/1927,,,,,,
1/4/1927,,,,,,
1/5/1927,,,,,,
1/6/1927,,,,,,
1/7/1927,,,,,,
1/8/1927,,,,,,
1/9/1927,,,,,,
1/10/1927,,,,,,
1/11/1927,,,,,,
1/12/1927,,,,,,
1/13/1927,,,,,,
1/14/1927,,,,,,
1/15/1927,,,,,,
1/16/1927,,,,,,
1/17/1927,,,,,,
1/18/1927,,,,,,
1/19/1927,,,,,,
1/20/1927,,,,,,
1/21/1927,,,,,,
1/22/1927,,,,,,
1/23/1927,,,,,,
1/24/1927,,,,,,
1/25/1927,,,,,,
1/26/1927,,,,,,
1/27/1927,,,,,,
1/28/1927,,,,,,
1/29/1927,,,,,,
1/30/1927,,,,,,
1/31/1927,,,,,,
2/1/1927,,,,,,
2/2/1927,,,,,,
2/3/1927,,,,,,
2/4/1927,,,,,,
2/5/1927,,,,,,
2/6/1927,,,,,,
2/7/1927,,,,,,
2/8/1927,,,,,,
2/9/1927,,,,,,
2/10/1927,,,,,,
2/11/1927,,,,,,
2/12/1927,,,,,,
2/13/1927,,,,,,
2/14/1927,,,,,,
2/15/1927,,,,,,
2/16/1927,,,,,,
2/17/1927,,,,,,
2/18/1927,,,,,,
2/19/1927,,,,,,
2/20/1927,,,,,,
2/21/1927,,,,,,
2/22/1927,,,,,,
2/23/1927,,,,,,
2/24/1927,,,,,,
2/25/1927,,,,,,
2/26/1927,,,,,,
2/27/1927,,,,,,
2/28/1927,,,,,,
3/1/1927,,,,,,
3/2/1927,,,,,,
3/3/1927,,,,,,
3/4/1927,,,,,,
3/5/1927,,,,,,
3/6/1927,,,,,,
3/7/1927,,,,,,
3/8/1927,,,,,,
3/9/1927,,,,,,
3/10/1927,,,,,,
3/11/1927,,,,,,
3/12/1927,,,,,,
3/13/1927,,,,,,
3/14/1927,,,,,,
3/15/1927,,,,,,
3/16/1927,,,,,,
3/17/1927,,,,,,
3/18/1927,,,,,,
3/19/1927,,,,,,
3/20/1927,,,,,,
3/21/1927,,,,,,
3/22/1927,,,,,,
3/23/1927,,,,,,
3/24/1927,,,,,,
3/25/1927,,,,,,
3/26/1927,,,,,,
3/27/1927,,,,,,
3/28/1927,,,,,,
3/29/1927,,,,,,
3/30/1927,,,,,,
3/31/1927,,,,,,
4/1/1927,,,,,,
4/2/1927,,,,,,
4/3/1927,,,,,,
4/4/1927,,,,,,
4/5/1927,,,,,,
4/6/1927,,,,,,
4/7/1927,,,,,,
4/8/1927,,,,,,
4/9/1927,,,,,,
4/10/1927,,,,,,
4/11/1927,,,,,,
4/12/1927,,,,,,
4/13/1927,,,,,,
4/14/1927,,,,,,
4/15/1927,,,,,,
4/16/1927,,,,,,
4/17/1927,,,,,,
4/18/1927,,,,,,
4/19/1927,,,,,,
4/20/1927,,,,,,
4/21/1927,,,,,,
4/22/1927,,,,,,
4/23/1927,,,,,,
4/24/1927,,,,,,
4/25/1927,,,,,,
4/26/1927,,,,,,
4/27/1927,,,,,,
4/28/1927,,,,,,
4/29/1927,,,,,,
4/30/1927,,,,,,
5/1/1927,,,,,,
5/2/1927,,,,,,
5/3/1927,,,,,,
5/4/1927,,,,,,
5/5/1927,,,,,,
5/6/1927,,,,,,
5/7/1927,,,,,,
5/8/1927,,,,,,
5/9/1927,,,,,,
5/10/1927,,,,,,
5/11/1927,,,,,,
5/12/1927,,,,,,
5/13/1927,,,,,,
5/14/1927,,,,,,
5/15/1927,,,,,,
5/16/1927,,,,,,
5/17/1927,,,,,,
5/18/1927,,,,,,
5/19/1927,,,,,,
5/20/1927,,,,,,
5/21/1927,,,,,,
5/22/1927,,,,,,
5/23/1927,,,,,,
5/24/1927,,,,,,
5/25/1927,,,,,,
5/26/1927,,,,,,
5/27/1927,,,,,,
5/28/1927,,,,,,
5/29/1927,,,,,,
5/30/1927,,,,,,
5/31/1927,,,,,,
6/1/1927,,,,,,
6/2/1927,,,,,,
6/3/1927,,,,,,
6/4/1927,,,,,,
6/5/1927,,,,,,
6/6/1927,,,,,,
6/7/1927,,,,,,
6/8/1927,,,,,,
6/9/1927,,,,,,
6/10/1927,,,,,,
6/11/1927,,,,,,
6/12/1927,,,,,,
6/13/1927,,,,,,
6/14/1927,,,,,,
6/15/1927,,,,,,
6/16/1927,,,,,,
6/17/1927,,,,,,
6/18/1927,,,,,,
6/19/1927,,,,,,
6/20/1927,,,,,,
6/21/1927,,,,,,
6/22/1927,,,,,,
6/23/1927,,,,,,
6/24/1927,,,,,,
6/25/1927,,,,,,
6/26/1927,,,,,,
6/27/1927,,,,,,
6/28/1927,,,,,,
6/29/1927,,,,,,
6/30/1927,,,,,,
7/1/1927,,,,,,
7/2/1927,,,,,,
7/3/1927,,,,,,
7/4/1927,,,,,,
7/5/1927,,,,,,
7/6/1927,,,,,,
7/7/1927,,,,,,
7/8/1927,,,,,,
7/9/1927,,,,,,
7/10/1927,,,,,,
7/11/1927,,,,,,
7/12/1927,,,,,,
7/13/1927,,,,,,
7/14/1927,,,,,,
7/15/1927,,,,,,
7/16/1927,,,,,,
7/17/1927,,,,,,
7/18/1927,,,,,,
7/19/1927,,,,,,
7/20/1927,,,,,,
7/21/1927,,,,,,
7/22/1927,,,,,,
7/23/1927,,,,,,
7/24/1927,,,,,,
7/25/1927,,,,,,
7/26/1927,,,,,,
7/27/1927,,,,,,
7/28/1927,,,,,,
7/29/1927,,,,,,
7/30/1927,,,,,,
7/31/1927,,,,,,
8/1/1927,,,,,,
8/2/1927,,,,,,
8/3/1927,,,,,,
8/4/1927,,,,,,
8/5/1927,,,,,,
8/6/1927,,,,,,
8/7/1927,,,,,,
8/8/1927,,,,,,
8/9/1927,,,,,,
8/10/1927,,,,,,
8/11/1927,,,,,,
8/12/1927,,,,,,
8/13/1927,,,,,,
8/14/1927,,,,,,
8/15/1927,,,,,,
8/16/1927,,,,,,
8/17/1927,,,,,,
8/18/1927,,,,,,
8/19/1927,,,,,,
8/20/1927,,,,,,
8/21/1927,,,,,,
8/22/1927,,,,,,
8/23/1927,,,,,,
8/24/1927,,,,,,
8/25/1927,,,,,,
8/26/1927,,,,,,
8/27/1927,,,,,,
8/28/1927,,,,,,
8/29/1927,,,,,,
8/30/1927,,,,,,
8/31/1927,,,,,,
9/1/1927,,,,,,
9/2/1927,,,,,,
9/3/1927,,,,,,
9/4/1927,,,,,,
9/5/1927,,,,,,
9/6/1927,,,,,,
9/7/1927,,,,,,
9/8/1927,,,,,,
9/9/1927,,,,,,
9/10/1927,,,,,,
9/11/1927,,,,,,
9/12/1927,,,,,,
9/13/1927,,,,,,
9/14/1927,,,,,,
9/15/1927,,,,,,
9/16/1927,,,,,,
9/17/1927,,,,,,
9/18/1927,,,,,,
9/19/1927,,,,,,
9/20/1927,,,,,,
9/21/1927,,,,,,
9/22/1927,,,,,,
9/23/1927,,,,,,
9/24/1927,,,,,,
9/25/1927,,,,,,
9/26/1927,,,,,,
9/27/1927,,,,,,
9/28/1927,,,,,,
9/29/1927,,,,,,
9/30/1927,,,,,,
10/1/1927,,,,,,
10/2/1927,,,,,,
10/3/1927,,,,,,
10/4/1927,,,,,,
10/5/1927,,,,,,
10/6/1927,,,,,,
10/7/1927,,,,,,
10/8/1927,,,,,,
10/9/1927,,,,,,
10/10/1927,,,,,,
10/11/1927,,,,,,
10/12/1927,,,,,,
10/13/1927,,,,,,
10/14/1927,,,,,,
10/15/1927,,,,,,
10/16/1927,,,,,,
10/17/1927,,,,,,
10/18/1927,,,,,,
10/19/1927,,,,,,
10/20/1927,,,,,,
10/21/1927,,,,,,
10/22/1927,,,,,,
10/23/1927,,,,,,
10/24/1927,,,,,,
10/25/1927,,,,,,
10/26/1927,,,,,,
10/27/1927,,,,,,
10/28/1927,,,,,,
10/29/1927,,,,,,
10/30/1927,,,,,,
10/31/1927,,,,,,
11/1/1927,,,,,,
11/2/1927,,,,,,
11/3/1927,,,,,,
11/4/1927,,,,,,
11/5/1927,,,,,,
11/6/1927,,,,,,
11/7/1927,,,,,,
11/8/1927,,,,,,
11/9/1927,,,,,,
11/10/1927,,,,,,
11/11/1927,,,,,,
11/12/1927,,,,,,
11/13/1927,,,,,,
11/14/1927,,,,,,
11/15/1927,,,,,,
11/16/1927,,,,,,
11/17/1927,,,,,,
11/18/1927,,,,,,
11/19/1927,,,,,,
11/20/1927,,,,,,
11/21/1927,,,,,,
11/22/1927,,,,,,
11/23/1927,,,,,,
11/24/1927,,,,,,
11/25/1927,,,,,,
11/26/1927,,,,,,
11/27/1927,,,,,,
11/28/1927,,,,,,
11/29/1927,,,,,,
11/30/1927,,,,,,
12/1/1927,,,,,,
12/2/1927,,,,,,
12/3/1927,,,,,,
12/4/1927,,,,,,
12/5/1927,,,,,,
12/6/1927,,,,,,
12/7/1927,,,,,,
12/8/1927,,,,,,
12/9/1927,,,,,,
12/10/1927,,,,,,
12/11/1927,,,,,,
12/12/1927,,,,,,
12/13/1927,,,,,,
12/14/1927,,,,,,
12/15/1927,,,,,,
12/16/1927,,,,,,
12/17/1927,,,,,,
12/18/1927,,,,,,
12/19/1927,,,,,,
12/20/1927,,,,,,
12/21/1927,,,,,,
12/22/1927,,,,,,
12/23/1927,,,,,,
12/24/1927,,,,,,
12/25/1927,,,,,,
12/26/1927,,,,,,
12/27/1927,,,,,,
12/28/1927,,,,,,
12/29/1927,,,,,,
12/30/1927,,,,,,
12/31/1927,,,,,,
1/1/1928,,,,,,
1/2/1928,,,,,,
1/3/1928,,,,,,
1/4/1928,,,,,,
1/5/1928,,,,,,
1/6/1928,,,,,,
1/7/1928,,,,,,
1/8/1928,,,,,,
1/9/1928,,,,,,
1/10/1928,,,,,,
1/11/1928,,,,,,
1/12/1928,,,,,,
1/13/1928,,,,,,
1/14/1928,,,,,,
1/15/1928,,,,,,
1/16/1928,,,,,,
1/17/1928,,,,,,
1/18/1928,,,,,,
1/19/1928,,,,,,
1/20/1928,,,,,,
1/21/1928,,,,,,
1/22/1928,,,,,,
1/23/1928,,,,,,
1/24/1928,,,,,,
1/25/1928,,,,,,
1/26/1928,,,,,,
1/27/1928,,,,,,
1/28/1928,,,,,,
1/29/1928,,,,,,
1/30/1928,,,,,,
1/31/1928,,,,,,
2/1/1928,,,,,,
2/2/1928,,,,,,
2/3/1928,,,,,,
2/4/1928,,,,,,
2/5/1928,,,,,,
2/6/1928,,,,,,
2/7/1928,,,,,,
2/8/1928,,,,,,
2/9/1928,,,,,,
2/10/1928,,,,,,
2/11/1928,,,,,,
2/12/1928,,,,,,
2/13/1928,,,,,,
2/14/1928,,,,,,
2/15/1928,,,,,,
2/16/1928,,,,,,
2/17/1928,,,,,,
2/18/1928,,,,,,
2/19/1928,,,,,,
2/20/1928,,,,,,
2/21/1928,,,,,,
2/22/1928,,,,,,
2/23/1928,,,,,,
2/24/1928,,,,,,
2/25/1928,,,,,,
2/26/1928,,,,,,
2/27/1928,,,,,,
2/28/1928,,,,,,
2/29/1928,,,,,,
3/1/1928,,,,,,
3/2/1928,,,,,,
3/3/1928,,,,,,
3/4/1928,,,,,,
3/5/1928,,,,,,
3/6/1928,,,,,,
3/7/1928,,,,,,
3/8/1928,,,,,,
3/9/1928,,,,,,
3/10/1928,,,,,,
3/11/1928,,,,,,
3/12/1928,,,,,,
3/13/1928,,,,,,
3/14/1928,,,,,,
3/15/1928,,,,,,
3/16/1928,,,,,,
3/17/1928,,,,,,
3/18/1928,,,,,,
3/19/1928,,,,,,
3/20/1928,,,,,,
3/21/1928,,,,,,
3/22/1928,,,,,,
3/23/1928,,,,,,
3/24/1928,,,,,,
3/25/1928,,,,,,
3/26/1928,,,,,,
3/27/1928,,,,,,
3/28/1928,,,,,,
3/29/1928,,,,,,
3/30/1928,,,,,,
3/31/1928,,,,,,
4/1/1928,,,,,,
4/2/1928,,,,,,
4/3/1928,,,,,,
4/4/1928,,,,,,
4/5/1928,,,,,,
4/6/1928,,,,,,
4/7/1928,,,,,,
4/8/1928,,,,,,
4/9/1928,,,,,,
4/10/1928,,,,,,
4/11/1928,,,,,,
4/12/1928,,,,,,
4/13/1928,,,,,,
4/14/1928,,,,,,
4/15/1928,,,,,,
4/16/1928,,,,,,
4/17/1928,,,,,,
4/18/1928,,,,,,
4/19/1928,,,,,,
4/20/1928,,,,,,
4/21/1928,,,,,,
4/22/1928,,,,,,
4/23/1928,,,,,,
4/24/1928,,,,,,
4/25/1928,,,,,,
4/26/1928,,,,,,
4/27/1928,,,,,,
4/28/1928,,,,,,
4/29/1928,,,,,,
4/30/1928,,,,,,
5/1/1928,,,,,,
5/2/1928,,,,,,
5/3/1928,,,,,,
5/4/1928,,,,,,
5/5/1928,,,,,,
5/6/1928,,,,,,
5/7/1928,,,,,,
5/8/1928,,,,,,
5/9/1928,,,,,,
5/10/1928,,,,,,
5/11/1928,,,,,,
5/12/1928,,,,,,
5/13/1928,,,,,,
5/14/1928,,,,,,
5/15/1928,,,,,,
5/16/1928,,,,,,
5/17/1928,,,,,,
5/18/1928,,,,,,
5/19/1928,,,,,,
5/20/1928,,,,,,
5/21/1928,,,,,,
5/22/1928,,,,,,
5/23/1928,,,,,,
5/24/1928,,,,,,
5/25/1928,,,,,,
5/26/1928,,,,,,
5/27/1928,,,,,,
5/28/1928,,,,,,
5/29/1928,,,,,,
5/30/1928,,,,,,
5/31/1928,,,,,,
6/1/1928,,,,,,
6/2/1928,,,,,,
6/3/1928,,,,,,
6/4/1928,,,,,,
6/5/1928,,,,,,
6/6/1928,,,,,,
6/7/1928,,,,,,
6/8/1928,,,,,,
6/9/1928,,,,,,
6/10/1928,,,,,,
6/11/1928,,,,,,
6/12/1928,,,,,,
6/13/1928,,,,,,
6/14/1928,,,,,,
6/15/1928,,,,,,
6/16/1928,,,,,,
6/17/1928,,,,,,
6/18/1928,,,,,,
6/19/1928,,,,,,
6/20/1928,,,,,,
6/21/1928,,,,,,
6/22/1928,,,,,,
6/23/1928,,,,,,
6/24/1928,,,,,,
6/25/1928,,,,,,
6/26/1928,,,,,,
6/27/1928,,,,,,
6/28/1928,,,,,,
6/29/1928,,,,,,
6/30/1928,,,,,,
7/1/1928,,,,,,
7/2/1928,,,,,,
7/3/1928,,,,,,
7/4/1928,,,,,,
7/5/1928,,,,,,
7/6/1928,,,,,,
7/7/1928,,,,,,
7/8/1928,,,,,,
7/9/1928,,,,,,
7/10/1928,,,,,,
7/11/1928,,,,,,
7/12/1928,,,,,,
7/13/1928,,,,,,
7/14/1928,,,,,,
7/15/1928,,,,,,
7/16/1928,,,,,,
7/17/1928,,,,,,
7/18/1928,,,,,,
7/19/1928,,,,,,
7/20/1928,,,,,,
7/21/1928,,,,,,
7/22/1928,,,,,,
7/23/1928,,,,,,
7/24/1928,,,,,,
7/25/1928,,,,,,
7/26/1928,,,,,,
7/27/1928,,,,,,
7/28/1928,,,,,,
7/29/1928,,,,,,
7/30/1928,,,,,,
7/31/1928,,,,,,
8/1/1928,,,,,,
8/2/1928,,,,,,
8/3/1928,,,,,,
8/4/1928,,,,,,
8/5/1928,,,,,,
8/6/1928,,,,,,
8/7/1928,,,,,,
8/8/1928,,,,,,
8/9/1928,,,,,,
8/10/1928,,,,,,
8/11/1928,,,,,,
8/12/1928,,,,,,
8/13/1928,,,,,,
8/14/1928,,,,,,
8/15/1928,,,,,,
8/16/1928,,,,,,
8/17/1928,,,,,,
8/18/1928,,,,,,
8/19/1928,,,,,,
8/20/1928,,,,,,
8/21/1928,,,,,,
8/22/1928,,,,,,
8/23/1928,,,,,,
8/24/1928,,,,,,
8/25/1928,,,,,,
8/26/1928,,,,,,
8/27/1928,,,,,,
8/28/1928,,,,,,
8/29/1928,,,,,,
8/30/1928,,,,,,
8/31/1928,,,,,,
9/1/1928,,,,,,
9/2/1928,,,,,,
9/3/1928,,,,,,
9/4/1928,,,,,,
9/5/1928,,,,,,
9/6/1928,,,,,,
9/7/1928,,,,,,
9/8/1928,,,,,,
9/9/1928,,,,,,
9/10/1928,,,,,,
9/11/1928,,,,,,
9/12/1928,,,,,,
9/13/1928,,,,,,
9/14/1928,,,,,,
9/15/1928,,,,,,
9/16/1928,,,,,,
9/17/1928,,,,,,
9/18/1928,,,,,,
9/19/1928,,,,,,
9/20/1928,,,,,,
9/21/1928,,,,,,
9/22/1928,,,,,,
9/23/1928,,,,,,
9/24/1928,,,,,,
9/25/1928,,,,,,
9/26/1928,,,,,,
9/27/1928,,,,,,
9/28/1928,,,,,,
9/29/1928,,,,,,
9/30/1928,,,,,,
10/1/1928,,,,,,
10/2/1928,,,,,,
10/3/1928,,,,,,
10/4/1928,,,,,,
10/5/1928,,,,,,
10/6/1928,,,,,,
10/7/1928,,,,,,
10/8/1928,,,,,,
10/9/1928,,,,,,
10/10/1928,,,,,,
10/11/1928,,,,,,
10/12/1928,,,,,,
10/13/1928,,,,,,
10/14/1928,,,,,,
10/15/1928,,,,,,
10/16/1928,,,,,,
10/17/1928,,,,,,
10/18/1928,,,,,,
10/19/1928,,,,,,
10/20/1928,,,,,,
10/21/1928,,,,,,
10/22/1928,,,,,,
10/23/1928,,,,,,
10/24/1928,,,,,,
10/25/1928,,,,,,
10/26/1928,,,,,,
10/27/1928,,,,,,
10/28/1928,,,,,,
10/29/1928,,,,,,
10/30/1928,,,,,,
10/31/1928,,,,,,
11/1/1928,,,,,,
11/2/1928,,,,,,
11/3/1928,,,,,,
11/4/1928,,,,,,
11/5/1928,,,,,,
11/6/1928,,,,,,
11/7/1928,,,,,,
11/8/1928,,,,,,
11/9/1928,,,,,,
11/10/1928,,,,,,
11/11/1928,,,,,,
11/12/1928,,,,,,
11/13/1928,,,,,,
11/14/1928,,,,,,
11/15/1928,,,,,,
11/16/1928,,,,,,
11/17/1928,,,,,,
11/18/1928,,,,,,
11/19/1928,,,,,,
11/20/1928,,,,,,
11/21/1928,,,,,,
11/22/1928,,,,,,
11/23/1928,,,,,,
11/24/1928,,,,,,
11/25/1928,,,,,,
11/26/1928,,,,,,
11/27/1928,,,,,,
11/28/1928,,,,,,
11/29/1928,,,,,,
11/30/1928,,,,,,
12/1/1928,,,,,,
12/2/1928,,,,,,
12/3/1928,,,,,,
12/4/1928,,,,,,
12/5/1928,,,,,,
12/6/1928,,,,,,
12/7/1928,,,,,,
12/8/1928,,,,,,
12/9/1928,,,,,,
12/10/1928,,,,,,
12/11/1928,,,,,,
12/12/1928,,,,,,
12/13/1928,,,,,,
12/14/1928,,,,,,
12/15/1928,,,,,,
12/16/1928,,,,,,
12/17/1928,,,,,,
12/18/1928,,,,,,
12/19/1928,,,,,,
12/20/1928,,,,,,
12/21/1928,,,,,,
12/22/1928,,,,,,
12/23/1928,,,,,,
12/24/1928,,,,,,
12/25/1928,,,,,,
12/26/1928,,,,,,
12/27/1928,,,,,,
12/28/1928,,,,,,
12/29/1928,,,,,,
12/30/1928,,,,,,
12/31/1928,,,,,,
1/1/1929,,,,,,
1/2/1929,,,,,,
1/3/1929,,,,,,
1/4/1929,,,,,,
1/5/1929,,,,,,
1/6/1929,,,,,,
1/7/1929,,,,,,
1/8/1929,,,,,,
1/9/1929,,,,,,
1/10/1929,,,,,,
1/11/1929,,,,,,
1/12/1929,,,,,,
1/13/1929,,,,,,
1/14/1929,,,,,,
1/15/1929,,,,,,
1/16/1929,,,,,,
1/17/1929,,,,,,
1/18/1929,,,,,,
1/19/1929,,,,,,
1/20/1929,,,,,,
1/21/1929,,,,,,
1/22/1929,,,,,,
1/23/1929,,,,,,
1/24/1929,,,,,,
1/25/1929,,,,,,
1/26/1929,,,,,,
1/27/1929,,,,,,
1/28/1929,,,,,,
1/29/1929,,,,,,
1/30/1929,,,,,,
1/31/1929,,,,,,
2/1/1929,,,,,,
2/2/1929,,,,,,
2/3/1929,,,,,,
2/4/1929,,,,,,
2/5/1929,,,,,,
2/6/1929,,,,,,
2/7/1929,,,,,,
2/8/1929,,,,,,
2/9/1929,,,,,,
2/10/1929,,,,,,
2/11/1929,,,,,,
2/12/1929,,,,,,
2/13/1929,,,,,,
2/14/1929,,,,,,
2/15/1929,,,,,,
2/16/1929,,,,,,
2/17/1929,,,,,,
2/18/1929,,,,,,
2/19/1929,,,,,,
2/20/1929,,,,,,
2/21/1929,,,,,,
2/22/1929,,,,,,
2/23/1929,,,,,,
2/24/1929,,,,,,
2/25/1929,,,,,,
2/26/1929,,,,,,
2/27/1929,,,,,,
2/28/1929,,,,,,
3/1/1929,,,,,,
3/2/1929,,,,,,
3/3/1929,,,,,,
3/4/1929,,,,,,
3/5/1929,,,,,,
3/6/1929,,,,,,
3/7/1929,,,,,,
3/8/1929,,,,,,
3/9/1929,,,,,,
3/10/1929,,,,,,
3/11/1929,,,,,,
3/12/1929,,,,,,
3/13/1929,,,,,,
3/14/1929,,,,,,
3/15/1929,,,,,,
3/16/1929,,,,,,
3/17/1929,,,,,,
3/18/1929,,,,,,
3/19/1929,,,,,,
3/20/1929,,,,,,
3/21/1929,,,,,,
3/22/1929,,,,,,
3/23/1929,,,,,,
3/24/1929,,,,,,
3/25/1929,,,,,,
3/26/1929,,,,,,
3/27/1929,,,,,,
3/28/1929,,,,,,
3/29/1929,,,,,,
3/30/1929,,,,,,
3/31/1929,,,,,,
4/1/1929,,,,,,
4/2/1929,,,,,,
4/3/1929,,,,,,
4/4/1929,,,,,,
4/5/1929,,,,,,
4/6/1929,,,,,,
4/7/1929,,,,,,
4/8/1929,,,,,,
4/9/1929,,,,,,
4/10/1929,,,,,,
4/11/1929,,,,,,
4/12/1929,,,,,,
4/13/1929,,,,,,
4/14/1929,,,,,,
4/15/1929,,,,,,
4/16/1929,,,,,,
4/17/1929,,,,,,
4/18/1929,,,,,,
4/19/1929,,,,,,
4/20/1929,,,,,,
4/21/1929,,,,,,
4/22/1929,,,,,,
4/23/1929,,,,,,
4/24/1929,,,,,,
4/25/1929,,,,,,
4/26/1929,,,,,,
4/27/1929,,,,,,
4/28/1929,,,,,,
4/29/1929,,,,,,
4/30/1929,,,,,,
5/1/1929,,,,,,
5/2/1929,,,,,,
5/3/1929,,,,,,
5/4/1929,,,,,,
5/5/1929,,,,,,
5/6/1929,,,,,,
5/7/1929,,,,,,
5/8/1929,,,,,,
5/9/1929,,,,,,
5/10/1929,,,,,,
5/11/1929,,,,,,
5/12/1929,,,,,,
5/13/1929,,,,,,
5/14/1929,,,,,,
5/15/1929,,,,,,
5/16/1929,,,,,,
5/17/1929,,,,,,
5/18/1929,,,,,,
5/19/1929,,,,,,
5/20/1929,,,,,,
5/21/1929,,,,,,
5/22/1929,,,,,,
5/23/1929,,,,,,
5/24/1929,,,,,,
5/25/1929,,,,,,
5/26/1929,,,,,,
5/27/1929,,,,,,
5/28/1929,,,,,,
5/29/1929,,,,,,
5/30/1929,,,,,,
5/31/1929,,,,,,
6/1/1929,,,,,,
6/2/1929,,,,,,
6/3/1929,,,,,,
6/4/1929,,,,,,
6/5/1929,,,,,,
6/6/1929,,,,,,
6/7/1929,,,,,,
6/8/1929,,,,,,
6/9/1929,,,,,,
6/10/1929,,,,,,
6/11/1929,,,,,,
6/12/1929,,,,,,
6/13/1929,,,,,,
6/14/1929,,,,,,
6/15/1929,,,,,,
6/16/1929,,,,,,
6/17/1929,,,,,,
6/18/1929,,,,,,
6/19/1929,,,,,,
6/20/1929,,,,,,
6/21/1929,,,,,,
6/22/1929,,,,,,
6/23/1929,,,,,,
6/24/1929,,,,,,
6/25/1929,,,,,,
6/26/1929,,,,,,
6/27/1929,,,,,,
6/28/1929,,,,,,
6/29/1929,,,,,,
6/30/1929,,,,,,
7/1/1929,,,,,,
7/2/1929,,,,,,
7/3/1929,,,,,,
7/4/1929,,,,,,
7/5/1929,,,,,,
7/6/1929,,,,,,
7/7/1929,,,,,,
7/8/1929,,,,,,
7/9/1929,,,,,,
7/10/1929,,,,,,
7/11/1929,,,,,,
7/12/1929,,,,,,
7/13/1929,,,,,,
7/14/1929,,,,,,
7/15/1929,,,,,,
7/16/1929,,,,,,
7/17/1929,,,,,,
7/18/1929,,,,,,
7/19/1929,,,,,,
7/20/1929,,,,,,
7/21/1929,,,,,,
7/22/1929,,,,,,
7/23/1929,,,,,,
7/24/1929,,,,,,
7/25/1929,,,,,,
7/26/1929,,,,,,
7/27/1929,,,,,,
7/28/1929,,,,,,
7/29/1929,,,,,,
7/30/1929,,,,,,
7/31/1929,,,,,,
8/1/1929,,,,,,
8/2/1929,,,,,,
8/3/1929,,,,,,
8/4/1929,,,,,,
8/5/1929,,,,,,
8/6/1929,,,,,,
8/7/1929,,,,,,
8/8/1929,,,,,,
8/9/1929,,,,,,
8/10/1929,,,,,,
8/11/1929,,,,,,
8/12/1929,,,,,,
8/13/1929,,,,,,
8/14/1929,,,,,,
8/15/1929,,,,,,
8/16/1929,,,,,,
8/17/1929,,,,,,
8/18/1929,,,,,,
8/19/1929,,,,,,
8/20/1929,,,,,,
8/21/1929,,,,,,
8/22/1929,,,,,,
8/23/1929,,,,,,
8/24/1929,,,,,,
8/25/1929,,,,,,
8/26/1929,,,,,,
8/27/1929,,,,,,
8/28/1929,,,,,,
8/29/1929,,,,,,
8/30/1929,,,,,,
8/31/1929,,,,,,
9/1/1929,,,,,,
9/2/1929,,,,,,
9/3/1929,,,,,,
9/4/1929,,,,,,
9/5/1929,,,,,,
9/6/1929,,,,,,
9/7/1929,,,,,,
9/8/1929,,,,,,
9/9/1929,,,,,,
9/10/1929,,,,,,
9/11/1929,,,,,,
9/12/1929,,,,,,
9/13/1929,,,,,,
9/14/1929,,,,,,
9/15/1929,,,,,,
9/16/1929,,,,,,
9/17/1929,,,,,,
9/18/1929,,,,,,
9/19/1929,,,,,,
9/20/1929,,,,,,
9/21/1929,,,,,,
9/22/1929,,,,,,
9/23/1929,,,,,,
9/24/1929,,,,,,
9/25/1929,,,,,,
9/26/1929,,,,,,
9/27/1929,,,,,,
9/28/1929,,,,,,
9/29/1929,,,,,,
9/30/1929,,,,,,
10/1/1929,,,,,,
10/2/1929,,,,,,
10/3/1929,,,,,,
10/4/1929,,,,,,
10/5/1929,,,,,,
10/6/1929,,,,,,
10/7/1929,,,,,,
10/8/1929,,,,,,
10/9/1929,,,,,,
10/10/1929,,,,,,
10/11/1929,,,,,,
10/12/1929,,,,,,
10/13/1929,,,,,,
10/14/1929,,,,,,
10/15/1929,,,,,,
10/16/1929,,,,,,
10/17/1929,,,,,,
10/18/1929,,,,,,
10/19/1929,,,,,,
10/20/1929,,,,,,
10/21/1929,,,,,,
10/22/1929,,,,,,
10/23/1929,,,,,,
10/24/1929,,,,,,
10/25/1929,,,,,,
10/26/1929,,,,,,
10/27/1929,,,,,,
10/28/1929,,,,,,
10/29/1929,,,,,,
10/30/1929,,,,,,
10/31/1929,,,,,,
11/1/1929,,,,,,
11/2/1929,,,,,,
11/3/1929,,,,,,
11/4/1929,,,,,,
11/5/1929,,,,,,
11/6/1929,,,,,,
11/7/1929,,,,,,
11/8/1929,,,,,,
11/9/1929,,,,,,
11/10/1929,,,,,,
11/11/1929,,,,,,
11/12/1929,,,,,,
11/13/1929,,,,,,
11/14/1929,,,,,,
11/15/1929,,,,,,
11/16/1929,,,,,,
11/17/1929,,,,,,
11/18/1929,,,,,,
11/19/1929,,,,,,
11/20/1929,,,,,,
11/21/1929,,,,,,
11/22/1929,,,,,,
11/23/1929,,,,,,
11/24/1929,,,,,,
11/25/1929,,,,,,
11/26/1929,,,,,,
11/27/1929,,,,,,
11/28/1929,,,,,,
11/29/1929,,,,,,
11/30/1929,,,,,,
12/1/1929,,,,,,
12/2/1929,,,,,,
12/3/1929,,,,,,
12/4/1929,,,,,,
12/5/1929,,,,,,
12/6/1929,,,,,,
12/7/1929,,,,,,
12/8/1929,,,,,,
12/9/1929,,,,,,
12/10/1929,,,,,,
12/11/1929,,,,,,
12/12/1929,,,,,,
12/13/1929,,,,,,
12/14/1929,,,,,,
12/15/1929,,,,,,
12/16/1929,,,,,,
12/17/1929,,,,,,
12/18/1929,,,,,,
12/19/1929,,,,,,
12/20/1929,,,,,,
12/21/1929,,,,,,
12/22/1929,,,,,,
12/23/1929,,,,,,
12/24/1929,,,,,,
12/25/1929,,,,,,
12/26/1929,,,,,,
12/27/1929,,,,,,
12/28/1929,,,,,,
12/29/1929,,,,,,
12/30/1929,,,,,,
12/31/1929,,,,,,
1/1/1930,,,,,,
1/2/1930,,,,,,
1/3/1930,,,,,,
1/4/1930,,,,,,
1/5/1930,,,,,,
1/6/1930,,,,,,
1/7/1930,,,,,,
1/8/1930,,,,,,
1/9/1930,,,,,,
1/10/1930,,,,,,
1/11/1930,,,,,,
1/12/1930,,,,,,
1/13/1930,,,,,,
1/14/1930,,,,,,
1/15/1930,,,,,,
1/16/1930,,,,,,
1/17/1930,,,,,,
1/18/1930,,,,,,
1/19/1930,,,,,,
1/20/1930,,,,,,
1/21/1930,,,,,,
1/22/1930,,,,,,
1/23/1930,,,,,,
1/24/1930,,,,,,
1/25/1930,,,,,,
1/26/1930,,,,,,
1/27/1930,,,,,,
1/28/1930,,,,,,
1/29/1930,,,,,,
1/30/1930,,,,,,
1/31/1930,,,,,,
2/1/1930,,,,,,
2/2/1930,,,,,,
2/3/1930,,,,,,
2/4/1930,,,,,,
2/5/1930,,,,,,
2/6/1930,,,,,,
2/7/1930,,,,,,
2/8/1930,,,,,,
2/9/1930,,,,,,
2/10/1930,,,,,,
2/11/1930,,,,,,
2/12/1930,,,,,,
2/13/1930,,,,,,
2/14/1930,,,,,,
2/15/1930,,,,,,
2/16/1930,,,,,,
2/17/1930,,,,,,
2/18/1930,,,,,,
2/19/1930,,,,,,
2/20/1930,,,,,,
2/21/1930,,,,,,
2/22/1930,,,,,,
2/23/1930,,,,,,
2/24/1930,,,,,,
2/25/1930,,,,,,
2/26/1930,,,,,,
2/27/1930,,,,,,
2/28/1930,,,,,,
3/1/1930,,,,,,
3/2/1930,,,,,,
3/3/1930,,,,,,
3/4/1930,,,,,,
3/5/1930,,,,,,
3/6/1930,,,,,,
3/7/1930,,,,,,
3/8/1930,,,,,,
3/9/1930,,,,,,
3/10/1930,,,,,,
3/11/1930,,,,,,
3/12/1930,,,,,,
3/13/1930,,,,,,
3/14/1930,,,,,,
3/15/1930,,,,,,
3/16/1930,,,,,,
3/17/1930,,,,,,
3/18/1930,,,,,,
3/19/1930,,,,,,
3/20/1930,,,,,,
3/21/1930,,,,,,
3/22/1930,,,,,,
3/23/1930,,,,,,
3/24/1930,,,,,,
3/25/1930,,,,,,
3/26/1930,,,,,,
3/27/1930,,,,,,
3/28/1930,,,,,,
3/29/1930,,,,,,
3/30/1930,,,,,,
3/31/1930,,,,,,
4/1/1930,,,,,,
4/2/1930,,,,,,
4/3/1930,,,,,,
4/4/1930,,,,,,
4/5/1930,,,,,,
4/6/1930,,,,,,
4/7/1930,,,,,,
4/8/1930,,,,,,
4/9/1930,,,,,,
4/10/1930,,,,,,
4/11/1930,,,,,,
4/12/1930,,,,,,
4/13/1930,,,,,,
4/14/1930,,,,,,
4/15/1930,,,,,,
4/16/1930,,,,,,
4/17/1930,,,,,,
4/18/1930,,,,,,
4/19/1930,,,,,,
4/20/1930,,,,,,
4/21/1930,,,,,,
4/22/1930,,,,,,
4/23/1930,,,,,,
4/24/1930,,,,,,
4/25/1930,,,,,,
4/26/1930,,,,,,
4/27/1930,,,,,,
4/28/1930,,,,,,
4/29/1930,,,,,,
4/30/1930,,,,,,
5/1/1930,,,,,,
5/2/1930,,,,,,
5/3/1930,,,,,,
5/4/1930,,,,,,
5/5/1930,,,,,,
5/6/1930,,,,,,
5/7/1930,,,,,,
5/8/1930,,,,,,
5/9/1930,,,,,,
5/10/1930,,,,,,
5/11/1930,,,,,,
5/12/1930,,,,,,
5/13/1930,,,,,,
5/14/1930,,,,,,
5/15/1930,,,,,,
5/16/1930,,,,,,
5/17/1930,,,,,,
5/18/1930,,,,,,
5/19/1930,,,,,,
5/20/1930,,,,,,
5/21/1930,,,,,,
5/22/1930,,,,,,
5/23/1930,,,,,,
5/24/1930,,,,,,
5/25/1930,,,,,,
5/26/1930,,,,,,
5/27/1930,,,,,,
5/28/1930,,,,,,
5/29/1930,,,,,,
5/30/1930,,,,,,
5/31/1930,,,,,,
6/1/1930,,,,,,
6/2/1930,,,,,,
6/3/1930,,,,,,
6/4/1930,,,,,,
6/5/1930,,,,,,
6/6/1930,,,,,,
6/7/1930,,,,,,
6/8/1930,,,,,,
6/9/1930,,,,,,
6/10/1930,,,,,,
6/11/1930,,,,,,
6/12/1930,,,,,,
6/13/1930,,,,,,
6/14/1930,,,,,,
6/15/1930,,,,,,
6/16/1930,,,,,,
6/17/1930,,,,,,
6/18/1930,,,,,,
6/19/1930,,,,,,
6/20/1930,,,,,,
6/21/1930,,,,,,
6/22/1930,,,,,,
6/23/1930,,,,,,
6/24/1930,,,,,,
6/25/1930,,,,,,
6/26/1930,,,,,,
6/27/1930,,,,,,
6/28/1930,,,,,,
6/29/1930,,,,,,
6/30/1930,,,,,,
7/1/1930,,,,,,
7/2/1930,,,,,,
7/3/1930,,,,,,
7/4/1930,,,,,,
7/5/1930,,,,,,
7/6/1930,,,,,,
7/7/1930,,,,,,
7/8/1930,,,,,,
7/9/1930,,,,,,
7/10/1930,,,,,,
7/11/1930,,,,,,
7/12/1930,,,,,,
7/13/1930,,,,,,
7/14/1930,,,,,,
7/15/1930,,,,,,
7/16/1930,,,,,,
7/17/1930,,,,,,
7/18/1930,,,,,,
7/19/1930,,,,,,
7/20/1930,,,,,,
7/21/1930,,,,,,
7/22/1930,,,,,,
7/23/1930,,,,,,
7/24/1930,,,,,,
7/25/1930,,,,,,
7/26/1930,,,,,,
7/27/1930,,,,,,
7/28/1930,,,,,,
7/29/1930,,,,,,
7/30/1930,,,,,,
7/31/1930,,,,,,
8/1/1930,,,,,,
8/2/1930,,,,,,
8/3/1930,,,,,,
8/4/1930,,,,,,
8/5/1930,,,,,,
8/6/1930,,,,,,
8/7/1930,,,,,,
8/8/1930,,,,,,
8/9/1930,,,,,,
8/10/1930,,,,,,
8/11/1930,,,,,,
8/12/1930,,,,,,
8/13/1930,,,,,,
8/14/1930,,,,,,
8/15/1930,,,,,,
8/16/1930,,,,,,
8/17/1930,,,,,,
8/18/1930,,,,,,
8/19/1930,,,,,,
8/20/1930,,,,,,
8/21/1930,,,,,,
8/22/1930,,,,,,
8/23/1930,,,,,,
8/24/1930,,,,,,
8/25/1930,,,,,,
8/26/1930,,,,,,
8/27/1930,,,,,,
8/28/1930,,,,,,
8/29/1930,,,,,,
8/30/1930,,,,,,
8/31/1930,,,,,,
9/1/1930,,,,,,
9/2/1930,,,,,,
9/3/1930,,,,,,
9/4/1930,,,,,,
9/5/1930,,,,,,
9/6/1930,,,,,,
9/7/1930,,,,,,
9/8/1930,,,,,,
9/9/1930,,,,,,
9/10/1930,,,,,,
9/11/1930,,,,,,
9/12/1930,,,,,,
9/13/1930,,,,,,
9/14/1930,,,,,,
9/15/1930,,,,,,
9/16/1930,,,,,,
9/17/1930,,,,,,
9/18/1930,,,,,,
9/19/1930,,,,,,
9/20/1930,,,,,,
9/21/1930,,,,,,
9/22/1930,,,,,,
9/23/1930,,,,,,
9/24/1930,,,,,,
9/25/1930,,,,,,
9/26/1930,,,,,,
9/27/1930,,,,,,
9/28/1930,,,,,,
9/29/1930,,,,,,
9/30/1930,,,,,,
10/1/1930,,,,,,
10/2/1930,,,,,,
10/3/1930,,,,,,
10/4/1930,,,,,,
10/5/1930,,,,,,
10/6/1930,,,,,,
10/7/1930,,,,,,
10/8/1930,,,,,,
10/9/1930,,,,,,
10/10/1930,,,,,,
10/11/1930,,,,,,
10/12/1930,,,,,,
10/13/1930,,,,,,
10/14/1930,,,,,,
10/15/1930,,,,,,
10/16/1930,,,,,,
10/17/1930,,,,,,
10/18/1930,,,,,,
10/19/1930,,,,,,
10/20/1930,,,,,,
10/21/1930,,,,,,
10/22/1930,,,,,,
10/23/1930,,,,,,
10/24/1930,,,,,,
10/25/1930,,,,,,
10/26/1930,,,,,,
10/27/1930,,,,,,
10/28/1930,,,,,,
10/29/1930,,,,,,
10/30/1930,,,,,,
10/31/1930,,,,,,
11/1/1930,,,,,,
11/2/1930,,,,,,
11/3/1930,,,,,,
11/4/1930,,,,,,
11/5/1930,,,,,,
11/6/1930,,,,,,
11/7/1930,,,,,,
11/8/1930,,,,,,
11/9/1930,,,,,,
11/10/1930,,,,,,
11/11/1930,,,,,,
11/12/1930,,,,,,
11/13/1930,,,,,,
11/14/1930,,,,,,
11/15/1930,,,,,,
11/16/1930,,,,,,
11/17/1930,,,,,,
11/18/1930,,,,,,
11/19/1930,,,,,,
11/20/1930,,,,,,
11/21/1930,,,,,,
11/22/1930,,,,,,
11/23/1930,,,,,,
11/24/1930,,,,,,
11/25/1930,,,,,,
11/26/1930,,,,,,
11/27/1930,,,,,,
11/28/1930,,,,,,
11/29/1930,,,,,,
11/30/1930,,,,,,
12/1/1930,,,,,,
12/2/1930,,,,,,
12/3/1930,,,,,,
12/4/1930,,,,,,
12/5/1930,,,,,,
12/6/1930,,,,,,
12/7/1930,,,,,,
12/8/1930,,,,,,
12/9/1930,,,,,,
12/10/1930,,,,,,
12/11/1930,,,,,,
12/12/1930,,,,,,
12/13/1930,,,,,,
12/14/1930,,,,,,
12/15/1930,,,,,,
12/16/1930,,,,,,
12/17/1930,,,,,,
12/18/1930,,,,,,
12/19/1930,,,,,,
12/20/1930,,,,,,
12/21/1930,,,,,,
12/22/1930,,,,,,
12/23/1930,,,,,,
12/24/1930,,,,,,
12/25/1930,,,,,,
12/26/1930,,,,,,
12/27/1930,,,,,,
12/28/1930,,,,,,
12/29/1930,,,,,,
12/30/1930,,,,,,
12/31/1930,,,,,,
1/1/1931,,,,,,
1/2/1931,,,,,,
1/3/1931,,,,,,
1/4/1931,,,,,,
1/5/1931,,,,,,
1/6/1931,,,,,,
1/7/1931,,,,,,
1/8/1931,,,,,,
1/9/1931,,,,,,
1/10/1931,,,,,,
1/11/1931,,,,,,
1/12/1931,,,,,,
1/13/1931,,,,,,
1/14/1931,,,,,,
1/15/1931,,,,,,
1/16/1931,,,,,,
1/17/1931,,,,,,
1/18/1931,,,,,,
1/19/1931,,,,,,
1/20/1931,,,,,,
1/21/1931,,,,,,
1/22/1931,,,,,,
1/23/1931,,,,,,
1/24/1931,,,,,,
1/25/1931,,,,,,
1/26/1931,,,,,,
1/27/1931,,,,,,
1/28/1931,,,,,,
1/29/1931,,,,,,
1/30/1931,,,,,,
1/31/1931,,,,,,
2/1/1931,,,,,,
2/2/1931,,,,,,
2/3/1931,,,,,,
2/4/1931,,,,,,
2/5/1931,,,,,,
2/6/1931,,,,,,
2/7/1931,,,,,,
2/8/1931,,,,,,
2/9/1931,,,,,,
2/10/1931,,,,,,
2/11/1931,,,,,,
2/12/1931,,,,,,
2/13/1931,,,,,,
2/14/1931,,,,,,
2/15/1931,,,,,,
2/16/1931,,,,,,
2/17/1931,,,,,,
2/18/1931,,,,,,
2/19/1931,,,,,,
2/20/1931,,,,,,
2/21/1931,,,,,,
2/22/1931,,,,,,
2/23/1931,,,,,,
2/24/1931,,,,,,
2/25/1931,,,,,,
2/26/1931,,,,,,
2/27/1931,,,,,,
2/28/1931,,,,,,
3/1/1931,,,,,,
3/2/1931,,,,,,
3/3/1931,,,,,,
3/4/1931,,,,,,
3/5/1931,,,,,,
3/6/1931,,,,,,
3/7/1931,,,,,,
3/8/1931,,,,,,
3/9/1931,,,,,,
3/10/1931,,,,,,
3/11/1931,,,,,,
3/12/1931,,,,,,
3/13/1931,,,,,,
3/14/1931,,,,,,
3/15/1931,,,,,,
3/16/1931,,,,,,
3/17/1931,,,,,,
3/18/1931,,,,,,
3/19/1931,,,,,,
3/20/1931,,,,,,
3/21/1931,,,,,,
3/22/1931,,,,,,
3/23/1931,,,,,,
3/24/1931,,,,,,
3/25/1931,,,,,,
3/26/1931,,,,,,
3/27/1931,,,,,,
3/28/1931,,,,,,
3/29/1931,,,,,,
3/30/1931,,,,,,
3/31/1931,,,,,,
4/1/1931,,,,,,
4/2/1931,,,,,,
4/3/1931,,,,,,
4/4/1931,,,,,,
4/5/1931,,,,,,
4/6/1931,,,,,,
4/7/1931,,,,,,
4/8/1931,,,,,,
4/9/1931,,,,,,
4/10/1931,,,,,,
4/11/1931,,,,,,
4/12/1931,,,,,,
4/13/1931,,,,,,
4/14/1931,,,,,,
4/15/1931,,,,,,
4/16/1931,,,,,,
4/17/1931,,,,,,
4/18/1931,,,,,,
4/19/1931,,,,,,
4/20/1931,,,,,,
4/21/1931,,,,,,
4/22/1931,,,,,,
4/23/1931,,,,,,
4/24/1931,,,,,,
4/25/1931,,,,,,
4/26/1931,,,,,,
4/27/1931,,,,,,
4/28/1931,,,,,,
4/29/1931,,,,,,
4/30/1931,,,,,,
5/1/1931,,,,,,
5/2/1931,,,,,,
5/3/1931,,,,,,
5/4/1931,,,,,,
5/5/1931,,,,,,
5/6/1931,,,,,,
5/7/1931,,,,,,
5/8/1931,,,,,,
5/9/1931,,,,,,
5/10/1931,,,,,,
5/11/1931,,,,,,
5/12/1931,,,,,,
5/13/1931,,,,,,
5/14/1931,,,,,,
5/15/1931,,,,,,
5/16/1931,,,,,,
5/17/1931,,,,,,
5/18/1931,,,,,,
5/19/1931,,,,,,
5/20/1931,,,,,,
5/21/1931,,,,,,
5/22/1931,,,,,,
5/23/1931,,,,,,
5/24/1931,,,,,,
5/25/1931,,,,,,
5/26/1931,,,,,,
5/27/1931,,,,,,
5/28/1931,,,,,,
5/29/1931,,,,,,
5/30/1931,,,,,,
5/31/1931,,,,,,
6/1/1931,,,,,,
6/2/1931,,,,,,
6/3/1931,,,,,,
6/4/1931,,,,,,
6/5/1931,,,,,,
6/6/1931,,,,,,
6/7/1931,,,,,,
6/8/1931,,,,,,
6/9/1931,,,,,,
6/10/1931,,,,,,
6/11/1931,,,,,,
6/12/1931,,,,,,
6/13/1931,,,,,,
6/14/1931,,,,,,
6/15/1931,,,,,,
6/16/1931,,,,,,
6/17/1931,,,,,,
6/18/1931,,,,,,
6/19/1931,,,,,,
6/20/1931,,,,,,
6/21/1931,,,,,,
6/22/1931,,,,,,
6/23/1931,,,,,,
6/24/1931,,,,,,
6/25/1931,,,,,,
6/26/1931,,,,,,
6/27/1931,,,,,,
6/28/1931,,,,,,
6/29/1931,,,,,,
6/30/1931,,,,,,
7/1/1931,,,,,,
7/2/1931,,,,,,
7/3/1931,,,,,,
7/4/1931,,,,,,
7/5/1931,,,,,,
7/6/1931,,,,,,
7/7/1931,,,,,,
7/8/1931,,,,,,
7/9/1931,,,,,,
7/10/1931,,,,,,
7/11/1931,,,,,,
7/12/1931,,,,,,
7/13/1931,,,,,,
7/14/1931,,,,,,
7/15/1931,,,,,,
7/16/1931,,,,,,
7/17/1931,,,,,,
7/18/1931,,,,,,
7/19/1931,,,,,,
7/20/1931,,,,,,
7/21/1931,,,,,,
7/22/1931,,,,,,
7/23/1931,,,,,,
7/24/1931,,,,,,
7/25/1931,,,,,,
7/26/1931,,,,,,
7/27/1931,,,,,,
7/28/1931,,,,,,
7/29/1931,,,,,,
7/30/1931,,,,,,
7/31/1931,,,,,,
8/1/1931,,,,,,
8/2/1931,,,,,,
8/3/1931,,,,,,
8/4/1931,,,,,,
8/5/1931,,,,,,
8/6/1931,,,,,,
8/7/1931,,,,,,
8/8/1931,,,,,,
8/9/1931,,,,,,
8/10/1931,,,,,,
8/11/1931,,,,,,
8/12/1931,,,,,,
8/13/1931,,,,,,
8/14/1931,,,,,,
8/15/1931,,,,,,
8/16/1931,,,,,,
8/17/1931,,,,,,
8/18/1931,,,,,,
8/19/1931,,,,,,
8/20/1931,,,,,,
8/21/1931,,,,,,
8/22/1931,,,,,,
8/23/1931,,,,,,
8/24/1931,,,,,,
8/25/1931,,,,,,
8/26/1931,,,,,,
8/27/1931,,,,,,
8/28/1931,,,,,,
8/29/1931,,,,,,
8/30/1931,,,,,,
8/31/1931,,,,,,
9/1/1931,,,,,,
9/2/1931,,,,,,
9/3/1931,,,,,,
9/4/1931,,,,,,
9/5/1931,,,,,,
9/6/1931,,,,,,
9/7/1931,,,,,,
9/8/1931,,,,,,
9/9/1931,,,,,,
9/10/1931,,,,,,
9/11/1931,,,,,,
9/12/1931,,,,,,
9/13/1931,,,,,,
9/14/1931,,,,,,
9/15/1931,,,,,,
9/16/1931,,,,,,
9/17/1931,,,,,,
9/18/1931,,,,,,
9/19/1931,,,,,,
9/20/1931,,,,,,
9/21/1931,,,,,,
9/22/1931,,,,,,
9/23/1931,,,,,,
9/24/1931,,,,,,
9/25/1931,,,,,,
9/26/1931,,,,,,
9/27/1931,,,,,,
9/28/1931,,,,,,
9/29/1931,,,,,,
9/30/1931,,,,,,
10/1/1931,,,,,,
10/2/1931,,,,,,
10/3/1931,,,,,,
10/4/1931,,,,,,
10/5/1931,,,,,,
10/6/1931,,,,,,
10/7/1931,,,,,,
10/8/1931,,,,,,
10/9/1931,,,,,,
10/10/1931,,,,,,
10/11/1931,,,,,,
10/12/1931,,,,,,
10/13/1931,,,,,,
10/14/1931,,,,,,
10/15/1931,,,,,,
10/16/1931,,,,,,
10/17/1931,,,,,,
10/18/1931,,,,,,
10/19/1931,,,,,,
10/20/1931,,,,,,
10/21/1931,,,,,,
10/22/1931,,,,,,
10/23/1931,,,,,,
10/24/1931,,,,,,
10/25/1931,,,,,,
10/26/1931,,,,,,
10/27/1931,,,,,,
10/28/1931,,,,,,
10/29/1931,,,,,,
10/30/1931,,,,,,
10/31/1931,,,,,,
11/1/1931,,,,,,
11/2/1931,,,,,,
11/3/1931,,,,,,
11/4/1931,,,,,,
11/5/1931,,,,,,
11/6/1931,,,,,,
11/7/1931,,,,,,
11/8/1931,,,,,,
11/9/1931,,,,,,
11/10/1931,,,,,,
11/11/1931,,,,,,
11/12/1931,,,,,,
11/13/1931,,,,,,
11/14/1931,,,,,,
11/15/1931,,,,,,
11/16/1931,,,,,,
11/17/1931,,,,,,
11/18/1931,,,,,,
11/19/1931,,,,,,
11/20/1931,,,,,,
11/21/1931,,,,,,
11/22/1931,,,,,,
11/23/1931,,,,,,
11/24/1931,,,,,,
11/25/1931,,,,,,
11/26/1931,,,,,,
11/27/1931,,,,,,
11/28/1931,,,,,,
11/29/1931,,,,,,
11/30/1931,,,,,,
12/1/1931,,,,,,
12/2/1931,,,,,,
12/3/1931,,,,,,
12/4/1931,,,,,,
12/5/1931,,,,,,
12/6/1931,,,,,,
12/7/1931,,,,,,
12/8/1931,,,,,,
12/9/1931,,,,,,
12/10/1931,,,,,,
12/11/1931,,,,,,
12/12/1931,,,,,,
12/13/1931,,,,,,
12/14/1931,,,,,,
12/15/1931,,,,,,
12/16/1931,,,,,,
12/17/1931,,,,,,
12/18/1931,,,,,,
12/19/1931,,,,,,
12/20/1931,,,,,,
12/21/1931,,,,,,
12/22/1931,,,,,,
12/23/1931,,,,,,
12/24/1931,,,,,,
12/25/1931,,,,,,
12/26/1931,,,,,,
12/27/1931,,,,,,
12/28/1931,,,,,,
12/29/1931,,,,,,
12/30/1931,,,,,,
12/31/1931,,,,,,
1/1/1932,,,,,,
1/2/1932,,,,,,
1/3/1932,,,,,,
1/4/1932,,,,,,
1/5/1932,,,,,,
1/6/1932,,,,,,
1/7/1932,,,,,,
1/8/1932,,,,,,
1/9/1932,,,,,,
1/10/1932,,,,,,
1/11/1932,,,,,,
1/12/1932,,,,,,
1/13/1932,,,,,,
1/14/1932,,,,,,
1/15/1932,,,,,,
1/16/1932,,,,,,
1/17/1932,,,,,,
1/18/1932,,,,,,
1/19/1932,,,,,,
1/20/1932,,,,,,
1/21/1932,,,,,,
1/22/1932,,,,,,
1/23/1932,,,,,,
1/24/1932,,,,,,
1/25/1932,,,,,,
1/26/1932,,,,,,
1/27/1932,,,,,,
1/28/1932,,,,,,
1/29/1932,,,,,,
1/30/1932,,,,,,
1/31/1932,,,,,,
2/1/1932,,,,,,
2/2/1932,,,,,,
2/3/1932,,,,,,
2/4/1932,,,,,,
2/5/1932,,,,,,
2/6/1932,,,,,,
2/7/1932,,,,,,
2/8/1932,,,,,,
2/9/1932,,,,,,
2/10/1932,,,,,,
2/11/1932,,,,,,
2/12/1932,,,,,,
2/13/1932,,,,,,
2/14/1932,,,,,,
2/15/1932,,,,,,
2/16/1932,,,,,,
2/17/1932,,,,,,
2/18/1932,,,,,,
2/19/1932,,,,,,
2/20/1932,,,,,,
2/21/1932,,,,,,
2/22/1932,,,,,,
2/23/1932,,,,,,
2/24/1932,,,,,,
2/25/1932,,,,,,
2/26/1932,,,,,,
2/27/1932,,,,,,
2/28/1932,,,,,,
2/29/1932,,,,,,
3/1/1932,,,,,,
3/2/1932,,,,,,
3/3/1932,,,,,,
3/4/1932,,,,,,
3/5/1932,,,,,,
3/6/1932,,,,,,
3/7/1932,,,,,,
3/8/1932,,,,,,
3/9/1932,,,,,,
3/10/1932,,,,,,
3/11/1932,,,,,,
3/12/1932,,,,,,
3/13/1932,,,,,,
3/14/1932,,,,,,
3/15/1932,,,,,,
3/16/1932,,,,,,
3/17/1932,,,,,,
3/18/1932,,,,,,
3/19/1932,,,,,,
3/20/1932,,,,,,
3/21/1932,,,,,,
3/22/1932,,,,,,
3/23/1932,,,,,,
3/24/1932,,,,,,
3/25/1932,,,,,,
3/26/1932,,,,,,
3/27/1932,,,,,,
3/28/1932,,,,,,
3/29/1932,,,,,,
3/30/1932,,,,,,
3/31/1932,,,,,,
4/1/1932,,,,,,
4/2/1932,,,,,,
4/3/1932,,,,,,
4/4/1932,,,,,,
4/5/1932,,,,,,
4/6/1932,,,,,,
4/7/1932,,,,,,
4/8/1932,,,,,,
4/9/1932,,,,,,
4/10/1932,,,,,,
4/11/1932,,,,,,
4/12/1932,,,,,,
4/13/1932,,,,,,
4/14/1932,,,,,,
4/15/1932,,,,,,
4/16/1932,,,,,,
4/17/1932,,,,,,
4/18/1932,,,,,,
4/19/1932,,,,,,
4/20/1932,,,,,,
4/21/1932,,,,,,
4/22/1932,,,,,,
4/23/1932,,,,,,
4/24/1932,,,,,,
4/25/1932,,,,,,
4/26/1932,,,,,,
4/27/1932,,,,,,
4/28/1932,,,,,,
4/29/1932,,,,,,
4/30/1932,,,,,,
5/1/1932,,,,,,
5/2/1932,,,,,,
5/3/1932,,,,,,
5/4/1932,,,,,,
5/5/1932,,,,,,
5/6/1932,,,,,,
5/7/1932,,,,,,
5/8/1932,,,,,,
5/9/1932,,,,,,
5/10/1932,,,,,,
5/11/1932,,,,,,
5/12/1932,,,,,,
5/13/1932,,,,,,
5/14/1932,,,,,,
5/15/1932,,,,,,
5/16/1932,,,,,,
5/17/1932,,,,,,
5/18/1932,,,,,,
5/19/1932,,,,,,
5/20/1932,,,,,,
5/21/1932,,,,,,
5/22/1932,,,,,,
5/23/1932,,,,,,
5/24/1932,,,,,,
5/25/1932,,,,,,
5/26/1932,,,,,,
5/27/1932,,,,,,
5/28/1932,,,,,,
5/29/1932,,,,,,
5/30/1932,,,,,,
5/31/1932,,,,,,
6/1/1932,,,,,,
6/2/1932,,,,,,
6/3/1932,,,,,,
6/4/1932,,,,,,
6/5/1932,,,,,,
6/6/1932,,,,,,
6/7/1932,,,,,,
6/8/1932,,,,,,
6/9/1932,,,,,,
6/10/1932,,,,,,
6/11/1932,,,,,,
6/12/1932,,,,,,
6/13/1932,,,,,,
6/14/1932,,,,,,
6/15/1932,,,,,,
6/16/1932,,,,,,
6/17/1932,,,,,,
6/18/1932,,,,,,
6/19/1932,,,,,,
6/20/1932,,,,,,
6/21/1932,,,,,,
6/22/1932,,,,,,
6/23/1932,,,,,,
6/24/1932,,,,,,
6/25/1932,,,,,,
6/26/1932,,,,,,
6/27/1932,,,,,,
6/28/1932,,,,,,
6/29/1932,,,,,,
6/30/1932,,,,,,
7/1/1932,,,,,,
7/2/1932,,,,,,
7/3/1932,,,,,,
7/4/1932,,,,,,
7/5/1932,,,,,,
7/6/1932,,,,,,
7/7/1932,,,,,,
7/8/1932,,,,,,
7/9/1932,,,,,,
7/10/1932,,,,,,
7/11/1932,,,,,,
7/12/1932,,,,,,
7/13/1932,,,,,,
7/14/1932,,,,,,
7/15/1932,,,,,,
7/16/1932,,,,,,
7/17/1932,,,,,,
7/18/1932,,,,,,
7/19/1932,,,,,,
7/20/1932,,,,,,
7/21/1932,,,,,,
7/22/1932,,,,,,
7/23/1932,,,,,,
7/24/1932,,,,,,
7/25/1932,,,,,,
7/26/1932,,,,,,
7/27/1932,,,,,,
7/28/1932,,,,,,
7/29/1932,,,,,,
7/30/1932,,,,,,
7/31/1932,,,,,,
8/1/1932,,,,,,
8/2/1932,,,,,,
8/3/1932,,,,,,
8/4/1932,,,,,,
8/5/1932,,,,,,
8/6/1932,,,,,,
8/7/1932,,,,,,
8/8/1932,,,,,,
8/9/1932,,,,,,
8/10/1932,,,,,,
8/11/1932,,,,,,
8/12/1932,,,,,,
8/13/1932,,,,,,
8/14/1932,,,,,,
8/15/1932,,,,,,
8/16/1932,,,,,,
8/17/1932,,,,,,
8/18/1932,,,,,,
8/19/1932,,,,,,
8/20/1932,,,,,,
8/21/1932,,,,,,
8/22/1932,,,,,,
8/23/1932,,,,,,
8/24/1932,,,,,,
8/25/1932,,,,,,
8/26/1932,,,,,,
8/27/1932,,,,,,
8/28/1932,,,,,,
8/29/1932,,,,,,
8/30/1932,,,,,,
8/31/1932,,,,,,
9/1/1932,,,,,,
9/2/1932,,,,,,
9/3/1932,,,,,,
9/4/1932,,,,,,
9/5/1932,,,,,,
9/6/1932,,,,,,
9/7/1932,,,,,,
9/8/1932,,,,,,
9/9/1932,,,,,,
9/10/1932,,,,,,
9/11/1932,,,,,,
9/12/1932,,,,,,
9/13/1932,,,,,,
9/14/1932,,,,,,
9/15/1932,,,,,,
9/16/1932,,,,,,
9/17/1932,,,,,,
9/18/1932,,,,,,
9/19/1932,,,,,,
9/20/1932,,,,,,
9/21/1932,,,,,,
9/22/1932,,,,,,
9/23/1932,,,,,,
9/24/1932,,,,,,
9/25/1932,,,,,,
9/26/1932,,,,,,
9/27/1932,,,,,,
9/28/1932,,,,,,
9/29/1932,,,,,,
9/30/1932,,,,,,
10/1/1932,,,,,,
10/2/1932,,,,,,
10/3/1932,,,,,,
10/4/1932,,,,,,
10/5/1932,,,,,,
10/6/1932,,,,,,
10/7/1932,,,,,,
10/8/1932,,,,,,
10/9/1932,,,,,,
10/10/1932,,,,,,
10/11/1932,,,,,,
10/12/1932,,,,,,
10/13/1932,,,,,,
10/14/1932,,,,,,
10/15/1932,,,,,,
10/16/1932,,,,,,
10/17/1932,,,,,,
10/18/1932,,,,,,
10/19/1932,,,,,,
10/20/1932,,,,,,
10/21/1932,,,,,,
10/22/1932,,,,,,
10/23/1932,,,,,,
10/24/1932,,,,,,
10/25/1932,,,,,,
10/26/1932,,,,,,
10/27/1932,,,,,,
10/28/1932,,,,,,
10/29/1932,,,,,,
10/30/1932,,,,,,
10/31/1932,,,,,,
11/1/1932,,,,,,
11/2/1932,,,,,,
11/3/1932,,,,,,
11/4/1932,,,,,,
11/5/1932,,,,,,
11/6/1932,,,,,,
11/7/1932,,,,,,
11/8/1932,,,,,,
11/9/1932,,,,,,
11/10/1932,,,,,,
11/11/1932,,,,,,
11/12/1932,,,,,,
11/13/1932,,,,,,
11/14/1932,,,,,,
11/15/1932,,,,,,
11/16/1932,,,,,,
11/17/1932,,,,,,
11/18/1932,,,,,,
11/19/1932,,,,,,
11/20/1932,,,,,,
11/21/1932,,,,,,
11/22/1932,,,,,,
11/23/1932,,,,,,
11/24/1932,,,,,,
11/25/1932,,,,,,
11/26/1932,,,,,,
11/27/1932,,,,,,
11/28/1932,,,,,,
11/29/1932,,,,,,
11/30/1932,,,,,,
12/1/1932,,,,,,
12/2/1932,,,,,,
12/3/1932,,,,,,
12/4/1932,,,,,,
12/5/1932,,,,,,
12/6/1932,,,,,,
12/7/1932,,,,,,
12/8/1932,,,,,,
12/9/1932,,,,,,
12/10/1932,,,,,,
12/11/1932,,,,,,
12/12/1932,,,,,,
12/13/1932,,,,,,
12/14/1932,,,,,,
12/15/1932,,,,,,
12/16/1932,,,,,,
12/17/1932,,,,,,
12/18/1932,,,,,,
12/19/1932,,,,,,
12/20/1932,,,,,,
12/21/1932,,,,,,
12/22/1932,,,,,,
12/23/1932,,,,,,
12/24/1932,,,,,,
12/25/1932,,,,,,
12/26/1932,,,,,,
12/27/1932,,,,,,
12/28/1932,,,,,,
12/29/1932,,,,,,
12/30/1932,,,,,,
12/31/1932,,,,,,
1/1/1933,,,,,,
1/2/1933,,,,,,
1/3/1933,,,,,,
1/4/1933,,,,,,
1/5/1933,,,,,,
1/6/1933,,,,,,
1/7/1933,,,,,,
1/8/1933,,,,,,
1/9/1933,,,,,,
1/10/1933,,,,,,
1/11/1933,,,,,,
1/12/1933,,,,,,
1/13/1933,,,,,,
1/14/1933,,,,,,
1/15/1933,,,,,,
1/16/1933,,,,,,
1/17/1933,,,,,,
1/18/1933,,,,,,
1/19/1933,,,,,,
1/20/1933,,,,,,
1/21/1933,,,,,,
1/22/1933,,,,,,
1/23/1933,,,,,,
1/24/1933,,,,,,
1/25/1933,,,,,,
1/26/1933,,,,,,
1/27/1933,,,,,,
1/28/1933,,,,,,
1/29/1933,,,,,,
1/30/1933,,,,,,
1/31/1933,,,,,,
2/1/1933,,,,,,
2/2/1933,,,,,,
2/3/1933,,,,,,
2/4/1933,,,,,,
2/5/1933,,,,,,
2/6/1933,,,,,,
2/7/1933,,,,,,
2/8/1933,,,,,,
2/9/1933,,,,,,
2/10/1933,,,,,,
2/11/1933,,,,,,
2/12/1933,,,,,,
2/13/1933,,,,,,
2/14/1933,,,,,,
2/15/1933,,,,,,
2/16/1933,,,,,,
2/17/1933,,,,,,
2/18/1933,,,,,,
2/19/1933,,,,,,
2/20/1933,,,,,,
2/21/1933,,,,,,
2/22/1933,,,,,,
2/23/1933,,,,,,
2/24/1933,,,,,,
2/25/1933,,,,,,
2/26/1933,,,,,,
2/27/1933,,,,,,
2/28/1933,,,,,,
3/1/1933,,,,,,
3/2/1933,,,,,,
3/3/1933,,,,,,
3/4/1933,,,,,,
3/5/1933,,,,,,
3/6/1933,,,,,,
3/7/1933,,,,,,
3/8/1933,,,,,,
3/9/1933,,,,,,
3/10/1933,,,,,,
3/11/1933,,,,,,
3/12/1933,,,,,,
3/13/1933,,,,,,
3/14/1933,,,,,,
3/15/1933,,,,,,
3/16/1933,,,,,,
3/17/1933,,,,,,
3/18/1933,,,,,,
3/19/1933,,,,,,
3/20/1933,,,,,,
3/21/1933,,,,,,
3/22/1933,,,,,,
3/23/1933,,,,,,
3/24/1933,,,,,,
3/25/1933,,,,,,
3/26/1933,,,,,,
3/27/1933,,,,,,
3/28/1933,,,,,,
3/29/1933,,,,,,
3/30/1933,,,,,,
3/31/1933,,,,,,
4/1/1933,,,,,,
4/2/1933,,,,,,
4/3/1933,,,,,,
4/4/1933,,,,,,
4/5/1933,,,,,,
4/6/1933,,,,,,
4/7/1933,,,,,,
4/8/1933,,,,,,
4/9/1933,,,,,,
4/10/1933,,,,,,
4/11/1933,,,,,,
4/12/1933,,,,,,
4/13/1933,,,,,,
4/14/1933,,,,,,
4/15/1933,,,,,,
4/16/1933,,,,,,
4/17/1933,,,,,,
4/18/1933,,,,,,
4/19/1933,,,,,,
4/20/1933,,,,,,
4/21/1933,,,,,,
4/22/1933,,,,,,
4/23/1933,,,,,,
4/24/1933,,,,,,
4/25/1933,,,,,,
4/26/1933,,,,,,
4/27/1933,,,,,,
4/28/1933,,,,,,
4/29/1933,,,,,,
4/30/1933,,,,,,
5/1/1933,,,,,,
5/2/1933,,,,,,
5/3/1933,,,,,,
5/4/1933,,,,,,
5/5/1933,,,,,,
5/6/1933,,,,,,
5/7/1933,,,,,,
5/8/1933,,,,,,
5/9/1933,,,,,,
5/10/1933,,,,,,
5/11/1933,,,,,,
5/12/1933,,,,,,
5/13/1933,,,,,,
5/14/1933,,,,,,
5/15/1933,,,,,,
5/16/1933,,,,,,
5/17/1933,,,,,,
5/18/1933,,,,,,
5/19/1933,,,,,,
5/20/1933,,,,,,
5/21/1933,,,,,,
5/22/1933,,,,,,
5/23/1933,,,,,,
5/24/1933,,,,,,
5/25/1933,,,,,,
5/26/1933,,,,,,
5/27/1933,,,,,,
5/28/1933,,,,,,
5/29/1933,,,,,,
5/30/1933,,,,,,
5/31/1933,,,,,,
6/1/1933,,,,,,
6/2/1933,,,,,,
6/3/1933,,,,,,
6/4/1933,,,,,,
6/5/1933,,,,,,
6/6/1933,,,,,,
6/7/1933,,,,,,
6/8/1933,,,,,,
6/9/1933,,,,,,
6/10/1933,,,,,,
6/11/1933,,,,,,
6/12/1933,,,,,,
6/13/1933,,,,,,
6/14/1933,,,,,,
6/15/1933,,,,,,
6/16/1933,,,,,,
6/17/1933,,,,,,
6/18/1933,,,,,,
6/19/1933,,,,,,
6/20/1933,,,,,,
6/21/1933,,,,,,
6/22/1933,,,,,,
6/23/1933,,,,,,
6/24/1933,,,,,,
6/25/1933,,,,,,
6/26/1933,,,,,,
6/27/1933,,,,,,
6/28/1933,,,,,,
6/29/1933,,,,,,
6/30/1933,,,,,,
7/1/1933,,,,,,
7/2/1933,,,,,,
7/3/1933,,,,,,
7/4/1933,,,,,,
7/5/1933,,,,,,
7/6/1933,,,,,,
7/7/1933,,,,,,
7/8/1933,,,,,,
7/9/1933,,,,,,
7/10/1933,,,,,,
7/11/1933,,,,,,
7/12/1933,,,,,,
7/13/1933,,,,,,
7/14/1933,,,,,,
7/15/1933,,,,,,
7/16/1933,,,,,,
7/17/1933,,,,,,
7/18/1933,,,,,,
7/19/1933,,,,,,
7/20/1933,,,,,,
7/21/1933,,,,,,
7/22/1933,,,,,,
7/23/1933,,,,,,
7/24/1933,,,,,,
7/25/1933,,,,,,
7/26/1933,,,,,,
7/27/1933,,,,,,
7/28/1933,,,,,,
7/29/1933,,,,,,
7/30/1933,,,,,,
7/31/1933,,,,,,
8/1/1933,,,,,,
8/2/1933,,,,,,
8/3/1933,,,,,,
8/4/1933,,,,,,
8/5/1933,,,,,,
8/6/1933,,,,,,
8/7/1933,,,,,,
8/8/1933,,,,,,
8/9/1933,,,,,,
8/10/1933,,,,,,
8/11/1933,,,,,,
8/12/1933,,,,,,
8/13/1933,,,,,,
8/14/1933,,,,,,
8/15/1933,,,,,,
8/16/1933,,,,,,
8/17/1933,,,,,,
8/18/1933,,,,,,
8/19/1933,,,,,,
8/20/1933,,,,,,
8/21/1933,,,,,,
8/22/1933,,,,,,
8/23/1933,,,,,,
8/24/1933,,,,,,
8/25/1933,,,,,,
8/26/1933,,,,,,
8/27/1933,,,,,,
8/28/1933,,,,,,
8/29/1933,,,,,,
8/30/1933,,,,,,
8/31/1933,,,,,,
9/1/1933,,,,,,
9/2/1933,,,,,,
9/3/1933,,,,,,
9/4/1933,,,,,,
9/5/1933,,,,,,
9/6/1933,,,,,,
9/7/1933,,,,,,
9/8/1933,,,,,,
9/9/1933,,,,,,
9/10/1933,,,,,,
9/11/1933,,,,,,
9/12/1933,,,,,,
9/13/1933,,,,,,
9/14/1933,,,,,,
9/15/1933,,,,,,
9/16/1933,,,,,,
9/17/1933,,,,,,
9/18/1933,,,,,,
9/19/1933,,,,,,
9/20/1933,,,,,,
9/21/1933,,,,,,
9/22/1933,,,,,,
9/23/1933,,,,,,
9/24/1933,,,,,,
9/25/1933,,,,,,
9/26/1933,,,,,,
9/27/1933,,,,,,
9/28/1933,,,,,,
9/29/1933,,,,,,
9/30/1933,,,,,,
10/1/1933,,,,,,
10/2/1933,,,,,,
10/3/1933,,,,,,
10/4/1933,,,,,,
10/5/1933,,,,,,
10/6/1933,,,,,,
10/7/1933,,,,,,
10/8/1933,,,,,,
10/9/1933,,,,,,
10/10/1933,,,,,,
10/11/1933,,,,,,
10/12/1933,,,,,,
10/13/1933,,,,,,
10/14/1933,,,,,,
10/15/1933,,,,,,
10/16/1933,,,,,,
10/17/1933,,,,,,
10/18/1933,,,,,,
10/19/1933,,,,,,
10/20/1933,,,,,,
10/21/1933,,,,,,
10/22/1933,,,,,,
10/23/1933,,,,,,
10/24/1933,,,,,,
10/25/1933,,,,,,
10/26/1933,,,,,,
10/27/1933,,,,,,
10/28/1933,,,,,,
10/29/1933,,,,,,
10/30/1933,,,,,,
10/31/1933,,,,,,
11/1/1933,,,,,,
11/2/1933,,,,,,
11/3/1933,,,,,,
11/4/1933,,,,,,
11/5/1933,,,,,,
11/6/1933,,,,,,
11/7/1933,,,,,,
11/8/1933,,,,,,
11/9/1933,,,,,,
11/10/1933,,,,,,
11/11/1933,,,,,,
11/12/1933,,,,,,
11/13/1933,,,,,,
11/14/1933,,,,,,
11/15/1933,,,,,,
11/16/1933,,,,,,
11/17/1933,,,,,,
11/18/1933,,,,,,
11/19/1933,,,,,,
11/20/1933,,,,,,
11/21/1933,,,,,,
11/22/1933,,,,,,
11/23/1933,,,,,,
11/24/1933,,,,,,
11/25/1933,,,,,,
11/26/1933,,,,,,
11/27/1933,,,,,,
11/28/1933,,,,,,
11/29/1933,,,,,,
11/30/1933,,,,,,
12/1/1933,,,,,,
12/2/1933,,,,,,
12/3/1933,,,,,,
12/4/1933,,,,,,
12/5/1933,,,,,,
12/6/1933,,,,,,
12/7/1933,,,,,,
12/8/1933,,,,,,
12/9/1933,,,,,,
12/10/1933,,,,,,
12/11/1933,,,,,,
12/12/1933,,,,,,
12/13/1933,,,,,,
12/14/1933,,,,,,
12/15/1933,,,,,,
12/16/1933,,,,,,
12/17/1933,,,,,,
12/18/1933,,,,,,
12/19/1933,,,,,,
12/20/1933,,,,,,
12/21/1933,,,,,,
12/22/1933,,,,,,
12/23/1933,,,,,,
12/24/1933,,,,,,
12/25/1933,,,,,,
12/26/1933,,,,,,
12/27/1933,,,,,,
12/28/1933,,,,,,
12/29/1933,,,,,,
12/30/1933,,,,,,
12/31/1933,,,,,,
1/1/1934,,,,,,
1/2/1934,,,,,,
1/3/1934,,,,,,
1/4/1934,,,,,,
1/5/1934,,,,,,
1/6/1934,,,,,,
1/7/1934,,,,,,
1/8/1934,,,,,,
1/9/1934,,,,,,
1/10/1934,,,,,,
1/11/1934,,,,,,
1/12/1934,,,,,,
1/13/1934,,,,,,
1/14/1934,,,,,,
1/15/1934,,,,,,
1/16/1934,,,,,,
1/17/1934,,,,,,
1/18/1934,,,,,,
1/19/1934,,,,,,
1/20/1934,,,,,,
1/21/1934,,,,,,
1/22/1934,,,,,,
1/23/1934,,,,,,
1/24/1934,,,,,,
1/25/1934,,,,,,
1/26/1934,,,,,,
1/27/1934,,,,,,
1/28/1934,,,,,,
1/29/1934,,,,,,
1/30/1934,,,,,,
1/31/1934,,,,,,
2/1/1934,,,,,,
2/2/1934,,,,,,
2/3/1934,,,,,,
2/4/1934,,,,,,
2/5/1934,,,,,,
2/6/1934,,,,,,
2/7/1934,,,,,,
2/8/1934,,,,,,
2/9/1934,,,,,,
2/10/1934,,,,,,
2/11/1934,,,,,,
2/12/1934,,,,,,
2/13/1934,,,,,,
2/14/1934,,,,,,
2/15/1934,,,,,,
2/16/1934,,,,,,
2/17/1934,,,,,,
2/18/1934,,,,,,
2/19/1934,,,,,,
2/20/1934,,,,,,
2/21/1934,,,,,,
2/22/1934,,,,,,
2/23/1934,,,,,,
2/24/1934,,,,,,
2/25/1934,,,,,,
2/26/1934,,,,,,
2/27/1934,,,,,,
2/28/1934,,,,,,
3/1/1934,,,,,,
3/2/1934,,,,,,
3/3/1934,,,,,,
3/4/1934,,,,,,
3/5/1934,,,,,,
3/6/1934,,,,,,
3/7/1934,,,,,,
3/8/1934,,,,,,
3/9/1934,,,,,,
3/10/1934,,,,,,
3/11/1934,,,,,,
3/12/1934,,,,,,
3/13/1934,,,,,,
3/14/1934,,,,,,
3/15/1934,,,,,,
3/16/1934,,,,,,
3/17/1934,,,,,,
3/18/1934,,,,,,
3/19/1934,,,,,,
3/20/1934,,,,,,
3/21/1934,,,,,,
3/22/1934,,,,,,
3/23/1934,,,,,,
3/24/1934,,,,,,
3/25/1934,,,,,,
3/26/1934,,,,,,
3/27/1934,,,,,,
3/28/1934,,,,,,
3/29/1934,,,,,,
3/30/1934,,,,,,
3/31/1934,,,,,,
4/1/1934,,,,,,
4/2/1934,,,,,,
4/3/1934,,,,,,
4/4/1934,,,,,,
4/5/1934,,,,,,
4/6/1934,,,,,,
4/7/1934,,,,,,
4/8/1934,,,,,,
4/9/1934,,,,,,
4/10/1934,,,,,,
4/11/1934,,,,,,
4/12/1934,,,,,,
4/13/1934,,,,,,
4/14/1934,,,,,,
4/15/1934,,,,,,
4/16/1934,,,,,,
4/17/1934,,,,,,
4/18/1934,,,,,,
4/19/1934,,,,,,
4/20/1934,,,,,,
4/21/1934,,,,,,
4/22/1934,,,,,,
4/23/1934,,,,,,
4/24/1934,,,,,,
4/25/1934,,,,,,
4/26/1934,,,,,,
4/27/1934,,,,,,
4/28/1934,,,,,,
4/29/1934,,,,,,
4/30/1934,,,,,,
5/1/1934,,,,,,
5/2/1934,,,,,,
5/3/1934,,,,,,
5/4/1934,,,,,,
5/5/1934,,,,,,
5/6/1934,,,,,,
5/7/1934,,,,,,
5/8/1934,,,,,,
5/9/1934,,,,,,
5/10/1934,,,,,,
5/11/1934,,,,,,
5/12/1934,,,,,,
5/13/1934,,,,,,
5/14/1934,,,,,,
5/15/1934,,,,,,
5/16/1934,,,,,,
5/17/1934,,,,,,
5/18/1934,,,,,,
5/19/1934,,,,,,
5/20/1934,,,,,,
5/21/1934,,,,,,
5/22/1934,,,,,,
5/23/1934,,,,,,
5/24/1934,,,,,,
5/25/1934,,,,,,
5/26/1934,,,,,,
5/27/1934,,,,,,
5/28/1934,,,,,,
5/29/1934,,,,,,
5/30/1934,,,,,,
5/31/1934,,,,,,
6/1/1934,,,,,,
6/2/1934,,,,,,
6/3/1934,,,,,,
6/4/1934,,,,,,
6/5/1934,,,,,,
6/6/1934,,,,,,
6/7/1934,,,,,,
6/8/1934,,,,,,
6/9/1934,,,,,,
6/10/1934,,,,,,
6/11/1934,,,,,,
6/12/1934,,,,,,
6/13/1934,,,,,,
6/14/1934,,,,,,
6/15/1934,,,,,,
6/16/1934,,,,,,
6/17/1934,,,,,,
6/18/1934,,,,,,
6/19/1934,,,,,,
6/20/1934,,,,,,
6/21/1934,,,,,,
6/22/1934,,,,,,
6/23/1934,,,,,,
6/24/1934,,,,,,
6/25/1934,,,,,,
6/26/1934,,,,,,
6/27/1934,,,,,,
6/28/1934,,,,,,
6/29/1934,,,,,,
6/30/1934,,,,,,
7/1/1934,,,,,,
7/2/1934,,,,,,
7/3/1934,,,,,,
7/4/1934,,,,,,
7/5/1934,,,,,,
7/6/1934,,,,,,
7/7/1934,,,,,,
7/8/1934,,,,,,
7/9/1934,,,,,,
7/10/1934,,,,,,
7/11/1934,,,,,,
7/12/1934,,,,,,
7/13/1934,,,,,,
7/14/1934,,,,,,
7/15/1934,,,,,,
7/16/1934,,,,,,
7/17/1934,,,,,,
7/18/1934,,,,,,
7/19/1934,,,,,,
7/20/1934,,,,,,
7/21/1934,,,,,,
7/22/1934,,,,,,
7/23/1934,,,,,,
7/24/1934,,,,,,
7/25/1934,,,,,,
7/26/1934,,,,,,
7/27/1934,,,,,,
7/28/1934,,,,,,
7/29/1934,,,,,,
7/30/1934,,,,,,
7/31/1934,,,,,,
8/1/1934,,,,,,
8/2/1934,,,,,,
8/3/1934,,,,,,
8/4/1934,,,,,,
8/5/1934,,,,,,
8/6/1934,,,,,,
8/7/1934,,,,,,
8/8/1934,,,,,,
8/9/1934,,,,,,
8/10/1934,,,,,,
8/11/1934,,,,,,
8/12/1934,,,,,,
8/13/1934,,,,,,
8/14/1934,,,,,,
8/15/1934,,,,,,
8/16/1934,,,,,,
8/17/1934,,,,,,
8/18/1934,,,,,,
8/19/1934,,,,,,
8/20/1934,,,,,,
8/21/1934,,,,,,
8/22/1934,,,,,,
8/23/1934,,,,,,
8/24/1934,,,,,,
8/25/1934,,,,,,
8/26/1934,,,,,,
8/27/1934,,,,,,
8/28/1934,,,,,,
8/29/1934,,,,,,
8/30/1934,,,,,,
8/31/1934,,,,,,
9/1/1934,,72,38,0,0,
9/2/1934,,64,30,0,0,
9/3/1934,,76,25,0,0,
9/4/1934,,75,41,0,0,
9/5/1934,,78,28,0,0,
9/6/1934,,72,31,0,0,
9/7/1934,,57,37,0.2,0,
9/8/1934,,59,24,0,0,
9/9/1934,,62,25,0,0,
9/10/1934,,68,24,0,0,
9/11/1934,,71,31,0,0,
9/12/1934,,71,34,0,0,
9/13/1934,,62,30,0,0,
9/14/1934,,70,21,0,0,
9/15/1934,,69,19,0,0,
9/16/1934,,67,28,0,0,
9/17/1934,,70,24,0,0,
9/18/1934,,68,31,0,0,
9/19/1934,,64,25,0,0,
9/20/1934,,57,14,0,0,
9/21/1934,,54,26,0,0,
9/22/1934,,48,35,0.3,0,
9/23/1934,,40,28,0.85,6,6
9/24/1934,,32,27,0.06,1,2
9/25/1934,,32,18,0.12,2,3
9/26/1934,,31,18,0.04,0.6,2
9/27/1934,,42,19,0,0,
9/28/1934,,43,29,0.03,0.5,
9/29/1934,,53,21,0,0,
9/30/1934,,63,24,0,0,
10/1/1934,,68,25,0,0,
10/2/1934,,65,25,0,0,
10/3/1934,,49,31,0,0,
10/4/1934,,56,20,0,0,
10/5/1934,,61,34,0,0,
10/6/1934,,67,21,0,0,
10/7/1934,,63,31,0.05,0,
10/8/1934,,60,24,0.13,0,
10/9/1934,,62,26,0,0,
10/10/1934,,72,23,0,0,
10/11/1934,,79,23,0,0,
10/12/1934,,67,21,0,0,
10/13/1934,,51,32,0.16,2,
10/14/1934,,53,29,0,0,
10/15/1934,,39,27,0.28,0,
10/16/1934,,42,32,0.06,0,
10/17/1934,,52,22,0,0,
10/18/1934,,52,29,0.05,0,
10/19/1934,,40,28,0.18,0,
10/20/1934,,40,29,0,0,
10/21/1934,,51,32,0.05,0,
10/22/1934,,47,29,0.25,2,2
10/23/1934,,31,22,0.12,2,3
10/24/1934,,37,23,0.1,2,3
10/25/1934,,50,34,0,0,0
10/26/1934,,59,25,0,0,
10/27/1934,,59,21,0,0,
10/28/1934,,55,23,0,0,
10/29/1934,,55,20,0,0,
10/30/1934,,54,22,0,0,
10/31/1934,,55,37,0,0,
11/1/1934,,55,26,0.2,0,
11/2/1934,,34,21,0.32,4,4
11/3/1934,,29,13,0.35,4.5,7
11/4/1934,,34,18,0.1,0,2
11/5/1934,,43,26,0,0,
11/6/1934,,52,32,0,0,
11/7/1934,,52,36,0,0,
11/8/1934,,48,32,0,0,
11/9/1934,,52,22,0,0,
11/10/1934,,57,19,0,0,
11/11/1934,,61,17,0,0,
11/12/1934,,62,17,0,0,
11/13/1934,,56,18,0,0,
11/14/1934,,54,20,0,0,
11/15/1934,,54,20,0,0,
11/16/1934,,53,18,0,0,
11/17/1934,,49,19,0,0,
11/18/1934,,34,26,0.37,5,5
11/19/1934,,35,23,0,0,5
11/20/1934,,32,21,0,0,5
11/21/1934,,26,11,0,0,5
11/22/1934,,25,22,0.08,1,4
11/23/1934,,33,20,0.07,1,5
11/24/1934,,30,-2,0,0,
11/25/1934,,28,13,0.1,1.5,5
11/26/1934,,25,-3,0.25,4,8
11/27/1934,,21,13,0.06,1,8
11/28/1934,,24,-8,0,0,7
11/29/1934,,23,5,0,0,7
11/30/1934,,20,6,0.03,1,7
12/1/1934,,21,7,0.08,1,7
12/2/1934,,18,-13,0,0,7
12/3/1934,,17,-7,0,0,7
12/4/1934,,23,-2,0.05,1,7
12/5/1934,,29,10,0,0,7
12/6/1934,,32,5,0,0,7
12/7/1934,,42,-3,0,0,7
12/8/1934,,43,-7,0,0,7
12/9/1934,,37,-1,0,0,7
12/10/1934,,41,-5,0,0,6
12/11/1934,,47,1,0,0,6
12/12/1934,,37,-2,0,0,6
12/13/1934,,45,-5,0,0,6
12/14/1934,,34,24,0.19,2,7
12/15/1934,,32,17,0,0.5,8
12/16/1934,,21,-6,0,0,8
12/17/1934,,28,14,0,0,
12/18/1934,,27,4,0,0,
12/19/1934,,26,18,0,0,
12/20/1934,,31,-4,0,0,11
12/21/1934,,31,9,0,0,11
12/22/1934,,31,14,0.18,2,12
12/23/1934,,21,-7,0.07,2,14
12/24/1934,,22,4,0.2,3,17
12/25/1934,,21,5,0.08,1,18
12/26/1934,,28,,0.05,0.8,
12/27/1934,,30,19,0.03,0.5,
12/28/1934,,24,10,0.05,0.8,
12/29/1934,,25,9,0,0,
12/30/1934,,24,12,0.1,1.5,
12/31/1934,,19,-4,0,0,2
1/1/1935,,,,,,
1/2/1935,,,,,,
1/3/1935,,,,,,
1/4/1935,,,,,,
1/5/1935,,,,,,
1/6/1935,,,,,,
1/7/1935,,,,,,
1/8/1935,,,,,,
1/9/1935,,,,,,
1/10/1935,,,,,,
1/11/1935,,,,,,
1/12/1935,,,,,,
1/13/1935,,,,,,
1/14/1935,,,,,,
1/15/1935,,,,,,
1/16/1935,,,,,,
1/17/1935,,,,,,
1/18/1935,,,,,,
1/19/1935,,,,,,
1/20/1935,,,,,,
1/21/1935,,,,,,
1/22/1935,,,,,,
1/23/1935,,,,,,
1/24/1935,,,,,,
1/25/1935,,,,,,
1/26/1935,,,,,,
1/27/1935,,,,,,
1/28/1935,,,,,,
1/29/1935,,,,,,
1/30/1935,,,,,,
1/31/1935,,,,,,
2/1/1935,,,,,,
2/2/1935,,,,,,
2/3/1935,,,,,,
2/4/1935,,,,,,
2/5/1935,,,,,,
2/6/1935,,,,,,
2/7/1935,,,,,,
2/8/1935,,,,,,
2/9/1935,,,,,,
2/10/1935,,,,,,
2/11/1935,,,,,,
2/12/1935,,,,,,
2/13/1935,,,,,,
2/14/1935,,,,,,
2/15/1935,,,,,,
2/16/1935,,,,,,
2/17/1935,,,,,,
2/18/1935,,,,,,
2/19/1935,,,,,,
2/20/1935,,,,,,
2/21/1935,,,,,,
2/22/1935,,,,,,
2/23/1935,,,,,,
2/24/1935,,,,,,
2/25/1935,,,,,,
2/26/1935,,,,,,
2/27/1935,,,,,,
2/28/1935,,,,,,
3/1/1935,,,,,,
3/2/1935,,,,,,
3/3/1935,,,,,,
3/4/1935,,,,,,
3/5/1935,,,,,,
3/6/1935,,,,,,
3/7/1935,,,,,,
3/8/1935,,,,,,
3/9/1935,,,,,,
3/10/1935,,,,,,
3/11/1935,,,,,,
3/12/1935,,,,,,
3/13/1935,,,,,,
3/14/1935,,,,,,
3/15/1935,,,,,,
3/16/1935,,,,,,
3/17/1935,,,,,,
3/18/1935,,,,,,
3/19/1935,,,,,,
3/20/1935,,,,,,
3/21/1935,,,,,,
3/22/1935,,,,,,
3/23/1935,,,,,,
3/24/1935,,,,,,
3/25/1935,,,,,,
3/26/1935,,,,,,
3/27/1935,,,,,,
3/28/1935,,,,,,
3/29/1935,,,,,,
3/30/1935,,,,,,
3/31/1935,,,,,,
4/1/1935,,,,,,
4/2/1935,,,,,,
4/3/1935,,,,,,
4/4/1935,,,,,,
4/5/1935,,,,,,
4/6/1935,,,,,,
4/7/1935,,,,,,
4/8/1935,,,,,,
4/9/1935,,,,,,
4/10/1935,,,,,,
4/11/1935,,,,,,
4/12/1935,,,,,,
4/13/1935,,,,,,
4/14/1935,,,,,,
4/15/1935,,,,,,
4/16/1935,,,,,,
4/17/1935,,,,,,
4/18/1935,,,,,,
4/19/1935,,,,,,
4/20/1935,,,,,,
4/21/1935,,,,,,
4/22/1935,,,,,,
4/23/1935,,,,,,
4/24/1935,,,,,,
4/25/1935,,,,,,
4/26/1935,,,,,,
4/27/1935,,,,,,
4/28/1935,,,,,,
4/29/1935,,,,,,
4/30/1935,,,,,,
5/1/1935,,,,,,
5/2/1935,,,,,,
5/3/1935,,,,,,
5/4/1935,,,,,,
5/5/1935,,,,,,
5/6/1935,,,,,,
5/7/1935,,,,,,
5/8/1935,,,,,,
5/9/1935,,,,,,
5/10/1935,,,,,,
5/11/1935,,,,,,
5/12/1935,,,,,,
5/13/1935,,,,,,
5/14/1935,,,,,,
5/15/1935,,,,,,
5/16/1935,,,,,,
5/17/1935,,,,,,
5/18/1935,,,,,,
5/19/1935,,,,,,
5/20/1935,,,,,,
5/21/1935,,,,,,
5/22/1935,,,,,,
5/23/1935,,,,,,
5/24/1935,,,,,,
5/25/1935,,,,,,
5/26/1935,,,,,,
5/27/1935,,,,,,
5/28/1935,,,,,,
5/29/1935,,,,,,
5/30/1935,,,,,,
5/31/1935,,,,,,
6/1/1935,,53,35,0.1,0,
6/2/1935,,51,31,0,0,
6/3/1935,,60,26,0,0,
6/4/1935,,64,23,0,0,
6/5/1935,,67,28,0,0,
6/6/1935,,60,32,0,0,
6/7/1935,,67,33,0.1,0,
6/8/1935,,71,33,0,0,
6/9/1935,,70,32,0,0,
6/10/1935,,67,39,0,0,
6/11/1935,,73,32,0,0,
6/12/1935,,77,36,0.06,0,
6/13/1935,,70,39,0.05,0,
6/14/1935,,66,30,0,0,
6/15/1935,,62,28,0,0,
6/16/1935,,61,25,0,0,
6/17/1935,,60,29,0,0,
6/18/1935,,68,26,0,0,
6/19/1935,,70,42,0.06,0,
6/20/1935,,65,34,0,0,
6/21/1935,,72,26,0,0,
6/22/1935,,79,33,0,0,
6/23/1935,,78,43,0,0,
6/24/1935,,70,32,0,0,
6/25/1935,,60,28,0,0,
6/26/1935,,67,26,0,0,
6/27/1935,,76,31,0,0,
6/28/1935,,76,34,0,0,
6/29/1935,,69,40,0,0,
6/30/1935,,62,31,0.04,0,
7/1/1935,,71,35,0,0,
7/2/1935,,77,31,0,0,
7/3/1935,,80,33,0,0,
7/4/1935,,76,45,0,0,
7/5/1935,,74,34,0,0,
7/6/1935,,77,31,0,0,
7/7/1935,,75,35,0,0,
7/8/1935,,76,35,0,0,
7/9/1935,,78,30,0,0,
7/10/1935,,76,31,0,0,
7/11/1935,,78,28,0,0,
7/12/1935,,84,29,0,0,
7/13/1935,,86,34,0,0,
7/14/1935,,85,34,0,0,
7/15/1935,,89,36,0,0,
7/16/1935,,86,51,0.42,0,
7/17/1935,,77,39,0.16,0,
7/18/1935,,82,41,0,0,
7/19/1935,,83,40,0,0,
7/20/1935,,83,45,0,0,
7/21/1935,,81,39,0,0,
7/22/1935,,84,37,0,0,
7/23/1935,,82,33,0,0,
7/24/1935,,79,37,0,0,
7/25/1935,,84,36,0,0,
7/26/1935,,82,40,0,0,
7/27/1935,,90,53,0,0,
7/28/1935,,86,52,0,0,
7/29/1935,,81,37,0,0,
7/30/1935,,84,41,0,0,
7/31/1935,,81,41,0.05,0,
8/1/1935,,75,39,0,,
8/2/1935,,71,31,0,,
8/3/1935,,81,32,0,,
8/4/1935,,78,38,0,,
8/5/1935,,77,34,0,,
8/6/1935,,81,35,0,,
8/7/1935,,83,32,0,,
8/8/1935,,84,37,0,,
8/9/1935,,84,32,0,,
8/10/1935,,87,37,0,,
8/11/1935,,84,32,0,,
8/12/1935,,80,31,0,,
8/13/1935,,84,34,0,,
8/14/1935,,81,42,0,,
8/15/1935,,78,39,0,,
8/16/1935,,71,34,0,,
8/17/1935,,70,34,0.14,,
8/18/1935,,64,38,0,,
8/19/1935,,66,33,0,,
8/20/1935,,76,25,0,,
8/21/1935,,84,25,0,,
8/22/1935,,82,42,0,,
8/23/1935,,75,49,0.15,,
8/24/1935,,73,36,0.19,,
8/25/1935,,77,30,0,,
8/26/1935,,79,28,0,,
8/27/1935,,77,30,0,,
8/28/1935,,78,30,0,,
8/29/1935,,78,28,0,,
8/30/1935,,75,41,0,,
8/31/1935,,66,31,0.06,,
9/1/1935,,68,30,0,0,
9/2/1935,,72,28,0,0,
9/3/1935,,69,33,0,0,
9/4/1935,,75,27,0,0,
9/5/1935,,73,30,0,0,
9/6/1935,,68,37,0,0,
9/7/1935,,68,28,0,0,
9/8/1935,,71,23,0,0,
9/9/1935,,76,25,0,0,
9/10/1935,,76,26,0,0,
9/11/1935,,73,38,0,0,
9/12/1935,,75,27,0,0,
9/13/1935,,73,31,0,0,
9/14/1935,,74,31,0,0,
9/15/1935,,72,43,0.1,0,
9/16/1935,,70,35,0,0,
9/17/1935,,70,27,0,0,
9/18/1935,,68,33,0,0,
9/19/1935,,71,33,0,0,
9/20/1935,,72,30,0,0,
9/21/1935,,75,25,0,0,
9/22/1935,,73,27,0,0,
9/23/1935,,70,42,0.09,0,
9/24/1935,,61,37,0.15,0,
9/25/1935,,60,24,0,0,
9/26/1935,,58,22,0,0,
9/27/1935,,57,13,0,0,
9/28/1935,,71,17,0,0,
9/29/1935,,66,24,0,0,
9/30/1935,,69,22,0,0,
10/1/1935,,71,22,0,0,
10/2/1935,,72,21,0,0,
10/3/1935,,71,23,0.05,0,
10/4/1935,,68,26,0,0,
10/5/1935,,66,25,0,0,
10/6/1935,,61,25,0,0,
10/7/1935,,66,24,0,0,
10/8/1935,,63,22,0,0,
10/9/1935,,60,26,0,0,
10/10/1935,,66,33,0,0,
10/11/1935,,64,32,0,0,
10/12/1935,,54,26,0.72,0,
10/13/1935,,49,30,0,0,
10/14/1935,,58,26,0,0,
10/15/1935,,42,30,0.24,2.5,3
10/16/1935,,34,21,0.05,0,
10/17/1935,,37,21,0,0,
10/18/1935,,51,21,0,0,
10/19/1935,,,,0,0,
10/20/1935,,57,21,0,0,
10/21/1935,,34,15,0,0,
10/22/1935,,32,5,0,0,
10/23/1935,,41,-1,0,0,
10/24/1935,,50,8,0,0,
10/25/1935,,52,14,0,0,
10/26/1935,,55,15,0,0,
10/27/1935,,54,15,0,0,
10/28/1935,,54,22,0,0,
10/29/1935,,49,15,,0.2,
10/30/1935,,21,10,0.08,1.5,2
10/31/1935,,25,6,0.1,1,3
11/1/1935,,25,11,0.34,5,8
11/2/1935,,30,13,0.41,6,14
11/3/1935,,,6,0,0,13
11/4/1935,,18,-20,0,0,12
11/5/1935,,19,7,0,0,8
11/6/1935,,26,15,0,0,8
11/7/1935,,37,22,0,0,8
11/8/1935,,33,27,0,0,8
11/9/1935,,35,,0.45,4.5,
11/10/1935,,32,,0,0,10
11/11/1935,,28,-10,0,0,10
11/12/1935,,36,4,0,0,8
11/13/1935,,34,7,0.07,1,8
11/14/1935,,36,-14,0,0,8
11/15/1935,,32,-12,0,0,8
11/16/1935,,33,-7,0.04,0.5,8
11/17/1935,,33,15,0.02,0.7,9
11/18/1935,,,23,0.2,3.3,12
11/19/1935,,31,21,0.03,0.5,13
11/20/1935,,34,22,0,0,12
11/21/1935,,39,20,0,0,11
11/22/1935,,39,9,0,0,11
11/23/1935,,34,25,0,0,11
11/24/1935,,36,-4,0,0,11
11/25/1935,,43,-12,0,0,11
11/26/1935,,37,-2,0,0,11
11/27/1935,,34,8,0.02,0.4,11
11/28/1935,,30,12,0,0,11
11/29/1935,,38,9,0,0,11
11/30/1935,,43,-4,0,0,11
12/1/1935,,44,-10,,,11
12/2/1935,,41,-12,,,10
12/3/1935,,41,-13,,,10
12/4/1935,,42,-11,,,10
12/5/1935,,36,-8,,,10
12/6/1935,,,19,0.1,1.5,11
12/7/1935,,26,19,0,0,11
12/8/1935,,33,18,,,11
12/9/1935,,28,20,,,11
12/10/1935,,27,16,0.01,0.3,12
12/11/1935,,30,19,,,11
12/12/1935,,31,20,0.3,3.2,15
12/13/1935,,32,10,0.08,1.3,16
12/14/1935,,20,-8,0,0,15
12/15/1935,,22,-21,,,14
12/16/1935,,24,-25,,,14
12/17/1935,,24,-25,,,14
12/18/1935,,31,-18,,,14
12/19/1935,,30,-17,,,14
12/20/1935,,33,-12,,0,13
12/21/1935,,31,-13,,0.4,13
12/22/1935,,,-1,,,13
12/23/1935,,28,1,,,13
12/24/1935,,31,7,,,13
12/25/1935,,26,4,,,13
12/26/1935,,33,-2,0,,13
12/27/1935,,32,21,0.03,,13
12/28/1935,,28,15,,,13
12/29/1935,,31,18,,,13
12/30/1935,,,0,0.02,0.3,13
12/31/1935,,26,7,0.05,,14
1/1/1936,,20,4,0,0,14
1/2/1936,,26,15,0.13,3.1,17
1/3/1936,,26,8,0,0.1,17
1/4/1936,,26,15,0.18,2.2,18
1/5/1936,,25,12,0.08,0.4,17
1/6/1936,,21,-26,,0,17
1/7/1936,,22,-19,,0,17
1/8/1936,,20,-15,,0,17
1/9/1936,,25,12,0.16,2.9,19
1/10/1936,,26,19,0.11,3.8,23
1/11/1936,,32,23,0.12,1.1,24
1/12/1936,,32,1,0.1,1.3,25
1/13/1936,,26,19,0.95,7,32
1/14/1936,,28,7,0.12,1.5,34
1/15/1936,,26,16,0.21,3.1,36
1/16/1936,,26,14,0.25,4,37
1/17/1936,,21,-23,0,0,36
1/18/1936,,12,-16,0.02,0.2,35
1/19/1936,,16,-6,0,0,34
1/20/1936,,24,10,,0,33
1/21/1936,,25,-2,,0,33
1/22/1936,,27,12,,0,32
1/23/1936,,29,0,,0,32
1/24/1936,,30,-7,,0,32
1/25/1936,,21,-20,,0,32
1/26/1936,,26,-31,,0,31
1/27/1936,,21,-23,0.27,3.9,35
1/28/1936,,21,6,0.09,0.9,35
1/29/1936,,24,-35,,0,35
1/30/1936,,21,-24,,0,34
1/31/1936,,23,-7,,0,33
2/1/1936,,21,-14,0.01,0.1,33
2/2/1936,,22,-14,0.15,3,36
2/3/1936,,21,-29,0,0,35
2/4/1936,,10,-6,0.05,0.6,34
2/5/1936,,10,4,0.15,1.9,34
2/6/1936,,18,4,0.14,1.6,
2/7/1936,,21,-13,0.09,1,36
2/8/1936,,1,-41,0,0.1,34
2/9/1936,,16,-22,0,0,34
2/10/1936,,21,10,0,0,34
2/11/1936,,25,16,0,0,33
2/12/1936,,29,20,0.43,4.5,38
2/13/1936,,28,2,0.12,1.5,39
2/14/1936,,16,-12,0.06,0.7,38
2/15/1936,,21,-5,0.05,0,38
2/16/1936,,21,12,0.22,2.5,39
2/17/1936,,19,-41,,0,39
2/18/1936,,26,-14,0,0,39
2/19/1936,,26,19,0.17,2.3,41
2/20/1936,,27,14,0.05,0.7,42
2/21/1936,,34,-2,0.33,4.5,42
2/22/1936,,34,29,0.5,5.6,47
2/23/1936,,33,24,0.43,6.6,53
2/24/1936,,29,10,0.44,4.5,56
2/25/1936,,21,10,0.42,4.9,60
2/26/1936,,24,10,0.17,1.8,59
2/27/1936,,26,16,0.16,1.7,
2/28/1936,,35,20,0,,
2/29/1936,,31,14,0,0,55
3/1/1936,,44,22,,,54
3/2/1936,,37,7,,,53
3/3/1936,,44,22,,,52
3/4/1936,,40,3,,,52
3/5/1936,,47,-7,,,50
3/6/1936,,45,-5,,,49
3/7/1936,,37,23,,,48
3/8/1936,,,,,,
3/9/1936,,,,,,
3/10/1936,,,,,,
3/11/1936,,,,,,
3/12/1936,,44,-12,0.25,3.5,51
3/13/1936,,35,-7,0.2,3,54
3/14/1936,,26,-9,0.06,1,51
3/15/1936,,30,2,,0.8,50
3/16/1936,,33,-12,,,49
3/17/1936,,40,-5,0.18,1.8,51
3/18/1936,,36,8,0.04,0.6,51
3/19/1936,,39,-3,,,50
3/20/1936,,46,7,,,48
3/21/1936,,43,15,0.03,0.3,48
3/22/1936,,34,8,0.04,0.6,49
3/23/1936,,22,-24,,,48
3/24/1936,,30,-10,0.03,0.5,48
3/25/1936,,34,-5,0.05,0.7,49
3/26/1936,,30,-2,0.39,5.5,54
3/27/1936,,27,17,0.11,1.5,55
3/28/1936,,30,20,1,15,67
3/29/1936,,26,10,0.3,5,72
3/30/1936,,21,-35,0.03,0.5,70
3/31/1936,,18,-4,0.39,5,73
4/1/1936,,16,-8,0.03,,70
4/2/1936,,18,-19,0.04,0.5,69
4/3/1936,,28,7,0.4,4.6,72
4/4/1936,,34,17,0.53,6,74
4/5/1936,,28,-28,0,,70
4/6/1936,,34,-5,0,0,69
4/7/1936,,33,,0,0,67
4/8/1936,,42,24,0,0,65
4/9/1936,,40,-6,0,,63
4/10/1936,,46,20,0,,60
4/11/1936,,52,25,0,,55
4/12/1936,,60,20,0,,50
4/13/1936,,60,22,0,,47
4/14/1936,,56,25,0,,44
4/15/1936,,62,18,0,,41
4/16/1936,,64,16,0,,39
4/17/1936,,63,17,0,,37
4/18/1936,,64,17,0,,32
4/19/1936,,63,18,0,,28
4/20/1936,,58,26,0,,26
4/21/1936,,54,24,0,,24
4/22/1936,,58,26,0.07,,23
4/23/1936,,46,34,0.63,,21
4/24/1936,,53,27,0.02,,19
4/25/1936,,53,26,0.16,,17
4/26/1936,,47,25,0.05,0.2,17
4/27/1936,,46,20,0.1,0.5,16
4/28/1936,,41,31,0.51,0,16
4/29/1936,,51,28,0.04,,15
4/30/1936,,46,28,0,,15
5/1/1936,,47,32,0.25,0,14
5/2/1936,,53,23,0,0,15
5/3/1936,,65,28,0,0,12
5/4/1936,,65,27,0,0,10
5/5/1936,,62,31,0.3,0,8
5/6/1936,,37,28,0.08,0,6
5/7/1936,,46,22,0.02,0,5
5/8/1936,,59,20,0,0,4
5/9/1936,,66,23,0,0,2
5/10/1936,,69,23,0,0,0
5/11/1936,,70,29,0,0,
5/12/1936,,69,29,0,0,
5/13/1936,,75,28,0,0,
5/14/1936,,76,32,0,0,
5/15/1936,,71,36,0.08,0,
5/16/1936,,50,30,0.14,0,
5/17/1936,,54,20,0,0,
5/18/1936,,65,22,0,0,
5/19/1936,,69,22,0,0,
5/20/1936,,69,29,0,0,
5/21/1936,,51,28,0,0,
5/22/1936,,53,22,0,0,
5/23/1936,,62,19,0,0,
5/24/1936,,69,21,0,0,
5/25/1936,,74,27,0,0,
5/26/1936,,78,28,0,0,
5/27/1936,,75,30,0,0,
5/28/1936,,69,35,0,0,
5/29/1936,,79,32,0,0,
5/30/1936,,82,32,0,0,
5/31/1936,,72,26,0,0,
6/1/1936,,61,32,1.34,0,
6/2/1936,,50,36,0.05,0,
6/3/1936,,58,33,0,0,
6/4/1936,,60,35,0.05,0,
6/5/1936,,58,36,0.03,0,
6/6/1936,,63,38,0.13,0,
6/7/1936,,55,39,0.12,0,
6/8/1936,,,28,0.22,0,
6/9/1936,,59,33,0.04,0,
6/10/1936,,76,28,0,0,
6/11/1936,,77,29,0,0,
6/12/1936,,79,35,0,0,
6/13/1936,,76,44,0,0,
6/14/1936,,79,41,0,0,
6/15/1936,,74,48,0.05,0,
6/16/1936,,65,36,0.04,0,
6/17/1936,,74,37,0,0,
6/18/1936,,74,31,0,0,
6/19/1936,,78,34,0,0,
6/20/1936,,84,35,0,0,
6/21/1936,,84,38,0,0,
6/22/1936,,84,40,0,0,
6/23/1936,,87,42,0,0,
6/24/1936,,82,47,0,0,
6/25/1936,,81,50,0,0,
6/26/1936,,85,40,0,0,
6/27/1936,,84,45,0,0,
6/28/1936,,,54,0,0,
6/29/1936,,72,32,0,0,
6/30/1936,,79,33,0,0,
7/1/1936,,80,33,0,,
7/2/1936,,84,36,0,,
7/3/1936,,81,46,0,,
7/4/1936,,82,44,0,,
7/5/1936,,85,42,0,,
7/6/1936,,81,53,0,,
7/7/1936,,80,40,0.23,,
7/8/1936,,79,46,0,,
7/9/1936,,75,45,0,,
7/10/1936,,73,42,0,,
7/11/1936,,67,50,0.05,,
7/12/1936,,62,47,0.02,,
7/13/1936,,82,41,0,,
7/14/1936,,83,48,0,,
7/15/1936,,84,56,0.09,,
7/16/1936,,79,42,0,,
7/17/1936,,87,46,0,,
7/18/1936,,90,45,0,,
7/19/1936,,92,42,0,,
7/20/1936,,88,45,0,,
7/21/1936,,90,45,0,,
7/22/1936,,87,46,0,,
7/23/1936,,92,46,0,,
7/24/1936,,81,56,0,,
7/25/1936,,83,51,0,,
7/26/1936,,82,46,0,,
7/27/1936,,83,38,0,,
7/28/1936,,79,54,0,,
7/29/1936,,78,42,0,,
7/30/1936,,82,43,0,,
7/31/1936,,75,54,0.02,,
8/1/1936,,69,46,0.26,0,
8/2/1936,,70,49,0.07,0,
8/3/1936,,72,43,0,0,
8/4/1936,,74,36,0,0,
8/5/1936,,80,32,0,0,
8/6/1936,,80,39,0,0,
8/7/1936,,80,42,0,0,
8/8/1936,,86,43,0,0,
8/9/1936,,83,46,0,0,
8/10/1936,,78,52,0.09,0,
8/11/1936,,78,52,0.1,0,
8/12/1936,,71,49,0.41,0,
8/13/1936,,72,47,0,0,
8/14/1936,,76,41,0,0,
8/15/1936,,82,42,0,0,
8/16/1936,,76,46,0,0,
8/17/1936,,78,51,0.05,0,
8/18/1936,,72,40,0,0,
8/19/1936,,75,30,0,0,
8/20/1936,,74,42,0,0,
8/21/1936,,75,29,0,0,
8/22/1936,,76,30,0,0,
8/23/1936,,79,35,0,0,
8/24/1936,,70,39,0,0,
8/25/1936,,73,27,0,0,
8/26/1936,,70,28,0,0,
8/27/1936,,67,28,0,0,
8/28/1936,,77,25,0,0,
8/29/1936,,80,28,0,0,
8/30/1936,,80,35,0.12,0,
8/31/1936,,65,42,0.03,0,
9/1/1936,,75,34,0,0,
9/2/1936,,73,36,0.14,0,
9/3/1936,,63,41,0.05,0,
9/4/1936,,63,41,0.05,0,
9/5/1936,,61,31,0,0,
9/6/1936,,60,37,0,0,
9/7/1936,,68,29,0,0,
9/8/1936,,72,30,0,0,
9/9/1936,,74,41,0,0,
9/10/1936,,70,32,0,0,
9/11/1936,,67,32,0,0,
9/12/1936,,68,28,0.07,0,
9/13/1936,,60,36,0,0,
9/14/1936,,42,31,0.04,0,
9/15/1936,,49,15,0.03,0,
9/16/1936,,60,12,0,0,
9/17/1936,,66,17,0,0,
9/18/1936,,67,22,0,0,
9/19/1936,,70,29,0,0,
9/20/1936,,72,26,0,0,
9/21/1936,,79,26,0,0,
9/22/1936,,73,29,0,0,
9/23/1936,,70,28,0,0,
9/24/1936,,70,28,0,0,
9/25/1936,,61,32,0.07,0,
9/26/1936,,42,24,0,0,
9/27/1936,,63,14,0,0,
9/28/1936,,67,19,0,0,
9/29/1936,,66,23,0,0,
9/30/1936,,66,24,0,0,
10/1/1936,,64,21,0,0,
10/2/1936,,64,22,0,0,
10/3/1936,,65,27,0,0,
10/4/1936,,57,27,0,0,
10/5/1936,,49,32,0.2,0,
10/6/1936,,55,18,0,0,
10/7/1936,,70,20,0,0,
10/8/1936,,69,26,0,0,
10/9/1936,,66,22,0,0,
10/10/1936,,67,21,0,0,
10/11/1936,,67,22,0,0,
10/12/1936,,64,30,0,0,
10/13/1936,,62,23,0,0,
10/14/1936,,53,27,0.03,0,
10/15/1936,,42,30,0.08,0,
10/16/1936,,45,24,0.02,0,
10/17/1936,,49,21,0.1,2,1
10/18/1936,,62,24,0,0,
10/19/1936,,51,33,0.19,0,
10/20/1936,,48,29,0.03,0,
10/21/1936,,48,21,0,0,
10/22/1936,,33,12,0,0,
10/23/1936,,38,19,0,0,
10/24/1936,,42,21,0,0,
10/25/1936,,44,26,0,0,
10/26/1936,,47,12,0,0,
10/27/1936,,41,23,0,0,
10/28/1936,,50,8,0,0,
10/29/1936,,49,16,0,0,
10/30/1936,,44,21,0,0,
10/31/1936,,43,26,0.02,0,
11/1/1936,,35,20,0.18,4,4
11/2/1936,,22,-9,0,0,4
11/3/1936,,19,-21,0,0,4
11/4/1936,,27,14,0,0,4
11/5/1936,,30,18,0,0,4
11/6/1936,,31,6,0,0,4
11/7/1936,,31,-4,0,0,4
11/8/1936,,28,-7,0,0,4
11/9/1936,,41,-7,0,0,3
11/10/1936,,42,-2,0,0,3
11/11/1936,,41,5,0,0,3
11/12/1936,,46,-2,0,0,2
11/13/1936,,56,7,0,0,2
11/14/1936,,58,9,0,0,2
11/15/1936,,54,4,0,0,2
11/16/1936,,49,20,0,0,1
11/17/1936,,41,16,0.02,1,2
11/18/1936,,49,6,0,0,1
11/19/1936,,57,6,0,0,1
11/20/1936,,46,8,0,0,1
11/21/1936,,50,4,0,0,
11/22/1936,,51,2,0,0,
11/23/1936,,46,-1,0,0,
11/24/1936,,35,0,0,0,
11/25/1936,,44,2,0,0,
11/26/1936,,43,0,0,0,
11/27/1936,,42,-1,0,0,
11/28/1936,,47,-6,0,0,
11/29/1936,,39,-6,0,0,
11/30/1936,,30,8,0,0,0
12/1/1936,,27,-11,,,
12/2/1936,,22,7,0.02,0.5,1
12/3/1936,,21,-8,,,1
12/4/1936,,21,-19,,,
12/5/1936,,17,-2,0.02,1,1
12/6/1936,,28,-14,0.32,4,5
12/7/1936,,30,18,0.03,1,6
12/8/1936,,29,22,,3,8
12/9/1936,,,2,0.08,2,9
12/10/1936,,20,-9,,,9
12/11/1936,,27,14,,,9
12/12/1936,,23,-7,,,8
12/13/1936,,32,5,,,8
12/14/1936,,36,-4,,,8
12/15/1936,,34,13,,,7
12/16/1936,,,24,0.02,1,8
12/17/1936,,,,,,
12/18/1936,,,,,,
12/19/1936,,,,,,
12/20/1936,,,,,,
12/21/1936,,,,,,
12/22/1936,,,,,,
12/23/1936,,,,,,
12/24/1936,,,,,,
12/25/1936,,,,,,
12/26/1936,,,,,,
12/27/1936,,,,,,
12/28/1936,,,,,,
12/29/1936,,,,,,
12/30/1936,,,,,,
12/31/1936,,,,,,
1/1/1937,,,,,,
1/2/1937,,,,,,
1/3/1937,,,,,,
1/4/1937,,,,,,
1/5/1937,,,,,,
1/6/1937,,,,,,
1/7/1937,,,,,,
1/8/1937,,,,,,
1/9/1937,,,,,,
1/10/1937,,,,,,
1/11/1937,,,,,,
1/12/1937,,,,,,
1/13/1937,,,,,,
1/14/1937,,,,,,
1/15/1937,,,,,,
1/16/1937,,,,,,
1/17/1937,,,,,,
1/18/1937,,,,,,
1/19/1937,,,,,,
1/20/1937,,,,,,
1/21/1937,,,,,,
1/22/1937,,,,,,
1/23/1937,,,,,,
1/24/1937,,,,,,
1/25/1937,,,,,,
1/26/1937,,,,,,
1/27/1937,,,,,,
1/28/1937,,,,,,
1/29/1937,,,,,,
1/30/1937,,,,,,
1/31/1937,,,,,,
2/1/1937,,,,,,
2/2/1937,,,,,,
2/3/1937,,,,,,
2/4/1937,,,,,,
2/5/1937,,,,,,
2/6/1937,,,,,,
2/7/1937,,,,,,
2/8/1937,,,,,,
2/9/1937,,,,,,
2/10/1937,,,,,,
2/11/1937,,,,,,
2/12/1937,,,,,,
2/13/1937,,,,,,
2/14/1937,,,,,,
2/15/1937,,,,,,
2/16/1937,,,,,,
2/17/1937,,,,,,
2/18/1937,,,,,,
2/19/1937,,,,,,
2/20/1937,,,,,,
2/21/1937,,,,,,
2/22/1937,,,,,,
2/23/1937,,,,,,
2/24/1937,,,,,,
2/25/1937,,,,,,
2/26/1937,,,,,,
2/27/1937,,,,,,
2/28/1937,,,,,,
3/1/1937,,,,,,
3/2/1937,,,,,,
3/3/1937,,,,,,
3/4/1937,,,,,,
3/5/1937,,,,,,
3/6/1937,,,,,,
3/7/1937,,,,,,
3/8/1937,,,,,,
3/9/1937,,,,,,
3/10/1937,,,,,,
3/11/1937,,,,,,
3/12/1937,,,,,,
3/13/1937,,,,,,
3/14/1937,,,,,,
3/15/1937,,,,,,
3/16/1937,,,,,,
3/17/1937,,,,,,
3/18/1937,,,,,,
3/19/1937,,,,,,
3/20/1937,,,,,,
3/21/1937,,,,,,
3/22/1937,,,,,,
3/23/1937,,,,,,
3/24/1937,,,,,,
3/25/1937,,,,,,
3/26/1937,,,,,,
3/27/1937,,,,,,
3/28/1937,,,,,,
3/29/1937,,,,,,
3/30/1937,,,,,,
3/31/1937,,,,,,
4/1/1937,,,,,,
4/2/1937,,,,,,
4/3/1937,,,,,,
4/4/1937,,,,,,
4/5/1937,,,,,,
4/6/1937,,,,,,
4/7/1937,,,,,,
4/8/1937,,,,,,
4/9/1937,,,,,,
4/10/1937,,,,,,
4/11/1937,,,,,,
4/12/1937,,,,,,
4/13/1937,,,,,,
4/14/1937,,,,,,
4/15/1937,,,,,,
4/16/1937,,,,,,
4/17/1937,,,,,,
4/18/1937,,,,,,
4/19/1937,,,,,,
4/20/1937,,,,,,
4/21/1937,,,,,,
4/22/1937,,,,,,
4/23/1937,,34,6,,,36
4/24/1937,,42,-1,,,35
4/25/1937,,56,13,,,32
4/26/1937,,61,16,,,31
4/27/1937,,54,21,,,29
4/28/1937,,38,25,0.31,2,29
4/29/1937,,37,24,0.03,0,29
4/30/1937,,44,27,0.12,0,27
5/1/1937,,55,20,0,0,24
5/2/1937,,59,18,0,0,21
5/3/1937,,54,22,0,0,17
5/4/1937,,60,21,0,0,16
5/5/1937,,57,25,0,0,15
5/6/1937,,54,25,0.02,0,14
5/7/1937,,59,24,0,0,10
5/8/1937,,56,32,0.04,0,8
5/9/1937,,60,23,0,0,6
5/10/1937,,57,29,0,0,0
5/11/1937,,51,34,0,0,
5/12/1937,,55,26,0,0,
5/13/1937,,62,25,0,0,
5/14/1937,,62,39,0,0,
5/15/1937,,60,25,0,0,
5/16/1937,,66,25,0,0,
5/17/1937,,67,32,0,0,
5/18/1937,,71,29,0,0,
5/19/1937,,64,32,0,0,
5/20/1937,,48,33,0.15,0,
5/21/1937,,51,24,0.07,0,
5/22/1937,,69,26,0,0,
5/23/1937,,66,30,0,0,
5/24/1937,,68,28,0,0,
5/25/1937,,68,28,0,0,
5/26/1937,,63,29,0,0,
5/27/1937,,67,38,0,0,
5/28/1937,,69,32,0,0,
5/29/1937,,60,28,0,0,
5/30/1937,,49,32,0,0,
5/31/1937,,52,28,0.09,0,
6/1/1937,,55,35,0.04,0,
6/2/1937,,68,27,,0,
6/3/1937,,,32,0.38,1,1
6/4/1937,,41,28,0.36,0,
6/5/1937,,47,26,0.07,0,
6/6/1937,,51,20,,0,
6/7/1937,,61,23,,0,
6/8/1937,,63,23,0.09,0,
6/9/1937,,49,37,0.13,0,
6/10/1937,,64,31,0.32,0,
6/11/1937,,61,37,0.05,0,
6/12/1937,,55,35,0.46,0,
6/13/1937,,51,34,0.1,0,
6/14/1937,,61,37,,0,
6/15/1937,,65,38,,0,
6/16/1937,,74,38,,0,
6/17/1937,,64,39,0.13,0,
6/18/1937,,60,29,,0,
6/19/1937,,63,31,0.07,0,
6/20/1937,,69,52,0,0,
6/21/1937,,,43,,0,
6/22/1937,,79,42,,0,
6/23/1937,,75,48,,0,
6/24/1937,,66,31,,0,
6/25/1937,,77,29,,0,
6/26/1937,,72,28,,0,
6/27/1937,,76,31,,0,
6/28/1937,,85,36,,0,
6/29/1937,,85,41,,0,
6/30/1937,,78,46,,0,
7/1/1937,,82,40,0,0,
7/2/1937,,81,44,0,0,
7/3/1937,,85,39,0,0,
7/4/1937,,85,47,0,0,
7/5/1937,,81,50,0.01,0,
7/6/1937,,61,50,0.74,0,
7/7/1937,,75,42,0,0,
7/8/1937,,72,44,0.05,0,
7/9/1937,,69,39,0.12,0,
7/10/1937,,69,41,0.09,0,
7/11/1937,,75,38,0,0,
7/12/1937,,75,38,0,0,
7/13/1937,,72,44,0.03,0,
7/14/1937,,67,43,0.13,0,
7/15/1937,,65,31,0.1,0,
7/16/1937,,72,32,0,0,
7/17/1937,,76,34,0.1,0,
7/18/1937,,78,42,0.12,0,
7/19/1937,,78,38,0,0,
7/20/1937,,80,38,0,0,
7/21/1937,,85,45,0,0,
7/22/1937,,83,43,0,0,
7/23/1937,,79,42,0.13,0,
7/24/1937,,80,41,0,0,
7/25/1937,,87,41,0,0,
7/26/1937,,80,44,0.24,0,
7/27/1937,,80,42,0,0,
7/28/1937,,83,42,0,0,
7/29/1937,,77,39,0,0,
7/30/1937,,72,42,0,0,
7/31/1937,,70,40,0.36,0,
8/1/1937,,59,41,0.22,0,
8/2/1937,,64,29,0,0,
8/3/1937,,72,27,0,0,
8/4/1937,,77,31,0,0,
8/5/1937,,84,34,0,0,
8/6/1937,,80,34,0,0,
8/7/1937,,77,34,0,0,
8/8/1937,,80,43,0,0,
8/9/1937,,78,43,0,0,
8/10/1937,,73,36,0,0,
8/11/1937,,78,47,0,0,
8/12/1937,,77,39,0,0,
8/13/1937,,83,42,0,0,
8/14/1937,,85,41,0,0,
8/15/1937,,82,50,0,0,
8/16/1937,,80,42,0,0,
8/17/1937,,85,38,0,0,
8/18/1937,,84,43,0,0,
8/19/1937,,77,41,0.02,0,
8/20/1937,,75,30,0,0,
8/21/1937,,80,30,0,0,
8/22/1937,,82,39,0,0,
8/23/1937,,81,37,0,0,
8/24/1937,,70,43,0,0,
8/25/1937,,73,33,0,0,
8/26/1937,,75,30,0,0,
8/27/1937,,81,39,0,0,
8/28/1937,,75,45,0.05,0,
8/29/1937,,65,29,0,0,
8/30/1937,,65,24,0.37,0,
8/31/1937,,75,31,0,0,
9/1/1937,,76,32,0,0,
9/2/1937,,78,38,0,0,
9/3/1937,,77,39,0.3,0,
9/4/1937,,71,37,0.05,0,
9/5/1937,,65,40,0.14,0,
9/6/1937,,69,29,0,0,
9/7/1937,,76,28,0,0,
9/8/1937,,68,38,0.12,0,
9/9/1937,,69,39,0,0,
9/10/1937,,71,30,0,0,
9/11/1937,,76,28,0,0,
9/12/1937,,70,30,0,0,
9/13/1937,,75,29,0,0,
9/14/1937,,78,29,0,0,
9/15/1937,,76,29,0,0,
9/16/1937,,76,31,0,0,
9/17/1937,,79,30,0,0,
9/18/1937,,80,35,0,0,
9/19/1937,,73,36,0,0,
9/20/1937,,64,31,0.07,0,
9/21/1937,,51,31,0.42,0,
9/22/1937,,64,30,0,0,
9/23/1937,,60,30,0.68,0,
9/24/1937,,38,26,0.39,0,
9/25/1937,,42,17,0,0,
9/26/1937,,57,32,0,0,
9/27/1937,,58,30,0,0,
9/28/1937,,58,22,0,0,
9/29/1937,,58,33,0,0,
9/30/1937,,59,24,0,0,
10/1/1937,,64,28,0,0,
10/2/1937,,66,29,0,0,
10/3/1937,,61,30,0,0,
10/4/1937,,54,31,0.34,2,2
10/5/1937,,40,22,0,0,
10/6/1937,,42,20,0,0,
10/7/1937,,56,18,0,0,
10/8/1937,,57,21,0,0,
10/9/1937,,60,22,0,0,
10/10/1937,,64,26,0,0,
10/11/1937,,63,21,0,0,
10/12/1937,,62,22,0,0,
10/13/1937,,63,21,0,0,
10/14/1937,,60,26,0,0,
10/15/1937,,55,,0.04,0,
10/16/1937,,41,23,0.19,0,
10/17/1937,,50,35,0.09,0,
10/18/1937,,39,23,0,0,
10/19/1937,,38,17,0,0,
10/20/1937,,44,28,0,0,
10/21/1937,,55,30,0,0,
10/22/1937,,63,25,0,0,
10/23/1937,,65,24,0,0,
10/24/1937,,62,26,0,0,
10/25/1937,,57,28,0,0,
10/26/1937,,61,23,0,0,
10/27/1937,,62,24,0,0,
10/28/1937,,61,28,0,0,
10/29/1937,,63,24,0,0,
10/30/1937,,62,19,0,0,
10/31/1937,,54,26,0.05,0,
11/1/1937,,40,15,0,0,0
11/2/1937,,46,18,0,0,
11/3/1937,,45,19,0,0,
11/4/1937,,46,15,0,0,
11/5/1937,,49,12,0,0,
11/6/1937,,47,27,0,0,
11/7/1937,,36,25,,0,0
11/8/1937,,37,22,0,0,
11/9/1937,,49,26,0,0,
11/10/1937,,50,25,0,0,
11/11/1937,,49,13,0,0,0
11/12/1937,,40,22,0.14,2.5,3
11/13/1937,,32,13,0,0,2
11/14/1937,,35,27,0.22,2,4
11/15/1937,,38,23,0.25,2,6
11/16/1937,,33,11,0,0,6
11/17/1937,,29,13,0.17,2,7
11/18/1937,,31,-4,0,0,7
11/19/1937,,29,8,0.11,2,7
11/20/1937,,37,26,0,0,5
11/21/1937,,41,31,0.09,1.5,7
11/22/1937,,39,17,0,0,6
11/23/1937,,40,7,0,0,6
11/24/1937,,37,26,0.28,3,9
11/25/1937,,32,16,0,0,8
11/26/1937,,30,2,0.3,2,9
11/27/1937,,25,-1,0.03,1,10
11/28/1937,,35,22,0.21,2,11
11/29/1937,,30,0,0,0,10
11/30/1937,,,,0,0,
12/1/1937,,40,-14,0,0,9
12/2/1937,,40,-8,0,0,9
12/3/1937,,32,15,0,0,9
12/4/1937,,30,-3,0,0,9
12/5/1937,,34,11,0,0,9
12/6/1937,,27,12,0,0,9
12/7/1937,,27,10,0,0,9
12/8/1937,,21,-27,0,0,9
12/9/1937,,25,-12,0,0,9
12/10/1937,,36,23,0.24,2.5,11
12/11/1937,,39,32,1.3,0,8
12/12/1937,,38,30,0.62,0,8
12/13/1937,,37,12,0,0,8
12/14/1937,,40,4,0,0,8
12/15/1937,,31,21,0.09,2,10
12/16/1937,,28,3,0.11,1,11
12/17/1937,,25,1,0,0,11
12/18/1937,,28,4,0,0,11
12/19/1937,,26,-1,0.2,3,14
12/20/1937,,25,-2,0,0,13
12/21/1937,,27,-9,0,0,13
12/22/1937,,24,0,0.09,0.5,11
12/23/1937,,28,16,0.05,3,14
12/24/1937,,24,6,0.44,6,19
12/25/1937,,17,-10,0.06,1,20
12/26/1937,,17,10,0.55,7.5,19
12/27/1937,,20,9,0.55,7.5,19
12/28/1937,,30,17,0.45,3,22
12/29/1937,,35,8,0,0,20
12/30/1937,,40,-2,0,0,19
12/31/1937,,30,15,0,0,
1/1/1938,,32,-15,0,0,
1/2/1938,,35,-10,0,0,
1/3/1938,,36,-13,0,0,
1/4/1938,,37,-9,0,0,
1/5/1938,,35,-10,0,0,
1/6/1938,,,-11,0.41,6.8,18
1/7/1938,,,-7,0,0,18
1/8/1938,,,-5,0,0,
1/9/1938,,,-9,0.05,1,19
1/10/1938,,,7,0.03,0.5,20
1/11/1938,,,-6,0.06,1,20
1/12/1938,,,-9,0.17,2,22
1/13/1938,,,5,0.26,3,24
1/14/1938,,,18,0,0,24
1/15/1938,,,9,0.5,2.8,25
1/16/1938,,,24,0.09,1,24
1/17/1938,,,12,0.22,2,26
1/18/1938,,,,0,0,
1/19/1938,,,9,0.21,3,29
1/20/1938,,,-18,0,0,29
1/21/1938,,,2,0.25,4,30
1/22/1938,,,18,0.45,2.5,30
1/23/1938,,,2,0.34,3,32
1/24/1938,,,-12,0,0,32
1/25/1938,,,-9,0,0,31
1/26/1938,,,-8,0,0,31
1/27/1938,,,,0,0,
1/28/1938,,,,0,0,
1/29/1938,,,-12,0.03,0.5,31
1/30/1938,,,-27,0,0,30
1/31/1938,,,,0.32,4,33
2/1/1938,,,,,,
2/2/1938,,,,,,
2/3/1938,,,,,,
2/4/1938,,,,,,
2/5/1938,,,,,,
2/6/1938,,,,,,
2/7/1938,,,,,,
2/8/1938,,,,,,
2/9/1938,,,,,,
2/10/1938,,,,,,
2/11/1938,,,,,,
2/12/1938,,,,,,
2/13/1938,,,,,,
2/14/1938,,,,,,
2/15/1938,,,,,,
2/16/1938,,,,,,
2/17/1938,,,,,,
2/18/1938,,,,,,
2/19/1938,,,,,,
2/20/1938,,,,,,
2/21/1938,,,,,,
2/22/1938,,,,,,
2/23/1938,,,,,,
2/24/1938,,,,,,
2/25/1938,,,,,,
2/26/1938,,,,,,
2/27/1938,,,,,,
2/28/1938,,,,,,
3/1/1938,,,,,,
3/2/1938,,,,,,
3/3/1938,,,,,,
3/4/1938,,,,,,
3/5/1938,,,,,,
3/6/1938,,,,,,
3/7/1938,,,,,,
3/8/1938,,,,,,
3/9/1938,,,,,,
3/10/1938,,,,,,
3/11/1938,,,,,,
3/12/1938,,,,,,
3/13/1938,,,,,,
3/14/1938,,,,,,
3/15/1938,,,,,,
3/16/1938,,,,,,
3/17/1938,,,,,,
3/18/1938,,,,,,
3/19/1938,,,,,,
3/20/1938,,,,,,
3/21/1938,,,,,,
3/22/1938,,,,,,
3/23/1938,,,,,,
3/24/1938,,,,,,
3/25/1938,,,,,,
3/26/1938,,,,,,
3/27/1938,,,,,,
3/28/1938,,,,,,
3/29/1938,,,,,,
3/30/1938,,,,,,
3/31/1938,,,,,,
4/1/1938,,,,,,
4/2/1938,,,,,,
4/3/1938,,,,,,
4/4/1938,,,,,,
4/5/1938,,,,,,
4/6/1938,,,,,,
4/7/1938,,,,,,
4/8/1938,,,,,,
4/9/1938,,,,,,
4/10/1938,,,,,,
4/11/1938,,,,,,
4/12/1938,,,,,,
4/13/1938,,,,,,
4/14/1938,,,,,,
4/15/1938,,,,,,
4/16/1938,,,,,,
4/17/1938,,,,,,
4/18/1938,,,,,,
4/19/1938,,,,,,
4/20/1938,,,,,,
4/21/1938,,,,,,
4/22/1938,,,,,,
4/23/1938,,,,,,
4/24/1938,,,,,,
4/25/1938,,,,,,
4/26/1938,,,,,,
4/27/1938,,,,,,
4/28/1938,,,,,,
4/29/1938,,,,,,
4/30/1938,,,,,,
5/1/1938,,50,33,0.04,0,27
5/2/1938,,46,29,0.05,0,25
5/3/1938,,45,28,0.03,0,24
5/4/1938,,39,28,0.09,0,23
5/5/1938,,36,21,0.03,0,23
5/6/1938,,40,14,0,0,23
5/7/1938,,40,14,0.04,0,22
5/8/1938,,44,23,,0,20
5/9/1938,,49,26,0.06,0,19
5/10/1938,,50,30,0.25,0,19
5/11/1938,,52,43,0.05,0,19
5/12/1938,,50,39,,0,18
5/13/1938,,57,39,,0,17
5/14/1938,,65,24,,0,16
5/15/1938,,58,28,,0,15
5/16/1938,,51,29,0.14,0,15
5/17/1938,,47,35,0.14,0,14
5/18/1938,,40,29,0.21,0,14
5/19/1938,,39,26,0.36,3,16
5/20/1938,,50,19,,0,14
5/21/1938,,57,23,,0,12
5/22/1938,,61,22,,0,10
5/23/1938,,60,29,,0,8
5/24/1938,,62,31,0.02,0,5
5/25/1938,,65,31,0.02,0,3
5/26/1938,,70,33,,0,0
5/27/1938,,71,36,0,0,
5/28/1938,,64,35,0.09,0,
5/29/1938,,56,39,0,0,
5/30/1938,,56,33,0.05,0,
5/31/1938,,55,32,0.22,0,0
6/1/1938,,66,28,0,,
6/2/1938,,66,37,0.08,,
6/3/1938,,68,29,0,,
6/4/1938,,72,30,0,,
6/5/1938,,74,33,0,,
6/6/1938,,70,33,0,,
6/7/1938,,70,31,0,,
6/8/1938,,75,32,0,,
6/9/1938,,,29,0,,
6/10/1938,,58,27,0,,
6/11/1938,,70,27,0,,
6/12/1938,,70,41,0,,
6/13/1938,,65,32,0,,
6/14/1938,,56,35,0.23,,
6/15/1938,,65,34,0.02,,
6/16/1938,,66,35,0,,
6/17/1938,,70,32,0.32,,
6/18/1938,,65,38,0,,
6/19/1938,,70,30,0,,
6/20/1938,,79,34,0.02,,
6/21/1938,,71,47,0.08,,
6/22/1938,,70,42,0.04,,
6/23/1938,,65,37,0,,
6/24/1938,,61,46,0.11,,
6/25/1938,,71,46,0.09,,
6/26/1938,,76,,0,,
6/27/1938,,73,45,0.16,,
6/28/1938,,77,43,0,,
6/29/1938,,74,45,0.18,,
6/30/1938,,60,46,0.2,,
7/1/1938,,64,35,0.16,,
7/2/1938,,56,45,0.34,,
7/3/1938,,60,42,0,,
7/4/1938,,57,39,0.03,,
7/5/1938,,59,41,0.04,,
7/6/1938,,58,36,0.21,,
7/7/1938,,66,36,0,,
7/8/1938,,74,38,0,,
7/9/1938,,78,41,0,,
7/10/1938,,80,40,0,,
7/11/1938,,78,42,0,,
7/12/1938,,79,39,0,,
7/13/1938,,83,41,0,,
7/14/1938,,79,43,0.76,,
7/15/1938,,60,49,0.44,,
7/16/1938,,67,50,0.27,,
7/17/1938,,73,40,0,,
7/18/1938,,75,37,0.19,,
7/19/1938,,76,48,0.43,,
7/20/1938,,75,46,0,,
7/21/1938,,79,40,0,,
7/22/1938,,80,39,0,,
7/23/1938,,77,41,0,,
7/24/1938,,75,40,0,,
7/25/1938,,70,44,0,,
7/26/1938,,73,35,0,,
7/27/1938,,78,41,0,,
7/28/1938,,72,50,0.44,,
7/29/1938,,73,43,0.27,,
7/30/1938,,79,40,0,,
7/31/1938,,81,40,0,,
8/1/1938,,77,44,0,0,
8/2/1938,,71,,0,0,
8/3/1938,,72,29,0,0,
8/4/1938,,75,31,0,0,
8/5/1938,,77,35,0,0,
8/6/1938,,77,38,0,0,
8/7/1938,,75,34,0,0,
8/8/1938,,75,38,0.42,0,
8/9/1938,,73,49,0,0,
8/10/1938,,77,37,0,0,
8/11/1938,,80,42,0,0,
8/12/1938,,80,41,0,0,
8/13/1938,,74,39,0.18,0,
8/14/1938,,51,38,0.04,0,
8/15/1938,,61,33,0.06,0,
8/16/1938,,66,29,0,0,
8/17/1938,,74,31,0,0,
8/18/1938,,71,32,0.05,0,
8/19/1938,,64,39,0,0,
8/20/1938,,69,28,0,0,
8/21/1938,,77,30,0,0,
8/22/1938,,77,44,0,0,
8/23/1938,,76,47,0.12,0,
8/24/1938,,74,43,0.47,0,
8/25/1938,,76,40,0,0,
8/26/1938,,74,44,0.05,0,
8/27/1938,,72,41,0.02,0,
8/28/1938,,75,36,0,0,
8/29/1938,,74,44,0.1,0,
8/30/1938,,77,40,0,0,
8/31/1938,,70,43,0.14,0,
9/1/1938,,70,45,0.15,0,
9/2/1938,,71,49,0.04,0,
9/3/1938,,75,42,,0,
9/4/1938,,74,45,,0,
9/5/1938,,78,53,,0,
9/6/1938,,67,39,,0,
9/7/1938,,70,36,,0,
9/8/1938,,70,37,0.14,0,
9/9/1938,,65,31,0.16,0,
9/10/1938,,,32,,0,
9/11/1938,,58,34,,0,
9/12/1938,,61,34,0.03,0,
9/13/1938,,67,30,,0,
9/14/1938,,72,29,,0,
9/15/1938,,72,27,,0,
9/16/1938,,74,32,,0,
9/17/1938,,,26,,0,
9/18/1938,,,26,,0,
9/19/1938,,76,27,,0,
9/20/1938,,75,34,,0,
9/21/1938,,77,,,0,
9/22/1938,,75,35,,0,
9/23/1938,,73,38,0.02,0,
9/24/1938,,73,30,,0,
9/25/1938,,72,36,,0,
9/26/1938,,81,28,,0,
9/27/1938,,77,26,,0,
9/28/1938,,,28,,0,
9/29/1938,,,41,0,0,
9/30/1938,,61,,,0,
10/1/1938,,,,,,
10/2/1938,,,,,,
10/3/1938,,,,,,
10/4/1938,,,,,,
10/5/1938,,,,,,
10/6/1938,,,,,,
10/7/1938,,,,,,
10/8/1938,,,,,,
10/9/1938,,,,,,
10/10/1938,,,,,,
10/11/1938,,,,,,
10/12/1938,,,,,,
10/13/1938,,,,,,
10/14/1938,,,,,,
10/15/1938,,,,,,
10/16/1938,,,,,,
10/17/1938,,,,,,
10/18/1938,,,,,,
10/19/1938,,,,,,
10/20/1938,,,,,,
10/21/1938,,,,,,
10/22/1938,,,,,,
10/23/1938,,,,,,
10/24/1938,,,,,,
10/25/1938,,,,,,
10/26/1938,,,,,,
10/27/1938,,,,,,
10/28/1938,,,,,,
10/29/1938,,,,,,
10/30/1938,,,,,,
10/31/1938,,,,,,
11/1/1938,,,,,,
11/2/1938,,,,,,
11/3/1938,,,,,,
11/4/1938,,,,,,
11/5/1938,,,,,,
11/6/1938,,,,,,
11/7/1938,,,,,,
11/8/1938,,,,,,
11/9/1938,,,,,,
11/10/1938,,,,,,
11/11/1938,,,,,,
11/12/1938,,,,,,
11/13/1938,,,,,,
11/14/1938,,,,,,
11/15/1938,,,,,,
11/16/1938,,,,,,
11/17/1938,,,,,,
11/18/1938,,,,,,
11/19/1938,,,,,,
11/20/1938,,,,,,
11/21/1938,,,,,,
11/22/1938,,,,,,
11/23/1938,,,,,,
11/24/1938,,,,,,
11/25/1938,,,,,,
11/26/1938,,,,,,
11/27/1938,,,,,,
11/28/1938,,,,,,
11/29/1938,,,,,,
11/30/1938,,,,,,
12/1/1938,,,,,,
12/2/1938,,,,,,
12/3/1938,,,,,,
12/4/1938,,,,,,
12/5/1938,,,,,,
12/6/1938,,,,,,
12/7/1938,,,,,,
12/8/1938,,,,,,
12/9/1938,,,,,,
12/10/1938,,,,,,
12/11/1938,,,,,,
12/12/1938,,,,,,
12/13/1938,,,,,,
12/14/1938,,,,,,
12/15/1938,,,,,,
12/16/1938,,,,,,
12/17/1938,,,,,,
12/18/1938,,,,,,
12/19/1938,,,,,,
12/20/1938,,,,,,
12/21/1938,,,,,,
12/22/1938,,,,,,
12/23/1938,,,,,,
12/24/1938,,,,,,
12/25/1938,,,,,,
12/26/1938,,,,,,
12/27/1938,,,,,,
12/28/1938,,,,,,
12/29/1938,,,,,,
12/30/1938,,,,,,
12/31/1938,,,,,,
1/1/1939,,,,,,
1/2/1939,,,,,,
1/3/1939,,,,,,
1/4/1939,,,,,,
1/5/1939,,,,,,
1/6/1939,,,,,,
1/7/1939,,,,,,
1/8/1939,,,,,,
1/9/1939,,,,,,
1/10/1939,,,,,,
1/11/1939,,,,,,
1/12/1939,,,,,,
1/13/1939,,,,,,
1/14/1939,,,,,,
1/15/1939,,,,,,
1/16/1939,,,,,,
1/17/1939,,,,,,
1/18/1939,,,,,,
1/19/1939,,,,,,
1/20/1939,,,,,,
1/21/1939,,,,,,
1/22/1939,,,,,,
1/23/1939,,,,,,
1/24/1939,,,,,,
1/25/1939,,,,,,
1/26/1939,,,,,,
1/27/1939,,,,,,
1/28/1939,,,,,,
1/29/1939,,,,,,
1/30/1939,,,,,,
1/31/1939,,,,,,
2/1/1939,,,,,,
2/2/1939,,,,,,
2/3/1939,,,,,,
2/4/1939,,,,,,
2/5/1939,,,,,,
2/6/1939,,,,,,
2/7/1939,,,,,,
2/8/1939,,,,,,
2/9/1939,,,,,,
2/10/1939,,,,,,
2/11/1939,,,,,,
2/12/1939,,,,,,
2/13/1939,,,,,,
2/14/1939,,,,,,
2/15/1939,,,,,,
2/16/1939,,,,,,
2/17/1939,,,,,,
2/18/1939,,,,,,
2/19/1939,,,,,,
2/20/1939,,,,,,
2/21/1939,,,,,,
2/22/1939,,,,,,
2/23/1939,,,,,,
2/24/1939,,,,,,
2/25/1939,,,,,,
2/26/1939,,,,,,
2/27/1939,,,,,,
2/28/1939,,,,,,
3/1/1939,,,,,,
3/2/1939,,,,,,
3/3/1939,,,,,,
3/4/1939,,,,,,
3/5/1939,,,,,,
3/6/1939,,,,,,
3/7/1939,,,,,,
3/8/1939,,,,,,
3/9/1939,,,,,,
3/10/1939,,,,,,
3/11/1939,,,,,,
3/12/1939,,,,,,
3/13/1939,,,,,,
3/14/1939,,,,,,
3/15/1939,,,,,,
3/16/1939,,,,,,
3/17/1939,,,,,,
3/18/1939,,,,,,
3/19/1939,,,,,,
3/20/1939,,,,,,
3/21/1939,,,,,,
3/22/1939,,,,,,
3/23/1939,,,,,,
3/24/1939,,,,,,
3/25/1939,,,,,,
3/26/1939,,,,,,
3/27/1939,,,,,,
3/28/1939,,,,,,
3/29/1939,,,,,,
3/30/1939,,,,,,
3/31/1939,,,,,,
4/1/1939,,,,,,
4/2/1939,,,,,,
4/3/1939,,,,,,
4/4/1939,,,,,,
4/5/1939,,,,,,
4/6/1939,,,,,,
4/7/1939,,,,,,
4/8/1939,,,,,,
4/9/1939,,,,,,
4/10/1939,,,,,,
4/11/1939,,,,,,
4/12/1939,,,,,,
4/13/1939,,,,,,
4/14/1939,,,,,,
4/15/1939,,,,,,
4/16/1939,,,,,,
4/17/1939,,,,,,
4/18/1939,,,,,,
4/19/1939,,,,,,
4/20/1939,,,,,,
4/21/1939,,,,,,
4/22/1939,,,,,,
4/23/1939,,,,,,
4/24/1939,,,,,,
4/25/1939,,,,,,
4/26/1939,,,,,,
4/27/1939,,,,,,
4/28/1939,,,,,,
4/29/1939,,,,,,
4/30/1939,,,,,,
5/1/1939,,51,33,0,0,
5/2/1939,,53,36,0,0,
5/3/1939,,58,26,0,0,
5/4/1939,,61,28,0,0,
5/5/1939,,57,32,0,0,
5/6/1939,,50,21,0,0,
5/7/1939,,43,22,0,0,
5/8/1939,,51,27,0,0,
5/9/1939,,60,24,0,0,
5/10/1939,,59,30,0,0,
5/11/1939,,62,20,0,0,
5/12/1939,,60,18,0,0,
5/13/1939,,63,21,0,0,
5/14/1939,,70,27,0,0,
5/15/1939,,74,30,0,0,
5/16/1939,,68,38,0,0,
5/17/1939,,59,42,0.13,0,
5/18/1939,,58,29,0.06,0,
5/19/1939,,52,29,0.12,0,0
5/20/1939,,53,20,0.04,0,
5/21/1939,,63,27,0,0,
5/22/1939,,57,29,0.08,0,
5/23/1939,,54,31,0.09,0,
5/24/1939,,48,35,0.07,0,
5/25/1939,,59,32,0.05,0,
5/26/1939,,64,28,0,0,
5/27/1939,,66,32,0,0,
5/28/1939,,71,39,0,0,
5/29/1939,,76,38,0,0,
5/30/1939,,71,41,0,0,
5/31/1939,,62,42,0,0,
6/1/1939,,61,29,0,0,
6/2/1939,,55,35,0.26,0,
6/3/1939,,67,31,0,0,
6/4/1939,,70,35,0,0,
6/5/1939,,61,31,0,0,
6/6/1939,,47,31,0.32,1.2,1
6/7/1939,,50,27,0.1,0,
6/8/1939,,57,41,0,0,
6/9/1939,,53,38,0.47,0,
6/10/1939,,57,26,0,0,
6/11/1939,,70,40,0.05,0,
6/12/1939,,70,32,0,0,
6/13/1939,,73,29,0,0,
6/14/1939,,73,32,0,0,
6/15/1939,,75,33,0,0,
6/16/1939,,73,36,0.24,0,
6/17/1939,,39,32,0.26,0,
6/18/1939,,45,31,0.2,0,
6/19/1939,,47,33,0.37,0,
6/20/1939,,55,34,0.22,0,
6/21/1939,,64,35,0.11,0,
6/22/1939,,67,31,0,0,
6/23/1939,,69,36,0,0,
6/24/1939,,63,27,0,0,
6/25/1939,,63,35,0,0,
6/26/1939,,66,28,0,0,
6/27/1939,,70,44,0,0,
6/28/1939,,76,32,0,0,
6/29/1939,,79,35,0,0,
6/30/1939,,85,38,0.07,0,
7/1/1939,,84,37,0,0,
7/2/1939,,76,50,0,0,
7/3/1939,,74,43,0.01,0,
7/4/1939,,73,46,0,0,
7/5/1939,,61,36,0.15,0,
7/6/1939,,61,45,0.02,0,
7/7/1939,,71,32,0,0,
7/8/1939,,80,34,0,0,
7/9/1939,,87,39,0,0,
7/10/1939,,88,44,0,0,
7/11/1939,,85,51,0.17,0,
7/12/1939,,80,48,0,0,
7/13/1939,,85,42,0,0,
7/14/1939,,89,42,0,0,
7/15/1939,,85,46,0.01,0,
7/16/1939,,83,40,0,0,
7/17/1939,,72,33,0,0,
7/18/1939,,79,29,0,0,
7/19/1939,,81,35,0,0,
7/20/1939,,80,45,0,0,
7/21/1939,,71,29,0,0,
7/22/1939,,75,31,0,0,
7/23/1939,,77,33,0,0,
7/24/1939,,78,34,0,0,
7/25/1939,,81,34,0,0,
7/26/1939,,83,40,0.09,0,
7/27/1939,,81,45,0.4,0,
7/28/1939,,79,40,0,0,
7/29/1939,,77,46,0.12,0,
7/30/1939,,77,48,0.28,0,
7/31/1939,,67,50,0,0,
8/1/1939,,75,33,0,0,
8/2/1939,,79,37,0,0,
8/3/1939,,82,37,0,0,
8/4/1939,,80,40,0,0,
8/5/1939,,77,38,0,0,
8/6/1939,,77,38,0.23,0,
8/7/1939,,71,32,0,0,
8/8/1939,,62,28,0,0,
8/9/1939,,63,30,0.03,0,
8/10/1939,,64,24,0,0,
8/11/1939,,75,31,0,0,
8/12/1939,,79,37,0,0,
8/13/1939,,81,39,0,0,
8/14/1939,,83,41,0,0,
8/15/1939,,82,44,0,0,
8/16/1939,,83,36,0,0,
8/17/1939,,83,35,0,0,
8/18/1939,,81,35,0,0,
8/19/1939,,78,45,0.02,0,
8/20/1939,,78,25,0,0,
8/21/1939,,77,32,0,0,
8/22/1939,,78,30,0,0,
8/23/1939,,80,31,0,0,
8/24/1939,,78,38,0,0,
8/25/1939,,79,35,0,0,
8/26/1939,,77,39,0.05,0,
8/27/1939,,80,41,0,0,
8/28/1939,,79,34,0.05,0,
8/29/1939,,74,34,0,0,
8/30/1939,,72,28,0.06,0,
8/31/1939,,75,32,0,0,
9/1/1939,,74,28,0,0,
9/2/1939,,69,31,0,0,
9/3/1939,,65,28,0,0,
9/4/1939,,76,26,0,0,
9/5/1939,,73,49,0,0,
9/6/1939,,68,43,0,0,
9/7/1939,,62,37,0,0,
9/8/1939,,59,37,0,0,
9/9/1939,,73,28,0,0,
9/10/1939,,73,30,0,0,
9/11/1939,,70,31,0,0,
9/12/1939,,62,45,0.3,0,
9/13/1939,,61,35,0.14,0,
9/14/1939,,57,28,0.05,0,
9/15/1939,,47,30,0.17,0,
9/16/1939,,64,29,0,0,
9/17/1939,,65,26,0,0,
9/18/1939,,70,25,0,0,
9/19/1939,,73,26,0,0,
9/20/1939,,75,24,0,0,
9/21/1939,,76,26,0,0,
9/22/1939,,72,32,0.14,0,
9/23/1939,,59,35,0,0,
9/24/1939,,69,36,0.04,0,
9/25/1939,,66,41,0.21,0,
9/26/1939,,63,35,0,0,
9/27/1939,,63,34,0,0,
9/28/1939,,62,37,0,0,
9/29/1939,,56,18,0,0,
9/30/1939,,60,23,0,0,
10/1/1939,,55,25,0.07,0,
10/2/1939,,47,35,0.15,0,
10/3/1939,,46,34,0.13,0,
10/4/1939,,45,29,0,0,
10/5/1939,,45,32,0.16,0,
10/6/1939,,42,33,0.64,0,
10/7/1939,,42,32,0.15,0,
10/8/1939,,52,,0.06,0,
10/9/1939,,49,18,0,0,
10/10/1939,,49,21,0,0,
10/11/1939,,50,20,0,0,
10/12/1939,,55,26,0,0,
10/13/1939,,57,25,0,0,
10/14/1939,,56,23,0,0,
10/15/1939,,52,34,0,0,
10/16/1939,,59,32,0,0,
10/17/1939,,57,23,0,0,
10/18/1939,,51,35,0,0,
10/19/1939,,48,24,0,0,
10/20/1939,,48,24,0,0,
10/21/1939,,56,27,0,0,
10/22/1939,,58,23,0,0,
10/23/1939,,56,22,0,0,
10/24/1939,,57,26,0,0,
10/25/1939,,51,31,0.02,0,
10/26/1939,,35,20,0.05,0.3,0
10/27/1939,,29,16,0,0,
10/28/1939,,37,24,0,0,
10/29/1939,,40,19,0,0,
10/30/1939,,50,19,0,0,
10/31/1939,,54,18,0,0,0
11/1/1939,,54,18,0,0,
11/2/1939,,53,16,0,0,
11/3/1939,,54,20,0,0,
11/4/1939,,44,24,0,0,
11/5/1939,,48,8,0,0,
11/6/1939,,35,20,0,0,
11/7/1939,,40,28,0,0,
11/8/1939,,50,20,0,0,
11/9/1939,,32,11,0,0,
11/10/1939,,37,15,0,0,
11/11/1939,,47,12,0,0,
11/12/1939,,50,9,0,0,
11/13/1939,,50,11,0,0,
11/14/1939,,51,13,0,0,
11/15/1939,,51,8,0,0,
11/16/1939,,49,4,0,0,
11/17/1939,,47,2,0,0,
11/18/1939,,44,1,0,0,
11/19/1939,,45,6,0,0,
11/20/1939,,49,9,0,0,
11/21/1939,,50,8,0,0,
11/22/1939,,45,12,0,0,
11/23/1939,,50,7,0,0,
11/24/1939,,56,8,0,0,
11/25/1939,,55,9,0,0,
11/26/1939,,45,3,0,0,
11/27/1939,,42,6,0,0,
11/28/1939,,39,2,0,0,
11/29/1939,,34,2,0,0,
11/30/1939,,27,16,0,0,0
12/1/1939,,35,23,0,0,
12/2/1939,,37,28,0.01,,
12/3/1939,,43,22,,,
12/4/1939,,43,29,,,
12/5/1939,,53,22,,,
12/6/1939,,45,18,,,
12/7/1939,,46,13,,,
12/8/1939,,47,12,,,
12/9/1939,,44,35,0.18,,
12/10/1939,,49,31,0.06,,
12/11/1939,,50,24,0.15,1.4,1
12/12/1939,,32,6,,,
12/13/1939,,39,9,,,
12/14/1939,,39,19,,,
12/15/1939,,36,30,0.12,2,2
12/16/1939,,41,31,0,,2
12/17/1939,,40,21,,,3
12/18/1939,,30,4,,,3
12/19/1939,,35,-7,,,3
12/20/1939,,28,9,0.12,2,5
12/21/1939,,25,12,0.03,0.5,6
12/22/1939,,25,14,,,6
12/23/1939,,20,1,,1,7
12/24/1939,,23,8,0.12,2,9
12/25/1939,,20,4,,,9
12/26/1939,,16,-12,,,9
12/27/1939,,15,-4,,,9
12/28/1939,,15,-24,,,9
12/29/1939,,25,14,,,9
12/30/1939,,30,14,,,9
12/31/1939,,35,,,,8
1/1/1940,,37,17,,8,9
1/2/1940,,39,30,,,10
1/3/1940,,39,24,,,10
1/4/1940,,30,21,,,10
1/5/1940,,29,21,,,12
1/6/1940,,25,3,,,12
1/7/1940,,24,-2,,,13
1/8/1940,,28,10,,,16
1/9/1940,,34,24,,,18
1/10/1940,,31,23,,,19
1/11/1940,,25,-4,,,19
1/12/1940,,21,-3,,,17
1/13/1940,,16,-11,,,17
1/14/1940,,20,5,,,17
1/15/1940,,20,11,,,18
1/16/1940,,24,11,,,19
1/17/1940,,31,9,,,21
1/18/1940,,10,-31,,,21
1/19/1940,,15,-31,,,21
1/20/1940,,22,-5,,,21
1/21/1940,,22,-25,,,21
1/22/1940,,21,-6,,,21
1/23/1940,,23,5,,,21
1/24/1940,,21,-9,,,23
1/25/1940,,30,0,,,
1/26/1940,,33,18,,,
1/27/1940,,33,20,,,
1/28/1940,,37,25,,,
1/29/1940,,44,-3,,,
1/30/1940,,30,-3,0,0,16
1/31/1940,,41,-5,0,0,16
2/1/1940,,33,-13,,,18
2/2/1940,,35,4,,,18
2/3/1940,,35,20,,,19
2/4/1940,,35,19,,,19
2/5/1940,,32,8,,,19
2/6/1940,,33,21,,,21
2/7/1940,,33,14,,,21
2/8/1940,,30,3,,,21
2/9/1940,,28,16,,,21
2/10/1940,,39,22,,,24
2/11/1940,,30,7,,,24
2/12/1940,,25,-8,,,24
2/13/1940,,24,7,,,25
2/14/1940,,28,17,,,26
2/15/1940,,26,16,,,26
2/16/1940,,26,-20,,,26
2/17/1940,,36,-5,,,26
2/18/1940,,32,16,,,26
2/19/1940,,28,7,,,26
2/20/1940,,21,9,,,26
2/21/1940,,26,-7,,,26
2/22/1940,,27,-3,,,28
2/23/1940,,39,21,,,31
2/24/1940,,31,9,,,32
2/25/1940,,31,20,,,33
2/26/1940,,39,28,,,34
2/27/1940,,35,28,,,36
2/28/1940,,39,31,,,37
2/29/1940,,38,17,,,39
3/1/1940,,39,4,0,,39
3/2/1940,,35,7,0,,40
3/3/1940,,39,19,0,,40
3/4/1940,,41,1,0,,38
3/5/1940,,37,23,0,,41
3/6/1940,,38,-6,0,,41
3/7/1940,,32,12,0,,
3/8/1940,,40,25,,,
3/9/1940,,38,13,0,,43
3/10/1940,,35,8,0,,43
3/11/1940,,29,4,0,,43
3/12/1940,,31,-23,0,,43
3/13/1940,,35,-15,0,,43
3/14/1940,,39,11,0,,43
3/15/1940,,41,3,0,,43
3/16/1940,,49,22,0,,44
3/17/1940,,42,20,0,,43
3/18/1940,,35,16,0,,41
3/19/1940,,42,7,0,,39
3/20/1940,,42,8,0,,36
3/21/1940,,47,10,0,,34
3/22/1940,,60,14,0,,33
3/23/1940,,,26,0,,31
3/24/1940,,60,19,0,,30
3/25/1940,,45,29,0,,29
3/26/1940,,52,30,,,30
3/27/1940,,57,27,0,,32
3/28/1940,,37,18,0,,31
3/29/1940,,40,26,0,,32
3/30/1940,,43,30,0,,30
3/31/1940,,45,32,1.55,,28
4/1/1940,,45,28,0.01,0,26
4/2/1940,,38,28,0.05,0.3,26
4/3/1940,,36,21,0,0,24
4/4/1940,,46,8,0,0,23
4/5/1940,,43,27,0.03,0,23
4/6/1940,,38,26,0,0,23
4/7/1940,,43,9,0,0,22
4/8/1940,,42,29,0.07,0,21
4/9/1940,,41,28,0.45,2,23
4/10/1940,,39,21,0,0,22
4/11/1940,,39,9,0,0,21
4/12/1940,,51,11,0,0,19
4/13/1940,,58,22,0,0,17
4/14/1940,,55,27,0,0,16
4/15/1940,,41,30,0.16,2,18
4/16/1940,,42,22,0.06,0,17
4/17/1940,,49,11,0,0,16
4/18/1940,,55,30,0,0,15
4/19/1940,,56,22,0,0,13
4/20/1940,,46,33,0.39,0,12
4/21/1940,,40,22,0.05,0,12
4/22/1940,,50,21,0,0,12
4/23/1940,,50,26,0,0,11
4/24/1940,,49,32,0.03,0,11
4/25/1940,,50,21,0.28,0,11
4/26/1940,,50,31,0.15,0,10
4/27/1940,,49,28,0,0,9
4/28/1940,,45,28,0.08,0,8
4/29/1940,,36,28,0.26,1,9
4/30/1940,,37,12,0.15,0,9
5/1/1940,,55,30,0,0,8
5/2/1940,,65,27,0,0,7
5/3/1940,,67,32,0.02,0,6
5/4/1940,,59,26,0.01,0,5
5/5/1940,,48,22,0,0,4
5/6/1940,,42,25,0,0,3
5/7/1940,,58,17,0,0,3
5/8/1940,,62,20,0,0,2
5/9/1940,,68,25,0,0,2
5/10/1940,,72,26,0,0,1
5/11/1940,,74,29,0.05,0,
5/12/1940,,69,32,0,0,
5/13/1940,,55,36,0.16,0,
5/14/1940,,65,26,0,0,
5/15/1940,,67,28,0,0,
5/16/1940,,60,30,0.01,0,
5/17/1940,,56,28,0,0,
5/18/1940,,62,22,0,0,
5/19/1940,,64,29,0,0,
5/20/1940,,65,39,0,0,
5/21/1940,,66,24,0,0,
5/22/1940,,68,28,0,0,
5/23/1940,,70,25,0,0,
5/24/1940,,69,30,0,0,
5/25/1940,,71,31,0,0,
5/26/1940,,63,42,0.07,0,
5/27/1940,,64,34,0,0,
5/28/1940,,69,27,0.01,0,
5/29/1940,,67,40,0,0,
5/30/1940,,75,30,0,0,
5/31/1940,,72,31,0,0,
6/1/1940,,76,30,0,0,
6/2/1940,,70,34,0.02,0,
6/3/1940,,52,39,0.05,0,
6/4/1940,,65,32,0.02,0,
6/5/1940,,64,40,0.88,0,
6/6/1940,,58,35,0.09,0,
6/7/1940,,,32,0.6,3,
6/8/1940,,46,29,1.21,0,
6/9/1940,,53,33,0.06,0,
6/10/1940,,65,27,0,0,
6/11/1940,,74,32,0,0,
6/12/1940,,80,36,0,0,
6/13/1940,,81,40,0,0,
6/14/1940,,80,43,0,0,
6/15/1940,,78,,0,0,
6/16/1940,,80,41,0,0,
6/17/1940,,80,47,0,0,
6/18/1940,,87,43,0,0,
6/19/1940,,87,50,0,0,
6/20/1940,,87,53,0,0,
6/21/1940,,77,43,0,0,
6/22/1940,,75,40,0,0,
6/23/1940,,89,31,0.04,0,
6/24/1940,,77,30,0,0,
6/25/1940,,82,37,0,0,
6/26/1940,,78,40,0,0,
6/27/1940,,71,37,0.07,0,
6/28/1940,,76,30,0,0,
6/29/1940,,81,39,0,0,
6/30/1940,,79,37,0,0,
7/1/1940,,,51,0.12,0,
7/2/1940,,65,50,0.14,0,
7/3/1940,,76,,,0,
7/4/1940,,76,40,0.07,0,
7/5/1940,,80,,0.07,0,
7/6/1940,,78,,,0,
7/7/1940,,78,,,0,
7/8/1940,,82,41,,0,
7/9/1940,,81,40,,0,
7/10/1940,,82,43,0.03,0,
7/11/1940,,84,41,0.01,0,
7/12/1940,,87,41,,0,
7/13/1940,,85,44,,0,
7/14/1940,,82,40,0,0,
7/15/1940,,81,40,,0,
7/16/1940,,,,0.1,0,
7/17/1940,,70,45,,0,
7/18/1940,,78,45,,0,
7/19/1940,,,,,0,
7/20/1940,,79,,0,0,
7/21/1940,,84,41,,0,
7/22/1940,,85,38,,0,
7/23/1940,,86,42,,0,
7/24/1940,,81,50,,0,
7/25/1940,,78,41,0.02,0,
7/26/1940,,75,36,0,0,
7/27/1940,,74,26,0,0,
7/28/1940,,71,31,,0,
7/29/1940,,78,45,,0,
7/30/1940,,81,47,0.04,0,
7/31/1940,,,42,,0,
8/1/1940,,84,42,0,0,
8/2/1940,,80,40,0,0,
8/3/1940,,78,37,0,0,
8/4/1940,,77,36,0,0,
8/5/1940,,79,37,0,0,
8/6/1940,,81,41,0,0,
8/7/1940,,80,41,0,0,
8/8/1940,,82,41,0,0,
8/9/1940,,88,40,0.01,0,
8/10/1940,,85,40,0,0,
8/11/1940,,88,39,0,0,
8/12/1940,,89,40,0,0,
8/13/1940,,88,40,0,0,
8/14/1940,,84,44,0,0,
8/15/1940,,76,40,0,0,
8/16/1940,,79,32,0,0,
8/17/1940,,81,36,0,0,
8/18/1940,,82,31,0,0,
8/19/1940,,84,39,0,0,
8/20/1940,,84,44,0,0,
8/21/1940,,75,38,0,0,
8/22/1940,,81,39,0.2,0,
8/23/1940,,72,49,0,0,
8/24/1940,,74,36,0.01,0,
8/25/1940,,70,32,0,0,
8/26/1940,,70,37,0,0,
8/27/1940,,71,36,0,0,
8/28/1940,,74,29,0,0,
8/29/1940,,73,28,0,0,
8/30/1940,,81,30,0,0,
8/31/1940,,84,33,0,0,
9/1/1940,,,,,,
9/2/1940,,,,,,
9/3/1940,,,,,,
9/4/1940,,,,,,
9/5/1940,,,,,,
9/6/1940,,,,,,
9/7/1940,,,,,,
9/8/1940,,,,,,
9/9/1940,,,,,,
9/10/1940,,,,,,
9/11/1940,,,,,,
9/12/1940,,,,,,
9/13/1940,,,,,,
9/14/1940,,,,,,
9/15/1940,,,,,,
9/16/1940,,,,,,
9/17/1940,,,,,,
9/18/1940,,,,,,
9/19/1940,,,,,,
9/20/1940,,,,,,
9/21/1940,,,,,,
9/22/1940,,,,,,
9/23/1940,,,,,,
9/24/1940,,,,,,
9/25/1940,,,,,,
9/26/1940,,,,,,
9/27/1940,,,,,,
9/28/1940,,,,,,
9/29/1940,,,,,,
9/30/1940,,,,,,
10/1/1940,,43,29,0,0,
10/2/1940,,59,25,0,0,
10/3/1940,,51,31,0.14,0,
10/4/1940,,41,29,0.3,0,
10/5/1940,,51,23,0,0,
10/6/1940,,55,19,0,0,
10/7/1940,,61,20,0,0,
10/8/1940,,60,22,0,0,
10/9/1940,,57,26,0,0,
10/10/1940,,58,24,0,0,
10/11/1940,,59,24,0,0,
10/12/1940,,60,30,0,0,
10/13/1940,,54,36,0.01,0,
10/14/1940,,55,28,0,0,
10/15/1940,,59,24,0,0,
10/16/1940,,64,24,0,0,
10/17/1940,,61,25,0,0,
10/18/1940,,64,26,0,0,
10/19/1940,,65,24,0,0,
10/20/1940,,64,22,0,0,
10/21/1940,,60,23,0,0,
10/22/1940,,58,32,0,0,
10/23/1940,,56,28,0,0,
10/24/1940,,59,27,0,0,
10/25/1940,,53,30,0,0,
10/26/1940,,50,27,0.08,0,
10/27/1940,,38,31,0.59,6,6
10/28/1940,,32,26,0.05,0.5,4
10/29/1940,,34,23,0.05,0.5,3
10/30/1940,,37,27,0.03,0.5,2
10/31/1940,,36,28,0.06,0.7,2
11/1/1940,,,,,,
11/2/1940,,,,,,
11/3/1940,,,,,,
11/4/1940,,,,,,
11/5/1940,,,,,,
11/6/1940,,,,,,
11/7/1940,,,,,,
11/8/1940,,,,,,
11/9/1940,,,,,,
11/10/1940,,,,,,
11/11/1940,,,,,,
11/12/1940,,,,,,
11/13/1940,,,,,,
11/14/1940,,,,,,
11/15/1940,,,,,,
11/16/1940,,,,,,
11/17/1940,,,,,,
11/18/1940,,,,,,
11/19/1940,,,,,,
11/20/1940,,,,,,
11/21/1940,,,,,,
11/22/1940,,,,,,
11/23/1940,,,,,,
11/24/1940,,,,,,
11/25/1940,,,,,,
11/26/1940,,,,,,
11/27/1940,,,,,,
11/28/1940,,,,,,
11/29/1940,,,,,,
11/30/1940,,,,,,
12/1/1940,,,,,,
12/2/1940,,,,,,
12/3/1940,,,,,,
12/4/1940,,,,,,
12/5/1940,,,,,,
12/6/1940,,,,,,
12/7/1940,,,,,,
12/8/1940,,,,,,
12/9/1940,,,,,,
12/10/1940,,,,,,
12/11/1940,,,,,,
12/12/1940,,,,,,
12/13/1940,,,,,,
12/14/1940,,,,,,
12/15/1940,,,,,,
12/16/1940,,,,,,
12/17/1940,,,,,,
12/18/1940,,,,,,
12/19/1940,,,,,,
12/20/1940,,,,,,
12/21/1940,,,,,,
12/22/1940,,,,,,
12/23/1940,,,,,,
12/24/1940,,,,,,
12/25/1940,,,,,,
12/26/1940,,,,,,
12/27/1940,,,,,,
12/28/1940,,,,,,
12/29/1940,,,,,,
12/30/1940,,,,,,
12/31/1940,,,,,,
1/1/1941,,,,,,
1/2/1941,,,,,,
1/3/1941,,,,,,
1/4/1941,,,,,,
1/5/1941,,,,,,
1/6/1941,,,,,,
1/7/1941,,,,,,
1/8/1941,,,,,,
1/9/1941,,,,,,
1/10/1941,,,,,,
1/11/1941,,,,,,
1/12/1941,,,,,,
1/13/1941,,,,,,
1/14/1941,,,,,,
1/15/1941,,,,,,
1/16/1941,,,,,,
1/17/1941,,,,,,
1/18/1941,,,,,,
1/19/1941,,,,,,
1/20/1941,,,,,,
1/21/1941,,,,,,
1/22/1941,,,,,,
1/23/1941,,,,,,
1/24/1941,,,,,,
1/25/1941,,,,,,
1/26/1941,,,,,,
1/27/1941,,,,,,
1/28/1941,,,,,,
1/29/1941,,,,,,
1/30/1941,,,,,,
1/31/1941,,,,,,
2/1/1941,,,,,,
2/2/1941,,,,,,
2/3/1941,,,,,,
2/4/1941,,,,,,
2/5/1941,,,,,,
2/6/1941,,,,,,
2/7/1941,,,,,,
2/8/1941,,,,,,
2/9/1941,,,,,,
2/10/1941,,,,,,
2/11/1941,,,,,,
2/12/1941,,,,,,
2/13/1941,,,,,,
2/14/1941,,,,,,
2/15/1941,,,,,,
2/16/1941,,,,,,
2/17/1941,,,,,,
2/18/1941,,,,,,
2/19/1941,,,,,,
2/20/1941,,,,,,
2/21/1941,,,,,,
2/22/1941,,,,,,
2/23/1941,,,,,,
2/24/1941,,,,,,
2/25/1941,,,,,,
2/26/1941,,,,,,
2/27/1941,,,,,,
2/28/1941,,,,,,
3/1/1941,,,,,,
3/2/1941,,,,,,
3/3/1941,,,,,,
3/4/1941,,,,,,
3/5/1941,,,,,,
3/6/1941,,,,,,
3/7/1941,,,,,,
3/8/1941,,,,,,
3/9/1941,,,,,,
3/10/1941,,,,,,
3/11/1941,,,,,,
3/12/1941,,,,,,
3/13/1941,,,,,,
3/14/1941,,,,,,
3/15/1941,,,,,,
3/16/1941,,,,,,
3/17/1941,,,,,,
3/18/1941,,,,,,
3/19/1941,,,,,,
3/20/1941,,,,,,
3/21/1941,,,,,,
3/22/1941,,,,,,
3/23/1941,,,,,,
3/24/1941,,,,,,
3/25/1941,,,,,,
3/26/1941,,,,,,
3/27/1941,,,,,,
3/28/1941,,,,,,
3/29/1941,,,,,,
3/30/1941,,,,,,
3/31/1941,,,,,,
4/1/1941,,,,,,
4/2/1941,,,,,,
4/3/1941,,,,,,
4/4/1941,,,,,,
4/5/1941,,,,,,
4/6/1941,,,,,,
4/7/1941,,,,,,
4/8/1941,,,,,,
4/9/1941,,,,,,
4/10/1941,,,,,,
4/11/1941,,,,,,
4/12/1941,,,,,,
4/13/1941,,,,,,
4/14/1941,,,,,,
4/15/1941,,,,,,
4/16/1941,,,,,,
4/17/1941,,,,,,
4/18/1941,,,,,,
4/19/1941,,,,,,
4/20/1941,,,,,,
4/21/1941,,,,,,
4/22/1941,,,,,,
4/23/1941,,,,,,
4/24/1941,,,,,,
4/25/1941,,,,,,
4/26/1941,,,,,,
4/27/1941,,,,,,
4/28/1941,,,,,,
4/29/1941,,,,,,
4/30/1941,,,,,,
5/1/1941,,64,27,0,0,
5/2/1941,,57,29,0,0,
5/3/1941,,57,30,0,0,
5/4/1941,,56,37,0.06,0,
5/5/1941,,47,32,0.27,0,
5/6/1941,,44,26,0,0,
5/7/1941,,48,28,0,0,
5/8/1941,,48,32,0.27,0,
5/9/1941,,56,33,0,0,
5/10/1941,,65,26,0,0,
5/11/1941,,71,27,0,0,
5/12/1941,,73,34,0,0,
5/13/1941,,70,37,0,0,
5/14/1941,,60,33,0.6,0,0
5/15/1941,,51,33,0.05,0,0
5/16/1941,,59,30,0,0,
5/17/1941,,68,36,0,0,
5/18/1941,,66,29,0,0,
5/19/1941,,53,24,0.01,0,
5/20/1941,,63,22,0,0,
5/21/1941,,70,29,0,0,
5/22/1941,,69,29,0,0,
5/23/1941,,73,29,0,0,
5/24/1941,,70,36,0,0,
5/25/1941,,60,39,0.11,0,
5/26/1941,,56,39,0.43,0,
5/27/1941,,45,34,0.45,0,
5/28/1941,,56,34,0.01,0,
5/29/1941,,61,30,0,0,
5/30/1941,,60,29,0,0,
5/31/1941,,55,31,0.06,0,0
6/1/1941,,50,37,0.08,0,
6/2/1941,,63,27,0.01,0,
6/3/1941,,66,30,0.02,0,
6/4/1941,,60,42,0.14,0,
6/5/1941,,59,37,0.38,0,
6/6/1941,,57,30,0,0,
6/7/1941,,55,36,0,0,
6/8/1941,,50,35,0.23,0,
6/9/1941,,49,40,0,0,
6/10/1941,,55,33,0,0,
6/11/1941,,67,28,0,0,
6/12/1941,,68,33,0,0,
6/13/1941,,67,34,0.19,0,
6/14/1941,,68,36,0,0,
6/15/1941,,69,36,0.1,0,
6/16/1941,,75,36,0.29,0,
6/17/1941,,70,38,0.03,0,
6/18/1941,,69,38,0.05,0,
6/19/1941,,59,42,0.14,0,
6/20/1941,,65,34,0.22,0,
6/21/1941,,73,35,0.07,0,
6/22/1941,,81,38,0,0,
6/23/1941,,83,40,0,0,
6/24/1941,,86,41,0,0,
6/25/1941,,71,36,0,0,
6/26/1941,,74,30,0,0,
6/27/1941,,75,34,0,0,
6/28/1941,,64,32,0.17,0,
6/29/1941,,55,40,0.03,0,
6/30/1941,,60,40,0.16,0,
7/1/1941,,62,39,0.06,0,
7/2/1941,,65,34,0.2,0,
7/3/1941,,71,40,0.02,0,
7/4/1941,,75,38,0.01,0,
7/5/1941,,75,40,0,0,
7/6/1941,,80,40,0,0,
7/7/1941,,80,49,0.06,0,
7/8/1941,,77,44,0.12,0,
7/9/1941,,75,40,0,0,
7/10/1941,,74,36,0,0,
7/11/1941,,69,36,0,0,
7/12/1941,,69,37,0.08,0,
7/13/1941,,65,41,0.24,0,
7/14/1941,,70,36,0,0,
7/15/1941,,76,38,0.01,0,
7/16/1941,,78,37,0.01,0,
7/17/1941,,78,45,0.01,0,
7/18/1941,,82,38,0.03,0,
7/19/1941,,69,51,0.03,0,
7/20/1941,,71,49,0.24,0,
7/21/1941,,76,40,0.05,0,
7/22/1941,,82,47,0,0,
7/23/1941,,72,52,0.01,0,
7/24/1941,,72,47,0,0,
7/25/1941,,65,48,0.1,0,
7/26/1941,,71,49,0.08,0,
7/27/1941,,69,46,0.17,0,
7/28/1941,,75,39,0.04,0,
7/29/1941,,70,39,0,0,
7/30/1941,,75,41,0,0,
7/31/1941,,77,41,0.04,0,
8/1/1941,,75,39,0.04,,
8/2/1941,,79,37,0,,
8/3/1941,,83,40,0,,
8/4/1941,,85,34,0,,
8/5/1941,,84,46,0,,
8/6/1941,,84,44,0,,
8/7/1941,,84,42,0,,
8/8/1941,,83,45,0,,
8/9/1941,,76,53,0,,
8/10/1941,,74,52,0,,
8/11/1941,,61,55,1.32,,
8/12/1941,,69,49,0.5,,
8/13/1941,,66,45,0.29,,
8/14/1941,,73,30,0,,
8/15/1941,,73,37,0,,
8/16/1941,,74,48,0.07,,
8/17/1941,,68,43,0.02,,
8/18/1941,,57,48,0.49,,
8/19/1941,,62,43,0.55,,
8/20/1941,,59,40,0.03,,
8/21/1941,,67,33,0.55,,
8/22/1941,,68,35,0.05,,
8/23/1941,,62,39,0.03,,
8/24/1941,,62,35,0.1,,
8/25/1941,,56,41,0.28,,
8/26/1941,,62,39,0.24,,
8/27/1941,,69,40,0.1,,
8/28/1941,,65,40,0.07,,
8/29/1941,,68,41,0.17,,
8/30/1941,,54,41,0.04,,
8/31/1941,,63,30,0.08,,
9/1/1941,,66,32,0,0,
9/2/1941,,65,37,0,0,
9/3/1941,,55,39,0.01,0,
9/4/1941,,55,38,0.01,0,
9/5/1941,,62,39,0,0,
9/6/1941,,60,31,0.07,0,
9/7/1941,,51,32,0.86,0,0
9/8/1941,,45,29,0.01,0,
9/9/1941,,45,32,0.14,0,0
9/10/1941,,65,30,0.02,0,
9/11/1941,,66,31,0,0,
9/12/1941,,60,29,0,0,
9/13/1941,,55,27,0.01,0,0
9/14/1941,,52,27,0,0,0
9/15/1941,,47,30,0.24,2,1
9/16/1941,,57,23,0,0,
9/17/1941,,68,27,0,0,
9/18/1941,,66,30,0,0,
9/19/1941,,58,34,0,0,
9/20/1941,,48,29,0,0,
9/21/1941,,43,29,0.11,0,
9/22/1941,,50,24,0,0,
9/23/1941,,47,33,0.25,0,
9/24/1941,,41,30,0.08,0,
9/25/1941,,55,28,0.14,0,
9/26/1941,,59,29,0.02,0,
9/27/1941,,49,28,0.41,0,
9/28/1941,,50,20,0,0,
9/29/1941,,54,21,0,0,
9/30/1941,,52,25,0,0,
10/1/1941,,45,29,0.35,1,1
10/2/1941,,42,25,0,0,
10/3/1941,,47,20,0,0,
10/4/1941,,46,31,0.26,0,0
10/5/1941,,38,28,0.19,1,
10/6/1941,,34,18,0.02,0,0
10/7/1941,,41,25,0.06,1,
10/8/1941,,40,26,0.15,2,
10/9/1941,,45,18,0,0,
10/10/1941,,55,21,0,0,
10/11/1941,,58,19,0,0,
10/12/1941,,55,24,0,0,
10/13/1941,,51,22,0,0,
10/14/1941,,56,18,0,0,
10/15/1941,,59,21,0,0,
10/16/1941,,56,28,0,0,0
10/17/1941,,53,22,0,0,
10/18/1941,,59,18,0,0,
10/19/1941,,57,22,0,0,
10/20/1941,,59,29,0,0,
10/21/1941,,55,24,0,0,
10/22/1941,,52,24,0,0,
10/23/1941,,60,20,0,0,
10/24/1941,,61,25,0,0,
10/25/1941,,56,27,0.01,0,
10/26/1941,,48,32,0.05,1,
10/27/1941,,44,27,0,0,
10/28/1941,,42,30,0.02,0,
10/29/1941,,39,21,0,0,
10/30/1941,,43,5,0,0,
10/31/1941,,40,13,0,0,0
11/1/1941,,,,,,
11/2/1941,,,,,,
11/3/1941,,,,,,
11/4/1941,,,,,,
11/5/1941,,,,,,
11/6/1941,,,,,,
11/7/1941,,,,,,
11/8/1941,,,,,,
11/9/1941,,,,,,
11/10/1941,,,,,,
11/11/1941,,,,,,
11/12/1941,,,,,,
11/13/1941,,,,,,
11/14/1941,,,,,,
11/15/1941,,,,,,
11/16/1941,,,,,,
11/17/1941,,,,,,
11/18/1941,,,,,,
11/19/1941,,,,,,
11/20/1941,,,,,,
11/21/1941,,,,,,
11/22/1941,,,,,,
11/23/1941,,,,,,
11/24/1941,,,,,,
11/25/1941,,,,,,
11/26/1941,,,,,,
11/27/1941,,,,,,
11/28/1941,,,,,,
11/29/1941,,,,,,
11/30/1941,,,,,,
12/1/1941,,,,,,
12/2/1941,,,,,,
12/3/1941,,,,,,
12/4/1941,,,,,,
12/5/1941,,,,,,
12/6/1941,,,,,,
12/7/1941,,,,,,
12/8/1941,,,,,,
12/9/1941,,,,,,
12/10/1941,,,,,,
12/11/1941,,,,,,
12/12/1941,,,,,,
12/13/1941,,,,,,
12/14/1941,,,,,,
12/15/1941,,,,,,
12/16/1941,,,,,,
12/17/1941,,,,,,
12/18/1941,,,,,,
12/19/1941,,,,,,
12/20/1941,,,,,,
12/21/1941,,,,,,
12/22/1941,,,,,,
12/23/1941,,,,,,
12/24/1941,,,,,,
12/25/1941,,,,,,
12/26/1941,,,,,,
12/27/1941,,,,,,
12/28/1941,,,,,,
12/29/1941,,,,,,
12/30/1941,,,,,,
12/31/1941,,,,,,
1/1/1942,,,,,,
1/2/1942,,,,,,
1/3/1942,,,,,,
1/4/1942,,,,,,
1/5/1942,,,,,,
1/6/1942,,,,,,
1/7/1942,,,,,,
1/8/1942,,,,,,
1/9/1942,,,,,,
1/10/1942,,,,,,
1/11/1942,,,,,,
1/12/1942,,,,,,
1/13/1942,,,,,,
1/14/1942,,,,,,
1/15/1942,,,,,,
1/16/1942,,,,,,
1/17/1942,,,,,,
1/18/1942,,,,,,
1/19/1942,,,,,,
1/20/1942,,,,,,
1/21/1942,,,,,,
1/22/1942,,,,,,
1/23/1942,,,,,,
1/24/1942,,,,,,
1/25/1942,,,,,,
1/26/1942,,,,,,
1/27/1942,,,,,,
1/28/1942,,,,,,
1/29/1942,,,,,,
1/30/1942,,,,,,
1/31/1942,,,,,,
2/1/1942,,,,,,
2/2/1942,,,,,,
2/3/1942,,,,,,
2/4/1942,,,,,,
2/5/1942,,,,,,
2/6/1942,,,,,,
2/7/1942,,,,,,
2/8/1942,,,,,,
2/9/1942,,,,,,
2/10/1942,,,,,,
2/11/1942,,,,,,
2/12/1942,,,,,,
2/13/1942,,,,,,
2/14/1942,,,,,,
2/15/1942,,,,,,
2/16/1942,,,,,,
2/17/1942,,,,,,
2/18/1942,,,,,,
2/19/1942,,,,,,
2/20/1942,,,,,,
2/21/1942,,,,,,
2/22/1942,,,,,,
2/23/1942,,,,,,
2/24/1942,,,,,,
2/25/1942,,,,,,
2/26/1942,,,,,,
2/27/1942,,,,,,
2/28/1942,,,,,,
3/1/1942,,,,,,
3/2/1942,,,,,,
3/3/1942,,,,,,
3/4/1942,,,,,,
3/5/1942,,,,,,
3/6/1942,,,,,,
3/7/1942,,,,,,
3/8/1942,,,,,,
3/9/1942,,,,,,
3/10/1942,,,,,,
3/11/1942,,,,,,
3/12/1942,,,,,,
3/13/1942,,,,,,
3/14/1942,,,,,,
3/15/1942,,,,,,
3/16/1942,,,,,,
3/17/1942,,,,,,
3/18/1942,,,,,,
3/19/1942,,,,,,
3/20/1942,,,,,,
3/21/1942,,,,,,
3/22/1942,,,,,,
3/23/1942,,,,,,
3/24/1942,,,,,,
3/25/1942,,,,,,
3/26/1942,,,,,,
3/27/1942,,,,,,
3/28/1942,,,,,,
3/29/1942,,,,,,
3/30/1942,,,,,,
3/31/1942,,,,,,
4/1/1942,,48,11,0,0,27
4/2/1942,,49,12,0,0,
4/3/1942,,51,15,0,0,
4/4/1942,,48,33,0,0,24
4/5/1942,,41,28,0.25,1,20
4/6/1942,,46,19,0,0,18
4/7/1942,,49,12,0,0,
4/8/1942,,52,18,0,0,
4/9/1942,,56,17,0,0,
4/10/1942,,59,22,0,0,
4/11/1942,,55,35,0,0,
4/12/1942,,57,29,0,0,
4/13/1942,,56,23,0,0,
4/14/1942,,57,30,0.09,0,8
4/15/1942,,41,25,0.16,1,8
4/16/1942,,55,14,0,0,
4/17/1942,,55,23,0,0,
4/18/1942,,51,29,0.08,0,6
4/19/1942,,57,19,0,0,
4/20/1942,,61,27,0,0,
4/21/1942,,64,27,0,0,
4/22/1942,,61,33,0.24,0,2
4/23/1942,,35,20,0.27,5,2
4/24/1942,,44,15,0,0,
4/25/1942,,40,26,0,0,0
4/26/1942,,37,21,0.09,1.2,0
4/27/1942,,40,13,0,0,
4/28/1942,,43,18,0.24,4,2
4/29/1942,,43,23,0,0,0
4/30/1942,,44,28,0.38,5,0
5/1/1942,,,,,,
5/2/1942,,,,,,
5/3/1942,,,,,,
5/4/1942,,,,,,
5/5/1942,,,,,,
5/6/1942,,,,,,
5/7/1942,,,,,,
5/8/1942,,,,,,
5/9/1942,,,,,,
5/10/1942,,,,,,
5/11/1942,,,,,,
5/12/1942,,,,,,
5/13/1942,,,,,,
5/14/1942,,,,,,
5/15/1942,,,,,,
5/16/1942,,,,,,
5/17/1942,,,,,,
5/18/1942,,,,,,
5/19/1942,,,,,,
5/20/1942,,,,,,
5/21/1942,,,,,,
5/22/1942,,,,,,
5/23/1942,,,,,,
5/24/1942,,,,,,
5/25/1942,,,,,,
5/26/1942,,,,,,
5/27/1942,,,,,,
5/28/1942,,,,,,
5/29/1942,,,,,,
5/30/1942,,,,,,
5/31/1942,,,,,,
6/1/1942,,59,29,0,0,
6/2/1942,,67,31,0,0,
6/3/1942,,70,31,0,0,
6/4/1942,,60,39,0,0,
6/5/1942,,60,31,0,0,
6/6/1942,,72,28,0,0,
6/7/1942,,72,36,0,0,
6/8/1942,,69,40,0,0,
6/9/1942,,59,35,0.27,0,
6/10/1942,,54,32,0.04,0,
6/11/1942,,54,27,0,0,
6/12/1942,,55,24,0,0,
6/13/1942,,55,27,0,0,
6/14/1942,,64,28,0,0,
6/15/1942,,55,29,0.4,0,
6/16/1942,,54,32,0.03,0,
6/17/1942,,63,25,0,0,
6/18/1942,,66,23,0,0,
6/19/1942,,60,25,0,0,
6/20/1942,,52,29,0.15,0,
6/21/1942,,75,28,0,0,
6/22/1942,,66,27,0,0,
6/23/1942,,71,49,0.01,0,
6/24/1942,,67,40,0,0,
6/25/1942,,73,39,0,0,
6/26/1942,,70,38,0.01,0,
6/27/1942,,54,35,0,0,
6/28/1942,,54,35,0.04,0,
6/29/1942,,69,30,0,0,
6/30/1942,,74,32,0,0,
7/1/1942,,,,,,
7/2/1942,,,,,,
7/3/1942,,,,,,
7/4/1942,,,,,,
7/5/1942,,,,,,
7/6/1942,,,,,,
7/7/1942,,,,,,
7/8/1942,,,,,,
7/9/1942,,,,,,
7/10/1942,,,,,,
7/11/1942,,,,,,
7/12/1942,,,,,,
7/13/1942,,,,,,
7/14/1942,,,,,,
7/15/1942,,,,,,
7/16/1942,,,,,,
7/17/1942,,,,,,
7/18/1942,,,,,,
7/19/1942,,,,,,
7/20/1942,,,,,,
7/21/1942,,,,,,
7/22/1942,,,,,,
7/23/1942,,,,,,
7/24/1942,,,,,,
7/25/1942,,,,,,
7/26/1942,,,,,,
7/27/1942,,,,,,
7/28/1942,,,,,,
7/29/1942,,,,,,
7/30/1942,,,,,,
7/31/1942,,,,,,
8/1/1942,,78,35,0,0,
8/2/1942,,80,33,0,0,
8/3/1942,,82,36,0,0,
8/4/1942,,89,32,0,0,
8/5/1942,,82,42,0,0,
8/6/1942,,79,36,0,0,
8/7/1942,,82,37,0,0,
8/8/1942,,79,41,0,0,
8/9/1942,,81,38,0,0,
8/10/1942,,83,38,0,0,
8/11/1942,,83,44,0,0,
8/12/1942,,85,58,0,0,
8/13/1942,,73,31,0,0,
8/14/1942,,72,28,0,0,
8/15/1942,,77,29,0,0,
8/16/1942,,81,32,0,0,
8/17/1942,,80,35,0,0,
8/18/1942,,81,34,0,0,
8/19/1942,,84,35,0,0,
8/20/1942,,83,39,0,0,
8/21/1942,,80,39,0,0,
8/22/1942,,81,40,0,0,
8/23/1942,,83,35,0.02,0,
8/24/1942,,82,47,0,0,
8/25/1942,,69,41,0.35,0,
8/26/1942,,72,33,0,0,
8/27/1942,,72,37,0,0,
8/28/1942,,67,32,0,0,
8/29/1942,,62,32,0,0,
8/30/1942,,63,26,0,0,
8/31/1942,,64,28,0,0,
9/1/1942,,,,,,
9/2/1942,,,,,,
9/3/1942,,,,,,
9/4/1942,,,,,,
9/5/1942,,,,,,
9/6/1942,,,,,,
9/7/1942,,,,,,
9/8/1942,,,,,,
9/9/1942,,,,,,
9/10/1942,,,,,,
9/11/1942,,,,,,
9/12/1942,,,,,,
9/13/1942,,,,,,
9/14/1942,,,,,,
9/15/1942,,,,,,
9/16/1942,,,,,,
9/17/1942,,,,,,
9/18/1942,,,,,,
9/19/1942,,,,,,
9/20/1942,,,,,,
9/21/1942,,,,,,
9/22/1942,,,,,,
9/23/1942,,,,,,
9/24/1942,,,,,,
9/25/1942,,,,,,
9/26/1942,,,,,,
9/27/1942,,,,,,
9/28/1942,,,,,,
9/29/1942,,,,,,
9/30/1942,,,,,,
10/1/1942,,,,,,
10/2/1942,,,,,,
10/3/1942,,,,,,
10/4/1942,,,,,,
10/5/1942,,,,,,
10/6/1942,,,,,,
10/7/1942,,,,,,
10/8/1942,,,,,,
10/9/1942,,,,,,
10/10/1942,,,,,,
10/11/1942,,,,,,
10/12/1942,,,,,,
10/13/1942,,,,,,
10/14/1942,,,,,,
10/15/1942,,,,,,
10/16/1942,,,,,,
10/17/1942,,,,,,
10/18/1942,,,,,,
10/19/1942,,,,,,
10/20/1942,,,,,,
10/21/1942,,,,,,
10/22/1942,,,,,,
10/23/1942,,,,,,
10/24/1942,,,,,,
10/25/1942,,,,,,
10/26/1942,,,,,,
10/27/1942,,,,,,
10/28/1942,,,,,,
10/29/1942,,,,,,
10/30/1942,,,,,,
10/31/1942,,,,,,
11/1/1942,,,,,,
11/2/1942,,,,,,
11/3/1942,,,,,,
11/4/1942,,,,,,
11/5/1942,,,,,,
11/6/1942,,,,,,
11/7/1942,,,,,,
11/8/1942,,,,,,
11/9/1942,,,,,,
11/10/1942,,,,,,
11/11/1942,,,,,,
11/12/1942,,,,,,
11/13/1942,,,,,,
11/14/1942,,,,,,
11/15/1942,,,,,,
11/16/1942,,,,,,
11/17/1942,,,,,,
11/18/1942,,,,,,
11/19/1942,,,,,,
11/20/1942,,,,,,
11/21/1942,,,,,,
11/22/1942,,,,,,
11/23/1942,,,,,,
11/24/1942,,,,,,
11/25/1942,,,,,,
11/26/1942,,,,,,
11/27/1942,,,,,,
11/28/1942,,,,,,
11/29/1942,,,,,,
11/30/1942,,,,,,
12/1/1942,,,,,,
12/2/1942,,,,,,
12/3/1942,,,,,,
12/4/1942,,,,,,
12/5/1942,,,,,,
12/6/1942,,,,,,
12/7/1942,,,,,,
12/8/1942,,,,,,
12/9/1942,,,,,,
12/10/1942,,,,,,
12/11/1942,,,,,,
12/12/1942,,,,,,
12/13/1942,,,,,,
12/14/1942,,,,,,
12/15/1942,,,,,,
12/16/1942,,,,,,
12/17/1942,,,,,,
12/18/1942,,,,,,
12/19/1942,,,,,,
12/20/1942,,,,,,
12/21/1942,,,,,,
12/22/1942,,,,,,
12/23/1942,,,,,,
12/24/1942,,,,,,
12/25/1942,,,,,,
12/26/1942,,,,,,
12/27/1942,,,,,,
12/28/1942,,,,,,
12/29/1942,,,,,,
12/30/1942,,,,,,
12/31/1942,,,,,,
1/1/1943,,,,,,
1/2/1943,,,,,,
1/3/1943,,,,,,
1/4/1943,,,,,,
1/5/1943,,,,,,
1/6/1943,,,,,,
1/7/1943,,,,,,
1/8/1943,,,,,,
1/9/1943,,,,,,
1/10/1943,,,,,,
1/11/1943,,,,,,
1/12/1943,,,,,,
1/13/1943,,,,,,
1/14/1943,,,,,,
1/15/1943,,,,,,
1/16/1943,,,,,,
1/17/1943,,,,,,
1/18/1943,,,,,,
1/19/1943,,,,,,
1/20/1943,,,,,,
1/21/1943,,,,,,
1/22/1943,,,,,,
1/23/1943,,,,,,
1/24/1943,,,,,,
1/25/1943,,,,,,
1/26/1943,,,,,,
1/27/1943,,,,,,
1/28/1943,,,,,,
1/29/1943,,,,,,
1/30/1943,,,,,,
1/31/1943,,,,,,
2/1/1943,,,,,,
2/2/1943,,,,,,
2/3/1943,,,,,,
2/4/1943,,,,,,
2/5/1943,,,,,,
2/6/1943,,,,,,
2/7/1943,,,,,,
2/8/1943,,,,,,
2/9/1943,,,,,,
2/10/1943,,,,,,
2/11/1943,,,,,,
2/12/1943,,,,,,
2/13/1943,,,,,,
2/14/1943,,,,,,
2/15/1943,,,,,,
2/16/1943,,,,,,
2/17/1943,,,,,,
2/18/1943,,,,,,
2/19/1943,,,,,,
2/20/1943,,,,,,
2/21/1943,,,,,,
2/22/1943,,,,,,
2/23/1943,,,,,,
2/24/1943,,,,,,
2/25/1943,,,,,,
2/26/1943,,,,,,
2/27/1943,,,,,,
2/28/1943,,,,,,
3/1/1943,,,,,,
3/2/1943,,,,,,
3/3/1943,,,,,,
3/4/1943,,,,,,
3/5/1943,,,,,,
3/6/1943,,,,,,
3/7/1943,,,,,,
3/8/1943,,,,,,
3/9/1943,,,,,,
3/10/1943,,,,,,
3/11/1943,,,,,,
3/12/1943,,,,,,
3/13/1943,,,,,,
3/14/1943,,,,,,
3/15/1943,,,,,,
3/16/1943,,,,,,
3/17/1943,,,,,,
3/18/1943,,,,,,
3/19/1943,,,,,,
3/20/1943,,,,,,
3/21/1943,,,,,,
3/22/1943,,,,,,
3/23/1943,,,,,,
3/24/1943,,,,,,
3/25/1943,,,,,,
3/26/1943,,,,,,
3/27/1943,,,,,,
3/28/1943,,,,,,
3/29/1943,,,,,,
3/30/1943,,,,,,
3/31/1943,,,,,,
4/1/1943,,,,,,
4/2/1943,,,,,,
4/3/1943,,,,,,
4/4/1943,,,,,,
4/5/1943,,,,,,
4/6/1943,,,,,,
4/7/1943,,,,,,
4/8/1943,,,,,,
4/9/1943,,,,,,
4/10/1943,,,,,,
4/11/1943,,,,,,
4/12/1943,,,,,,
4/13/1943,,,,,,
4/14/1943,,,,,,
4/15/1943,,,,,,
4/16/1943,,,,,,
4/17/1943,,,,,,
4/18/1943,,,,,,
4/19/1943,,,,,,
4/20/1943,,,,,,
4/21/1943,,,,,,
4/22/1943,,,,,,
4/23/1943,,,,,,
4/24/1943,,,,,,
4/25/1943,,,,,,
4/26/1943,,,,,,
4/27/1943,,,,,,
4/28/1943,,,,,,
4/29/1943,,,,,,
4/30/1943,,,,,,
5/1/1943,,,,,,
5/2/1943,,,,,,
5/3/1943,,,,,,
5/4/1943,,,,,,
5/5/1943,,,,,,
5/6/1943,,,,,,
5/7/1943,,,,,,
5/8/1943,,,,,,
5/9/1943,,,,,,
5/10/1943,,,,,,
5/11/1943,,,,,,
5/12/1943,,,,,,
5/13/1943,,,,,,
5/14/1943,,,,,,
5/15/1943,,,,,,
5/16/1943,,,,,,
5/17/1943,,,,,,
5/18/1943,,,,,,
5/19/1943,,,,,,
5/20/1943,,,,,,
5/21/1943,,,,,,
5/22/1943,,,,,,
5/23/1943,,,,,,
5/24/1943,,,,,,
5/25/1943,,,,,,
5/26/1943,,,,,,
5/27/1943,,,,,,
5/28/1943,,,,,,
5/29/1943,,,,,,
5/30/1943,,,,,,
5/31/1943,,,,,,
6/1/1943,,65,32,0,0,
6/2/1943,,48,31,0,0,
6/3/1943,,57,27,0,0,
6/4/1943,,46,26,0,0,
6/5/1943,,49,28,0.09,1,0
6/6/1943,,56,23,0,0,
6/7/1943,,55,29,0,0,
6/8/1943,,67,28,0,0,
6/9/1943,,68,33,0,0,
6/10/1943,,64,36,0,0,
6/11/1943,,61,30,0,0,
6/12/1943,,60,38,0.1,0,
6/13/1943,,56,32,0.04,0,
6/14/1943,,50,36,0.36,0,
6/15/1943,,51,32,0.45,1.5,
6/16/1943,,59,33,0,0,
6/17/1943,,66,33,0,0,
6/18/1943,,71,37,0,0,
6/19/1943,,71,40,0.01,0,
6/20/1943,,65,39,0.04,0,
6/21/1943,,75,31,0,0,
6/22/1943,,,39,0,0,
6/23/1943,,67,34,0,0,
6/24/1943,,73,28,0,0,
6/25/1943,,70,41,0,0,
6/26/1943,,75,28,0,0,
6/27/1943,,,37,0,0,
6/28/1943,,71,34,0,0,
6/29/1943,,70,33,0.05,0,
6/30/1943,,69,39,0.06,0,
7/1/1943,,67,43,0,0,
7/2/1943,,72,32,0,0,
7/3/1943,,69,41,0,0,
7/4/1943,,62,39,0.07,0,
7/5/1943,,72,30,0,0,
7/6/1943,,81,35,0,,
7/7/1943,,80,37,0,0,
7/8/1943,,78,40,0,0,
7/9/1943,,76,38,0,0,
7/10/1943,,72,34,0,0,
7/11/1943,,72,38,0,0,
7/12/1943,,,43,0,0,
7/13/1943,,68,24,0,0,
7/14/1943,,74,28,0,0,
7/15/1943,,69,36,0.02,0,
7/16/1943,,67,30,0,0,
7/17/1943,,72,30,0,0,
7/18/1943,,76,35,0,0,
7/19/1943,,82,37,0,0,
7/20/1943,,83,46,0,0,
7/21/1943,,80,56,0.01,0,
7/22/1943,,67,53,0.09,0,
7/23/1943,,79,39,0.08,0,
7/24/1943,,80,38,0,0,
7/25/1943,,85,37,0.01,0,
7/26/1943,,86,41,0.03,0,
7/27/1943,,84,42,0,0,
7/28/1943,,81,39,0.03,0,
7/29/1943,,77,40,0,0,
7/30/1943,,82,32,0,0,
7/31/1943,,85,35,0,0,
8/1/1943,,,46,0.01,0,
8/2/1943,,67,51,0.23,0,
8/3/1943,,69,33,0.25,0,
8/4/1943,,75,35,0,0,
8/5/1943,,78,36,0.1,0,
8/6/1943,,80,35,0,0,
8/7/1943,,72,43,0.19,0,
8/8/1943,,71,36,0,0,
8/9/1943,,76,32,0,0,
8/10/1943,,76,32,0,0,
8/11/1943,,74,31,0,0,
8/12/1943,,75,38,0,0,
8/13/1943,,80,37,0,0,
8/14/1943,,83,39,0,0,
8/15/1943,,74,39,0,0,
8/16/1943,,77,33,0,0,
8/17/1943,,79,36,0,0,
8/18/1943,,75,42,0.03,0,
8/19/1943,,73,39,0,0,
8/20/1943,,75,33,0,0,
8/21/1943,,77,31,0,0,
8/22/1943,,71,33,0,0,
8/23/1943,,76,30,0,0,
8/24/1943,,76,39,0,0,
8/25/1943,,67,37,0.01,0,
8/26/1943,,75,26,0,0,
8/27/1943,,77,31,0,0,
8/28/1943,,79,30,0,0,
8/29/1943,,77,32,0.02,0,
8/30/1943,,55,33,0,0,
8/31/1943,,55,35,0.05,0,
9/1/1943,,67,35,0,0,
9/2/1943,,53,34,0.53,0,
9/3/1943,,62,34,0,0,
9/4/1943,,63,26,0,0,
9/5/1943,,50,30,0.1,0,
9/6/1943,,63,23,0,0,
9/7/1943,,60,28,0,0,
9/8/1943,,69,18,0,0,
9/9/1943,,72,22,0,0,
9/10/1943,,73,26,0,0,
9/11/1943,,76,27,0,0,
9/12/1943,,75,27,0,0,
9/13/1943,,76,27,0,0,
9/14/1943,,74,27,0,0,
9/15/1943,,73,25,0,0,
9/16/1943,,77,24,0,0,
9/17/1943,,74,33,0,0,
9/18/1943,,70,33,0,0,
9/19/1943,,59,31,0,0,
9/20/1943,,63,31,0,0,
9/21/1943,,65,36,0,0,
9/22/1943,,68,28,0,0,
9/23/1943,,73,22,0,0,
9/24/1943,,73,25,0,0,
9/25/1943,,75,27,0,0,
9/26/1943,,72,43,0,0,
9/27/1943,,65,42,0.05,0,
9/28/1943,,65,38,0.25,0,
9/29/1943,,65,36,0,0,
9/30/1943,,69,28,0,0,
10/1/1943,,,,,,
10/2/1943,,,,,,
10/3/1943,,,,,,
10/4/1943,,,,,,
10/5/1943,,,,,,
10/6/1943,,,,,,
10/7/1943,,,,,,
10/8/1943,,,,,,
10/9/1943,,,,,,
10/10/1943,,,,,,
10/11/1943,,,,,,
10/12/1943,,,,,,
10/13/1943,,,,,,
10/14/1943,,,,,,
10/15/1943,,,,,,
10/16/1943,,,,,,
10/17/1943,,,,,,
10/18/1943,,,,,,
10/19/1943,,,,,,
10/20/1943,,,,,,
10/21/1943,,,,,,
10/22/1943,,,,,,
10/23/1943,,,,,,
10/24/1943,,,,,,
10/25/1943,,,,,,
10/26/1943,,,,,,
10/27/1943,,,,,,
10/28/1943,,,,,,
10/29/1943,,,,,,
10/30/1943,,,,,,
10/31/1943,,,,,,
11/1/1943,,,,,,
11/2/1943,,,,,,
11/3/1943,,,,,,
11/4/1943,,,,,,
11/5/1943,,,,,,
11/6/1943,,,,,,
11/7/1943,,,,,,
11/8/1943,,,,,,
11/9/1943,,,,,,
11/10/1943,,,,,,
11/11/1943,,,,,,
11/12/1943,,,,,,
11/13/1943,,,,,,
11/14/1943,,,,,,
11/15/1943,,,,,,
11/16/1943,,,,,,
11/17/1943,,,,,,
11/18/1943,,,,,,
11/19/1943,,,,,,
11/20/1943,,,,,,
11/21/1943,,,,,,
11/22/1943,,,,,,
11/23/1943,,,,,,
11/24/1943,,,,,,
11/25/1943,,,,,,
11/26/1943,,,,,,
11/27/1943,,,,,,
11/28/1943,,,,,,
11/29/1943,,,,,,
11/30/1943,,,,,,
12/1/1943,,,,,,
12/2/1943,,,,,,
12/3/1943,,,,,,
12/4/1943,,,,,,
12/5/1943,,,,,,
12/6/1943,,,,,,
12/7/1943,,,,,,
12/8/1943,,,,,,
12/9/1943,,,,,,
12/10/1943,,,,,,
12/11/1943,,,,,,
12/12/1943,,,,,,
12/13/1943,,,,,,
12/14/1943,,,,,,
12/15/1943,,,,,,
12/16/1943,,,,,,
12/17/1943,,,,,,
12/18/1943,,,,,,
12/19/1943,,,,,,
12/20/1943,,,,,,
12/21/1943,,,,,,
12/22/1943,,,,,,
12/23/1943,,,,,,
12/24/1943,,,,,,
12/25/1943,,,,,,
12/26/1943,,,,,,
12/27/1943,,,,,,
12/28/1943,,,,,,
12/29/1943,,,,,,
12/30/1943,,,,,,
12/31/1943,,,,,,
1/1/1944,,,,,,
1/2/1944,,,,,,
1/3/1944,,,,,,
1/4/1944,,,,,,
1/5/1944,,,,,,
1/6/1944,,,,,,
1/7/1944,,,,,,
1/8/1944,,,,,,
1/9/1944,,,,,,
1/10/1944,,,,,,
1/11/1944,,,,,,
1/12/1944,,,,,,
1/13/1944,,,,,,
1/14/1944,,,,,,
1/15/1944,,,,,,
1/16/1944,,,,,,
1/17/1944,,,,,,
1/18/1944,,,,,,
1/19/1944,,,,,,
1/20/1944,,,,,,
1/21/1944,,,,,,
1/22/1944,,,,,,
1/23/1944,,,,,,
1/24/1944,,,,,,
1/25/1944,,,,,,
1/26/1944,,,,,,
1/27/1944,,,,,,
1/28/1944,,,,,,
1/29/1944,,,,,,
1/30/1944,,,,,,
1/31/1944,,,,,,
2/1/1944,,,,,,
2/2/1944,,,,,,
2/3/1944,,,,,,
2/4/1944,,,,,,
2/5/1944,,,,,,
2/6/1944,,,,,,
2/7/1944,,,,,,
2/8/1944,,,,,,
2/9/1944,,,,,,
2/10/1944,,,,,,
2/11/1944,,,,,,
2/12/1944,,,,,,
2/13/1944,,,,,,
2/14/1944,,,,,,
2/15/1944,,,,,,
2/16/1944,,,,,,
2/17/1944,,,,,,
2/18/1944,,,,,,
2/19/1944,,,,,,
2/20/1944,,,,,,
2/21/1944,,,,,,
2/22/1944,,,,,,
2/23/1944,,,,,,
2/24/1944,,,,,,
2/25/1944,,,,,,
2/26/1944,,,,,,
2/27/1944,,,,,,
2/28/1944,,,,,,
2/29/1944,,,,,,
3/1/1944,,,,,,
3/2/1944,,,,,,
3/3/1944,,,,,,
3/4/1944,,,,,,
3/5/1944,,,,,,
3/6/1944,,,,,,
3/7/1944,,,,,,
3/8/1944,,,,,,
3/9/1944,,,,,,
3/10/1944,,,,,,
3/11/1944,,,,,,
3/12/1944,,,,,,
3/13/1944,,,,,,
3/14/1944,,,,,,
3/15/1944,,,,,,
3/16/1944,,,,,,
3/17/1944,,,,,,
3/18/1944,,,,,,
3/19/1944,,,,,,
3/20/1944,,,,,,
3/21/1944,,,,,,
3/22/1944,,,,,,
3/23/1944,,,,,,
3/24/1944,,,,,,
3/25/1944,,,,,,
3/26/1944,,,,,,
3/27/1944,,,,,,
3/28/1944,,,,,,
3/29/1944,,,,,,
3/30/1944,,,,,,
3/31/1944,,,,,,
4/1/1944,,,,,,
4/2/1944,,,,,,
4/3/1944,,,,,,
4/4/1944,,,,,,
4/5/1944,,,,,,
4/6/1944,,,,,,
4/7/1944,,,,,,
4/8/1944,,,,,,
4/9/1944,,,,,,
4/10/1944,,,,,,
4/11/1944,,,,,,
4/12/1944,,,,,,
4/13/1944,,,,,,
4/14/1944,,,,,,
4/15/1944,,,,,,
4/16/1944,,,,,,
4/17/1944,,,,,,
4/18/1944,,,,,,
4/19/1944,,,,,,
4/20/1944,,,,,,
4/21/1944,,,,,,
4/22/1944,,,,,,
4/23/1944,,,,,,
4/24/1944,,,,,,
4/25/1944,,,,,,
4/26/1944,,,,,,
4/27/1944,,,,,,
4/28/1944,,,,,,
4/29/1944,,,,,,
4/30/1944,,,,,,
5/1/1944,,,,,,
5/2/1944,,,,,,
5/3/1944,,,,,,
5/4/1944,,,,,,
5/5/1944,,,,,,
5/6/1944,,,,,,
5/7/1944,,,,,,
5/8/1944,,,,,,
5/9/1944,,,,,,
5/10/1944,,,,,,
5/11/1944,,,,,,
5/12/1944,,,,,,
5/13/1944,,,,,,
5/14/1944,,,,,,
5/15/1944,,,,,,
5/16/1944,,,,,,
5/17/1944,,,,,,
5/18/1944,,,,,,
5/19/1944,,,,,,
5/20/1944,,,,,,
5/21/1944,,,,,,
5/22/1944,,,,,,
5/23/1944,,,,,,
5/24/1944,,,,,,
5/25/1944,,,,,,
5/26/1944,,,,,,
5/27/1944,,,,,,
5/28/1944,,,,,,
5/29/1944,,,,,,
5/30/1944,,,,,,
5/31/1944,,,,,,
6/1/1944,,,,,,
6/2/1944,,,,,,
6/3/1944,,,,,,
6/4/1944,,,,,,
6/5/1944,,,,,,
6/6/1944,,,,,,
6/7/1944,,,,,,
6/8/1944,,,,,,
6/9/1944,,,,,,
6/10/1944,,,,,,
6/11/1944,,,,,,
6/12/1944,,,,,,
6/13/1944,,,,,,
6/14/1944,,,,,,
6/15/1944,,,,,,
6/16/1944,,,,,,
6/17/1944,,,,,,
6/18/1944,,,,,,
6/19/1944,,,,,,
6/20/1944,,,,,,
6/21/1944,,,,,,
6/22/1944,,,,,,
6/23/1944,,,,,,
6/24/1944,,,,,,
6/25/1944,,,,,,
6/26/1944,,,,,,
6/27/1944,,,,,,
6/28/1944,,,,,,
6/29/1944,,,,,,
6/30/1944,,,,,,
7/1/1944,,79,42,0,0,
7/2/1944,,82,43,0,0,
7/3/1944,,71,30,0,0,
7/4/1944,,74,29,0,0,
7/5/1944,,75,30,0,0,
7/6/1944,,72,32,0.04,0,
7/7/1944,,68,32,0.11,0,
7/8/1944,,70,30,0,0,
7/9/1944,,75,31,0,0,
7/10/1944,,74,29,0.27,0,
7/11/1944,,66,29,0,0,
7/12/1944,,73,31,0,0,
7/13/1944,,73,43,0,0,
7/14/1944,,75,31,0,0,
7/15/1944,,78,31,0,0,
7/16/1944,,79,35,0,0,
7/17/1944,,78,40,0,0,
7/18/1944,,82,39,0,0,
7/19/1944,,78,52,0,0,
7/20/1944,,75,47,0.01,0,
7/21/1944,,75,37,0.02,0,
7/22/1944,,85,39,0.06,0,
7/23/1944,,,35,0.06,0,
7/24/1944,,71,36,0,0,
7/25/1944,,75,35,0.11,0,
7/26/1944,,69,35,0.12,0,
7/27/1944,,74,38,0,0,
7/28/1944,,76,36,0.04,0,
7/29/1944,,78,37,0,0,
7/30/1944,,81,39,0,0,
7/31/1944,,78,36,0,0,
8/1/1944,,78,36,0,0,
8/2/1944,,76,38,0,0,
8/3/1944,,75,38,0,0,
8/4/1944,,73,27,0,0,
8/5/1944,,80,32,0,0,
8/6/1944,,86,34,0,0,
8/7/1944,,79,39,0,0,
8/8/1944,,80,32,0,0,
8/9/1944,,76,31,0,0,
8/10/1944,,73,46,0,0,
8/11/1944,,75,41,0,0,
8/12/1944,,77,37,0,0,
8/13/1944,,76,37,0,0,
8/14/1944,,75,34,0,0,
8/15/1944,,65,27,0,0,
8/16/1944,,72,28,0,0,
8/17/1944,,79,30,0,0,
8/18/1944,,79,30,0,0,
8/19/1944,,75,32,0,0,
8/20/1944,,73,29,0,0,
8/21/1944,,77,28,0,0,
8/22/1944,,80,28,0,0,
8/23/1944,,83,29,0,0,
8/24/1944,,79,35,0,0,
8/25/1944,,80,31,0,0,
8/26/1944,,67,28,0,0,
8/27/1944,,77,29,0,0,
8/28/1944,,78,35,0,0,
8/29/1944,,75,33,0,0,
8/30/1944,,71,27,0,0,
8/31/1944,,77,29,0,0,
9/1/1944,,78,39,0.01,0,
9/2/1944,,50,39,0.24,0,
9/3/1944,,49,33,0.01,0,
9/4/1944,,60,28,0,0,
9/5/1944,,69,29,0,0,
9/6/1944,,73,30,0,0,
9/7/1944,,74,33,0,0,
9/8/1944,,76,32,0,0,
9/9/1944,,71,32,0,0,
9/10/1944,,,27,0,0,
9/11/1944,,73,26,0,0,
9/12/1944,,74,29,0,0,
9/13/1944,,71,34,0,0,
9/14/1944,,70,28,0,0,
9/15/1944,,54,22,0,0,
9/16/1944,,58,30,0,0,
9/17/1944,,49,30,1.47,9,7
9/18/1944,,46,23,0,0,
9/19/1944,,44,27,0,0,
9/20/1944,,58,32,0,0,
9/21/1944,,71,22,0,0,
9/22/1944,,69,28,0,0,
9/23/1944,,64,25,0,0,
9/24/1944,,69,24,0,0,
9/25/1944,,70,24,0,0,
9/26/1944,,67,27,0,0,
9/27/1944,,62,25,0,0,
9/28/1944,,65,19,0,0,
9/29/1944,,62,30,0.35,0,0
9/30/1944,,34,31,0.36,0,0
10/1/1944,,,,,,
10/2/1944,,,,,,
10/3/1944,,,,,,
10/4/1944,,,,,,
10/5/1944,,,,,,
10/6/1944,,,,,,
10/7/1944,,,,,,
10/8/1944,,,,,,
10/9/1944,,,,,,
10/10/1944,,,,,,
10/11/1944,,,,,,
10/12/1944,,,,,,
10/13/1944,,,,,,
10/14/1944,,,,,,
10/15/1944,,,,,,
10/16/1944,,,,,,
10/17/1944,,,,,,
10/18/1944,,,,,,
10/19/1944,,,,,,
10/20/1944,,,,,,
10/21/1944,,,,,,
10/22/1944,,,,,,
10/23/1944,,,,,,
10/24/1944,,,,,,
10/25/1944,,,,,,
10/26/1944,,,,,,
10/27/1944,,,,,,
10/28/1944,,,,,,
10/29/1944,,,,,,
10/30/1944,,,,,,
10/31/1944,,,,,,
11/1/1944,,,,,,
11/2/1944,,,,,,
11/3/1944,,,,,,
11/4/1944,,,,,,
11/5/1944,,,,,,
11/6/1944,,,,,,
11/7/1944,,,,,,
11/8/1944,,,,,,
11/9/1944,,,,,,
11/10/1944,,,,,,
11/11/1944,,,,,,
11/12/1944,,,,,,
11/13/1944,,,,,,
11/14/1944,,,,,,
11/15/1944,,,,,,
11/16/1944,,,,,,
11/17/1944,,,,,,
11/18/1944,,,,,,
11/19/1944,,,,,,
11/20/1944,,,,,,
11/21/1944,,,,,,
11/22/1944,,,,,,
11/23/1944,,,,,,
11/24/1944,,,,,,
11/25/1944,,,,,,
11/26/1944,,,,,,
11/27/1944,,,,,,
11/28/1944,,,,,,
11/29/1944,,,,,,
11/30/1944,,,,,,
12/1/1944,,,,,,
12/2/1944,,,,,,
12/3/1944,,,,,,
12/4/1944,,,,,,
12/5/1944,,,,,,
12/6/1944,,,,,,
12/7/1944,,,,,,
12/8/1944,,,,,,
12/9/1944,,,,,,
12/10/1944,,,,,,
12/11/1944,,,,,,
12/12/1944,,,,,,
12/13/1944,,,,,,
12/14/1944,,,,,,
12/15/1944,,,,,,
12/16/1944,,,,,,
12/17/1944,,,,,,
12/18/1944,,,,,,
12/19/1944,,,,,,
12/20/1944,,,,,,
12/21/1944,,,,,,
12/22/1944,,,,,,
12/23/1944,,,,,,
12/24/1944,,,,,,
12/25/1944,,,,,,
12/26/1944,,,,,,
12/27/1944,,,,,,
12/28/1944,,,,,,
12/29/1944,,,,,,
12/30/1944,,,,,,
12/31/1944,,,,,,
1/1/1945,,,,,,
1/2/1945,,,,,,
1/3/1945,,,,,,
1/4/1945,,,,,,
1/5/1945,,,,,,
1/6/1945,,,,,,
1/7/1945,,,,,,
1/8/1945,,,,,,
1/9/1945,,,,,,
1/10/1945,,,,,,
1/11/1945,,,,,,
1/12/1945,,,,,,
1/13/1945,,,,,,
1/14/1945,,,,,,
1/15/1945,,,,,,
1/16/1945,,,,,,
1/17/1945,,,,,,
1/18/1945,,,,,,
1/19/1945,,,,,,
1/20/1945,,,,,,
1/21/1945,,,,,,
1/22/1945,,,,,,
1/23/1945,,,,,,
1/24/1945,,,,,,
1/25/1945,,,,,,
1/26/1945,,,,,,
1/27/1945,,,,,,
1/28/1945,,,,,,
1/29/1945,,,,,,
1/30/1945,,,,,,
1/31/1945,,,,,,
2/1/1945,,,,,,
2/2/1945,,,,,,
2/3/1945,,,,,,
2/4/1945,,,,,,
2/5/1945,,,,,,
2/6/1945,,,,,,
2/7/1945,,,,,,
2/8/1945,,,,,,
2/9/1945,,,,,,
2/10/1945,,,,,,
2/11/1945,,,,,,
2/12/1945,,,,,,
2/13/1945,,,,,,
2/14/1945,,,,,,
2/15/1945,,,,,,
2/16/1945,,,,,,
2/17/1945,,,,,,
2/18/1945,,,,,,
2/19/1945,,,,,,
2/20/1945,,,,,,
2/21/1945,,,,,,
2/22/1945,,,,,,
2/23/1945,,,,,,
2/24/1945,,,,,,
2/25/1945,,,,,,
2/26/1945,,,,,,
2/27/1945,,,,,,
2/28/1945,,,,,,
3/1/1945,,,,,,
3/2/1945,,,,,,
3/3/1945,,,,,,
3/4/1945,,,,,,
3/5/1945,,,,,,
3/6/1945,,,,,,
3/7/1945,,,,,,
3/8/1945,,,,,,
3/9/1945,,,,,,
3/10/1945,,,,,,
3/11/1945,,,,,,
3/12/1945,,,,,,
3/13/1945,,,,,,
3/14/1945,,,,,,
3/15/1945,,,,,,
3/16/1945,,,,,,
3/17/1945,,,,,,
3/18/1945,,,,,,
3/19/1945,,,,,,
3/20/1945,,,,,,
3/21/1945,,,,,,
3/22/1945,,,,,,
3/23/1945,,,,,,
3/24/1945,,,,,,
3/25/1945,,,,,,
3/26/1945,,,,,,
3/27/1945,,,,,,
3/28/1945,,,,,,
3/29/1945,,,,,,
3/30/1945,,,,,,
3/31/1945,,,,,,
4/1/1945,,,,,,
4/2/1945,,,,,,
4/3/1945,,,,,,
4/4/1945,,,,,,
4/5/1945,,,,,,
4/6/1945,,,,,,
4/7/1945,,,,,,
4/8/1945,,,,,,
4/9/1945,,,,,,
4/10/1945,,,,,,
4/11/1945,,,,,,
4/12/1945,,,,,,
4/13/1945,,,,,,
4/14/1945,,,,,,
4/15/1945,,,,,,
4/16/1945,,,,,,
4/17/1945,,,,,,
4/18/1945,,,,,,
4/19/1945,,,,,,
4/20/1945,,,,,,
4/21/1945,,,,,,
4/22/1945,,,,,,
4/23/1945,,,,,,
4/24/1945,,,,,,
4/25/1945,,,,,,
4/26/1945,,,,,,
4/27/1945,,,,,,
4/28/1945,,,,,,
4/29/1945,,,,,,
4/30/1945,,,,,,
5/1/1945,,,,,,
5/2/1945,,,,,,
5/3/1945,,,,,,
5/4/1945,,,,,,
5/5/1945,,,,,,
5/6/1945,,,,,,
5/7/1945,,,,,,
5/8/1945,,,,,,
5/9/1945,,,,,,
5/10/1945,,,,,,
5/11/1945,,,,,,
5/12/1945,,,,,,
5/13/1945,,,,,,
5/14/1945,,,,,,
5/15/1945,,,,,,
5/16/1945,,,,,,
5/17/1945,,,,,,
5/18/1945,,,,,,
5/19/1945,,,,,,
5/20/1945,,,,,,
5/21/1945,,,,,,
5/22/1945,,,,,,
5/23/1945,,,,,,
5/24/1945,,,,,,
5/25/1945,,,,,,
5/26/1945,,,,,,
5/27/1945,,,,,,
5/28/1945,,,,,,
5/29/1945,,,,,,
5/30/1945,,,,,,
5/31/1945,,,,,,
6/1/1945,,,,,,
6/2/1945,,,,,,
6/3/1945,,,,,,
6/4/1945,,,,,,
6/5/1945,,,,,,
6/6/1945,,,,,,
6/7/1945,,,,,,
6/8/1945,,,,,,
6/9/1945,,,,,,
6/10/1945,,,,,,
6/11/1945,,,,,,
6/12/1945,,,,,,
6/13/1945,,,,,,
6/14/1945,,,,,,
6/15/1945,,,,,,
6/16/1945,,,,,,
6/17/1945,,,,,,
6/18/1945,,,,,,
6/19/1945,,,,,,
6/20/1945,,,,,,
6/21/1945,,,,,,
6/22/1945,,,,,,
6/23/1945,,,,,,
6/24/1945,,,,,,
6/25/1945,,,,,,
6/26/1945,,,,,,
6/27/1945,,,,,,
6/28/1945,,,,,,
6/29/1945,,,,,,
6/30/1945,,,,,,
7/1/1945,,64,41,0.03,0,
7/2/1945,,70,44,0,0,
7/3/1945,,70,36,0,0,
7/4/1945,,68,40,0.04,0,
7/5/1945,,68,29,0,0,
7/6/1945,,77,47,0,0,
7/7/1945,,75,47,0,0,
7/8/1945,,76,50,0,0,
7/9/1945,,78,51,0,0,
7/10/1945,,79,56,0,0,
7/11/1945,,72,53,0.39,0,
7/12/1945,,67,50,0.28,0,
7/13/1945,,75,49,0,0,
7/14/1945,,74,50,0,0,
7/15/1945,,68,50,0,0,
7/16/1945,,74,56,0.05,0,
7/17/1945,,78,53,0.01,0,
7/18/1945,,78,54,0,0,
7/19/1945,,79,59,0.06,0,
7/20/1945,,81,49,0.13,0,
7/21/1945,,80,52,0,0,
7/22/1945,,79,60,0,0,
7/23/1945,,82,58,0,0,
7/24/1945,,80,54,0,0,
7/25/1945,,84,60,0,0,
7/26/1945,,83,55,0,0,
7/27/1945,,81,53,0,0,
7/28/1945,,81,38,0,0,
7/29/1945,,79,56,0,0,
7/30/1945,,76,59,0,0,
7/31/1945,,80,47,0,0,
8/1/1945,,82,51,0,0,
8/2/1945,,82,56,0,0,
8/3/1945,,81,46,0.62,0,
8/4/1945,,72,52,0,0,
8/5/1945,,76,32,0,0,
8/6/1945,,78,46,0,0,
8/7/1945,,77,51,0.2,0,
8/8/1945,,68,53,0.07,0,
8/9/1945,,68,53,0.09,0,
8/10/1945,,76,51,0,0,
8/11/1945,,76,51,0.19,0,
8/12/1945,,75,57,0,0,
8/13/1945,,71,49,0.03,0,
8/14/1945,,72,46,0.04,0,
8/15/1945,,75,45,0,0,
8/16/1945,,,41,0.13,0,
8/17/1945,,79,48,0,0,
8/18/1945,,77,51,0,0,
8/19/1945,,69,52,0.34,0,
8/20/1945,,65,45,0.65,0,
8/21/1945,,69,31,0,0,
8/22/1945,,75,39,0,0,
8/23/1945,,77,53,0,0,
8/24/1945,,79,62,0,0,
8/25/1945,,76,50,0.25,0,
8/26/1945,,,44,0,0,
8/27/1945,,66,46,0,0,
8/28/1945,,72,49,0,0,
8/29/1945,,75,44,0,0,
8/30/1945,,72,45,0.47,0,
8/31/1945,,69,44,0.01,0,
9/1/1945,,78,31,0,0,
9/2/1945,,77,41,0,0,
9/3/1945,,73,45,0,0,
9/4/1945,,72,48,0,0,
9/5/1945,,72,44,0,0,
9/6/1945,,70,45,0.14,0,
9/7/1945,,56,33,0,0,
9/8/1945,,72,29,0,0,
9/9/1945,,70,26,0,0,
9/10/1945,,63,23,0,0,
9/11/1945,,68,39,0,0,
9/12/1945,,67,22,0,0,
9/13/1945,,71,24,0,0,
9/14/1945,,67,25,0,0,
9/15/1945,,71,29,0.1,0,
9/16/1945,,65,31,0,0,
9/17/1945,,61,32,0.08,0,
9/18/1945,,54,28,0.05,0,
9/19/1945,,47,22,0,0,
9/20/1945,,53,17,0,0,
9/21/1945,,51,28,0.59,0,
9/22/1945,,40,27,0.4,11,8
9/23/1945,,38,26,0.6,5,6
9/24/1945,,35,22,0.16,0,6
9/25/1945,,,28,0,0,4
9/26/1945,,45,31,0.2,0,4
9/27/1945,,44,25,0,0,
9/28/1945,,49,13,0,0,
9/29/1945,,58,19,0,0,
9/30/1945,,59,21,0,0,
10/1/1945,,,,,,
10/2/1945,,,,,,
10/3/1945,,,,,,
10/4/1945,,,,,,
10/5/1945,,,,,,
10/6/1945,,,,,,
10/7/1945,,,,,,
10/8/1945,,,,,,
10/9/1945,,,,,,
10/10/1945,,,,,,
10/11/1945,,,,,,
10/12/1945,,,,,,
10/13/1945,,,,,,
10/14/1945,,,,,,
10/15/1945,,,,,,
10/16/1945,,,,,,
10/17/1945,,,,,,
10/18/1945,,,,,,
10/19/1945,,,,,,
10/20/1945,,,,,,
10/21/1945,,,,,,
10/22/1945,,,,,,
10/23/1945,,,,,,
10/24/1945,,,,,,
10/25/1945,,,,,,
10/26/1945,,,,,,
10/27/1945,,,,,,
10/28/1945,,,,,,
10/29/1945,,,,,,
10/30/1945,,,,,,
10/31/1945,,,,,,
11/1/1945,,,,,,
11/2/1945,,,,,,
11/3/1945,,,,,,
11/4/1945,,,,,,
11/5/1945,,,,,,
11/6/1945,,,,,,
11/7/1945,,,,,,
11/8/1945,,,,,,
11/9/1945,,,,,,
11/10/1945,,,,,,
11/11/1945,,,,,,
11/12/1945,,,,,,
11/13/1945,,,,,,
11/14/1945,,,,,,
11/15/1945,,,,,,
11/16/1945,,,,,,
11/17/1945,,,,,,
11/18/1945,,,,,,
11/19/1945,,,,,,
11/20/1945,,,,,,
11/21/1945,,,,,,
11/22/1945,,,,,,
11/23/1945,,,,,,
11/24/1945,,,,,,
11/25/1945,,,,,,
11/26/1945,,,,,,
11/27/1945,,,,,,
11/28/1945,,,,,,
11/29/1945,,,,,,
11/30/1945,,,,,,
12/1/1945,,,,,,
12/2/1945,,,,,,
12/3/1945,,,,,,
12/4/1945,,,,,,
12/5/1945,,,,,,
12/6/1945,,,,,,
12/7/1945,,,,,,
12/8/1945,,,,,,
12/9/1945,,,,,,
12/10/1945,,,,,,
12/11/1945,,,,,,
12/12/1945,,,,,,
12/13/1945,,,,,,
12/14/1945,,,,,,
12/15/1945,,,,,,
12/16/1945,,,,,,
12/17/1945,,,,,,
12/18/1945,,,,,,
12/19/1945,,,,,,
12/20/1945,,,,,,
12/21/1945,,,,,,
12/22/1945,,,,,,
12/23/1945,,,,,,
12/24/1945,,,,,,
12/25/1945,,,,,,
12/26/1945,,,,,,
12/27/1945,,,,,,
12/28/1945,,,,,,
12/29/1945,,,,,,
12/30/1945,,,,,,
12/31/1945,,,,,,
1/1/1946,,,,,,
1/2/1946,,,,,,
1/3/1946,,,,,,
1/4/1946,,,,,,
1/5/1946,,,,,,
1/6/1946,,,,,,
1/7/1946,,,,,,
1/8/1946,,,,,,
1/9/1946,,,,,,
1/10/1946,,,,,,
1/11/1946,,,,,,
1/12/1946,,,,,,
1/13/1946,,,,,,
1/14/1946,,,,,,
1/15/1946,,,,,,
1/16/1946,,,,,,
1/17/1946,,,,,,
1/18/1946,,,,,,
1/19/1946,,,,,,
1/20/1946,,,,,,
1/21/1946,,,,,,
1/22/1946,,,,,,
1/23/1946,,,,,,
1/24/1946,,,,,,
1/25/1946,,,,,,
1/26/1946,,,,,,
1/27/1946,,,,,,
1/28/1946,,,,,,
1/29/1946,,,,,,
1/30/1946,,,,,,
1/31/1946,,,,,,
2/1/1946,,,,,,
2/2/1946,,,,,,
2/3/1946,,,,,,
2/4/1946,,,,,,
2/5/1946,,,,,,
2/6/1946,,,,,,
2/7/1946,,,,,,
2/8/1946,,,,,,
2/9/1946,,,,,,
2/10/1946,,,,,,
2/11/1946,,,,,,
2/12/1946,,,,,,
2/13/1946,,,,,,
2/14/1946,,,,,,
2/15/1946,,,,,,
2/16/1946,,,,,,
2/17/1946,,,,,,
2/18/1946,,,,,,
2/19/1946,,,,,,
2/20/1946,,,,,,
2/21/1946,,,,,,
2/22/1946,,,,,,
2/23/1946,,,,,,
2/24/1946,,,,,,
2/25/1946,,,,,,
2/26/1946,,,,,,
2/27/1946,,,,,,
2/28/1946,,,,,,
3/1/1946,,,,,,
3/2/1946,,,,,,
3/3/1946,,,,,,
3/4/1946,,,,,,
3/5/1946,,,,,,
3/6/1946,,,,,,
3/7/1946,,,,,,
3/8/1946,,,,,,
3/9/1946,,,,,,
3/10/1946,,,,,,
3/11/1946,,,,,,
3/12/1946,,,,,,
3/13/1946,,,,,,
3/14/1946,,,,,,
3/15/1946,,,,,,
3/16/1946,,,,,,
3/17/1946,,,,,,
3/18/1946,,,,,,
3/19/1946,,,,,,
3/20/1946,,,,,,
3/21/1946,,,,,,
3/22/1946,,,,,,
3/23/1946,,,,,,
3/24/1946,,,,,,
3/25/1946,,,,,,
3/26/1946,,,,,,
3/27/1946,,,,,,
3/28/1946,,,,,,
3/29/1946,,,,,,
3/30/1946,,,,,,
3/31/1946,,,,,,
4/1/1946,,,,,,
4/2/1946,,,,,,
4/3/1946,,,,,,
4/4/1946,,,,,,
4/5/1946,,,,,,
4/6/1946,,,,,,
4/7/1946,,,,,,
4/8/1946,,,,,,
4/9/1946,,,,,,
4/10/1946,,,,,,
4/11/1946,,,,,,
4/12/1946,,,,,,
4/13/1946,,,,,,
4/14/1946,,,,,,
4/15/1946,,,,,,
4/16/1946,,,,,,
4/17/1946,,,,,,
4/18/1946,,,,,,
4/19/1946,,,,,,
4/20/1946,,,,,,
4/21/1946,,,,,,
4/22/1946,,,,,,
4/23/1946,,,,,,
4/24/1946,,,,,,
4/25/1946,,,,,,
4/26/1946,,,,,,
4/27/1946,,,,,,
4/28/1946,,,,,,
4/29/1946,,,,,,
4/30/1946,,,,,,
5/1/1946,,,,,,
5/2/1946,,,,,,
5/3/1946,,,,,,
5/4/1946,,,,,,
5/5/1946,,,,,,
5/6/1946,,,,,,
5/7/1946,,,,,,
5/8/1946,,,,,,
5/9/1946,,,,,,
5/10/1946,,,,,,
5/11/1946,,,,,,
5/12/1946,,,,,,
5/13/1946,,,,,,
5/14/1946,,,,,,
5/15/1946,,,,,,
5/16/1946,,,,,,
5/17/1946,,,,,,
5/18/1946,,,,,,
5/19/1946,,,,,,
5/20/1946,,,,,,
5/21/1946,,,,,,
5/22/1946,,,,,,
5/23/1946,,,,,,
5/24/1946,,,,,,
5/25/1946,,,,,,
5/26/1946,,,,,,
5/27/1946,,,,,,
5/28/1946,,,,,,
5/29/1946,,,,,,
5/30/1946,,,,,,
5/31/1946,,,,,,
6/1/1946,,,,,,
6/2/1946,,,,,,
6/3/1946,,,,,,
6/4/1946,,,,,,
6/5/1946,,,,,,
6/6/1946,,,,,,
6/7/1946,,,,,,
6/8/1946,,,,,,
6/9/1946,,,,,,
6/10/1946,,,,,,
6/11/1946,,,,,,
6/12/1946,,,,,,
6/13/1946,,,,,,
6/14/1946,,,,,,
6/15/1946,,,,,,
6/16/1946,,,,,,
6/17/1946,,,,,,
6/18/1946,,,,,,
6/19/1946,,,,,,
6/20/1946,,,,,,
6/21/1946,,,,,,
6/22/1946,,,,,,
6/23/1946,,,,,,
6/24/1946,,,,,,
6/25/1946,,,,,,
6/26/1946,,,,,,
6/27/1946,,,,,,
6/28/1946,,,,,,
6/29/1946,,,,,,
6/30/1946,,,,,,
7/1/1946,,,,,,
7/2/1946,,,,,,
7/3/1946,,,,,,
7/4/1946,,,,,,
7/5/1946,,,,,,
7/6/1946,,,,,,
7/7/1946,,,,,,
7/8/1946,,,,,,
7/9/1946,,,,,,
7/10/1946,,,,,,
7/11/1946,,,,,,
7/12/1946,,,,,,
7/13/1946,,,,,,
7/14/1946,,,,,,
7/15/1946,,,,,,
7/16/1946,,,,,,
7/17/1946,,,,,,
7/18/1946,,,,,,
7/19/1946,,,,,,
7/20/1946,,,,,,
7/21/1946,,,,,,
7/22/1946,,,,,,
7/23/1946,,,,,,
7/24/1946,,,,,,
7/25/1946,,,,,,
7/26/1946,,,,,,
7/27/1946,,,,,,
7/28/1946,,,,,,
7/29/1946,,,,,,
7/30/1946,,,,,,
7/31/1946,,,,,,
8/1/1946,,77,32,0,0,
8/2/1946,,83,36,0,0,
8/3/1946,,84,38,0,0,
8/4/1946,,85,37,0,0,
8/5/1946,,82,41,0,0,
8/6/1946,,85,42,0,0,
8/7/1946,,82,35,0,0,
8/8/1946,,73,28,0,0,
8/9/1946,,79,29,0,0,
8/10/1946,,84,30,0,0,
8/11/1946,,83,45,0,0,
8/12/1946,,83,51,0.03,0,
8/13/1946,,75,42,0.01,0,
8/14/1946,,67,29,0,0,
8/15/1946,,72,37,0,0,
8/16/1946,,80,37,0,0,
8/17/1946,,78,32,0,0,
8/18/1946,,80,26,0,0,
8/19/1946,,80,30,0,0,
8/20/1946,,78,33,0,0,
8/21/1946,,78,48,0,0,
8/22/1946,,79,36,0.08,0,
8/23/1946,,76,45,0.02,0,
8/24/1946,,65,50,0.13,0,
8/25/1946,,69,34,0,0,
8/26/1946,,69,45,0.07,0,
8/27/1946,,70,37,0.11,0,
8/28/1946,,68,38,0.04,0,
8/29/1946,,71,41,0,0,
8/30/1946,,74,36,0.17,0,
8/31/1946,,75,33,0,0,
9/1/1946,,,,,,
9/2/1946,,,,,,
9/3/1946,,,,,,
9/4/1946,,,,,,
9/5/1946,,,,,,
9/6/1946,,,,,,
9/7/1946,,,,,,
9/8/1946,,,,,,
9/9/1946,,,,,,
9/10/1946,,,,,,
9/11/1946,,,,,,
9/12/1946,,,,,,
9/13/1946,,,,,,
9/14/1946,,,,,,
9/15/1946,,,,,,
9/16/1946,,,,,,
9/17/1946,,,,,,
9/18/1946,,,,,,
9/19/1946,,,,,,
9/20/1946,,,,,,
9/21/1946,,,,,,
9/22/1946,,,,,,
9/23/1946,,,,,,
9/24/1946,,,,,,
9/25/1946,,,,,,
9/26/1946,,,,,,
9/27/1946,,,,,,
9/28/1946,,,,,,
9/29/1946,,,,,,
9/30/1946,,,,,,
10/1/1946,,,,,,
10/2/1946,,,,,,
10/3/1946,,,,,,
10/4/1946,,,,,,
10/5/1946,,,,,,
10/6/1946,,,,,,
10/7/1946,,,,,,
10/8/1946,,,,,,
10/9/1946,,,,,,
10/10/1946,,,,,,
10/11/1946,,,,,,
10/12/1946,,,,,,
10/13/1946,,,,,,
10/14/1946,,,,,,
10/15/1946,,,,,,
10/16/1946,,,,,,
10/17/1946,,,,,,
10/18/1946,,,,,,
10/19/1946,,,,,,
10/20/1946,,,,,,
10/21/1946,,,,,,
10/22/1946,,,,,,
10/23/1946,,,,,,
10/24/1946,,,,,,
10/25/1946,,,,,,
10/26/1946,,,,,,
10/27/1946,,,,,,
10/28/1946,,,,,,
10/29/1946,,,,,,
10/30/1946,,,,,,
10/31/1946,,,,,,
11/1/1946,,,,,,
11/2/1946,,,,,,
11/3/1946,,,,,,
11/4/1946,,,,,,
11/5/1946,,,,,,
11/6/1946,,,,,,
11/7/1946,,,,,,
11/8/1946,,,,,,
11/9/1946,,,,,,
11/10/1946,,,,,,
11/11/1946,,,,,,
11/12/1946,,,,,,
11/13/1946,,,,,,
11/14/1946,,,,,,
11/15/1946,,,,,,
11/16/1946,,,,,,
11/17/1946,,,,,,
11/18/1946,,,,,,
11/19/1946,,,,,,
11/20/1946,,,,,,
11/21/1946,,,,,,
11/22/1946,,,,,,
11/23/1946,,,,,,
11/24/1946,,,,,,
11/25/1946,,,,,,
11/26/1946,,,,,,
11/27/1946,,,,,,
11/28/1946,,,,,,
11/29/1946,,,,,,
11/30/1946,,,,,,
12/1/1946,,,,,,
12/2/1946,,,,,,
12/3/1946,,,,,,
12/4/1946,,,,,,
12/5/1946,,,,,,
12/6/1946,,,,,,
12/7/1946,,,,,,
12/8/1946,,,,,,
12/9/1946,,,,,,
12/10/1946,,,,,,
12/11/1946,,,,,,
12/12/1946,,,,,,
12/13/1946,,,,,,
12/14/1946,,,,,,
12/15/1946,,,,,,
12/16/1946,,,,,,
12/17/1946,,,,,,
12/18/1946,,,,,,
12/19/1946,,,,,,
12/20/1946,,,,,,
12/21/1946,,,,,,
12/22/1946,,,,,,
12/23/1946,,,,,,
12/24/1946,,,,,,
12/25/1946,,,,,,
12/26/1946,,,,,,
12/27/1946,,,,,,
12/28/1946,,,,,,
12/29/1946,,,,,,
12/30/1946,,,,,,
12/31/1946,,,,,,
1/1/1947,,,,,,
1/2/1947,,,,,,
1/3/1947,,,,,,
1/4/1947,,,,,,
1/5/1947,,,,,,
1/6/1947,,,,,,
1/7/1947,,,,,,
1/8/1947,,,,,,
1/9/1947,,,,,,
1/10/1947,,,,,,
1/11/1947,,,,,,
1/12/1947,,,,,,
1/13/1947,,,,,,
1/14/1947,,,,,,
1/15/1947,,,,,,
1/16/1947,,,,,,
1/17/1947,,,,,,
1/18/1947,,,,,,
1/19/1947,,,,,,
1/20/1947,,,,,,
1/21/1947,,,,,,
1/22/1947,,,,,,
1/23/1947,,,,,,
1/24/1947,,,,,,
1/25/1947,,,,,,
1/26/1947,,,,,,
1/27/1947,,,,,,
1/28/1947,,,,,,
1/29/1947,,,,,,
1/30/1947,,,,,,
1/31/1947,,,,,,
2/1/1947,,,,,,
2/2/1947,,,,,,
2/3/1947,,,,,,
2/4/1947,,,,,,
2/5/1947,,,,,,
2/6/1947,,,,,,
2/7/1947,,,,,,
2/8/1947,,,,,,
2/9/1947,,,,,,
2/10/1947,,,,,,
2/11/1947,,,,,,
2/12/1947,,,,,,
2/13/1947,,,,,,
2/14/1947,,,,,,
2/15/1947,,,,,,
2/16/1947,,,,,,
2/17/1947,,,,,,
2/18/1947,,,,,,
2/19/1947,,,,,,
2/20/1947,,,,,,
2/21/1947,,,,,,
2/22/1947,,,,,,
2/23/1947,,,,,,
2/24/1947,,,,,,
2/25/1947,,,,,,
2/26/1947,,,,,,
2/27/1947,,,,,,
2/28/1947,,,,,,
3/1/1947,,,,,,
3/2/1947,,,,,,
3/3/1947,,,,,,
3/4/1947,,,,,,
3/5/1947,,,,,,
3/6/1947,,,,,,
3/7/1947,,,,,,
3/8/1947,,,,,,
3/9/1947,,,,,,
3/10/1947,,,,,,
3/11/1947,,,,,,
3/12/1947,,,,,,
3/13/1947,,,,,,
3/14/1947,,,,,,
3/15/1947,,,,,,
3/16/1947,,,,,,
3/17/1947,,,,,,
3/18/1947,,,,,,
3/19/1947,,,,,,
3/20/1947,,,,,,
3/21/1947,,,,,,
3/22/1947,,,,,,
3/23/1947,,,,,,
3/24/1947,,,,,,
3/25/1947,,,,,,
3/26/1947,,,,,,
3/27/1947,,,,,,
3/28/1947,,,,,,
3/29/1947,,,,,,
3/30/1947,,,,,,
3/31/1947,,,,,,
4/1/1947,,,,,,
4/2/1947,,,,,,
4/3/1947,,,,,,
4/4/1947,,,,,,
4/5/1947,,,,,,
4/6/1947,,,,,,
4/7/1947,,,,,,
4/8/1947,,,,,,
4/9/1947,,,,,,
4/10/1947,,,,,,
4/11/1947,,,,,,
4/12/1947,,,,,,
4/13/1947,,,,,,
4/14/1947,,,,,,
4/15/1947,,,,,,
4/16/1947,,,,,,
4/17/1947,,,,,,
4/18/1947,,,,,,
4/19/1947,,,,,,
4/20/1947,,,,,,
4/21/1947,,,,,,
4/22/1947,,,,,,
4/23/1947,,,,,,
4/24/1947,,,,,,
4/25/1947,,,,,,
4/26/1947,,,,,,
4/27/1947,,,,,,
4/28/1947,,,,,,
4/29/1947,,,,,,
4/30/1947,,,,,,
5/1/1947,,,,,,
5/2/1947,,,,,,
5/3/1947,,,,,,
5/4/1947,,,,,,
5/5/1947,,,,,,
5/6/1947,,,,,,
5/7/1947,,,,,,
5/8/1947,,,,,,
5/9/1947,,,,,,
5/10/1947,,,,,,
5/11/1947,,,,,,
5/12/1947,,,,,,
5/13/1947,,,,,,
5/14/1947,,,,,,
5/15/1947,,,,,,
5/16/1947,,,,,,
5/17/1947,,,,,,
5/18/1947,,,,,,
5/19/1947,,,,,,
5/20/1947,,,,,,
5/21/1947,,,,,,
5/22/1947,,,,,,
5/23/1947,,,,,,
5/24/1947,,,,,,
5/25/1947,,,,,,
5/26/1947,,,,,,
5/27/1947,,,,,,
5/28/1947,,,,,,
5/29/1947,,,,,,
5/30/1947,,,,,,
5/31/1947,,,,,,
6/1/1947,,,,,,
6/2/1947,,,,,,
6/3/1947,,,,,,
6/4/1947,,,,,,
6/5/1947,,,,,,
6/6/1947,,,,,,
6/7/1947,,,,,,
6/8/1947,,,,,,
6/9/1947,,,,,,
6/10/1947,,,,,,
6/11/1947,,,,,,
6/12/1947,,,,,,
6/13/1947,,,,,,
6/14/1947,,,,,,
6/15/1947,,,,,,
6/16/1947,,,,,,
6/17/1947,,,,,,
6/18/1947,,,,,,
6/19/1947,,,,,,
6/20/1947,,,,,,
6/21/1947,,,,,,
6/22/1947,,,,,,
6/23/1947,,,,,,
6/24/1947,,,,,,
6/25/1947,,,,,,
6/26/1947,,,,,,
6/27/1947,,,,,,
6/28/1947,,,,,,
6/29/1947,,,,,,
6/30/1947,,,,,,
7/1/1947,,72,28,,0,
7/2/1947,,83,34,,0,
7/3/1947,,78,33,,0,
7/4/1947,,76,36,,0,
7/5/1947,,76,32,,0,
7/6/1947,,83,31,,0,
7/7/1947,,80,55,0,0,
7/8/1947,,73,41,,0,
7/9/1947,,77,41,,0,
7/10/1947,,77,36,0.02,0,
7/11/1947,,74,35,,0,
7/12/1947,,76,33,,0,
7/13/1947,,83,35,,0,
7/14/1947,,84,36,,0,
7/15/1947,,82,45,,0,
7/16/1947,,77,49,0.22,0,
7/17/1947,,77,37,,0,
7/18/1947,,81,38,0,0,
7/19/1947,,82,33,,0,
7/20/1947,,82,37,,0,
7/21/1947,,83,47,0.35,0,
7/22/1947,,77,53,0.51,0,
7/23/1947,,78,45,0.06,0,
7/24/1947,,77,41,0.22,0,
7/25/1947,,77,35,0.01,0,
7/26/1947,,80,35,,0,
7/27/1947,,83,36,,0,
7/28/1947,,81,41,,0,
7/29/1947,,80,36,,0,
7/30/1947,,78,37,,0,
7/31/1947,,76,49,0.02,0,
8/1/1947,,85,53,0.02,0,
8/2/1947,,78,41,0.01,0,
8/3/1947,,76,45,0.33,0,
8/4/1947,,66,47,0.07,0,
8/5/1947,,73,40,0,0,
8/6/1947,,80,39,0,0,
8/7/1947,,80,50,0.02,0,
8/8/1947,,77,39,0,0,
8/9/1947,,72,,0,0,
8/10/1947,,70,39,0.57,0,
8/11/1947,,64,31,0.09,0,
8/12/1947,,65,41,0,0,
8/13/1947,,68,29,0,0,
8/14/1947,,72,30,0,0,
8/15/1947,,77,35,0.08,0,
8/16/1947,,74,31,0,0,
8/17/1947,,73,39,0,0,
8/18/1947,,76,33,0,0,
8/19/1947,,80,37,0,0,
8/20/1947,,78,30,0.04,0,
8/21/1947,,65,40,0.18,0,
8/22/1947,,62,40,0.05,0,
8/23/1947,,60,31,0,0,
8/24/1947,,70,25,0,0,
8/25/1947,,75,28,0,0,
8/26/1947,,73,31,0,0,
8/27/1947,,76,32,0,0,
8/28/1947,,75,38,0,0,
8/29/1947,,78,39,0,0,
8/30/1947,,70,41,0,0,
8/31/1947,,74,29,0,0,
9/1/1947,,78,28,0,0,
9/2/1947,,83,31,0,0,
9/3/1947,,,51,0.2,0,
9/4/1947,,75,31,0,0,
9/5/1947,,78,38,0,0,
9/6/1947,,75,37,0,0,
9/7/1947,,,34,0,0,
9/8/1947,,57,35,0,0,
9/9/1947,,59,37,0,0,
9/10/1947,,45,32,0.37,0,
9/11/1947,,58,23,0,0,
9/12/1947,,66,26,0,0,
9/13/1947,,66,48,0,0,
9/14/1947,,59,27,0,0,
9/15/1947,,60,27,0,0,
9/16/1947,,66,48,0,0,
9/17/1947,,54,37,0.47,0,
9/18/1947,,44,33,0.7,0,
9/19/1947,,45,27,0.24,0,
9/20/1947,,54,24,0,0,
9/21/1947,,65,27,0,0,
9/22/1947,,71,30,0,0,
9/23/1947,,68,33,0,0,
9/24/1947,,68,33,0,0,
9/25/1947,,72,28,0,0,
9/26/1947,,67,44,0.24,0,
9/27/1947,,59,30,0.13,0,
9/28/1947,,64,29,0,0,
9/29/1947,,61,37,0.16,0,
9/30/1947,,56,29,0,0,
10/1/1947,,,,,,
10/2/1947,,,,,,
10/3/1947,,,,,,
10/4/1947,,,,,,
10/5/1947,,,,,,
10/6/1947,,,,,,
10/7/1947,,,,,,
10/8/1947,,,,,,
10/9/1947,,,,,,
10/10/1947,,,,,,
10/11/1947,,,,,,
10/12/1947,,,,,,
10/13/1947,,,,,,
10/14/1947,,,,,,
10/15/1947,,,,,,
10/16/1947,,,,,,
10/17/1947,,,,,,
10/18/1947,,,,,,
10/19/1947,,,,,,
10/20/1947,,,,,,
10/21/1947,,,,,,
10/22/1947,,,,,,
10/23/1947,,,,,,
10/24/1947,,,,,,
10/25/1947,,,,,,
10/26/1947,,,,,,
10/27/1947,,,,,,
10/28/1947,,,,,,
10/29/1947,,,,,,
10/30/1947,,,,,,
10/31/1947,,,,,,
11/1/1947,,,,,,
11/2/1947,,,,,,
11/3/1947,,,,,,
11/4/1947,,,,,,
11/5/1947,,,,,,
11/6/1947,,,,,,
11/7/1947,,,,,,
11/8/1947,,,,,,
11/9/1947,,,,,,
11/10/1947,,,,,,
11/11/1947,,,,,,
11/12/1947,,,,,,
11/13/1947,,,,,,
11/14/1947,,,,,,
11/15/1947,,,,,,
11/16/1947,,,,,,
11/17/1947,,,,,,
11/18/1947,,,,,,
11/19/1947,,,,,,
11/20/1947,,,,,,
11/21/1947,,,,,,
11/22/1947,,,,,,
11/23/1947,,,,,,
11/24/1947,,,,,,
11/25/1947,,,,,,
11/26/1947,,,,,,
11/27/1947,,,,,,
11/28/1947,,,,,,
11/29/1947,,,,,,
11/30/1947,,,,,,
12/1/1947,,,,,,
12/2/1947,,,,,,
12/3/1947,,,,,,
12/4/1947,,,,,,
12/5/1947,,,,,,
12/6/1947,,,,,,
12/7/1947,,,,,,
12/8/1947,,,,,,
12/9/1947,,,,,,
12/10/1947,,,,,,
12/11/1947,,,,,,
12/12/1947,,,,,,
12/13/1947,,,,,,
12/14/1947,,,,,,
12/15/1947,,,,,,
12/16/1947,,,,,,
12/17/1947,,,,,,
12/18/1947,,,,,,
12/19/1947,,,,,,
12/20/1947,,,,,,
12/21/1947,,,,,,
12/22/1947,,,,,,
12/23/1947,,,,,,
12/24/1947,,,,,,
12/25/1947,,,,,,
12/26/1947,,,,,,
12/27/1947,,,,,,
12/28/1947,,,,,,
12/29/1947,,,,,,
12/30/1947,,,,,,
12/31/1947,,,,,,
1/1/1948,,,,,,
1/2/1948,,,,,,
1/3/1948,,,,,,
1/4/1948,,,,,,
1/5/1948,,,,,,
1/6/1948,,,,,,
1/7/1948,,,,,,
1/8/1948,,,,,,
1/9/1948,,,,,,
1/10/1948,,,,,,
1/11/1948,,,,,,
1/12/1948,,,,,,
1/13/1948,,,,,,
1/14/1948,,,,,,
1/15/1948,,,,,,
1/16/1948,,,,,,
1/17/1948,,,,,,
1/18/1948,,,,,,
1/19/1948,,,,,,
1/20/1948,,,,,,
1/21/1948,,,,,,
1/22/1948,,,,,,
1/23/1948,,,,,,
1/24/1948,,,,,,
1/25/1948,,,,,,
1/26/1948,,,,,,
1/27/1948,,,,,,
1/28/1948,,,,,,
1/29/1948,,,,,,
1/30/1948,,,,,,
1/31/1948,,,,,,
2/1/1948,,,,,,
2/2/1948,,,,,,
2/3/1948,,,,,,
2/4/1948,,,,,,
2/5/1948,,,,,,
2/6/1948,,,,,,
2/7/1948,,,,,,
2/8/1948,,,,,,
2/9/1948,,,,,,
2/10/1948,,,,,,
2/11/1948,,,,,,
2/12/1948,,,,,,
2/13/1948,,,,,,
2/14/1948,,,,,,
2/15/1948,,,,,,
2/16/1948,,,,,,
2/17/1948,,,,,,
2/18/1948,,,,,,
2/19/1948,,,,,,
2/20/1948,,,,,,
2/21/1948,,,,,,
2/22/1948,,,,,,
2/23/1948,,,,,,
2/24/1948,,,,,,
2/25/1948,,,,,,
2/26/1948,,,,,,
2/27/1948,,,,,,
2/28/1948,,,,,,
2/29/1948,,,,,,
3/1/1948,,,,,,
3/2/1948,,,,,,
3/3/1948,,,,,,
3/4/1948,,,,,,
3/5/1948,,,,,,
3/6/1948,,,,,,
3/7/1948,,,,,,
3/8/1948,,,,,,
3/9/1948,,,,,,
3/10/1948,,,,,,
3/11/1948,,,,,,
3/12/1948,,,,,,
3/13/1948,,,,,,
3/14/1948,,,,,,
3/15/1948,,,,,,
3/16/1948,,,,,,
3/17/1948,,,,,,
3/18/1948,,,,,,
3/19/1948,,,,,,
3/20/1948,,,,,,
3/21/1948,,,,,,
3/22/1948,,,,,,
3/23/1948,,,,,,
3/24/1948,,,,,,
3/25/1948,,,,,,
3/26/1948,,,,,,
3/27/1948,,,,,,
3/28/1948,,,,,,
3/29/1948,,,,,,
3/30/1948,,,,,,
3/31/1948,,,,,,
4/1/1948,,,,,,
4/2/1948,,,,,,
4/3/1948,,,,,,
4/4/1948,,,,,,
4/5/1948,,,,,,
4/6/1948,,,,,,
4/7/1948,,,,,,
4/8/1948,,,,,,
4/9/1948,,,,,,
4/10/1948,,,,,,
4/11/1948,,,,,,
4/12/1948,,,,,,
4/13/1948,,,,,,
4/14/1948,,,,,,
4/15/1948,,,,,,
4/16/1948,,,,,,
4/17/1948,,,,,,
4/18/1948,,,,,,
4/19/1948,,,,,,
4/20/1948,,,,,,
4/21/1948,,,,,,
4/22/1948,,,,,,
4/23/1948,,,,,,
4/24/1948,,,,,,
4/25/1948,,,,,,
4/26/1948,,,,,,
4/27/1948,,,,,,
4/28/1948,,,,,,
4/29/1948,,,,,,
4/30/1948,,,,,,
5/1/1948,,,,,,
5/2/1948,,,,,,
5/3/1948,,,,,,
5/4/1948,,,,,,
5/5/1948,,,,,,
5/6/1948,,,,,,
5/7/1948,,,,,,
5/8/1948,,,,,,
5/9/1948,,,,,,
5/10/1948,,,,,,
5/11/1948,,,,,,
5/12/1948,,,,,,
5/13/1948,,,,,,
5/14/1948,,,,,,
5/15/1948,,,,,,
5/16/1948,,,,,,
5/17/1948,,,,,,
5/18/1948,,,,,,
5/19/1948,,,,,,
5/20/1948,,,,,,
5/21/1948,,,,,,
5/22/1948,,,,,,
5/23/1948,,,,,,
5/24/1948,,,,,,
5/25/1948,,,,,,
5/26/1948,,,,,,
5/27/1948,,,,,,
5/28/1948,,,,,,
5/29/1948,,,,,,
5/30/1948,,,,,,
5/31/1948,,,,,,
6/1/1948,,,,,,
6/2/1948,,,,,,
6/3/1948,,,,,,
6/4/1948,,,,,,
6/5/1948,,,,,,
6/6/1948,,,,,,
6/7/1948,,,,,,
6/8/1948,,,,,,
6/9/1948,,,,,,
6/10/1948,,,,,,
6/11/1948,,,,,,
6/12/1948,,,,,,
6/13/1948,,,,,,
6/14/1948,,,,,,
6/15/1948,,,,,,
6/16/1948,,,,,,
6/17/1948,,,,,,
6/18/1948,,,,,,
6/19/1948,,,,,,
6/20/1948,,,,,,
6/21/1948,,,,,,
6/22/1948,,,,,,
6/23/1948,,,,,,
6/24/1948,,,,,,
6/25/1948,,,,,,
6/26/1948,,,,,,
6/27/1948,,,,,,
6/28/1948,,,,,,
6/29/1948,,,,,,
6/30/1948,,,,,,
7/1/1948,,,,,,
7/2/1948,,,,,,
7/3/1948,,,,,,
7/4/1948,,,,,,
7/5/1948,,,,,,
7/6/1948,,,,,,
7/7/1948,,,,,,
7/8/1948,,,,,,
7/9/1948,,,,,,
7/10/1948,,,,,,
7/11/1948,,,,,,
7/12/1948,,,,,,
7/13/1948,,,,,,
7/14/1948,,,,,,
7/15/1948,,,,,,
7/16/1948,,,,,,
7/17/1948,,,,,,
7/18/1948,,,,,,
7/19/1948,,,,,,
7/20/1948,,,,,,
7/21/1948,,,,,,
7/22/1948,,,,,,
7/23/1948,,,,,,
7/24/1948,,,,,,
7/25/1948,,,,,,
7/26/1948,,,,,,
7/27/1948,,,,,,
7/28/1948,,,,,,
7/29/1948,,,,,,
7/30/1948,,,,,,
7/31/1948,,,,,,
8/1/1948,,,,,,
8/2/1948,,,,,,
8/3/1948,,,,,,
8/4/1948,,,,,,
8/5/1948,,,,,,
8/6/1948,,,,,,
8/7/1948,,,,,,
8/8/1948,,,,,,
8/9/1948,,,,,,
8/10/1948,,,,,,
8/11/1948,,,,,,
8/12/1948,,,,,,
8/13/1948,,,,,,
8/14/1948,,,,,,
8/15/1948,,,,,,
8/16/1948,,,,,,
8/17/1948,,,,,,
8/18/1948,,,,,,
8/19/1948,,,,,,
8/20/1948,,,,,,
8/21/1948,,,,,,
8/22/1948,,,,,,
8/23/1948,,,,,,
8/24/1948,,,,,,
8/25/1948,,,,,,
8/26/1948,,,,,,
8/27/1948,,,,,,
8/28/1948,,,,,,
8/29/1948,,,,,,
8/30/1948,,,,,,
8/31/1948,,,,,,
9/1/1948,,,,,,
9/2/1948,,,,,,
9/3/1948,,,,,,
9/4/1948,,,,,,
9/5/1948,,,,,,
9/6/1948,,,,,,
9/7/1948,,,,,,
9/8/1948,,,,,,
9/9/1948,,,,,,
9/10/1948,,,,,,
9/11/1948,,,,,,
9/12/1948,,,,,,
9/13/1948,,,,,,
9/14/1948,,,,,,
9/15/1948,,,,,,
9/16/1948,,,,,,
9/17/1948,,,,,,
9/18/1948,,,,,,
9/19/1948,,,,,,
9/20/1948,,,,,,
9/21/1948,,,,,,
9/22/1948,,,,,,
9/23/1948,,,,,,
9/24/1948,,,,,,
9/25/1948,,,,,,
9/26/1948,,,,,,
9/27/1948,,,,,,
9/28/1948,,,,,,
9/29/1948,,,,,,
9/30/1948,,,,,,
10/1/1948,,,,,,
10/2/1948,,,,,,
10/3/1948,,,,,,
10/4/1948,,,,,,
10/5/1948,,,,,,
10/6/1948,,,,,,
10/7/1948,,,,,,
10/8/1948,,,,,,
10/9/1948,,,,,,
10/10/1948,,,,,,
10/11/1948,,,,,,
10/12/1948,,,,,,
10/13/1948,,,,,,
10/14/1948,,,,,,
10/15/1948,,,,,,
10/16/1948,,,,,,
10/17/1948,,,,,,
10/18/1948,,,,,,
10/19/1948,,,,,,
10/20/1948,,,,,,
10/21/1948,,,,,,
10/22/1948,,,,,,
10/23/1948,,,,,,
10/24/1948,,,,,,
10/25/1948,,,,,,
10/26/1948,,,,,,
10/27/1948,,,,,,
10/28/1948,,,,,,
10/29/1948,,,,,,
10/30/1948,,,,,,
10/31/1948,,,,,,
11/1/1948,,,,,,
11/2/1948,,,,,,
11/3/1948,,,,,,
11/4/1948,,,,,,
11/5/1948,,,,,,
11/6/1948,,,,,,
11/7/1948,,,,,,
11/8/1948,,,,,,
11/9/1948,,,,,,
11/10/1948,,,,,,
11/11/1948,,,,,,
11/12/1948,,,,,,
11/13/1948,,,,,,
11/14/1948,,,,,,
11/15/1948,,,,,,
11/16/1948,,,,,,
11/17/1948,,,,,,
11/18/1948,,,,,,
11/19/1948,,,,,,
11/20/1948,,,,,,
11/21/1948,,,,,,
11/22/1948,,,,,,
11/23/1948,,,,,,
11/24/1948,,,,,,
11/25/1948,,,,,,
11/26/1948,,,,,,
11/27/1948,,,,,,
11/28/1948,,,,,,
11/29/1948,,,,,,
11/30/1948,,,,,,
12/1/1948,,,,,,
12/2/1948,,,,,,
12/3/1948,,,,,,
12/4/1948,,,,,,
12/5/1948,,,,,,
12/6/1948,,,,,,
12/7/1948,,,,,,
12/8/1948,,,,,,
12/9/1948,,,,,,
12/10/1948,,,,,,
12/11/1948,,,,,,
12/12/1948,,,,,,
12/13/1948,,,,,,
12/14/1948,,,,,,
12/15/1948,,,,,,
12/16/1948,,,,,,
12/17/1948,,,,,,
12/18/1948,,,,,,
12/19/1948,,,,,,
12/20/1948,,,,,,
12/21/1948,,,,,,
12/22/1948,,,,,,
12/23/1948,,,,,,
12/24/1948,,,,,,
12/25/1948,,,,,,
12/26/1948,,,,,,
12/27/1948,,,,,,
12/28/1948,,,,,,
12/29/1948,,,,,,
12/30/1948,,,,,,
12/31/1948,,,,,,
1/1/1949,,,,,,
1/2/1949,,,,,,
1/3/1949,,,,,,
1/4/1949,,,,,,
1/5/1949,,,,,,
1/6/1949,,,,,,
1/7/1949,,,,,,
1/8/1949,,,,,,
1/9/1949,,,,,,
1/10/1949,,,,,,
1/11/1949,,,,,,
1/12/1949,,,,,,
1/13/1949,,,,,,
1/14/1949,,,,,,
1/15/1949,,,,,,
1/16/1949,,,,,,
1/17/1949,,,,,,
1/18/1949,,,,,,
1/19/1949,,,,,,
1/20/1949,,,,,,
1/21/1949,,,,,,
1/22/1949,,,,,,
1/23/1949,,,,,,
1/24/1949,,,,,,
1/25/1949,,,,,,
1/26/1949,,,,,,
1/27/1949,,,,,,
1/28/1949,,,,,,
1/29/1949,,,,,,
1/30/1949,,,,,,
1/31/1949,,,,,,
2/1/1949,,,,,,
2/2/1949,,,,,,
2/3/1949,,,,,,
2/4/1949,,,,,,
2/5/1949,,,,,,
2/6/1949,,,,,,
2/7/1949,,,,,,
2/8/1949,,,,,,
2/9/1949,,,,,,
2/10/1949,,,,,,
2/11/1949,,,,,,
2/12/1949,,,,,,
2/13/1949,,,,,,
2/14/1949,,,,,,
2/15/1949,,,,,,
2/16/1949,,,,,,
2/17/1949,,,,,,
2/18/1949,,,,,,
2/19/1949,,,,,,
2/20/1949,,,,,,
2/21/1949,,,,,,
2/22/1949,,,,,,
2/23/1949,,,,,,
2/24/1949,,,,,,
2/25/1949,,,,,,
2/26/1949,,,,,,
2/27/1949,,,,,,
2/28/1949,,,,,,
3/1/1949,,,,,,
3/2/1949,,,,,,
3/3/1949,,,,,,
3/4/1949,,,,,,
3/5/1949,,,,,,
3/6/1949,,,,,,
3/7/1949,,,,,,
3/8/1949,,,,,,
3/9/1949,,,,,,
3/10/1949,,,,,,
3/11/1949,,,,,,
3/12/1949,,,,,,
3/13/1949,,,,,,
3/14/1949,,,,,,
3/15/1949,,,,,,
3/16/1949,,,,,,
3/17/1949,,,,,,
3/18/1949,,,,,,
3/19/1949,,,,,,
3/20/1949,,,,,,
3/21/1949,,,,,,
3/22/1949,,,,,,
3/23/1949,,,,,,
3/24/1949,,,,,,
3/25/1949,,,,,,
3/26/1949,,,,,,
3/27/1949,,,,,,
3/28/1949,,,,,,
3/29/1949,,,,,,
3/30/1949,,,,,,
3/31/1949,,,,,,
4/1/1949,,,,,,
4/2/1949,,,,,,
4/3/1949,,,,,,
4/4/1949,,,,,,
4/5/1949,,,,,,
4/6/1949,,,,,,
4/7/1949,,,,,,
4/8/1949,,,,,,
4/9/1949,,,,,,
4/10/1949,,,,,,
4/11/1949,,,,,,
4/12/1949,,,,,,
4/13/1949,,,,,,
4/14/1949,,,,,,
4/15/1949,,,,,,
4/16/1949,,,,,,
4/17/1949,,,,,,
4/18/1949,,,,,,
4/19/1949,,,,,,
4/20/1949,,,,,,
4/21/1949,,,,,,
4/22/1949,,,,,,
4/23/1949,,,,,,
4/24/1949,,,,,,
4/25/1949,,,,,,
4/26/1949,,,,,,
4/27/1949,,,,,,
4/28/1949,,,,,,
4/29/1949,,,,,,
4/30/1949,,,,,,
5/1/1949,,,,,,
5/2/1949,,,,,,
5/3/1949,,,,,,
5/4/1949,,,,,,
5/5/1949,,,,,,
5/6/1949,,,,,,
5/7/1949,,,,,,
5/8/1949,,,,,,
5/9/1949,,,,,,
5/10/1949,,,,,,
5/11/1949,,,,,,
5/12/1949,,,,,,
5/13/1949,,,,,,
5/14/1949,,,,,,
5/15/1949,,,,,,
5/16/1949,,,,,,
5/17/1949,,,,,,
5/18/1949,,,,,,
5/19/1949,,,,,,
5/20/1949,,,,,,
5/21/1949,,,,,,
5/22/1949,,,,,,
5/23/1949,,,,,,
5/24/1949,,,,,,
5/25/1949,,,,,,
5/26/1949,,,,,,
5/27/1949,,,,,,
5/28/1949,,,,,,
5/29/1949,,,,,,
5/30/1949,,,,,,
5/31/1949,,,,,,
6/1/1949,,,,,,
6/2/1949,,,,,,
6/3/1949,,,,,,
6/4/1949,,,,,,
6/5/1949,,,,,,
6/6/1949,,,,,,
6/7/1949,,,,,,
6/8/1949,,,,,,
6/9/1949,,,,,,
6/10/1949,,,,,,
6/11/1949,,,,,,
6/12/1949,,,,,,
6/13/1949,,,,,,
6/14/1949,,,,,,
6/15/1949,,,,,,
6/16/1949,,,,,,
6/17/1949,,,,,,
6/18/1949,,,,,,
6/19/1949,,,,,,
6/20/1949,,,,,,
6/21/1949,,,,,,
6/22/1949,,,,,,
6/23/1949,,,,,,
6/24/1949,,,,,,
6/25/1949,,,,,,
6/26/1949,,,,,,
6/27/1949,,,,,,
6/28/1949,,,,,,
6/29/1949,,,,,,
6/30/1949,,,,,,
7/1/1949,,,,,,
7/2/1949,,,,,,
7/3/1949,,,,,,
7/4/1949,,,,,,
7/5/1949,,,,,,
7/6/1949,,,,,,
7/7/1949,,,,,,
7/8/1949,,,,,,
7/9/1949,,,,,,
7/10/1949,,,,,,
7/11/1949,,,,,,
7/12/1949,,,,,,
7/13/1949,,,,,,
7/14/1949,,,,,,
7/15/1949,,,,,,
7/16/1949,,,,,,
7/17/1949,,,,,,
7/18/1949,,,,,,
7/19/1949,,,,,,
7/20/1949,,,,,,
7/21/1949,,,,,,
7/22/1949,,,,,,
7/23/1949,,,,,,
7/24/1949,,,,,,
7/25/1949,,,,,,
7/26/1949,,,,,,
7/27/1949,,,,,,
7/28/1949,,,,,,
7/29/1949,,,,,,
7/30/1949,,,,,,
7/31/1949,,,,,,
8/1/1949,,,,,,
8/2/1949,,,,,,
8/3/1949,,,,,,
8/4/1949,,,,,,
8/5/1949,,,,,,
8/6/1949,,,,,,
8/7/1949,,,,,,
8/8/1949,,,,,,
8/9/1949,,,,,,
8/10/1949,,,,,,
8/11/1949,,,,,,
8/12/1949,,,,,,
8/13/1949,,,,,,
8/14/1949,,,,,,
8/15/1949,,,,,,
8/16/1949,,,,,,
8/17/1949,,,,,,
8/18/1949,,,,,,
8/19/1949,,,,,,
8/20/1949,,,,,,
8/21/1949,,,,,,
8/22/1949,,,,,,
8/23/1949,,,,,,
8/24/1949,,,,,,
8/25/1949,,,,,,
8/26/1949,,,,,,
8/27/1949,,,,,,
8/28/1949,,,,,,
8/29/1949,,,,,,
8/30/1949,,,,,,
8/31/1949,,,,,,
9/1/1949,,,,,,
9/2/1949,,,,,,
9/3/1949,,,,,,
9/4/1949,,,,,,
9/5/1949,,,,,,
9/6/1949,,,,,,
9/7/1949,,,,,,
9/8/1949,,,,,,
9/9/1949,,,,,,
9/10/1949,,,,,,
9/11/1949,,,,,,
9/12/1949,,,,,,
9/13/1949,,,,,,
9/14/1949,,,,,,
9/15/1949,,,,,,
9/16/1949,,,,,,
9/17/1949,,,,,,
9/18/1949,,,,,,
9/19/1949,,,,,,
9/20/1949,,,,,,
9/21/1949,,,,,,
9/22/1949,,,,,,
9/23/1949,,,,,,
9/24/1949,,,,,,
9/25/1949,,,,,,
9/26/1949,,,,,,
9/27/1949,,,,,,
9/28/1949,,,,,,
9/29/1949,,,,,,
9/30/1949,,,,,,
10/1/1949,,,,,,
10/2/1949,,,,,,
10/3/1949,,,,,,
10/4/1949,,,,,,
10/5/1949,,,,,,
10/6/1949,,,,,,
10/7/1949,,,,,,
10/8/1949,,,,,,
10/9/1949,,,,,,
10/10/1949,,,,,,
10/11/1949,,,,,,
10/12/1949,,,,,,
10/13/1949,,,,,,
10/14/1949,,,,,,
10/15/1949,,,,,,
10/16/1949,,,,,,
10/17/1949,,,,,,
10/18/1949,,,,,,
10/19/1949,,,,,,
10/20/1949,,,,,,
10/21/1949,,,,,,
10/22/1949,,,,,,
10/23/1949,,,,,,
10/24/1949,,,,,,
10/25/1949,,,,,,
10/26/1949,,,,,,
10/27/1949,,,,,,
10/28/1949,,,,,,
10/29/1949,,,,,,
10/30/1949,,,,,,
10/31/1949,,,,,,
11/1/1949,,,,,,
11/2/1949,,,,,,
11/3/1949,,,,,,
11/4/1949,,,,,,
11/5/1949,,,,,,
11/6/1949,,,,,,
11/7/1949,,,,,,
11/8/1949,,,,,,
11/9/1949,,,,,,
11/10/1949,,,,,,
11/11/1949,,,,,,
11/12/1949,,,,,,
11/13/1949,,,,,,
11/14/1949,,,,,,
11/15/1949,,,,,,
11/16/1949,,,,,,
11/17/1949,,,,,,
11/18/1949,,,,,,
11/19/1949,,,,,,
11/20/1949,,,,,,
11/21/1949,,,,,,
11/22/1949,,,,,,
11/23/1949,,,,,,
11/24/1949,,,,,,
11/25/1949,,,,,,
11/26/1949,,,,,,
11/27/1949,,,,,,
11/28/1949,,,,,,
11/29/1949,,,,,,
11/30/1949,,,,,,
12/1/1949,,,,,,
12/2/1949,,,,,,
12/3/1949,,,,,,
12/4/1949,,,,,,
12/5/1949,,,,,,
12/6/1949,,,,,,
12/7/1949,,,,,,
12/8/1949,,,,,,
12/9/1949,,,,,,
12/10/1949,,,,,,
12/11/1949,,,,,,
12/12/1949,,,,,,
12/13/1949,,,,,,
12/14/1949,,,,,,
12/15/1949,,,,,,
12/16/1949,,,,,,
12/17/1949,,,,,,
12/18/1949,,,,,,
12/19/1949,,,,,,
12/20/1949,,,,,,
12/21/1949,,,,,,
12/22/1949,,,,,,
12/23/1949,,,,,,
12/24/1949,,,,,,
12/25/1949,,,,,,
12/26/1949,,,,,,
12/27/1949,,,,,,
12/28/1949,,,,,,
12/29/1949,,,,,,
12/30/1949,,,,,,
12/31/1949,,,,,,
1/1/1950,,,,,,
1/2/1950,,,,,,
1/3/1950,,,,,,
1/4/1950,,,,,,
1/5/1950,,,,,,
1/6/1950,,,,,,
1/7/1950,,,,,,
1/8/1950,,,,,,
1/9/1950,,,,,,
1/10/1950,,,,,,
1/11/1950,,,,,,
1/12/1950,,,,,,
1/13/1950,,,,,,
1/14/1950,,,,,,
1/15/1950,,,,,,
1/16/1950,,,,,,
1/17/1950,,,,,,
1/18/1950,,,,,,
1/19/1950,,,,,,
1/20/1950,,,,,,
1/21/1950,,,,,,
1/22/1950,,,,,,
1/23/1950,,,,,,
1/24/1950,,,,,,
1/25/1950,,,,,,
1/26/1950,,,,,,
1/27/1950,,,,,,
1/28/1950,,,,,,
1/29/1950,,,,,,
1/30/1950,,,,,,
1/31/1950,,,,,,
2/1/1950,,,,,,
2/2/1950,,,,,,
2/3/1950,,,,,,
2/4/1950,,,,,,
2/5/1950,,,,,,
2/6/1950,,,,,,
2/7/1950,,,,,,
2/8/1950,,,,,,
2/9/1950,,,,,,
2/10/1950,,,,,,
2/11/1950,,,,,,
2/12/1950,,,,,,
2/13/1950,,,,,,
2/14/1950,,,,,,
2/15/1950,,,,,,
2/16/1950,,,,,,
2/17/1950,,,,,,
2/18/1950,,,,,,
2/19/1950,,,,,,
2/20/1950,,,,,,
2/21/1950,,,,,,
2/22/1950,,,,,,
2/23/1950,,,,,,
2/24/1950,,,,,,
2/25/1950,,,,,,
2/26/1950,,,,,,
2/27/1950,,,,,,
2/28/1950,,,,,,
3/1/1950,,,,,,
3/2/1950,,,,,,
3/3/1950,,,,,,
3/4/1950,,,,,,
3/5/1950,,,,,,
3/6/1950,,,,,,
3/7/1950,,,,,,
3/8/1950,,,,,,
3/9/1950,,,,,,
3/10/1950,,,,,,
3/11/1950,,,,,,
3/12/1950,,,,,,
3/13/1950,,,,,,
3/14/1950,,,,,,
3/15/1950,,,,,,
3/16/1950,,,,,,
3/17/1950,,,,,,
3/18/1950,,,,,,
3/19/1950,,,,,,
3/20/1950,,,,,,
3/21/1950,,,,,,
3/22/1950,,,,,,
3/23/1950,,,,,,
3/24/1950,,,,,,
3/25/1950,,,,,,
3/26/1950,,,,,,
3/27/1950,,,,,,
3/28/1950,,,,,,
3/29/1950,,,,,,
3/30/1950,,,,,,
3/31/1950,,,,,,
4/1/1950,,,,,,
4/2/1950,,,,,,
4/3/1950,,,,,,
4/4/1950,,,,,,
4/5/1950,,,,,,
4/6/1950,,,,,,
4/7/1950,,,,,,
4/8/1950,,,,,,
4/9/1950,,,,,,
4/10/1950,,,,,,
4/11/1950,,,,,,
4/12/1950,,,,,,
4/13/1950,,,,,,
4/14/1950,,,,,,
4/15/1950,,,,,,
4/16/1950,,,,,,
4/17/1950,,,,,,
4/18/1950,,,,,,
4/19/1950,,,,,,
4/20/1950,,,,,,
4/21/1950,,,,,,
4/22/1950,,,,,,
4/23/1950,,,,,,
4/24/1950,,,,,,
4/25/1950,,,,,,
4/26/1950,,,,,,
4/27/1950,,,,,,
4/28/1950,,,,,,
4/29/1950,,,,,,
4/30/1950,,,,,,
5/1/1950,,,,,,
5/2/1950,,,,,,
5/3/1950,,,,,,
5/4/1950,,,,,,
5/5/1950,,,,,,
5/6/1950,,,,,,
5/7/1950,,,,,,
5/8/1950,,,,,,
5/9/1950,,,,,,
5/10/1950,,,,,,
5/11/1950,,,,,,
5/12/1950,,,,,,
5/13/1950,,,,,,
5/14/1950,,,,,,
5/15/1950,,,,,,
5/16/1950,,,,,,
5/17/1950,,,,,,
5/18/1950,,,,,,
5/19/1950,,,,,,
5/20/1950,,,,,,
5/21/1950,,,,,,
5/22/1950,,,,,,
5/23/1950,,,,,,
5/24/1950,,,,,,
5/25/1950,,,,,,
5/26/1950,,,,,,
5/27/1950,,,,,,
5/28/1950,,,,,,
5/29/1950,,,,,,
5/30/1950,,,,,,
5/31/1950,,,,,,
6/1/1950,,,,,,
6/2/1950,,,,,,
6/3/1950,,,,,,
6/4/1950,,,,,,
6/5/1950,,,,,,
6/6/1950,,,,,,
6/7/1950,,,,,,
6/8/1950,,,,,,
6/9/1950,,,,,,
6/10/1950,,,,,,
6/11/1950,,,,,,
6/12/1950,,,,,,
6/13/1950,,,,,,
6/14/1950,,,,,,
6/15/1950,,,,,,
6/16/1950,,,,,,
6/17/1950,,,,,,
6/18/1950,,,,,,
6/19/1950,,,,,,
6/20/1950,,,,,,
6/21/1950,,,,,,
6/22/1950,,,,,,
6/23/1950,,,,,,
6/24/1950,,,,,,
6/25/1950,,,,,,
6/26/1950,,,,,,
6/27/1950,,,,,,
6/28/1950,,,,,,
6/29/1950,,,,,,
6/30/1950,,,,,,
7/1/1950,,,,,,
7/2/1950,,,,,,
7/3/1950,,,,,,
7/4/1950,,,,,,
7/5/1950,,,,,,
7/6/1950,,,,,,
7/7/1950,,,,,,
7/8/1950,,,,,,
7/9/1950,,,,,,
7/10/1950,,,,,,
7/11/1950,,,,,,
7/12/1950,,,,,,
7/13/1950,,,,,,
7/14/1950,,,,,,
7/15/1950,,,,,,
7/16/1950,,,,,,
7/17/1950,,,,,,
7/18/1950,,,,,,
7/19/1950,,,,,,
7/20/1950,,,,,,
7/21/1950,,,,,,
7/22/1950,,,,,,
7/23/1950,,,,,,
7/24/1950,,,,,,
7/25/1950,,,,,,
7/26/1950,,,,,,
7/27/1950,,,,,,
7/28/1950,,,,,,
7/29/1950,,,,,,
7/30/1950,,,,,,
7/31/1950,,,,,,
8/1/1950,,,,,,
8/2/1950,,,,,,
8/3/1950,,,,,,
8/4/1950,,,,,,
8/5/1950,,,,,,
8/6/1950,,,,,,
8/7/1950,,,,,,
8/8/1950,,,,,,
8/9/1950,,,,,,
8/10/1950,,,,,,
8/11/1950,,,,,,
8/12/1950,,,,,,
8/13/1950,,,,,,
8/14/1950,,,,,,
8/15/1950,,,,,,
8/16/1950,,,,,,
8/17/1950,,,,,,
8/18/1950,,,,,,
8/19/1950,,,,,,
8/20/1950,,,,,,
8/21/1950,,,,,,
8/22/1950,,,,,,
8/23/1950,,,,,,
8/24/1950,,,,,,
8/25/1950,,,,,,
8/26/1950,,,,,,
8/27/1950,,,,,,
8/28/1950,,,,,,
8/29/1950,,,,,,
8/30/1950,,,,,,
8/31/1950,,,,,,
9/1/1950,,,,,,
9/2/1950,,,,,,
9/3/1950,,,,,,
9/4/1950,,,,,,
9/5/1950,,,,,,
9/6/1950,,,,,,
9/7/1950,,,,,,
9/8/1950,,,,,,
9/9/1950,,,,,,
9/10/1950,,,,,,
9/11/1950,,,,,,
9/12/1950,,,,,,
9/13/1950,,,,,,
9/14/1950,,,,,,
9/15/1950,,,,,,
9/16/1950,,,,,,
9/17/1950,,,,,,
9/18/1950,,,,,,
9/19/1950,,,,,,
9/20/1950,,,,,,
9/21/1950,,,,,,
9/22/1950,,,,,,
9/23/1950,,,,,,
9/24/1950,,,,,,
9/25/1950,,,,,,
9/26/1950,,,,,,
9/27/1950,,,,,,
9/28/1950,,,,,,
9/29/1950,,,,,,
9/30/1950,,,,,,
10/1/1950,,,,,,
10/2/1950,,,,,,
10/3/1950,,,,,,
10/4/1950,,,,,,
10/5/1950,,,,,,
10/6/1950,,,,,,
10/7/1950,,,,,,
10/8/1950,,,,,,
10/9/1950,,,,,,
10/10/1950,,,,,,
10/11/1950,,,,,,
10/12/1950,,,,,,
10/13/1950,,,,,,
10/14/1950,,,,,,
10/15/1950,,,,,,
10/16/1950,,,,,,
10/17/1950,,,,,,
10/18/1950,,,,,,
10/19/1950,,,,,,
10/20/1950,,,,,,
10/21/1950,,,,,,
10/22/1950,,,,,,
10/23/1950,,,,,,
10/24/1950,,,,,,
10/25/1950,,,,,,
10/26/1950,,,,,,
10/27/1950,,,,,,
10/28/1950,,,,,,
10/29/1950,,,,,,
10/30/1950,,,,,,
10/31/1950,,,,,,
11/1/1950,,,,,,
11/2/1950,,,,,,
11/3/1950,,,,,,
11/4/1950,,,,,,
11/5/1950,,,,,,
11/6/1950,,,,,,
11/7/1950,,,,,,
11/8/1950,,,,,,
11/9/1950,,,,,,
11/10/1950,,,,,,
11/11/1950,,,,,,
11/12/1950,,,,,,
11/13/1950,,,,,,
11/14/1950,,,,,,
11/15/1950,,,,,,
11/16/1950,,,,,,
11/17/1950,,,,,,
11/18/1950,,,,,,
11/19/1950,,,,,,
11/20/1950,,,,,,
11/21/1950,,,,,,
11/22/1950,,,,,,
11/23/1950,,,,,,
11/24/1950,,,,,,
11/25/1950,,,,,,
11/26/1950,,,,,,
11/27/1950,,,,,,
11/28/1950,,,,,,
11/29/1950,,,,,,
11/30/1950,,,,,,
12/1/1950,,,,,,
12/2/1950,,,,,,
12/3/1950,,,,,,
12/4/1950,,,,,,
12/5/1950,,,,,,
12/6/1950,,,,,,
12/7/1950,,,,,,
12/8/1950,,,,,,
12/9/1950,,,,,,
12/10/1950,,,,,,
12/11/1950,,,,,,
12/12/1950,,,,,,
12/13/1950,,,,,,
12/14/1950,,,,,,
12/15/1950,,,,,,
12/16/1950,,,,,,
12/17/1950,,,,,,
12/18/1950,,,,,,
12/19/1950,,,,,,
12/20/1950,,,,,,
12/21/1950,,,,,,
12/22/1950,,,,,,
12/23/1950,,,,,,
12/24/1950,,,,,,
12/25/1950,,,,,,
12/26/1950,,,,,,
12/27/1950,,,,,,
12/28/1950,,,,,,
12/29/1950,,,,,,
12/30/1950,,,,,,
12/31/1950,,,,,,
1/1/1951,,,,,,
1/2/1951,,,,,,
1/3/1951,,,,,,
1/4/1951,,,,,,
1/5/1951,,,,,,
1/6/1951,,,,,,
1/7/1951,,,,,,
1/8/1951,,,,,,
1/9/1951,,,,,,
1/10/1951,,,,,,
1/11/1951,,,,,,
1/12/1951,,,,,,
1/13/1951,,,,,,
1/14/1951,,,,,,
1/15/1951,,,,,,
1/16/1951,,,,,,
1/17/1951,,,,,,
1/18/1951,,,,,,
1/19/1951,,,,,,
1/20/1951,,,,,,
1/21/1951,,,,,,
1/22/1951,,,,,,
1/23/1951,,,,,,
1/24/1951,,,,,,
1/25/1951,,,,,,
1/26/1951,,,,,,
1/27/1951,,,,,,
1/28/1951,,,,,,
1/29/1951,,,,,,
1/30/1951,,,,,,
1/31/1951,,,,,,
2/1/1951,,,,,,
2/2/1951,,,,,,
2/3/1951,,,,,,
2/4/1951,,,,,,
2/5/1951,,,,,,
2/6/1951,,,,,,
2/7/1951,,,,,,
2/8/1951,,,,,,
2/9/1951,,,,,,
2/10/1951,,,,,,
2/11/1951,,,,,,
2/12/1951,,,,,,
2/13/1951,,,,,,
2/14/1951,,,,,,
2/15/1951,,,,,,
2/16/1951,,,,,,
2/17/1951,,,,,,
2/18/1951,,,,,,
2/19/1951,,,,,,
2/20/1951,,,,,,
2/21/1951,,,,,,
2/22/1951,,,,,,
2/23/1951,,,,,,
2/24/1951,,,,,,
2/25/1951,,,,,,
2/26/1951,,,,,,
2/27/1951,,,,,,
2/28/1951,,,,,,
3/1/1951,,,,,,
3/2/1951,,,,,,
3/3/1951,,,,,,
3/4/1951,,,,,,
3/5/1951,,,,,,
3/6/1951,,,,,,
3/7/1951,,,,,,
3/8/1951,,,,,,
3/9/1951,,,,,,
3/10/1951,,,,,,
3/11/1951,,,,,,
3/12/1951,,,,,,
3/13/1951,,,,,,
3/14/1951,,,,,,
3/15/1951,,,,,,
3/16/1951,,,,,,
3/17/1951,,,,,,
3/18/1951,,,,,,
3/19/1951,,,,,,
3/20/1951,,,,,,
3/21/1951,,,,,,
3/22/1951,,,,,,
3/23/1951,,,,,,
3/24/1951,,,,,,
3/25/1951,,,,,,
3/26/1951,,,,,,
3/27/1951,,,,,,
3/28/1951,,,,,,
3/29/1951,,,,,,
3/30/1951,,,,,,
3/31/1951,,,,,,
4/1/1951,,,,,,
4/2/1951,,,,,,
4/3/1951,,,,,,
4/4/1951,,,,,,
4/5/1951,,,,,,
4/6/1951,,,,,,
4/7/1951,,,,,,
4/8/1951,,,,,,
4/9/1951,,,,,,
4/10/1951,,,,,,
4/11/1951,,,,,,
4/12/1951,,,,,,
4/13/1951,,,,,,
4/14/1951,,,,,,
4/15/1951,,,,,,
4/16/1951,,,,,,
4/17/1951,,,,,,
4/18/1951,,,,,,
4/19/1951,,,,,,
4/20/1951,,,,,,
4/21/1951,,,,,,
4/22/1951,,,,,,
4/23/1951,,,,,,
4/24/1951,,,,,,
4/25/1951,,,,,,
4/26/1951,,,,,,
4/27/1951,,,,,,
4/28/1951,,,,,,
4/29/1951,,,,,,
4/30/1951,,,,,,
5/1/1951,,,,,,
5/2/1951,,,,,,
5/3/1951,,,,,,
5/4/1951,,,,,,
5/5/1951,,,,,,
5/6/1951,,,,,,
5/7/1951,,,,,,
5/8/1951,,,,,,
5/9/1951,,,,,,
5/10/1951,,,,,,
5/11/1951,,,,,,
5/12/1951,,,,,,
5/13/1951,,,,,,
5/14/1951,,,,,,
5/15/1951,,,,,,
5/16/1951,,,,,,
5/17/1951,,,,,,
5/18/1951,,,,,,
5/19/1951,,,,,,
5/20/1951,,,,,,
5/21/1951,,,,,,
5/22/1951,,,,,,
5/23/1951,,,,,,
5/24/1951,,,,,,
5/25/1951,,,,,,
5/26/1951,,,,,,
5/27/1951,,,,,,
5/28/1951,,,,,,
5/29/1951,,,,,,
5/30/1951,,,,,,
5/31/1951,,,,,,
6/1/1951,,,,,,
6/2/1951,,,,,,
6/3/1951,,,,,,
6/4/1951,,,,,,
6/5/1951,,,,,,
6/6/1951,,,,,,
6/7/1951,,,,,,
6/8/1951,,,,,,
6/9/1951,,,,,,
6/10/1951,,,,,,
6/11/1951,,,,,,
6/12/1951,,,,,,
6/13/1951,,,,,,
6/14/1951,,,,,,
6/15/1951,,,,,,
6/16/1951,,,,,,
6/17/1951,,,,,,
6/18/1951,,,,,,
6/19/1951,,,,,,
6/20/1951,,,,,,
6/21/1951,,,,,,
6/22/1951,,,,,,
6/23/1951,,,,,,
6/24/1951,,,,,,
6/25/1951,,,,,,
6/26/1951,,,,,,
6/27/1951,,,,,,
6/28/1951,,,,,,
6/29/1951,,,,,,
6/30/1951,,,,,,
7/1/1951,,,,,,
7/2/1951,,,,,,
7/3/1951,,,,,,
7/4/1951,,,,,,
7/5/1951,,,,,,
7/6/1951,,,,,,
7/7/1951,,,,,,
7/8/1951,,,,,,
7/9/1951,,,,,,
7/10/1951,,,,,,
7/11/1951,,,,,,
7/12/1951,,,,,,
7/13/1951,,,,,,
7/14/1951,,,,,,
7/15/1951,,,,,,
7/16/1951,,,,,,
7/17/1951,,,,,,
7/18/1951,,,,,,
7/19/1951,,,,,,
7/20/1951,,,,,,
7/21/1951,,,,,,
7/22/1951,,,,,,
7/23/1951,,,,,,
7/24/1951,,,,,,
7/25/1951,,,,,,
7/26/1951,,,,,,
7/27/1951,,,,,,
7/28/1951,,,,,,
7/29/1951,,,,,,
7/30/1951,,,,,,
7/31/1951,,,,,,
8/1/1951,,,,,,
8/2/1951,,,,,,
8/3/1951,,,,,,
8/4/1951,,,,,,
8/5/1951,,,,,,
8/6/1951,,,,,,
8/7/1951,,,,,,
8/8/1951,,,,,,
8/9/1951,,,,,,
8/10/1951,,,,,,
8/11/1951,,,,,,
8/12/1951,,,,,,
8/13/1951,,,,,,
8/14/1951,,,,,,
8/15/1951,,,,,,
8/16/1951,,,,,,
8/17/1951,,,,,,
8/18/1951,,,,,,
8/19/1951,,,,,,
8/20/1951,,,,,,
8/21/1951,,,,,,
8/22/1951,,,,,,
8/23/1951,,,,,,
8/24/1951,,,,,,
8/25/1951,,,,,,
8/26/1951,,,,,,
8/27/1951,,,,,,
8/28/1951,,,,,,
8/29/1951,,,,,,
8/30/1951,,,,,,
8/31/1951,,,,,,
9/1/1951,,,,,,
9/2/1951,,,,,,
9/3/1951,,,,,,
9/4/1951,,,,,,
9/5/1951,,,,,,
9/6/1951,,,,,,
9/7/1951,,,,,,
9/8/1951,,,,,,
9/9/1951,,,,,,
9/10/1951,,,,,,
9/11/1951,,,,,,
9/12/1951,,,,,,
9/13/1951,,,,,,
9/14/1951,,,,,,
9/15/1951,,,,,,
9/16/1951,,,,,,
9/17/1951,,,,,,
9/18/1951,,,,,,
9/19/1951,,,,,,
9/20/1951,,,,,,
9/21/1951,,,,,,
9/22/1951,,,,,,
9/23/1951,,,,,,
9/24/1951,,,,,,
9/25/1951,,,,,,
9/26/1951,,,,,,
9/27/1951,,,,,,
9/28/1951,,,,,,
9/29/1951,,,,,,
9/30/1951,,,,,,
10/1/1951,,,,,,
10/2/1951,,,,,,
10/3/1951,,,,,,
10/4/1951,,,,,,
10/5/1951,,,,,,
10/6/1951,,,,,,
10/7/1951,,,,,,
10/8/1951,,,,,,
10/9/1951,,,,,,
10/10/1951,,,,,,
10/11/1951,,,,,,
10/12/1951,,,,,,
10/13/1951,,,,,,
10/14/1951,,,,,,
10/15/1951,,,,,,
10/16/1951,,,,,,
10/17/1951,,,,,,
10/18/1951,,,,,,
10/19/1951,,,,,,
10/20/1951,,,,,,
10/21/1951,,,,,,
10/22/1951,,,,,,
10/23/1951,,,,,,
10/24/1951,,,,,,
10/25/1951,,,,,,
10/26/1951,,,,,,
10/27/1951,,,,,,
10/28/1951,,,,,,
10/29/1951,,,,,,
10/30/1951,,,,,,
10/31/1951,,,,,,
11/1/1951,,,,,,
11/2/1951,,,,,,
11/3/1951,,,,,,
11/4/1951,,,,,,
11/5/1951,,,,,,
11/6/1951,,,,,,
11/7/1951,,,,,,
11/8/1951,,,,,,
11/9/1951,,,,,,
11/10/1951,,,,,,
11/11/1951,,,,,,
11/12/1951,,,,,,
11/13/1951,,,,,,
11/14/1951,,,,,,
11/15/1951,,,,,,
11/16/1951,,,,,,
11/17/1951,,,,,,
11/18/1951,,,,,,
11/19/1951,,,,,,
11/20/1951,,,,,,
11/21/1951,,,,,,
11/22/1951,,,,,,
11/23/1951,,,,,,
11/24/1951,,,,,,
11/25/1951,,,,,,
11/26/1951,,,,,,
11/27/1951,,,,,,
11/28/1951,,,,,,
11/29/1951,,,,,,
11/30/1951,,,,,,
12/1/1951,,,,,,
12/2/1951,,,,,,
12/3/1951,,,,,,
12/4/1951,,,,,,
12/5/1951,,,,,,
12/6/1951,,,,,,
12/7/1951,,,,,,
12/8/1951,,,,,,
12/9/1951,,,,,,
12/10/1951,,,,,,
12/11/1951,,,,,,
12/12/1951,,,,,,
12/13/1951,,,,,,
12/14/1951,,,,,,
12/15/1951,,,,,,
12/16/1951,,,,,,
12/17/1951,,,,,,
12/18/1951,,,,,,
12/19/1951,,,,,,
12/20/1951,,,,,,
12/21/1951,,,,,,
12/22/1951,,,,,,
12/23/1951,,,,,,
12/24/1951,,,,,,
12/25/1951,,,,,,
12/26/1951,,,,,,
12/27/1951,,,,,,
12/28/1951,,,,,,
12/29/1951,,,,,,
12/30/1951,,,,,,
12/31/1951,,,,,,
1/1/1952,,,,,,
1/2/1952,,,,,,
1/3/1952,,,,,,
1/4/1952,,,,,,
1/5/1952,,,,,,
1/6/1952,,,,,,
1/7/1952,,,,,,
1/8/1952,,,,,,
1/9/1952,,,,,,
1/10/1952,,,,,,
1/11/1952,,,,,,
1/12/1952,,,,,,
1/13/1952,,,,,,
1/14/1952,,,,,,
1/15/1952,,,,,,
1/16/1952,,,,,,
1/17/1952,,,,,,
1/18/1952,,,,,,
1/19/1952,,,,,,
1/20/1952,,,,,,
1/21/1952,,,,,,
1/22/1952,,,,,,
1/23/1952,,,,,,
1/24/1952,,,,,,
1/25/1952,,,,,,
1/26/1952,,,,,,
1/27/1952,,,,,,
1/28/1952,,,,,,
1/29/1952,,,,,,
1/30/1952,,,,,,
1/31/1952,,,,,,
2/1/1952,,,,,,
2/2/1952,,,,,,
2/3/1952,,,,,,
2/4/1952,,,,,,
2/5/1952,,,,,,
2/6/1952,,,,,,
2/7/1952,,,,,,
2/8/1952,,,,,,
2/9/1952,,,,,,
2/10/1952,,,,,,
2/11/1952,,,,,,
2/12/1952,,,,,,
2/13/1952,,,,,,
2/14/1952,,,,,,
2/15/1952,,,,,,
2/16/1952,,,,,,
2/17/1952,,,,,,
2/18/1952,,,,,,
2/19/1952,,,,,,
2/20/1952,,,,,,
2/21/1952,,,,,,
2/22/1952,,,,,,
2/23/1952,,,,,,
2/24/1952,,,,,,
2/25/1952,,,,,,
2/26/1952,,,,,,
2/27/1952,,,,,,
2/28/1952,,,,,,
2/29/1952,,,,,,
3/1/1952,,,,,,
3/2/1952,,,,,,
3/3/1952,,,,,,
3/4/1952,,,,,,
3/5/1952,,,,,,
3/6/1952,,,,,,
3/7/1952,,,,,,
3/8/1952,,,,,,
3/9/1952,,,,,,
3/10/1952,,,,,,
3/11/1952,,,,,,
3/12/1952,,,,,,
3/13/1952,,,,,,
3/14/1952,,,,,,
3/15/1952,,,,,,
3/16/1952,,,,,,
3/17/1952,,,,,,
3/18/1952,,,,,,
3/19/1952,,,,,,
3/20/1952,,,,,,
3/21/1952,,,,,,
3/22/1952,,,,,,
3/23/1952,,,,,,
3/24/1952,,,,,,
3/25/1952,,,,,,
3/26/1952,,,,,,
3/27/1952,,,,,,
3/28/1952,,,,,,
3/29/1952,,,,,,
3/30/1952,,,,,,
3/31/1952,,,,,,
4/1/1952,,,,,,
4/2/1952,,,,,,
4/3/1952,,,,,,
4/4/1952,,,,,,
4/5/1952,,,,,,
4/6/1952,,,,,,
4/7/1952,,,,,,
4/8/1952,,,,,,
4/9/1952,,,,,,
4/10/1952,,,,,,
4/11/1952,,,,,,
4/12/1952,,,,,,
4/13/1952,,,,,,
4/14/1952,,,,,,
4/15/1952,,,,,,
4/16/1952,,,,,,
4/17/1952,,,,,,
4/18/1952,,,,,,
4/19/1952,,,,,,
4/20/1952,,,,,,
4/21/1952,,,,,,
4/22/1952,,,,,,
4/23/1952,,,,,,
4/24/1952,,,,,,
4/25/1952,,,,,,
4/26/1952,,,,,,
4/27/1952,,,,,,
4/28/1952,,,,,,
4/29/1952,,,,,,
4/30/1952,,,,,,
5/1/1952,,,,,,
5/2/1952,,,,,,
5/3/1952,,,,,,
5/4/1952,,,,,,
5/5/1952,,,,,,
5/6/1952,,,,,,
5/7/1952,,,,,,
5/8/1952,,,,,,
5/9/1952,,,,,,
5/10/1952,,,,,,
5/11/1952,,,,,,
5/12/1952,,,,,,
5/13/1952,,,,,,
5/14/1952,,,,,,
5/15/1952,,,,,,
5/16/1952,,,,,,
5/17/1952,,,,,,
5/18/1952,,,,,,
5/19/1952,,,,,,
5/20/1952,,,,,,
5/21/1952,,,,,,
5/22/1952,,,,,,
5/23/1952,,,,,,
5/24/1952,,,,,,
5/25/1952,,,,,,
5/26/1952,,,,,,
5/27/1952,,,,,,
5/28/1952,,,,,,
5/29/1952,,,,,,
5/30/1952,,,,,,
5/31/1952,,,,,,
6/1/1952,,,,,,
6/2/1952,,,,,,
6/3/1952,,,,,,
6/4/1952,,,,,,
6/5/1952,,,,,,
6/6/1952,,,,,,
6/7/1952,,,,,,
6/8/1952,,,,,,
6/9/1952,,,,,,
6/10/1952,,,,,,
6/11/1952,,,,,,
6/12/1952,,,,,,
6/13/1952,,,,,,
6/14/1952,,,,,,
6/15/1952,,,,,,
6/16/1952,,,,,,
6/17/1952,,,,,,
6/18/1952,,,,,,
6/19/1952,,,,,,
6/20/1952,,,,,,
6/21/1952,,,,,,
6/22/1952,,,,,,
6/23/1952,,,,,,
6/24/1952,,,,,,
6/25/1952,,,,,,
6/26/1952,,,,,,
6/27/1952,,,,,,
6/28/1952,,,,,,
6/29/1952,,,,,,
6/30/1952,,,,,,
7/1/1952,,,,,,
7/2/1952,,,,,,
7/3/1952,,,,,,
7/4/1952,,,,,,
7/5/1952,,,,,,
7/6/1952,,,,,,
7/7/1952,,,,,,
7/8/1952,,,,,,
7/9/1952,,,,,,
7/10/1952,,,,,,
7/11/1952,,,,,,
7/12/1952,,,,,,
7/13/1952,,,,,,
7/14/1952,,,,,,
7/15/1952,,,,,,
7/16/1952,,,,,,
7/17/1952,,,,,,
7/18/1952,,,,,,
7/19/1952,,,,,,
7/20/1952,,,,,,
7/21/1952,,,,,,
7/22/1952,,,,,,
7/23/1952,,,,,,
7/24/1952,,,,,,
7/25/1952,,,,,,
7/26/1952,,,,,,
7/27/1952,,,,,,
7/28/1952,,,,,,
7/29/1952,,,,,,
7/30/1952,,,,,,
7/31/1952,,,,,,
8/1/1952,,,,,,
8/2/1952,,,,,,
8/3/1952,,,,,,
8/4/1952,,,,,,
8/5/1952,,,,,,
8/6/1952,,,,,,
8/7/1952,,,,,,
8/8/1952,,,,,,
8/9/1952,,,,,,
8/10/1952,,,,,,
8/11/1952,,,,,,
8/12/1952,,,,,,
8/13/1952,,,,,,
8/14/1952,,,,,,
8/15/1952,,,,,,
8/16/1952,,,,,,
8/17/1952,,,,,,
8/18/1952,,,,,,
8/19/1952,,,,,,
8/20/1952,,,,,,
8/21/1952,,,,,,
8/22/1952,,,,,,
8/23/1952,,,,,,
8/24/1952,,,,,,
8/25/1952,,,,,,
8/26/1952,,,,,,
8/27/1952,,,,,,
8/28/1952,,,,,,
8/29/1952,,,,,,
8/30/1952,,,,,,
8/31/1952,,,,,,
9/1/1952,,,,,,
9/2/1952,,,,,,
9/3/1952,,,,,,
9/4/1952,,,,,,
9/5/1952,,,,,,
9/6/1952,,,,,,
9/7/1952,,,,,,
9/8/1952,,,,,,
9/9/1952,,,,,,
9/10/1952,,,,,,
9/11/1952,,,,,,
9/12/1952,,,,,,
9/13/1952,,,,,,
9/14/1952,,,,,,
9/15/1952,,,,,,
9/16/1952,,,,,,
9/17/1952,,,,,,
9/18/1952,,,,,,
9/19/1952,,,,,,
9/20/1952,,,,,,
9/21/1952,,,,,,
9/22/1952,,,,,,
9/23/1952,,,,,,
9/24/1952,,,,,,
9/25/1952,,,,,,
9/26/1952,,,,,,
9/27/1952,,,,,,
9/28/1952,,,,,,
9/29/1952,,,,,,
9/30/1952,,,,,,
10/1/1952,,,,,,
10/2/1952,,,,,,
10/3/1952,,,,,,
10/4/1952,,,,,,
10/5/1952,,,,,,
10/6/1952,,,,,,
10/7/1952,,,,,,
10/8/1952,,,,,,
10/9/1952,,,,,,
10/10/1952,,,,,,
10/11/1952,,,,,,
10/12/1952,,,,,,
10/13/1952,,,,,,
10/14/1952,,,,,,
10/15/1952,,,,,,
10/16/1952,,,,,,
10/17/1952,,,,,,
10/18/1952,,,,,,
10/19/1952,,,,,,
10/20/1952,,,,,,
10/21/1952,,,,,,
10/22/1952,,,,,,
10/23/1952,,,,,,
10/24/1952,,,,,,
10/25/1952,,,,,,
10/26/1952,,,,,,
10/27/1952,,,,,,
10/28/1952,,,,,,
10/29/1952,,,,,,
10/30/1952,,,,,,
10/31/1952,,,,,,
11/1/1952,,,,,,
11/2/1952,,,,,,
11/3/1952,,,,,,
11/4/1952,,,,,,
11/5/1952,,,,,,
11/6/1952,,,,,,
11/7/1952,,,,,,
11/8/1952,,,,,,
11/9/1952,,,,,,
11/10/1952,,,,,,
11/11/1952,,,,,,
11/12/1952,,,,,,
11/13/1952,,,,,,
11/14/1952,,,,,,
11/15/1952,,,,,,
11/16/1952,,,,,,
11/17/1952,,,,,,
11/18/1952,,,,,,
11/19/1952,,,,,,
11/20/1952,,,,,,
11/21/1952,,,,,,
11/22/1952,,,,,,
11/23/1952,,,,,,
11/24/1952,,,,,,
11/25/1952,,,,,,
11/26/1952,,,,,,
11/27/1952,,,,,,
11/28/1952,,,,,,
11/29/1952,,,,,,
11/30/1952,,,,,,
12/1/1952,,,,,,
12/2/1952,,,,,,
12/3/1952,,,,,,
12/4/1952,,,,,,
12/5/1952,,,,,,
12/6/1952,,,,,,
12/7/1952,,,,,,
12/8/1952,,,,,,
12/9/1952,,,,,,
12/10/1952,,,,,,
12/11/1952,,,,,,
12/12/1952,,,,,,
12/13/1952,,,,,,
12/14/1952,,,,,,
12/15/1952,,,,,,
12/16/1952,,,,,,
12/17/1952,,,,,,
12/18/1952,,,,,,
12/19/1952,,,,,,
12/20/1952,,,,,,
12/21/1952,,,,,,
12/22/1952,,,,,,
12/23/1952,,,,,,
12/24/1952,,,,,,
12/25/1952,,,,,,
12/26/1952,,,,,,
12/27/1952,,,,,,
12/28/1952,,,,,,
12/29/1952,,,,,,
12/30/1952,,,,,,
12/31/1952,,,,,,
1/1/1953,,,,,,
1/2/1953,,,,,,
1/3/1953,,,,,,
1/4/1953,,,,,,
1/5/1953,,,,,,
1/6/1953,,,,,,
1/7/1953,,,,,,
1/8/1953,,,,,,
1/9/1953,,,,,,
1/10/1953,,,,,,
1/11/1953,,,,,,
1/12/1953,,,,,,
1/13/1953,,,,,,
1/14/1953,,,,,,
1/15/1953,,,,,,
1/16/1953,,,,,,
1/17/1953,,,,,,
1/18/1953,,,,,,
1/19/1953,,,,,,
1/20/1953,,,,,,
1/21/1953,,,,,,
1/22/1953,,,,,,
1/23/1953,,,,,,
1/24/1953,,,,,,
1/25/1953,,,,,,
1/26/1953,,,,,,
1/27/1953,,,,,,
1/28/1953,,,,,,
1/29/1953,,,,,,
1/30/1953,,,,,,
1/31/1953,,,,,,
2/1/1953,,,,,,
2/2/1953,,,,,,
2/3/1953,,,,,,
2/4/1953,,,,,,
2/5/1953,,,,,,
2/6/1953,,,,,,
2/7/1953,,,,,,
2/8/1953,,,,,,
2/9/1953,,,,,,
2/10/1953,,,,,,
2/11/1953,,,,,,
2/12/1953,,,,,,
2/13/1953,,,,,,
2/14/1953,,,,,,
2/15/1953,,,,,,
2/16/1953,,,,,,
2/17/1953,,,,,,
2/18/1953,,,,,,
2/19/1953,,,,,,
2/20/1953,,,,,,
2/21/1953,,,,,,
2/22/1953,,,,,,
2/23/1953,,,,,,
2/24/1953,,,,,,
2/25/1953,,,,,,
2/26/1953,,,,,,
2/27/1953,,,,,,
2/28/1953,,,,,,
3/1/1953,,,,,,
3/2/1953,,,,,,
3/3/1953,,,,,,
3/4/1953,,,,,,
3/5/1953,,,,,,
3/6/1953,,,,,,
3/7/1953,,,,,,
3/8/1953,,,,,,
3/9/1953,,,,,,
3/10/1953,,,,,,
3/11/1953,,,,,,
3/12/1953,,,,,,
3/13/1953,,,,,,
3/14/1953,,,,,,
3/15/1953,,,,,,
3/16/1953,,,,,,
3/17/1953,,,,,,
3/18/1953,,,,,,
3/19/1953,,,,,,
3/20/1953,,,,,,
3/21/1953,,,,,,
3/22/1953,,,,,,
3/23/1953,,,,,,
3/24/1953,,,,,,
3/25/1953,,,,,,
3/26/1953,,,,,,
3/27/1953,,,,,,
3/28/1953,,,,,,
3/29/1953,,,,,,
3/30/1953,,,,,,
3/31/1953,,,,,,
4/1/1953,,,,,,
4/2/1953,,,,,,
4/3/1953,,,,,,
4/4/1953,,,,,,
4/5/1953,,,,,,
4/6/1953,,,,,,
4/7/1953,,,,,,
4/8/1953,,,,,,
4/9/1953,,,,,,
4/10/1953,,,,,,
4/11/1953,,,,,,
4/12/1953,,,,,,
4/13/1953,,,,,,
4/14/1953,,,,,,
4/15/1953,,,,,,
4/16/1953,,,,,,
4/17/1953,,,,,,
4/18/1953,,,,,,
4/19/1953,,,,,,
4/20/1953,,,,,,
4/21/1953,,,,,,
4/22/1953,,,,,,
4/23/1953,,,,,,
4/24/1953,,,,,,
4/25/1953,,,,,,
4/26/1953,,,,,,
4/27/1953,,,,,,
4/28/1953,,,,,,
4/29/1953,,,,,,
4/30/1953,,,,,,
5/1/1953,,,,,,
5/2/1953,,,,,,
5/3/1953,,,,,,
5/4/1953,,,,,,
5/5/1953,,,,,,
5/6/1953,,,,,,
5/7/1953,,,,,,
5/8/1953,,,,,,
5/9/1953,,,,,,
5/10/1953,,,,,,
5/11/1953,,,,,,
5/12/1953,,,,,,
5/13/1953,,,,,,
5/14/1953,,,,,,
5/15/1953,,,,,,
5/16/1953,,,,,,
5/17/1953,,,,,,
5/18/1953,,,,,,
5/19/1953,,,,,,
5/20/1953,,,,,,
5/21/1953,,,,,,
5/22/1953,,,,,,
5/23/1953,,,,,,
5/24/1953,,,,,,
5/25/1953,,,,,,
5/26/1953,,,,,,
5/27/1953,,,,,,
5/28/1953,,,,,,
5/29/1953,,,,,,
5/30/1953,,,,,,
5/31/1953,,,,,,
6/1/1953,,,,,,
6/2/1953,,,,,,
6/3/1953,,,,,,
6/4/1953,,,,,,
6/5/1953,,,,,,
6/6/1953,,,,,,
6/7/1953,,,,,,
6/8/1953,,,,,,
6/9/1953,,,,,,
6/10/1953,,,,,,
6/11/1953,,,,,,
6/12/1953,,,,,,
6/13/1953,,,,,,
6/14/1953,,,,,,
6/15/1953,,,,,,
6/16/1953,,,,,,
6/17/1953,,,,,,
6/18/1953,,,,,,
6/19/1953,,,,,,
6/20/1953,,,,,,
6/21/1953,,,,,,
6/22/1953,,,,,,
6/23/1953,,,,,,
6/24/1953,,,,,,
6/25/1953,,,,,,
6/26/1953,,,,,,
6/27/1953,,,,,,
6/28/1953,,,,,,
6/29/1953,,,,,,
6/30/1953,,,,,,
7/1/1953,,,,,,
7/2/1953,,,,,,
7/3/1953,,,,,,
7/4/1953,,,,,,
7/5/1953,,,,,,
7/6/1953,,,,,,
7/7/1953,,,,,,
7/8/1953,,,,,,
7/9/1953,,,,,,
7/10/1953,,,,,,
7/11/1953,,,,,,
7/12/1953,,,,,,
7/13/1953,,,,,,
7/14/1953,,,,,,
7/15/1953,,,,,,
7/16/1953,,,,,,
7/17/1953,,,,,,
7/18/1953,,,,,,
7/19/1953,,,,,,
7/20/1953,,,,,,
7/21/1953,,,,,,
7/22/1953,,,,,,
7/23/1953,,,,,,
7/24/1953,,,,,,
7/25/1953,,,,,,
7/26/1953,,,,,,
7/27/1953,,,,,,
7/28/1953,,,,,,
7/29/1953,,,,,,
7/30/1953,,,,,,
7/31/1953,,,,,,
8/1/1953,,,,,,
8/2/1953,,,,,,
8/3/1953,,,,,,
8/4/1953,,,,,,
8/5/1953,,,,,,
8/6/1953,,,,,,
8/7/1953,,,,,,
8/8/1953,,,,,,
8/9/1953,,,,,,
8/10/1953,,,,,,
8/11/1953,,,,,,
8/12/1953,,,,,,
8/13/1953,,,,,,
8/14/1953,,,,,,
8/15/1953,,,,,,
8/16/1953,,,,,,
8/17/1953,,,,,,
8/18/1953,,,,,,
8/19/1953,,,,,,
8/20/1953,,,,,,
8/21/1953,,,,,,
8/22/1953,,,,,,
8/23/1953,,,,,,
8/24/1953,,,,,,
8/25/1953,,,,,,
8/26/1953,,,,,,
8/27/1953,,,,,,
8/28/1953,,,,,,
8/29/1953,,,,,,
8/30/1953,,,,,,
8/31/1953,,,,,,
9/1/1953,,,,,,
9/2/1953,,,,,,
9/3/1953,,,,,,
9/4/1953,,,,,,
9/5/1953,,,,,,
9/6/1953,,,,,,
9/7/1953,,,,,,
9/8/1953,,,,,,
9/9/1953,,,,,,
9/10/1953,,,,,,
9/11/1953,,,,,,
9/12/1953,,,,,,
9/13/1953,,,,,,
9/14/1953,,,,,,
9/15/1953,,,,,,
9/16/1953,,,,,,
9/17/1953,,,,,,
9/18/1953,,,,,,
9/19/1953,,,,,,
9/20/1953,,,,,,
9/21/1953,,,,,,
9/22/1953,,,,,,
9/23/1953,,,,,,
9/24/1953,,,,,,
9/25/1953,,,,,,
9/26/1953,,,,,,
9/27/1953,,,,,,
9/28/1953,,,,,,
9/29/1953,,,,,,
9/30/1953,,,,,,
10/1/1953,,,,,,
10/2/1953,,,,,,
10/3/1953,,,,,,
10/4/1953,,,,,,
10/5/1953,,,,,,
10/6/1953,,,,,,
10/7/1953,,,,,,
10/8/1953,,,,,,
10/9/1953,,,,,,
10/10/1953,,,,,,
10/11/1953,,,,,,
10/12/1953,,,,,,
10/13/1953,,,,,,
10/14/1953,,,,,,
10/15/1953,,,,,,
10/16/1953,,,,,,
10/17/1953,,,,,,
10/18/1953,,,,,,
10/19/1953,,,,,,
10/20/1953,,,,,,
10/21/1953,,,,,,
10/22/1953,,,,,,
10/23/1953,,,,,,
10/24/1953,,,,,,
10/25/1953,,,,,,
10/26/1953,,,,,,
10/27/1953,,,,,,
10/28/1953,,,,,,
10/29/1953,,,,,,
10/30/1953,,,,,,
10/31/1953,,,,,,
11/1/1953,,,,,,
11/2/1953,,,,,,
11/3/1953,,,,,,
11/4/1953,,,,,,
11/5/1953,,,,,,
11/6/1953,,,,,,
11/7/1953,,,,,,
11/8/1953,,,,,,
11/9/1953,,,,,,
11/10/1953,,,,,,
11/11/1953,,,,,,
11/12/1953,,,,,,
11/13/1953,,,,,,
11/14/1953,,,,,,
11/15/1953,,,,,,
11/16/1953,,,,,,
11/17/1953,,,,,,
11/18/1953,,,,,,
11/19/1953,,,,,,
11/20/1953,,,,,,
11/21/1953,,,,,,
11/22/1953,,,,,,
11/23/1953,,,,,,
11/24/1953,,,,,,
11/25/1953,,,,,,
11/26/1953,,,,,,
11/27/1953,,,,,,
11/28/1953,,,,,,
11/29/1953,,,,,,
11/30/1953,,,,,,
12/1/1953,,,,,,
12/2/1953,,,,,,
12/3/1953,,,,,,
12/4/1953,,,,,,
12/5/1953,,,,,,
12/6/1953,,,,,,
12/7/1953,,,,,,
12/8/1953,,,,,,
12/9/1953,,,,,,
12/10/1953,,,,,,
12/11/1953,,,,,,
12/12/1953,,,,,,
12/13/1953,,,,,,
12/14/1953,,,,,,
12/15/1953,,,,,,
12/16/1953,,,,,,
12/17/1953,,,,,,
12/18/1953,,,,,,
12/19/1953,,,,,,
12/20/1953,,,,,,
12/21/1953,,,,,,
12/22/1953,,,,,,
12/23/1953,,,,,,
12/24/1953,,,,,,
12/25/1953,,,,,,
12/26/1953,,,,,,
12/27/1953,,,,,,
12/28/1953,,,,,,
12/29/1953,,,,,,
12/30/1953,,,,,,
12/31/1953,,,,,,
1/1/1954,,,,,,
1/2/1954,,,,,,
1/3/1954,,,,,,
1/4/1954,,,,,,
1/5/1954,,,,,,
1/6/1954,,,,,,
1/7/1954,,,,,,
1/8/1954,,,,,,
1/9/1954,,,,,,
1/10/1954,,,,,,
1/11/1954,,,,,,
1/12/1954,,,,,,
1/13/1954,,,,,,
1/14/1954,,,,,,
1/15/1954,,,,,,
1/16/1954,,,,,,
1/17/1954,,,,,,
1/18/1954,,,,,,
1/19/1954,,,,,,
1/20/1954,,,,,,
1/21/1954,,,,,,
1/22/1954,,,,,,
1/23/1954,,,,,,
1/24/1954,,,,,,
1/25/1954,,,,,,
1/26/1954,,,,,,
1/27/1954,,,,,,
1/28/1954,,,,,,
1/29/1954,,,,,,
1/30/1954,,,,,,
1/31/1954,,,,,,
2/1/1954,,,,,,
2/2/1954,,,,,,
2/3/1954,,,,,,
2/4/1954,,,,,,
2/5/1954,,,,,,
2/6/1954,,,,,,
2/7/1954,,,,,,
2/8/1954,,,,,,
2/9/1954,,,,,,
2/10/1954,,,,,,
2/11/1954,,,,,,
2/12/1954,,,,,,
2/13/1954,,,,,,
2/14/1954,,,,,,
2/15/1954,,,,,,
2/16/1954,,,,,,
2/17/1954,,,,,,
2/18/1954,,,,,,
2/19/1954,,,,,,
2/20/1954,,,,,,
2/21/1954,,,,,,
2/22/1954,,,,,,
2/23/1954,,,,,,
2/24/1954,,,,,,
2/25/1954,,,,,,
2/26/1954,,,,,,
2/27/1954,,,,,,
2/28/1954,,,,,,
3/1/1954,,,,,,
3/2/1954,,,,,,
3/3/1954,,,,,,
3/4/1954,,,,,,
3/5/1954,,,,,,
3/6/1954,,,,,,
3/7/1954,,,,,,
3/8/1954,,,,,,
3/9/1954,,,,,,
3/10/1954,,,,,,
3/11/1954,,,,,,
3/12/1954,,,,,,
3/13/1954,,,,,,
3/14/1954,,,,,,
3/15/1954,,,,,,
3/16/1954,,,,,,
3/17/1954,,,,,,
3/18/1954,,,,,,
3/19/1954,,,,,,
3/20/1954,,,,,,
3/21/1954,,,,,,
3/22/1954,,,,,,
3/23/1954,,,,,,
3/24/1954,,,,,,
3/25/1954,,,,,,
3/26/1954,,,,,,
3/27/1954,,,,,,
3/28/1954,,,,,,
3/29/1954,,,,,,
3/30/1954,,,,,,
3/31/1954,,,,,,
4/1/1954,,,,,,
4/2/1954,,,,,,
4/3/1954,,,,,,
4/4/1954,,,,,,
4/5/1954,,,,,,
4/6/1954,,,,,,
4/7/1954,,,,,,
4/8/1954,,,,,,
4/9/1954,,,,,,
4/10/1954,,,,,,
4/11/1954,,,,,,
4/12/1954,,,,,,
4/13/1954,,,,,,
4/14/1954,,,,,,
4/15/1954,,,,,,
4/16/1954,,,,,,
4/17/1954,,,,,,
4/18/1954,,,,,,
4/19/1954,,,,,,
4/20/1954,,,,,,
4/21/1954,,,,,,
4/22/1954,,,,,,
4/23/1954,,,,,,
4/24/1954,,,,,,
4/25/1954,,,,,,
4/26/1954,,,,,,
4/27/1954,,,,,,
4/28/1954,,,,,,
4/29/1954,,,,,,
4/30/1954,,,,,,
5/1/1954,,,,,,
5/2/1954,,,,,,
5/3/1954,,,,,,
5/4/1954,,,,,,
5/5/1954,,,,,,
5/6/1954,,,,,,
5/7/1954,,,,,,
5/8/1954,,,,,,
5/9/1954,,,,,,
5/10/1954,,,,,,
5/11/1954,,,,,,
5/12/1954,,,,,,
5/13/1954,,,,,,
5/14/1954,,,,,,
5/15/1954,,,,,,
5/16/1954,,,,,,
5/17/1954,,,,,,
5/18/1954,,,,,,
5/19/1954,,,,,,
5/20/1954,,,,,,
5/21/1954,,,,,,
5/22/1954,,,,,,
5/23/1954,,,,,,
5/24/1954,,,,,,
5/25/1954,,,,,,
5/26/1954,,,,,,
5/27/1954,,,,,,
5/28/1954,,,,,,
5/29/1954,,,,,,
5/30/1954,,,,,,
5/31/1954,,,,,,
6/1/1954,,,,,,
6/2/1954,,,,,,
6/3/1954,,,,,,
6/4/1954,,,,,,
6/5/1954,,,,,,
6/6/1954,,,,,,
6/7/1954,,,,,,
6/8/1954,,,,,,
6/9/1954,,,,,,
6/10/1954,,,,,,
6/11/1954,,,,,,
6/12/1954,,,,,,
6/13/1954,,,,,,
6/14/1954,,,,,,
6/15/1954,,,,,,
6/16/1954,,,,,,
6/17/1954,,,,,,
6/18/1954,,,,,,
6/19/1954,,,,,,
6/20/1954,,,,,,
6/21/1954,,,,,,
6/22/1954,,,,,,
6/23/1954,,,,,,
6/24/1954,,,,,,
6/25/1954,,,,,,
6/26/1954,,,,,,
6/27/1954,,,,,,
6/28/1954,,,,,,
6/29/1954,,,,,,
6/30/1954,,,,,,
7/1/1954,,,,,,
7/2/1954,,,,,,
7/3/1954,,,,,,
7/4/1954,,,,,,
7/5/1954,,,,,,
7/6/1954,,,,,,
7/7/1954,,,,,,
7/8/1954,,,,,,
7/9/1954,,,,,,
7/10/1954,,,,,,
7/11/1954,,,,,,
7/12/1954,,,,,,
7/13/1954,,,,,,
7/14/1954,,,,,,
7/15/1954,,,,,,
7/16/1954,,,,,,
7/17/1954,,,,,,
7/18/1954,,,,,,
7/19/1954,,,,,,
7/20/1954,,,,,,
7/21/1954,,,,,,
7/22/1954,,,,,,
7/23/1954,,,,,,
7/24/1954,,,,,,
7/25/1954,,,,,,
7/26/1954,,,,,,
7/27/1954,,,,,,
7/28/1954,,,,,,
7/29/1954,,,,,,
7/30/1954,,,,,,
7/31/1954,,,,,,
8/1/1954,,,,,,
8/2/1954,,,,,,
8/3/1954,,,,,,
8/4/1954,,,,,,
8/5/1954,,,,,,
8/6/1954,,,,,,
8/7/1954,,,,,,
8/8/1954,,,,,,
8/9/1954,,,,,,
8/10/1954,,,,,,
8/11/1954,,,,,,
8/12/1954,,,,,,
8/13/1954,,,,,,
8/14/1954,,,,,,
8/15/1954,,,,,,
8/16/1954,,,,,,
8/17/1954,,,,,,
8/18/1954,,,,,,
8/19/1954,,,,,,
8/20/1954,,,,,,
8/21/1954,,,,,,
8/22/1954,,,,,,
8/23/1954,,,,,,
8/24/1954,,,,,,
8/25/1954,,,,,,
8/26/1954,,,,,,
8/27/1954,,,,,,
8/28/1954,,,,,,
8/29/1954,,,,,,
8/30/1954,,,,,,
8/31/1954,,,,,,
9/1/1954,,,,,,
9/2/1954,,,,,,
9/3/1954,,,,,,
9/4/1954,,,,,,
9/5/1954,,,,,,
9/6/1954,,,,,,
9/7/1954,,,,,,
9/8/1954,,,,,,
9/9/1954,,,,,,
9/10/1954,,,,,,
9/11/1954,,,,,,
9/12/1954,,,,,,
9/13/1954,,,,,,
9/14/1954,,,,,,
9/15/1954,,,,,,
9/16/1954,,,,,,
9/17/1954,,,,,,
9/18/1954,,,,,,
9/19/1954,,,,,,
9/20/1954,,,,,,
9/21/1954,,,,,,
9/22/1954,,,,,,
9/23/1954,,,,,,
9/24/1954,,,,,,
9/25/1954,,,,,,
9/26/1954,,,,,,
9/27/1954,,,,,,
9/28/1954,,,,,,
9/29/1954,,,,,,
9/30/1954,,,,,,
10/1/1954,,,,,,
10/2/1954,,,,,,
10/3/1954,,,,,,
10/4/1954,,,,,,
10/5/1954,,,,,,
10/6/1954,,,,,,
10/7/1954,,,,,,
10/8/1954,,,,,,
10/9/1954,,,,,,
10/10/1954,,,,,,
10/11/1954,,,,,,
10/12/1954,,,,,,
10/13/1954,,,,,,
10/14/1954,,,,,,
10/15/1954,,,,,,
10/16/1954,,,,,,
10/17/1954,,,,,,
10/18/1954,,,,,,
10/19/1954,,,,,,
10/20/1954,,,,,,
10/21/1954,,,,,,
10/22/1954,,,,,,
10/23/1954,,,,,,
10/24/1954,,,,,,
10/25/1954,,,,,,
10/26/1954,,,,,,
10/27/1954,,,,,,
10/28/1954,,,,,,
10/29/1954,,,,,,
10/30/1954,,,,,,
10/31/1954,,,,,,
11/1/1954,,,,,,
11/2/1954,,,,,,
11/3/1954,,,,,,
11/4/1954,,,,,,
11/5/1954,,,,,,
11/6/1954,,,,,,
11/7/1954,,,,,,
11/8/1954,,,,,,
11/9/1954,,,,,,
11/10/1954,,,,,,
11/11/1954,,,,,,
11/12/1954,,,,,,
11/13/1954,,,,,,
11/14/1954,,,,,,
11/15/1954,,,,,,
11/16/1954,,,,,,
11/17/1954,,,,,,
11/18/1954,,,,,,
11/19/1954,,,,,,
11/20/1954,,,,,,
11/21/1954,,,,,,
11/22/1954,,,,,,
11/23/1954,,,,,,
11/24/1954,,,,,,
11/25/1954,,,,,,
11/26/1954,,,,,,
11/27/1954,,,,,,
11/28/1954,,,,,,
11/29/1954,,,,,,
11/30/1954,,,,,,
12/1/1954,,,,,,
12/2/1954,,,,,,
12/3/1954,,,,,,
12/4/1954,,,,,,
12/5/1954,,,,,,
12/6/1954,,,,,,
12/7/1954,,,,,,
12/8/1954,,,,,,
12/9/1954,,,,,,
12/10/1954,,,,,,
12/11/1954,,,,,,
12/12/1954,,,,,,
12/13/1954,,,,,,
12/14/1954,,,,,,
12/15/1954,,,,,,
12/16/1954,,,,,,
12/17/1954,,,,,,
12/18/1954,,,,,,
12/19/1954,,,,,,
12/20/1954,,,,,,
12/21/1954,,,,,,
12/22/1954,,,,,,
12/23/1954,,,,,,
12/24/1954,,,,,,
12/25/1954,,,,,,
12/26/1954,,,,,,
12/27/1954,,,,,,
12/28/1954,,,,,,
12/29/1954,,,,,,
12/30/1954,,,,,,
12/31/1954,,,,,,
1/1/1955,,,,,,
1/2/1955,,,,,,
1/3/1955,,,,,,
1/4/1955,,,,,,
1/5/1955,,,,,,
1/6/1955,,,,,,
1/7/1955,,,,,,
1/8/1955,,,,,,
1/9/1955,,,,,,
1/10/1955,,,,,,
1/11/1955,,,,,,
1/12/1955,,,,,,
1/13/1955,,,,,,
1/14/1955,,,,,,
1/15/1955,,,,,,
1/16/1955,,,,,,
1/17/1955,,,,,,
1/18/1955,,,,,,
1/19/1955,,,,,,
1/20/1955,,,,,,
1/21/1955,,,,,,
1/22/1955,,,,,,
1/23/1955,,,,,,
1/24/1955,,,,,,
1/25/1955,,,,,,
1/26/1955,,,,,,
1/27/1955,,,,,,
1/28/1955,,,,,,
1/29/1955,,,,,,
1/30/1955,,,,,,
1/31/1955,,,,,,
2/1/1955,,,,,,
2/2/1955,,,,,,
2/3/1955,,,,,,
2/4/1955,,,,,,
2/5/1955,,,,,,
2/6/1955,,,,,,
2/7/1955,,,,,,
2/8/1955,,,,,,
2/9/1955,,,,,,
2/10/1955,,,,,,
2/11/1955,,,,,,
2/12/1955,,,,,,
2/13/1955,,,,,,
2/14/1955,,,,,,
2/15/1955,,,,,,
2/16/1955,,,,,,
2/17/1955,,,,,,
2/18/1955,,,,,,
2/19/1955,,,,,,
2/20/1955,,,,,,
2/21/1955,,,,,,
2/22/1955,,,,,,
2/23/1955,,,,,,
2/24/1955,,,,,,
2/25/1955,,,,,,
2/26/1955,,,,,,
2/27/1955,,,,,,
2/28/1955,,,,,,
3/1/1955,,,,,,
3/2/1955,,,,,,
3/3/1955,,,,,,
3/4/1955,,,,,,
3/5/1955,,,,,,
3/6/1955,,,,,,
3/7/1955,,,,,,
3/8/1955,,,,,,
3/9/1955,,,,,,
3/10/1955,,,,,,
3/11/1955,,,,,,
3/12/1955,,,,,,
3/13/1955,,,,,,
3/14/1955,,,,,,
3/15/1955,,,,,,
3/16/1955,,,,,,
3/17/1955,,,,,,
3/18/1955,,,,,,
3/19/1955,,,,,,
3/20/1955,,,,,,
3/21/1955,,,,,,
3/22/1955,,,,,,
3/23/1955,,,,,,
3/24/1955,,,,,,
3/25/1955,,,,,,
3/26/1955,,,,,,
3/27/1955,,,,,,
3/28/1955,,,,,,
3/29/1955,,,,,,
3/30/1955,,,,,,
3/31/1955,,,,,,
4/1/1955,,,,,,
4/2/1955,,,,,,
4/3/1955,,,,,,
4/4/1955,,,,,,
4/5/1955,,,,,,
4/6/1955,,,,,,
4/7/1955,,,,,,
4/8/1955,,,,,,
4/9/1955,,,,,,
4/10/1955,,,,,,
4/11/1955,,,,,,
4/12/1955,,,,,,
4/13/1955,,,,,,
4/14/1955,,,,,,
4/15/1955,,,,,,
4/16/1955,,,,,,
4/17/1955,,,,,,
4/18/1955,,,,,,
4/19/1955,,,,,,
4/20/1955,,,,,,
4/21/1955,,,,,,
4/22/1955,,,,,,
4/23/1955,,,,,,
4/24/1955,,,,,,
4/25/1955,,,,,,
4/26/1955,,,,,,
4/27/1955,,,,,,
4/28/1955,,,,,,
4/29/1955,,,,,,
4/30/1955,,,,,,
5/1/1955,,,,,,
5/2/1955,,,,,,
5/3/1955,,,,,,
5/4/1955,,,,,,
5/5/1955,,,,,,
5/6/1955,,,,,,
5/7/1955,,,,,,
5/8/1955,,,,,,
5/9/1955,,,,,,
5/10/1955,,,,,,
5/11/1955,,,,,,
5/12/1955,,,,,,
5/13/1955,,,,,,
5/14/1955,,,,,,
5/15/1955,,,,,,
5/16/1955,,,,,,
5/17/1955,,,,,,
5/18/1955,,,,,,
5/19/1955,,,,,,
5/20/1955,,,,,,
5/21/1955,,,,,,
5/22/1955,,,,,,
5/23/1955,,,,,,
5/24/1955,,,,,,
5/25/1955,,,,,,
5/26/1955,,,,,,
5/27/1955,,,,,,
5/28/1955,,,,,,
5/29/1955,,,,,,
5/30/1955,,,,,,
5/31/1955,,,,,,
6/1/1955,,,,,,
6/2/1955,,,,,,
6/3/1955,,,,,,
6/4/1955,,,,,,
6/5/1955,,,,,,
6/6/1955,,,,,,
6/7/1955,,,,,,
6/8/1955,,,,,,
6/9/1955,,,,,,
6/10/1955,,,,,,
6/11/1955,,,,,,
6/12/1955,,,,,,
6/13/1955,,,,,,
6/14/1955,,,,,,
6/15/1955,,,,,,
6/16/1955,,,,,,
6/17/1955,,,,,,
6/18/1955,,,,,,
6/19/1955,,,,,,
6/20/1955,,,,,,
6/21/1955,,,,,,
6/22/1955,,,,,,
6/23/1955,,,,,,
6/24/1955,,,,,,
6/25/1955,,,,,,
6/26/1955,,,,,,
6/27/1955,,,,,,
6/28/1955,,,,,,
6/29/1955,,,,,,
6/30/1955,,,,,,
7/1/1955,,,,,,
7/2/1955,,,,,,
7/3/1955,,,,,,
7/4/1955,,,,,,
7/5/1955,,,,,,
7/6/1955,,,,,,
7/7/1955,,,,,,
7/8/1955,,,,,,
7/9/1955,,,,,,
7/10/1955,,,,,,
7/11/1955,,,,,,
7/12/1955,,,,,,
7/13/1955,,,,,,
7/14/1955,,,,,,
7/15/1955,,,,,,
7/16/1955,,,,,,
7/17/1955,,,,,,
7/18/1955,,,,,,
7/19/1955,,,,,,
7/20/1955,,,,,,
7/21/1955,,,,,,
7/22/1955,,,,,,
7/23/1955,,,,,,
7/24/1955,,,,,,
7/25/1955,,,,,,
7/26/1955,,,,,,
7/27/1955,,,,,,
7/28/1955,,,,,,
7/29/1955,,,,,,
7/30/1955,,,,,,
7/31/1955,,,,,,
8/1/1955,,,,,,
8/2/1955,,,,,,
8/3/1955,,,,,,
8/4/1955,,,,,,
8/5/1955,,,,,,
8/6/1955,,,,,,
8/7/1955,,,,,,
8/8/1955,,,,,,
8/9/1955,,,,,,
8/10/1955,,,,,,
8/11/1955,,,,,,
8/12/1955,,,,,,
8/13/1955,,,,,,
8/14/1955,,,,,,
8/15/1955,,,,,,
8/16/1955,,,,,,
8/17/1955,,,,,,
8/18/1955,,,,,,
8/19/1955,,,,,,
8/20/1955,,,,,,
8/21/1955,,,,,,
8/22/1955,,,,,,
8/23/1955,,,,,,
8/24/1955,,,,,,
8/25/1955,,,,,,
8/26/1955,,,,,,
8/27/1955,,,,,,
8/28/1955,,,,,,
8/29/1955,,,,,,
8/30/1955,,,,,,
8/31/1955,,,,,,
9/1/1955,,,,,,
9/2/1955,,,,,,
9/3/1955,,,,,,
9/4/1955,,,,,,
9/5/1955,,,,,,
9/6/1955,,,,,,
9/7/1955,,,,,,
9/8/1955,,,,,,
9/9/1955,,,,,,
9/10/1955,,,,,,
9/11/1955,,,,,,
9/12/1955,,,,,,
9/13/1955,,,,,,
9/14/1955,,,,,,
9/15/1955,,,,,,
9/16/1955,,,,,,
9/17/1955,,,,,,
9/18/1955,,,,,,
9/19/1955,,,,,,
9/20/1955,,,,,,
9/21/1955,,,,,,
9/22/1955,,,,,,
9/23/1955,,,,,,
9/24/1955,,,,,,
9/25/1955,,,,,,
9/26/1955,,,,,,
9/27/1955,,,,,,
9/28/1955,,,,,,
9/29/1955,,,,,,
9/30/1955,,,,,,
10/1/1955,,,,,,
10/2/1955,,,,,,
10/3/1955,,,,,,
10/4/1955,,,,,,
10/5/1955,,,,,,
10/6/1955,,,,,,
10/7/1955,,,,,,
10/8/1955,,,,,,
10/9/1955,,,,,,
10/10/1955,,,,,,
10/11/1955,,,,,,
10/12/1955,,,,,,
10/13/1955,,,,,,
10/14/1955,,,,,,
10/15/1955,,,,,,
10/16/1955,,,,,,
10/17/1955,,,,,,
10/18/1955,,,,,,
10/19/1955,,,,,,
10/20/1955,,,,,,
10/21/1955,,,,,,
10/22/1955,,,,,,
10/23/1955,,,,,,
10/24/1955,,,,,,
10/25/1955,,,,,,
10/26/1955,,,,,,
10/27/1955,,,,,,
10/28/1955,,,,,,
10/29/1955,,,,,,
10/30/1955,,,,,,
10/31/1955,,,,,,
11/1/1955,,,,,,
11/2/1955,,,,,,
11/3/1955,,,,,,
11/4/1955,,,,,,
11/5/1955,,,,,,
11/6/1955,,,,,,
11/7/1955,,,,,,
11/8/1955,,,,,,
11/9/1955,,,,,,
11/10/1955,,,,,,
11/11/1955,,,,,,
11/12/1955,,,,,,
11/13/1955,,,,,,
11/14/1955,,,,,,
11/15/1955,,,,,,
11/16/1955,,,,,,
11/17/1955,,,,,,
11/18/1955,,,,,,
11/19/1955,,,,,,
11/20/1955,,,,,,
11/21/1955,,,,,,
11/22/1955,,,,,,
11/23/1955,,,,,,
11/24/1955,,,,,,
11/25/1955,,,,,,
11/26/1955,,,,,,
11/27/1955,,,,,,
11/28/1955,,,,,,
11/29/1955,,,,,,
11/30/1955,,,,,,
12/1/1955,,,,,,
12/2/1955,,,,,,
12/3/1955,,,,,,
12/4/1955,,,,,,
12/5/1955,,,,,,
12/6/1955,,,,,,
12/7/1955,,,,,,
12/8/1955,,,,,,
12/9/1955,,,,,,
12/10/1955,,,,,,
12/11/1955,,,,,,
12/12/1955,,,,,,
12/13/1955,,,,,,
12/14/1955,,,,,,
12/15/1955,,,,,,
12/16/1955,,,,,,
12/17/1955,,,,,,
12/18/1955,,,,,,
12/19/1955,,,,,,
12/20/1955,,,,,,
12/21/1955,,,,,,
12/22/1955,,,,,,
12/23/1955,,,,,,
12/24/1955,,,,,,
12/25/1955,,,,,,
12/26/1955,,,,,,
12/27/1955,,,,,,
12/28/1955,,,,,,
12/29/1955,,,,,,
12/30/1955,,,,,,
12/31/1955,,,,,,
1/1/1956,,,,,,
1/2/1956,,,,,,
1/3/1956,,,,,,
1/4/1956,,,,,,
1/5/1956,,,,,,
1/6/1956,,,,,,
1/7/1956,,,,,,
1/8/1956,,,,,,
1/9/1956,,,,,,
1/10/1956,,,,,,
1/11/1956,,,,,,
1/12/1956,,,,,,
1/13/1956,,,,,,
1/14/1956,,,,,,
1/15/1956,,,,,,
1/16/1956,,,,,,
1/17/1956,,,,,,
1/18/1956,,,,,,
1/19/1956,,,,,,
1/20/1956,,,,,,
1/21/1956,,,,,,
1/22/1956,,,,,,
1/23/1956,,,,,,
1/24/1956,,,,,,
1/25/1956,,,,,,
1/26/1956,,,,,,
1/27/1956,,,,,,
1/28/1956,,,,,,
1/29/1956,,,,,,
1/30/1956,,,,,,
1/31/1956,,,,,,
2/1/1956,,,,,,
2/2/1956,,,,,,
2/3/1956,,,,,,
2/4/1956,,,,,,
2/5/1956,,,,,,
2/6/1956,,,,,,
2/7/1956,,,,,,
2/8/1956,,,,,,
2/9/1956,,,,,,
2/10/1956,,,,,,
2/11/1956,,,,,,
2/12/1956,,,,,,
2/13/1956,,,,,,
2/14/1956,,,,,,
2/15/1956,,,,,,
2/16/1956,,,,,,
2/17/1956,,,,,,
2/18/1956,,,,,,
2/19/1956,,,,,,
2/20/1956,,,,,,
2/21/1956,,,,,,
2/22/1956,,,,,,
2/23/1956,,,,,,
2/24/1956,,,,,,
2/25/1956,,,,,,
2/26/1956,,,,,,
2/27/1956,,,,,,
2/28/1956,,,,,,
2/29/1956,,,,,,
3/1/1956,,,,,,
3/2/1956,,,,,,
3/3/1956,,,,,,
3/4/1956,,,,,,
3/5/1956,,,,,,
3/6/1956,,,,,,
3/7/1956,,,,,,
3/8/1956,,,,,,
3/9/1956,,,,,,
3/10/1956,,,,,,
3/11/1956,,,,,,
3/12/1956,,,,,,
3/13/1956,,,,,,
3/14/1956,,,,,,
3/15/1956,,,,,,
3/16/1956,,,,,,
3/17/1956,,,,,,
3/18/1956,,,,,,
3/19/1956,,,,,,
3/20/1956,,,,,,
3/21/1956,,,,,,
3/22/1956,,,,,,
3/23/1956,,,,,,
3/24/1956,,,,,,
3/25/1956,,,,,,
3/26/1956,,,,,,
3/27/1956,,,,,,
3/28/1956,,,,,,
3/29/1956,,,,,,
3/30/1956,,,,,,
3/31/1956,,,,,,
4/1/1956,,,,,,
4/2/1956,,,,,,
4/3/1956,,,,,,
4/4/1956,,,,,,
4/5/1956,,,,,,
4/6/1956,,,,,,
4/7/1956,,,,,,
4/8/1956,,,,,,
4/9/1956,,,,,,
4/10/1956,,,,,,
4/11/1956,,,,,,
4/12/1956,,,,,,
4/13/1956,,,,,,
4/14/1956,,,,,,
4/15/1956,,,,,,
4/16/1956,,,,,,
4/17/1956,,,,,,
4/18/1956,,,,,,
4/19/1956,,,,,,
4/20/1956,,,,,,
4/21/1956,,,,,,
4/22/1956,,,,,,
4/23/1956,,,,,,
4/24/1956,,,,,,
4/25/1956,,,,,,
4/26/1956,,,,,,
4/27/1956,,,,,,
4/28/1956,,,,,,
4/29/1956,,,,,,
4/30/1956,,,,,,
5/1/1956,,,,,,
5/2/1956,,,,,,
5/3/1956,,,,,,
5/4/1956,,,,,,
5/5/1956,,,,,,
5/6/1956,,,,,,
5/7/1956,,,,,,
5/8/1956,,,,,,
5/9/1956,,,,,,
5/10/1956,,,,,,
5/11/1956,,,,,,
5/12/1956,,,,,,
5/13/1956,,,,,,
5/14/1956,,,,,,
5/15/1956,,,,,,
5/16/1956,,,,,,
5/17/1956,,,,,,
5/18/1956,,,,,,
5/19/1956,,,,,,
5/20/1956,,,,,,
5/21/1956,,,,,,
5/22/1956,,,,,,
5/23/1956,,,,,,
5/24/1956,,,,,,
5/25/1956,,,,,,
5/26/1956,,,,,,
5/27/1956,,,,,,
5/28/1956,,,,,,
5/29/1956,,,,,,
5/30/1956,,,,,,
5/31/1956,,,,,,
6/1/1956,,,,,,
6/2/1956,,,,,,
6/3/1956,,,,,,
6/4/1956,,,,,,
6/5/1956,,,,,,
6/6/1956,,,,,,
6/7/1956,,,,,,
6/8/1956,,,,,,
6/9/1956,,,,,,
6/10/1956,,,,,,
6/11/1956,,,,,,
6/12/1956,,,,,,
6/13/1956,,,,,,
6/14/1956,,,,,,
6/15/1956,,,,,,
6/16/1956,,,,,,
6/17/1956,,,,,,
6/18/1956,,,,,,
6/19/1956,,,,,,
6/20/1956,,,,,,
6/21/1956,,,,,,
6/22/1956,,,,,,
6/23/1956,,,,,,
6/24/1956,,,,,,
6/25/1956,,,,,,
6/26/1956,,,,,,
6/27/1956,,,,,,
6/28/1956,,,,,,
6/29/1956,,,,,,
6/30/1956,,,,,,
7/1/1956,,,,,,
7/2/1956,,,,,,
7/3/1956,,,,,,
7/4/1956,,,,,,
7/5/1956,,,,,,
7/6/1956,,,,,,
7/7/1956,,,,,,
7/8/1956,,,,,,
7/9/1956,,,,,,
7/10/1956,,,,,,
7/11/1956,,,,,,
7/12/1956,,,,,,
7/13/1956,,,,,,
7/14/1956,,,,,,
7/15/1956,,,,,,
7/16/1956,,,,,,
7/17/1956,,,,,,
7/18/1956,,,,,,
7/19/1956,,,,,,
7/20/1956,,,,,,
7/21/1956,,,,,,
7/22/1956,,,,,,
7/23/1956,,,,,,
7/24/1956,,,,,,
7/25/1956,,,,,,
7/26/1956,,,,,,
7/27/1956,,,,,,
7/28/1956,,,,,,
7/29/1956,,,,,,
7/30/1956,,,,,,
7/31/1956,,,,,,
8/1/1956,,,,,,
8/2/1956,,,,,,
8/3/1956,,,,,,
8/4/1956,,,,,,
8/5/1956,,,,,,
8/6/1956,,,,,,
8/7/1956,,,,,,
8/8/1956,,,,,,
8/9/1956,,,,,,
8/10/1956,,,,,,
8/11/1956,,,,,,
8/12/1956,,,,,,
8/13/1956,,,,,,
8/14/1956,,,,,,
8/15/1956,,,,,,
8/16/1956,,,,,,
8/17/1956,,,,,,
8/18/1956,,,,,,
8/19/1956,,,,,,
8/20/1956,,,,,,
8/21/1956,,,,,,
8/22/1956,,,,,,
8/23/1956,,,,,,
8/24/1956,,,,,,
8/25/1956,,,,,,
8/26/1956,,,,,,
8/27/1956,,,,,,
8/28/1956,,,,,,
8/29/1956,,,,,,
8/30/1956,,,,,,
8/31/1956,,,,,,
9/1/1956,,,,,,
9/2/1956,,,,,,
9/3/1956,,,,,,
9/4/1956,,,,,,
9/5/1956,,,,,,
9/6/1956,,,,,,
9/7/1956,,,,,,
9/8/1956,,,,,,
9/9/1956,,,,,,
9/10/1956,,,,,,
9/11/1956,,,,,,
9/12/1956,,,,,,
9/13/1956,,,,,,
9/14/1956,,,,,,
9/15/1956,,,,,,
9/16/1956,,,,,,
9/17/1956,,,,,,
9/18/1956,,,,,,
9/19/1956,,,,,,
9/20/1956,,,,,,
9/21/1956,,,,,,
9/22/1956,,,,,,
9/23/1956,,,,,,
9/24/1956,,,,,,
9/25/1956,,,,,,
9/26/1956,,,,,,
9/27/1956,,,,,,
9/28/1956,,,,,,
9/29/1956,,,,,,
9/30/1956,,,,,,
10/1/1956,,,,,,
10/2/1956,,,,,,
10/3/1956,,,,,,
10/4/1956,,,,,,
10/5/1956,,,,,,
10/6/1956,,,,,,
10/7/1956,,,,,,
10/8/1956,,,,,,
10/9/1956,,,,,,
10/10/1956,,,,,,
10/11/1956,,,,,,
10/12/1956,,,,,,
10/13/1956,,,,,,
10/14/1956,,,,,,
10/15/1956,,,,,,
10/16/1956,,,,,,
10/17/1956,,,,,,
10/18/1956,,,,,,
10/19/1956,,,,,,
10/20/1956,,,,,,
10/21/1956,,,,,,
10/22/1956,,,,,,
10/23/1956,,,,,,
10/24/1956,,,,,,
10/25/1956,,,,,,
10/26/1956,,,,,,
10/27/1956,,,,,,
10/28/1956,,,,,,
10/29/1956,,,,,,
10/30/1956,,,,,,
10/31/1956,,,,,,
11/1/1956,,,,,,
11/2/1956,,,,,,
11/3/1956,,,,,,
11/4/1956,,,,,,
11/5/1956,,,,,,
11/6/1956,,,,,,
11/7/1956,,,,,,
11/8/1956,,,,,,
11/9/1956,,,,,,
11/10/1956,,,,,,
11/11/1956,,,,,,
11/12/1956,,,,,,
11/13/1956,,,,,,
11/14/1956,,,,,,
11/15/1956,,,,,,
11/16/1956,,,,,,
11/17/1956,,,,,,
11/18/1956,,,,,,
11/19/1956,,,,,,
11/20/1956,,,,,,
11/21/1956,,,,,,
11/22/1956,,,,,,
11/23/1956,,,,,,
11/24/1956,,,,,,
11/25/1956,,,,,,
11/26/1956,,,,,,
11/27/1956,,,,,,
11/28/1956,,,,,,
11/29/1956,,,,,,
11/30/1956,,,,,,
12/1/1956,,,,,,
12/2/1956,,,,,,
12/3/1956,,,,,,
12/4/1956,,,,,,
12/5/1956,,,,,,
12/6/1956,,,,,,
12/7/1956,,,,,,
12/8/1956,,,,,,
12/9/1956,,,,,,
12/10/1956,,,,,,
12/11/1956,,,,,,
12/12/1956,,,,,,
12/13/1956,,,,,,
12/14/1956,,,,,,
12/15/1956,,,,,,
12/16/1956,,,,,,
12/17/1956,,,,,,
12/18/1956,,,,,,
12/19/1956,,,,,,
12/20/1956,,,,,,
12/21/1956,,,,,,
12/22/1956,,,,,,
12/23/1956,,,,,,
12/24/1956,,,,,,
12/25/1956,,,,,,
12/26/1956,,,,,,
12/27/1956,,,,,,
12/28/1956,,,,,,
12/29/1956,,,,,,
12/30/1956,,,,,,
12/31/1956,,,,,,
1/1/1957,,,,,,
1/2/1957,,,,,,
1/3/1957,,,,,,
1/4/1957,,,,,,
1/5/1957,,,,,,
1/6/1957,,,,,,
1/7/1957,,,,,,
1/8/1957,,,,,,
1/9/1957,,,,,,
1/10/1957,,,,,,
1/11/1957,,,,,,
1/12/1957,,,,,,
1/13/1957,,,,,,
1/14/1957,,,,,,
1/15/1957,,,,,,
1/16/1957,,,,,,
1/17/1957,,,,,,
1/18/1957,,,,,,
1/19/1957,,,,,,
1/20/1957,,,,,,
1/21/1957,,,,,,
1/22/1957,,,,,,
1/23/1957,,,,,,
1/24/1957,,,,,,
1/25/1957,,,,,,
1/26/1957,,,,,,
1/27/1957,,,,,,
1/28/1957,,,,,,
1/29/1957,,,,,,
1/30/1957,,,,,,
1/31/1957,,,,,,
2/1/1957,,,,,,
2/2/1957,,,,,,
2/3/1957,,,,,,
2/4/1957,,,,,,
2/5/1957,,,,,,
2/6/1957,,,,,,
2/7/1957,,,,,,
2/8/1957,,,,,,
2/9/1957,,,,,,
2/10/1957,,,,,,
2/11/1957,,,,,,
2/12/1957,,,,,,
2/13/1957,,,,,,
2/14/1957,,,,,,
2/15/1957,,,,,,
2/16/1957,,,,,,
2/17/1957,,,,,,
2/18/1957,,,,,,
2/19/1957,,,,,,
2/20/1957,,,,,,
2/21/1957,,,,,,
2/22/1957,,,,,,
2/23/1957,,,,,,
2/24/1957,,,,,,
2/25/1957,,,,,,
2/26/1957,,,,,,
2/27/1957,,,,,,
2/28/1957,,,,,,
3/1/1957,,,,,,
3/2/1957,,,,,,
3/3/1957,,,,,,
3/4/1957,,,,,,
3/5/1957,,,,,,
3/6/1957,,,,,,
3/7/1957,,,,,,
3/8/1957,,,,,,
3/9/1957,,,,,,
3/10/1957,,,,,,
3/11/1957,,,,,,
3/12/1957,,,,,,
3/13/1957,,,,,,
3/14/1957,,,,,,
3/15/1957,,,,,,
3/16/1957,,,,,,
3/17/1957,,,,,,
3/18/1957,,,,,,
3/19/1957,,,,,,
3/20/1957,,,,,,
3/21/1957,,,,,,
3/22/1957,,,,,,
3/23/1957,,,,,,
3/24/1957,,,,,,
3/25/1957,,,,,,
3/26/1957,,,,,,
3/27/1957,,,,,,
3/28/1957,,,,,,
3/29/1957,,,,,,
3/30/1957,,,,,,
3/31/1957,,,,,,
4/1/1957,,,,,,
4/2/1957,,,,,,
4/3/1957,,,,,,
4/4/1957,,,,,,
4/5/1957,,,,,,
4/6/1957,,,,,,
4/7/1957,,,,,,
4/8/1957,,,,,,
4/9/1957,,,,,,
4/10/1957,,,,,,
4/11/1957,,,,,,
4/12/1957,,,,,,
4/13/1957,,,,,,
4/14/1957,,,,,,
4/15/1957,,,,,,
4/16/1957,,,,,,
4/17/1957,,,,,,
4/18/1957,,,,,,
4/19/1957,,,,,,
4/20/1957,,,,,,
4/21/1957,,,,,,
4/22/1957,,,,,,
4/23/1957,,,,,,
4/24/1957,,,,,,
4/25/1957,,,,,,
4/26/1957,,,,,,
4/27/1957,,,,,,
4/28/1957,,,,,,
4/29/1957,,,,,,
4/30/1957,,,,,,
5/1/1957,,,,,,
5/2/1957,,,,,,
5/3/1957,,,,,,
5/4/1957,,,,,,
5/5/1957,,,,,,
5/6/1957,,,,,,
5/7/1957,,,,,,
5/8/1957,,,,,,
5/9/1957,,,,,,
5/10/1957,,,,,,
5/11/1957,,,,,,
5/12/1957,,,,,,
5/13/1957,,,,,,
5/14/1957,,,,,,
5/15/1957,,,,,,
5/16/1957,,,,,,
5/17/1957,,,,,,
5/18/1957,,,,,,
5/19/1957,,,,,,
5/20/1957,,,,,,
5/21/1957,,,,,,
5/22/1957,,,,,,
5/23/1957,,,,,,
5/24/1957,,,,,,
5/25/1957,,,,,,
5/26/1957,,,,,,
5/27/1957,,,,,,
5/28/1957,,,,,,
5/29/1957,,,,,,
5/30/1957,,,,,,
5/31/1957,,,,,,
6/1/1957,,,,,,
6/2/1957,,,,,,
6/3/1957,,,,,,
6/4/1957,,,,,,
6/5/1957,,,,,,
6/6/1957,,,,,,
6/7/1957,,,,,,
6/8/1957,,,,,,
6/9/1957,,,,,,
6/10/1957,,,,,,
6/11/1957,,,,,,
6/12/1957,,,,,,
6/13/1957,,,,,,
6/14/1957,,,,,,
6/15/1957,,,,,,
6/16/1957,,,,,,
6/17/1957,,,,,,
6/18/1957,,,,,,
6/19/1957,,,,,,
6/20/1957,,,,,,
6/21/1957,,,,,,
6/22/1957,,,,,,
6/23/1957,,,,,,
6/24/1957,,,,,,
6/25/1957,,,,,,
6/26/1957,,,,,,
6/27/1957,,,,,,
6/28/1957,,,,,,
6/29/1957,,,,,,
6/30/1957,,,,,,
7/1/1957,,,,,,
7/2/1957,,,,,,
7/3/1957,,,,,,
7/4/1957,,,,,,
7/5/1957,,,,,,
7/6/1957,,,,,,
7/7/1957,,,,,,
7/8/1957,,,,,,
7/9/1957,,,,,,
7/10/1957,,,,,,
7/11/1957,,,,,,
7/12/1957,,,,,,
7/13/1957,,,,,,
7/14/1957,,,,,,
7/15/1957,,,,,,
7/16/1957,,,,,,
7/17/1957,,,,,,
7/18/1957,,,,,,
7/19/1957,,,,,,
7/20/1957,,,,,,
7/21/1957,,,,,,
7/22/1957,,,,,,
7/23/1957,,,,,,
7/24/1957,,,,,,
7/25/1957,,,,,,
7/26/1957,,,,,,
7/27/1957,,,,,,
7/28/1957,,,,,,
7/29/1957,,,,,,
7/30/1957,,,,,,
7/31/1957,,,,,,
8/1/1957,,,,,,
8/2/1957,,,,,,
8/3/1957,,,,,,
8/4/1957,,,,,,
8/5/1957,,,,,,
8/6/1957,,,,,,
8/7/1957,,,,,,
8/8/1957,,,,,,
8/9/1957,,,,,,
8/10/1957,,,,,,
8/11/1957,,,,,,
8/12/1957,,,,,,
8/13/1957,,,,,,
8/14/1957,,,,,,
8/15/1957,,,,,,
8/16/1957,,,,,,
8/17/1957,,,,,,
8/18/1957,,,,,,
8/19/1957,,,,,,
8/20/1957,,,,,,
8/21/1957,,,,,,
8/22/1957,,,,,,
8/23/1957,,,,,,
8/24/1957,,,,,,
8/25/1957,,,,,,
8/26/1957,,,,,,
8/27/1957,,,,,,
8/28/1957,,,,,,
8/29/1957,,,,,,
8/30/1957,,,,,,
8/31/1957,,,,,,
9/1/1957,,,,,,
9/2/1957,,,,,,
9/3/1957,,,,,,
9/4/1957,,,,,,
9/5/1957,,,,,,
9/6/1957,,,,,,
9/7/1957,,,,,,
9/8/1957,,,,,,
9/9/1957,,,,,,
9/10/1957,,,,,,
9/11/1957,,,,,,
9/12/1957,,,,,,
9/13/1957,,,,,,
9/14/1957,,,,,,
9/15/1957,,,,,,
9/16/1957,,,,,,
9/17/1957,,,,,,
9/18/1957,,,,,,
9/19/1957,,,,,,
9/20/1957,,,,,,
9/21/1957,,,,,,
9/22/1957,,,,,,
9/23/1957,,,,,,
9/24/1957,,,,,,
9/25/1957,,,,,,
9/26/1957,,,,,,
9/27/1957,,,,,,
9/28/1957,,,,,,
9/29/1957,,,,,,
9/30/1957,,,,,,
10/1/1957,,,,,,
10/2/1957,,,,,,
10/3/1957,,,,,,
10/4/1957,,,,,,
10/5/1957,,,,,,
10/6/1957,,,,,,
10/7/1957,,,,,,
10/8/1957,,,,,,
10/9/1957,,,,,,
10/10/1957,,,,,,
10/11/1957,,,,,,
10/12/1957,,,,,,
10/13/1957,,,,,,
10/14/1957,,,,,,
10/15/1957,,,,,,
10/16/1957,,,,,,
10/17/1957,,,,,,
10/18/1957,,,,,,
10/19/1957,,,,,,
10/20/1957,,,,,,
10/21/1957,,,,,,
10/22/1957,,,,,,
10/23/1957,,,,,,
10/24/1957,,,,,,
10/25/1957,,,,,,
10/26/1957,,,,,,
10/27/1957,,,,,,
10/28/1957,,,,,,
10/29/1957,,,,,,
10/30/1957,,,,,,
10/31/1957,,,,,,
11/1/1957,,,,,,
11/2/1957,,,,,,
11/3/1957,,,,,,
11/4/1957,,,,,,
11/5/1957,,,,,,
11/6/1957,,,,,,
11/7/1957,,,,,,
11/8/1957,,,,,,
11/9/1957,,,,,,
11/10/1957,,,,,,
11/11/1957,,,,,,
11/12/1957,,,,,,
11/13/1957,,,,,,
11/14/1957,,,,,,
11/15/1957,,,,,,
11/16/1957,,,,,,
11/17/1957,,,,,,
11/18/1957,,,,,,
11/19/1957,,,,,,
11/20/1957,,,,,,
11/21/1957,,,,,,
11/22/1957,,,,,,
11/23/1957,,,,,,
11/24/1957,,,,,,
11/25/1957,,,,,,
11/26/1957,,,,,,
11/27/1957,,,,,,
11/28/1957,,,,,,
11/29/1957,,,,,,
11/30/1957,,,,,,
12/1/1957,,,,,,
12/2/1957,,,,,,
12/3/1957,,,,,,
12/4/1957,,,,,,
12/5/1957,,,,,,
12/6/1957,,,,,,
12/7/1957,,,,,,
12/8/1957,,,,,,
12/9/1957,,,,,,
12/10/1957,,,,,,
12/11/1957,,,,,,
12/12/1957,,,,,,
12/13/1957,,,,,,
12/14/1957,,,,,,
12/15/1957,,,,,,
12/16/1957,,,,,,
12/17/1957,,,,,,
12/18/1957,,,,,,
12/19/1957,,,,,,
12/20/1957,,,,,,
12/21/1957,,,,,,
12/22/1957,,,,,,
12/23/1957,,,,,,
12/24/1957,,,,,,
12/25/1957,,,,,,
12/26/1957,,,,,,
12/27/1957,,,,,,
12/28/1957,,,,,,
12/29/1957,,,,,,
12/30/1957,,,,,,
12/31/1957,,,,,,
1/1/1958,,,,,,
1/2/1958,,,,,,
1/3/1958,,,,,,
1/4/1958,,,,,,
1/5/1958,,,,,,
1/6/1958,,,,,,
1/7/1958,,,,,,
1/8/1958,,,,,,
1/9/1958,,,,,,
1/10/1958,,,,,,
1/11/1958,,,,,,
1/12/1958,,,,,,
1/13/1958,,,,,,
1/14/1958,,,,,,
1/15/1958,,,,,,
1/16/1958,,,,,,
1/17/1958,,,,,,
1/18/1958,,,,,,
1/19/1958,,,,,,
1/20/1958,,,,,,
1/21/1958,,,,,,
1/22/1958,,,,,,
1/23/1958,,,,,,
1/24/1958,,,,,,
1/25/1958,,,,,,
1/26/1958,,,,,,
1/27/1958,,,,,,
1/28/1958,,,,,,
1/29/1958,,,,,,
1/30/1958,,,,,,
1/31/1958,,,,,,
2/1/1958,,,,,,
2/2/1958,,,,,,
2/3/1958,,,,,,
2/4/1958,,,,,,
2/5/1958,,,,,,
2/6/1958,,,,,,
2/7/1958,,,,,,
2/8/1958,,,,,,
2/9/1958,,,,,,
2/10/1958,,,,,,
2/11/1958,,,,,,
2/12/1958,,,,,,
2/13/1958,,,,,,
2/14/1958,,,,,,
2/15/1958,,,,,,
2/16/1958,,,,,,
2/17/1958,,,,,,
2/18/1958,,,,,,
2/19/1958,,,,,,
2/20/1958,,,,,,
2/21/1958,,,,,,
2/22/1958,,,,,,
2/23/1958,,,,,,
2/24/1958,,,,,,
2/25/1958,,,,,,
2/26/1958,,,,,,
2/27/1958,,,,,,
2/28/1958,,,,,,
3/1/1958,,,,,,
3/2/1958,,,,,,
3/3/1958,,,,,,
3/4/1958,,,,,,
3/5/1958,,,,,,
3/6/1958,,,,,,
3/7/1958,,,,,,
3/8/1958,,,,,,
3/9/1958,,,,,,
3/10/1958,,,,,,
3/11/1958,,,,,,
3/12/1958,,,,,,
3/13/1958,,,,,,
3/14/1958,,,,,,
3/15/1958,,,,,,
3/16/1958,,,,,,
3/17/1958,,,,,,
3/18/1958,,,,,,
3/19/1958,,,,,,
3/20/1958,,,,,,
3/21/1958,,,,,,
3/22/1958,,,,,,
3/23/1958,,,,,,
3/24/1958,,,,,,
3/25/1958,,,,,,
3/26/1958,,,,,,
3/27/1958,,,,,,
3/28/1958,,,,,,
3/29/1958,,,,,,
3/30/1958,,,,,,
3/31/1958,,,,,,
4/1/1958,,,,,,
4/2/1958,,,,,,
4/3/1958,,,,,,
4/4/1958,,,,,,
4/5/1958,,,,,,
4/6/1958,,,,,,
4/7/1958,,,,,,
4/8/1958,,,,,,
4/9/1958,,,,,,
4/10/1958,,,,,,
4/11/1958,,,,,,
4/12/1958,,,,,,
4/13/1958,,,,,,
4/14/1958,,,,,,
4/15/1958,,,,,,
4/16/1958,,,,,,
4/17/1958,,,,,,
4/18/1958,,,,,,
4/19/1958,,,,,,
4/20/1958,,,,,,
4/21/1958,,,,,,
4/22/1958,,,,,,
4/23/1958,,,,,,
4/24/1958,,,,,,
4/25/1958,,,,,,
4/26/1958,,,,,,
4/27/1958,,,,,,
4/28/1958,,,,,,
4/29/1958,,,,,,
4/30/1958,,,,,,
5/1/1958,,,,,,
5/2/1958,,,,,,
5/3/1958,,,,,,
5/4/1958,,,,,,
5/5/1958,,,,,,
5/6/1958,,,,,,
5/7/1958,,,,,,
5/8/1958,,,,,,
5/9/1958,,,,,,
5/10/1958,,,,,,
5/11/1958,,,,,,
5/12/1958,,,,,,
5/13/1958,,,,,,
5/14/1958,,,,,,
5/15/1958,,,,,,
5/16/1958,,,,,,
5/17/1958,,,,,,
5/18/1958,,,,,,
5/19/1958,,,,,,
5/20/1958,,,,,,
5/21/1958,,,,,,
5/22/1958,,,,,,
5/23/1958,,,,,,
5/24/1958,,,,,,
5/25/1958,,,,,,
5/26/1958,,,,,,
5/27/1958,,,,,,
5/28/1958,,,,,,
5/29/1958,,,,,,
5/30/1958,,,,,,
5/31/1958,,,,,,
6/1/1958,,,,,,
6/2/1958,,,,,,
6/3/1958,,,,,,
6/4/1958,,,,,,
6/5/1958,,,,,,
6/6/1958,,,,,,
6/7/1958,,,,,,
6/8/1958,,,,,,
6/9/1958,,,,,,
6/10/1958,,,,,,
6/11/1958,,,,,,
6/12/1958,,,,,,
6/13/1958,,,,,,
6/14/1958,,,,,,
6/15/1958,,,,,,
6/16/1958,,,,,,
6/17/1958,,,,,,
6/18/1958,,,,,,
6/19/1958,,,,,,
6/20/1958,,,,,,
6/21/1958,,,,,,
6/22/1958,,,,,,
6/23/1958,,,,,,
6/24/1958,,,,,,
6/25/1958,,,,,,
6/26/1958,,,,,,
6/27/1958,,,,,,
6/28/1958,,,,,,
6/29/1958,,,,,,
6/30/1958,,,,,,
7/1/1958,,,,,,
7/2/1958,,,,,,
7/3/1958,,,,,,
7/4/1958,,,,,,
7/5/1958,,,,,,
7/6/1958,,,,,,
7/7/1958,,,,,,
7/8/1958,,,,,,
7/9/1958,,,,,,
7/10/1958,,,,,,
7/11/1958,,,,,,
7/12/1958,,,,,,
7/13/1958,,,,,,
7/14/1958,,,,,,
7/15/1958,,,,,,
7/16/1958,,,,,,
7/17/1958,,,,,,
7/18/1958,,,,,,
7/19/1958,,,,,,
7/20/1958,,,,,,
7/21/1958,,,,,,
7/22/1958,,,,,,
7/23/1958,,,,,,
7/24/1958,,,,,,
7/25/1958,,,,,,
7/26/1958,,,,,,
7/27/1958,,,,,,
7/28/1958,,,,,,
7/29/1958,,,,,,
7/30/1958,,,,,,
7/31/1958,,,,,,
8/1/1958,,,,,,
8/2/1958,,,,,,
8/3/1958,,,,,,
8/4/1958,,,,,,
8/5/1958,,,,,,
8/6/1958,,,,,,
8/7/1958,,,,,,
8/8/1958,,,,,,
8/9/1958,,,,,,
8/10/1958,,,,,,
8/11/1958,,,,,,
8/12/1958,,,,,,
8/13/1958,,,,,,
8/14/1958,,,,,,
8/15/1958,,,,,,
8/16/1958,,,,,,
8/17/1958,,,,,,
8/18/1958,,,,,,
8/19/1958,,,,,,
8/20/1958,,,,,,
8/21/1958,,,,,,
8/22/1958,,,,,,
8/23/1958,,,,,,
8/24/1958,,,,,,
8/25/1958,,,,,,
8/26/1958,,,,,,
8/27/1958,,,,,,
8/28/1958,,,,,,
8/29/1958,,,,,,
8/30/1958,,,,,,
8/31/1958,,,,,,
9/1/1958,,,,,,
9/2/1958,,,,,,
9/3/1958,,,,,,
9/4/1958,,,,,,
9/5/1958,,,,,,
9/6/1958,,,,,,
9/7/1958,,,,,,
9/8/1958,,,,,,
9/9/1958,,,,,,
9/10/1958,,,,,,
9/11/1958,,,,,,
9/12/1958,,,,,,
9/13/1958,,,,,,
9/14/1958,,,,,,
9/15/1958,,,,,,
9/16/1958,,,,,,
9/17/1958,,,,,,
9/18/1958,,,,,,
9/19/1958,,,,,,
9/20/1958,,,,,,
9/21/1958,,,,,,
9/22/1958,,,,,,
9/23/1958,,,,,,
9/24/1958,,,,,,
9/25/1958,,,,,,
9/26/1958,,,,,,
9/27/1958,,,,,,
9/28/1958,,,,,,
9/29/1958,,,,,,
9/30/1958,,,,,,
10/1/1958,,,,,,
10/2/1958,,,,,,
10/3/1958,,,,,,
10/4/1958,,,,,,
10/5/1958,,,,,,
10/6/1958,,,,,,
10/7/1958,,,,,,
10/8/1958,,,,,,
10/9/1958,,,,,,
10/10/1958,,,,,,
10/11/1958,,,,,,
10/12/1958,,,,,,
10/13/1958,,,,,,
10/14/1958,,,,,,
10/15/1958,,,,,,
10/16/1958,,,,,,
10/17/1958,,,,,,
10/18/1958,,,,,,
10/19/1958,,,,,,
10/20/1958,,,,,,
10/21/1958,,,,,,
10/22/1958,,,,,,
10/23/1958,,,,,,
10/24/1958,,,,,,
10/25/1958,,,,,,
10/26/1958,,,,,,
10/27/1958,,,,,,
10/28/1958,,,,,,
10/29/1958,,,,,,
10/30/1958,,,,,,
10/31/1958,,,,,,
11/1/1958,,,,,,
11/2/1958,,,,,,
11/3/1958,,,,,,
11/4/1958,,,,,,
11/5/1958,,,,,,
11/6/1958,,,,,,
11/7/1958,,,,,,
11/8/1958,,,,,,
11/9/1958,,,,,,
11/10/1958,,,,,,
11/11/1958,,,,,,
11/12/1958,,,,,,
11/13/1958,,,,,,
11/14/1958,,,,,,
11/15/1958,,,,,,
11/16/1958,,,,,,
11/17/1958,,,,,,
11/18/1958,,,,,,
11/19/1958,,,,,,
11/20/1958,,,,,,
11/21/1958,,,,,,
11/22/1958,,,,,,
11/23/1958,,,,,,
11/24/1958,,,,,,
11/25/1958,,,,,,
11/26/1958,,,,,,
11/27/1958,,,,,,
11/28/1958,,,,,,
11/29/1958,,,,,,
11/30/1958,,,,,,
12/1/1958,,,,,,
12/2/1958,,,,,,
12/3/1958,,,,,,
12/4/1958,,,,,,
12/5/1958,,,,,,
12/6/1958,,,,,,
12/7/1958,,,,,,
12/8/1958,,,,,,
12/9/1958,,,,,,
12/10/1958,,,,,,
12/11/1958,,,,,,
12/12/1958,,,,,,
12/13/1958,,,,,,
12/14/1958,,,,,,
12/15/1958,,,,,,
12/16/1958,,,,,,
12/17/1958,,,,,,
12/18/1958,,,,,,
12/19/1958,,,,,,
12/20/1958,,,,,,
12/21/1958,,,,,,
12/22/1958,,,,,,
12/23/1958,,,,,,
12/24/1958,,,,,,
12/25/1958,,,,,,
12/26/1958,,,,,,
12/27/1958,,,,,,
12/28/1958,,,,,,
12/29/1958,,,,,,
12/30/1958,,,,,,
12/31/1958,,,,,,
1/1/1959,,,,,,
1/2/1959,,,,,,
1/3/1959,,,,,,
1/4/1959,,,,,,
1/5/1959,,,,,,
1/6/1959,,,,,,
1/7/1959,,,,,,
1/8/1959,,,,,,
1/9/1959,,,,,,
1/10/1959,,,,,,
1/11/1959,,,,,,
1/12/1959,,,,,,
1/13/1959,,,,,,
1/14/1959,,,,,,
1/15/1959,,,,,,
1/16/1959,,,,,,
1/17/1959,,,,,,
1/18/1959,,,,,,
1/19/1959,,,,,,
1/20/1959,,,,,,
1/21/1959,,,,,,
1/22/1959,,,,,,
1/23/1959,,,,,,
1/24/1959,,,,,,
1/25/1959,,,,,,
1/26/1959,,,,,,
1/27/1959,,,,,,
1/28/1959,,,,,,
1/29/1959,,,,,,
1/30/1959,,,,,,
1/31/1959,,,,,,
2/1/1959,,,,,,
2/2/1959,,,,,,
2/3/1959,,,,,,
2/4/1959,,,,,,
2/5/1959,,,,,,
2/6/1959,,,,,,
2/7/1959,,,,,,
2/8/1959,,,,,,
2/9/1959,,,,,,
2/10/1959,,,,,,
2/11/1959,,,,,,
2/12/1959,,,,,,
2/13/1959,,,,,,
2/14/1959,,,,,,
2/15/1959,,,,,,
2/16/1959,,,,,,
2/17/1959,,,,,,
2/18/1959,,,,,,
2/19/1959,,,,,,
2/20/1959,,,,,,
2/21/1959,,,,,,
2/22/1959,,,,,,
2/23/1959,,,,,,
2/24/1959,,,,,,
2/25/1959,,,,,,
2/26/1959,,,,,,
2/27/1959,,,,,,
2/28/1959,,,,,,
3/1/1959,,,,,,
3/2/1959,,,,,,
3/3/1959,,,,,,
3/4/1959,,,,,,
3/5/1959,,,,,,
3/6/1959,,,,,,
3/7/1959,,,,,,
3/8/1959,,,,,,
3/9/1959,,,,,,
3/10/1959,,,,,,
3/11/1959,,,,,,
3/12/1959,,,,,,
3/13/1959,,,,,,
3/14/1959,,,,,,
3/15/1959,,,,,,
3/16/1959,,,,,,
3/17/1959,,,,,,
3/18/1959,,,,,,
3/19/1959,,,,,,
3/20/1959,,,,,,
3/21/1959,,,,,,
3/22/1959,,,,,,
3/23/1959,,,,,,
3/24/1959,,,,,,
3/25/1959,,,,,,
3/26/1959,,,,,,
3/27/1959,,,,,,
3/28/1959,,,,,,
3/29/1959,,,,,,
3/30/1959,,,,,,
3/31/1959,,,,,,
4/1/1959,,,,,,
4/2/1959,,,,,,
4/3/1959,,,,,,
4/4/1959,,,,,,
4/5/1959,,,,,,
4/6/1959,,,,,,
4/7/1959,,,,,,
4/8/1959,,,,,,
4/9/1959,,,,,,
4/10/1959,,,,,,
4/11/1959,,,,,,
4/12/1959,,,,,,
4/13/1959,,,,,,
4/14/1959,,,,,,
4/15/1959,,,,,,
4/16/1959,,,,,,
4/17/1959,,,,,,
4/18/1959,,,,,,
4/19/1959,,,,,,
4/20/1959,,,,,,
4/21/1959,,,,,,
4/22/1959,,,,,,
4/23/1959,,,,,,
4/24/1959,,,,,,
4/25/1959,,,,,,
4/26/1959,,,,,,
4/27/1959,,,,,,
4/28/1959,,,,,,
4/29/1959,,,,,,
4/30/1959,,,,,,
5/1/1959,,,,,,
5/2/1959,,,,,,
5/3/1959,,,,,,
5/4/1959,,,,,,
5/5/1959,,,,,,
5/6/1959,,,,,,
5/7/1959,,,,,,
5/8/1959,,,,,,
5/9/1959,,,,,,
5/10/1959,,,,,,
5/11/1959,,,,,,
5/12/1959,,,,,,
5/13/1959,,,,,,
5/14/1959,,,,,,
5/15/1959,,,,,,
5/16/1959,,,,,,
5/17/1959,,,,,,
5/18/1959,,,,,,
5/19/1959,,,,,,
5/20/1959,,,,,,
5/21/1959,,,,,,
5/22/1959,,,,,,
5/23/1959,,,,,,
5/24/1959,,,,,,
5/25/1959,,,,,,
5/26/1959,,,,,,
5/27/1959,,,,,,
5/28/1959,,,,,,
5/29/1959,,,,,,
5/30/1959,,,,,,
5/31/1959,,,,,,
6/1/1959,,,,,,
6/2/1959,,,,,,
6/3/1959,,,,,,
6/4/1959,,,,,,
6/5/1959,,,,,,
6/6/1959,,,,,,
6/7/1959,,,,,,
6/8/1959,,,,,,
6/9/1959,,,,,,
6/10/1959,,,,,,
6/11/1959,,,,,,
6/12/1959,,,,,,
6/13/1959,,,,,,
6/14/1959,,,,,,
6/15/1959,,,,,,
6/16/1959,,,,,,
6/17/1959,,,,,,
6/18/1959,,,,,,
6/19/1959,,,,,,
6/20/1959,,,,,,
6/21/1959,,,,,,
6/22/1959,,,,,,
6/23/1959,,,,,,
6/24/1959,,,,,,
6/25/1959,,,,,,
6/26/1959,,,,,,
6/27/1959,,,,,,
6/28/1959,,,,,,
6/29/1959,,,,,,
6/30/1959,,,,,,
7/1/1959,,,,,,
7/2/1959,,,,,,
7/3/1959,,,,,,
7/4/1959,,,,,,
7/5/1959,,,,,,
7/6/1959,,,,,,
7/7/1959,,,,,,
7/8/1959,,,,,,
7/9/1959,,,,,,
7/10/1959,,,,,,
7/11/1959,,,,,,
7/12/1959,,,,,,
7/13/1959,,,,,,
7/14/1959,,,,,,
7/15/1959,,,,,,
7/16/1959,,,,,,
7/17/1959,,,,,,
7/18/1959,,,,,,
7/19/1959,,,,,,
7/20/1959,,,,,,
7/21/1959,,,,,,
7/22/1959,,,,,,
7/23/1959,,,,,,
7/24/1959,,,,,,
7/25/1959,,,,,,
7/26/1959,,,,,,
7/27/1959,,,,,,
7/28/1959,,,,,,
7/29/1959,,,,,,
7/30/1959,,,,,,
7/31/1959,,,,,,
8/1/1959,,,,,,
8/2/1959,,,,,,
8/3/1959,,,,,,
8/4/1959,,,,,,
8/5/1959,,,,,,
8/6/1959,,,,,,
8/7/1959,,,,,,
8/8/1959,,,,,,
8/9/1959,,,,,,
8/10/1959,,,,,,
8/11/1959,,,,,,
8/12/1959,,,,,,
8/13/1959,,,,,,
8/14/1959,,,,,,
8/15/1959,,,,,,
8/16/1959,,,,,,
8/17/1959,,,,,,
8/18/1959,,,,,,
8/19/1959,,,,,,
8/20/1959,,,,,,
8/21/1959,,,,,,
8/22/1959,,,,,,
8/23/1959,,,,,,
8/24/1959,,,,,,
8/25/1959,,,,,,
8/26/1959,,,,,,
8/27/1959,,,,,,
8/28/1959,,,,,,
8/29/1959,,,,,,
8/30/1959,,,,,,
8/31/1959,,,,,,
9/1/1959,,,,,,
9/2/1959,,,,,,
9/3/1959,,,,,,
9/4/1959,,,,,,
9/5/1959,,,,,,
9/6/1959,,,,,,
9/7/1959,,,,,,
9/8/1959,,,,,,
9/9/1959,,,,,,
9/10/1959,,,,,,
9/11/1959,,,,,,
9/12/1959,,,,,,
9/13/1959,,,,,,
9/14/1959,,,,,,
9/15/1959,,,,,,
9/16/1959,,,,,,
9/17/1959,,,,,,
9/18/1959,,,,,,
9/19/1959,,,,,,
9/20/1959,,,,,,
9/21/1959,,,,,,
9/22/1959,,,,,,
9/23/1959,,,,,,
9/24/1959,,,,,,
9/25/1959,,,,,,
9/26/1959,,,,,,
9/27/1959,,,,,,
9/28/1959,,,,,,
9/29/1959,,,,,,
9/30/1959,,,,,,
10/1/1959,,,,,,
10/2/1959,,,,,,
10/3/1959,,,,,,
10/4/1959,,,,,,
10/5/1959,,,,,,
10/6/1959,,,,,,
10/7/1959,,,,,,
10/8/1959,,,,,,
10/9/1959,,,,,,
10/10/1959,,,,,,
10/11/1959,,,,,,
10/12/1959,,,,,,
10/13/1959,,,,,,
10/14/1959,,,,,,
10/15/1959,,,,,,
10/16/1959,,,,,,
10/17/1959,,,,,,
10/18/1959,,,,,,
10/19/1959,,,,,,
10/20/1959,,,,,,
10/21/1959,,,,,,
10/22/1959,,,,,,
10/23/1959,,,,,,
10/24/1959,,,,,,
10/25/1959,,,,,,
10/26/1959,,,,,,
10/27/1959,,,,,,
10/28/1959,,,,,,
10/29/1959,,,,,,
10/30/1959,,,,,,
10/31/1959,,,,,,
11/1/1959,,,,,,
11/2/1959,,,,,,
11/3/1959,,,,,,
11/4/1959,,,,,,
11/5/1959,,,,,,
11/6/1959,,,,,,
11/7/1959,,,,,,
11/8/1959,,,,,,
11/9/1959,,,,,,
11/10/1959,,,,,,
11/11/1959,,,,,,
11/12/1959,,,,,,
11/13/1959,,,,,,
11/14/1959,,,,,,
11/15/1959,,,,,,
11/16/1959,,,,,,
11/17/1959,,,,,,
11/18/1959,,,,,,
11/19/1959,,,,,,
11/20/1959,,,,,,
11/21/1959,,,,,,
11/22/1959,,,,,,
11/23/1959,,,,,,
11/24/1959,,,,,,
11/25/1959,,,,,,
11/26/1959,,,,,,
11/27/1959,,,,,,
11/28/1959,,,,,,
11/29/1959,,,,,,
11/30/1959,,,,,,
12/1/1959,,,,,,
12/2/1959,,,,,,
12/3/1959,,,,,,
12/4/1959,,,,,,
12/5/1959,,,,,,
12/6/1959,,,,,,
12/7/1959,,,,,,
12/8/1959,,,,,,
12/9/1959,,,,,,
12/10/1959,,,,,,
12/11/1959,,,,,,
12/12/1959,,,,,,
12/13/1959,,,,,,
12/14/1959,,,,,,
12/15/1959,,,,,,
12/16/1959,,,,,,
12/17/1959,,,,,,
12/18/1959,,,,,,
12/19/1959,,,,,,
12/20/1959,,,,,,
12/21/1959,,,,,,
12/22/1959,,,,,,
12/23/1959,,,,,,
12/24/1959,,,,,,
12/25/1959,,,,,,
12/26/1959,,,,,,
12/27/1959,,,,,,
12/28/1959,,,,,,
12/29/1959,,,,,,
12/30/1959,,,,,,
12/31/1959,,,,,,
1/1/1960,,,,,,
1/2/1960,,,,,,
1/3/1960,,,,,,
1/4/1960,,,,,,
1/5/1960,,,,,,
1/6/1960,,,,,,
1/7/1960,,,,,,
1/8/1960,,,,,,
1/9/1960,,,,,,
1/10/1960,,,,,,
1/11/1960,,,,,,
1/12/1960,,,,,,
1/13/1960,,,,,,
1/14/1960,,,,,,
1/15/1960,,,,,,
1/16/1960,,,,,,
1/17/1960,,,,,,
1/18/1960,,,,,,
1/19/1960,,,,,,
1/20/1960,,,,,,
1/21/1960,,,,,,
1/22/1960,,,,,,
1/23/1960,,,,,,
1/24/1960,,,,,,
1/25/1960,,,,,,
1/26/1960,,,,,,
1/27/1960,,,,,,
1/28/1960,,,,,,
1/29/1960,,,,,,
1/30/1960,,,,,,
1/31/1960,,,,,,
2/1/1960,,,,,,
2/2/1960,,,,,,
2/3/1960,,,,,,
2/4/1960,,,,,,
2/5/1960,,,,,,
2/6/1960,,,,,,
2/7/1960,,,,,,
2/8/1960,,,,,,
2/9/1960,,,,,,
2/10/1960,,,,,,
2/11/1960,,,,,,
2/12/1960,,,,,,
2/13/1960,,,,,,
2/14/1960,,,,,,
2/15/1960,,,,,,
2/16/1960,,,,,,
2/17/1960,,,,,,
2/18/1960,,,,,,
2/19/1960,,,,,,
2/20/1960,,,,,,
2/21/1960,,,,,,
2/22/1960,,,,,,
2/23/1960,,,,,,
2/24/1960,,,,,,
2/25/1960,,,,,,
2/26/1960,,,,,,
2/27/1960,,,,,,
2/28/1960,,,,,,
2/29/1960,,,,,,
3/1/1960,,,,,,
3/2/1960,,,,,,
3/3/1960,,,,,,
3/4/1960,,,,,,
3/5/1960,,,,,,
3/6/1960,,,,,,
3/7/1960,,,,,,
3/8/1960,,,,,,
3/9/1960,,,,,,
3/10/1960,,,,,,
3/11/1960,,,,,,
3/12/1960,,,,,,
3/13/1960,,,,,,
3/14/1960,,,,,,
3/15/1960,,,,,,
3/16/1960,,,,,,
3/17/1960,,,,,,
3/18/1960,,,,,,
3/19/1960,,,,,,
3/20/1960,,,,,,
3/21/1960,,,,,,
3/22/1960,,,,,,
3/23/1960,,,,,,
3/24/1960,,,,,,
3/25/1960,,,,,,
3/26/1960,,,,,,
3/27/1960,,,,,,
3/28/1960,,,,,,
3/29/1960,,,,,,
3/30/1960,,,,,,
3/31/1960,,,,,,
4/1/1960,,,,,,
4/2/1960,,,,,,
4/3/1960,,,,,,
4/4/1960,,,,,,
4/5/1960,,,,,,
4/6/1960,,,,,,
4/7/1960,,,,,,
4/8/1960,,,,,,
4/9/1960,,,,,,
4/10/1960,,,,,,
4/11/1960,,,,,,
4/12/1960,,,,,,
4/13/1960,,,,,,
4/14/1960,,,,,,
4/15/1960,,,,,,
4/16/1960,,,,,,
4/17/1960,,,,,,
4/18/1960,,,,,,
4/19/1960,,,,,,
4/20/1960,,,,,,
4/21/1960,,,,,,
4/22/1960,,,,,,
4/23/1960,,,,,,
4/24/1960,,,,,,
4/25/1960,,,,,,
4/26/1960,,,,,,
4/27/1960,,,,,,
4/28/1960,,,,,,
4/29/1960,,,,,,
4/30/1960,,,,,,
5/1/1960,,,,,,
5/2/1960,,,,,,
5/3/1960,,,,,,
5/4/1960,,,,,,
5/5/1960,,,,,,
5/6/1960,,,,,,
5/7/1960,,,,,,
5/8/1960,,,,,,
5/9/1960,,,,,,
5/10/1960,,,,,,
5/11/1960,,,,,,
5/12/1960,,,,,,
5/13/1960,,,,,,
5/14/1960,,,,,,
5/15/1960,,,,,,
5/16/1960,,,,,,
5/17/1960,,,,,,
5/18/1960,,,,,,
5/19/1960,,,,,,
5/20/1960,,,,,,
5/21/1960,,,,,,
5/22/1960,,,,,,
5/23/1960,,,,,,
5/24/1960,,,,,,
5/25/1960,,,,,,
5/26/1960,,,,,,
5/27/1960,,,,,,
5/28/1960,,,,,,
5/29/1960,,,,,,
5/30/1960,,,,,,
5/31/1960,,,,,,
6/1/1960,,,,,,
6/2/1960,,,,,,
6/3/1960,,,,,,
6/4/1960,,,,,,
6/5/1960,,,,,,
6/6/1960,,,,,,
6/7/1960,,,,,,
6/8/1960,,,,,,
6/9/1960,,,,,,
6/10/1960,,,,,,
6/11/1960,,,,,,
6/12/1960,,,,,,
6/13/1960,,,,,,
6/14/1960,,,,,,
6/15/1960,,,,,,
6/16/1960,,,,,,
6/17/1960,,,,,,
6/18/1960,,,,,,
6/19/1960,,,,,,
6/20/1960,,,,,,
6/21/1960,,,,,,
6/22/1960,,,,,,
6/23/1960,,,,,,
6/24/1960,,,,,,
6/25/1960,,,,,,
6/26/1960,,,,,,
6/27/1960,,,,,,
6/28/1960,,,,,,
6/29/1960,,,,,,
6/30/1960,,,,,,
7/1/1960,,,,,,
7/2/1960,,,,,,
7/3/1960,,,,,,
7/4/1960,,,,,,
7/5/1960,,,,,,
7/6/1960,,,,,,
7/7/1960,,,,,,
7/8/1960,,,,,,
7/9/1960,,,,,,
7/10/1960,,,,,,
7/11/1960,,,,,,
7/12/1960,,,,,,
7/13/1960,,,,,,
7/14/1960,,,,,,
7/15/1960,,,,,,
7/16/1960,,,,,,
7/17/1960,,,,,,
7/18/1960,,,,,,
7/19/1960,,,,,,
7/20/1960,,,,,,
7/21/1960,,,,,,
7/22/1960,,,,,,
7/23/1960,,,,,,
7/24/1960,,,,,,
7/25/1960,,,,,,
7/26/1960,,,,,,
7/27/1960,,,,,,
7/28/1960,,,,,,
7/29/1960,,,,,,
7/30/1960,,,,,,
7/31/1960,,,,,,
8/1/1960,,,,,,
8/2/1960,,,,,,
8/3/1960,,,,,,
8/4/1960,,,,,,
8/5/1960,,,,,,
8/6/1960,,,,,,
8/7/1960,,,,,,
8/8/1960,,,,,,
8/9/1960,,,,,,
8/10/1960,,,,,,
8/11/1960,,,,,,
8/12/1960,,,,,,
8/13/1960,,,,,,
8/14/1960,,,,,,
8/15/1960,,,,,,
8/16/1960,,,,,,
8/17/1960,,,,,,
8/18/1960,,,,,,
8/19/1960,,,,,,
8/20/1960,,,,,,
8/21/1960,,,,,,
8/22/1960,,,,,,
8/23/1960,,,,,,
8/24/1960,,,,,,
8/25/1960,,,,,,
8/26/1960,,,,,,
8/27/1960,,,,,,
8/28/1960,,,,,,
8/29/1960,,,,,,
8/30/1960,,,,,,
8/31/1960,,,,,,
9/1/1960,,,,,,
9/2/1960,,,,,,
9/3/1960,,,,,,
9/4/1960,,,,,,
9/5/1960,,,,,,
9/6/1960,,,,,,
9/7/1960,,,,,,
9/8/1960,,,,,,
9/9/1960,,,,,,
9/10/1960,,,,,,
9/11/1960,,,,,,
9/12/1960,,,,,,
9/13/1960,,,,,,
9/14/1960,,,,,,
9/15/1960,,,,,,
9/16/1960,,,,,,
9/17/1960,,,,,,
9/18/1960,,,,,,
9/19/1960,,,,,,
9/20/1960,,,,,,
9/21/1960,,,,,,
9/22/1960,,,,,,
9/23/1960,,,,,,
9/24/1960,,,,,,
9/25/1960,,,,,,
9/26/1960,,,,,,
9/27/1960,,,,,,
9/28/1960,,,,,,
9/29/1960,,,,,,
9/30/1960,,,,,,
10/1/1960,,,,,,
10/2/1960,,,,,,
10/3/1960,,,,,,
10/4/1960,,,,,,
10/5/1960,,,,,,
10/6/1960,,,,,,
10/7/1960,,,,,,
10/8/1960,,,,,,
10/9/1960,,,,,,
10/10/1960,,,,,,
10/11/1960,,,,,,
10/12/1960,,,,,,
10/13/1960,,,,,,
10/14/1960,,,,,,
10/15/1960,,,,,,
10/16/1960,,,,,,
10/17/1960,,,,,,
10/18/1960,,,,,,
10/19/1960,,,,,,
10/20/1960,,,,,,
10/21/1960,,,,,,
10/22/1960,,,,,,
10/23/1960,,,,,,
10/24/1960,,,,,,
10/25/1960,,,,,,
10/26/1960,,,,,,
10/27/1960,,,,,,
10/28/1960,,,,,,
10/29/1960,,,,,,
10/30/1960,,,,,,
10/31/1960,,,,,,
11/1/1960,,,,,,
11/2/1960,,,,,,
11/3/1960,,,,,,
11/4/1960,,,,,,
11/5/1960,,,,,,
11/6/1960,,,,,,
11/7/1960,,,,,,
11/8/1960,,,,,,
11/9/1960,,,,,,
11/10/1960,,,,,,
11/11/1960,,,,,,
11/12/1960,,,,,,
11/13/1960,,,,,,
11/14/1960,,,,,,
11/15/1960,,,,,,
11/16/1960,,,,,,
11/17/1960,,,,,,
11/18/1960,,,,,,
11/19/1960,,,,,,
11/20/1960,,,,,,
11/21/1960,,,,,,
11/22/1960,,,,,,
11/23/1960,,,,,,
11/24/1960,,,,,,
11/25/1960,,,,,,
11/26/1960,,,,,,
11/27/1960,,,,,,
11/28/1960,,,,,,
11/29/1960,,,,,,
11/30/1960,,,,,,
12/1/1960,,,,,,
12/2/1960,,,,,,
12/3/1960,,,,,,
12/4/1960,,,,,,
12/5/1960,,,,,,
12/6/1960,,,,,,
12/7/1960,,,,,,
12/8/1960,,,,,,
12/9/1960,,,,,,
12/10/1960,,,,,,
12/11/1960,,,,,,
12/12/1960,,,,,,
12/13/1960,,,,,,
12/14/1960,,,,,,
12/15/1960,,,,,,
12/16/1960,,,,,,
12/17/1960,,,,,,
12/18/1960,,,,,,
12/19/1960,,,,,,
12/20/1960,,,,,,
12/21/1960,,,,,,
12/22/1960,,,,,,
12/23/1960,,,,,,
12/24/1960,,,,,,
12/25/1960,,,,,,
12/26/1960,,,,,,
12/27/1960,,,,,,
12/28/1960,,,,,,
12/29/1960,,,,,,
12/30/1960,,,,,,
12/31/1960,,,,,,
1/1/1961,,,,,,
1/2/1961,,,,,,
1/3/1961,,,,,,
1/4/1961,,,,,,
1/5/1961,,,,,,
1/6/1961,,,,,,
1/7/1961,,,,,,
1/8/1961,,,,,,
1/9/1961,,,,,,
1/10/1961,,,,,,
1/11/1961,,,,,,
1/12/1961,,,,,,
1/13/1961,,,,,,
1/14/1961,,,,,,
1/15/1961,,,,,,
1/16/1961,,,,,,
1/17/1961,,,,,,
1/18/1961,,,,,,
1/19/1961,,,,,,
1/20/1961,,,,,,
1/21/1961,,,,,,
1/22/1961,,,,,,
1/23/1961,,,,,,
1/24/1961,,,,,,
1/25/1961,,,,,,
1/26/1961,,,,,,
1/27/1961,,,,,,
1/28/1961,,,,,,
1/29/1961,,,,,,
1/30/1961,,,,,,
1/31/1961,,,,,,
2/1/1961,,,,,,
2/2/1961,,,,,,
2/3/1961,,,,,,
2/4/1961,,,,,,
2/5/1961,,,,,,
2/6/1961,,,,,,
2/7/1961,,,,,,
2/8/1961,,,,,,
2/9/1961,,,,,,
2/10/1961,,,,,,
2/11/1961,,,,,,
2/12/1961,,,,,,
2/13/1961,,,,,,
2/14/1961,,,,,,
2/15/1961,,,,,,
2/16/1961,,,,,,
2/17/1961,,,,,,
2/18/1961,,,,,,
2/19/1961,,,,,,
2/20/1961,,,,,,
2/21/1961,,,,,,
2/22/1961,,,,,,
2/23/1961,,,,,,
2/24/1961,,,,,,
2/25/1961,,,,,,
2/26/1961,,,,,,
2/27/1961,,,,,,
2/28/1961,,,,,,
3/1/1961,,,,,,
3/2/1961,,,,,,
3/3/1961,,,,,,
3/4/1961,,,,,,
3/5/1961,,,,,,
3/6/1961,,,,,,
3/7/1961,,,,,,
3/8/1961,,,,,,
3/9/1961,,,,,,
3/10/1961,,,,,,
3/11/1961,,,,,,
3/12/1961,,,,,,
3/13/1961,,,,,,
3/14/1961,,,,,,
3/15/1961,,,,,,
3/16/1961,,,,,,
3/17/1961,,,,,,
3/18/1961,,,,,,
3/19/1961,,,,,,
3/20/1961,,,,,,
3/21/1961,,,,,,
3/22/1961,,,,,,
3/23/1961,,,,,,
3/24/1961,,,,,,
3/25/1961,,,,,,
3/26/1961,,,,,,
3/27/1961,,,,,,
3/28/1961,,,,,,
3/29/1961,,,,,,
3/30/1961,,,,,,
3/31/1961,,,,,,
4/1/1961,,,,,,
4/2/1961,,,,,,
4/3/1961,,,,,,
4/4/1961,,,,,,
4/5/1961,,,,,,
4/6/1961,,,,,,
4/7/1961,,,,,,
4/8/1961,,,,,,
4/9/1961,,,,,,
4/10/1961,,,,,,
4/11/1961,,,,,,
4/12/1961,,,,,,
4/13/1961,,,,,,
4/14/1961,,,,,,
4/15/1961,,,,,,
4/16/1961,,,,,,
4/17/1961,,,,,,
4/18/1961,,,,,,
4/19/1961,,,,,,
4/20/1961,,,,,,
4/21/1961,,,,,,
4/22/1961,,,,,,
4/23/1961,,,,,,
4/24/1961,,,,,,
4/25/1961,,,,,,
4/26/1961,,,,,,
4/27/1961,,,,,,
4/28/1961,,,,,,
4/29/1961,,,,,,
4/30/1961,,,,,,
5/1/1961,,,,,,
5/2/1961,,,,,,
5/3/1961,,,,,,
5/4/1961,,,,,,
5/5/1961,,,,,,
5/6/1961,,,,,,
5/7/1961,,,,,,
5/8/1961,,,,,,
5/9/1961,,,,,,
5/10/1961,,,,,,
5/11/1961,,,,,,
5/12/1961,,,,,,
5/13/1961,,,,,,
5/14/1961,,,,,,
5/15/1961,,,,,,
5/16/1961,,,,,,
5/17/1961,,,,,,
5/18/1961,,,,,,
5/19/1961,,,,,,
5/20/1961,,,,,,
5/21/1961,,,,,,
5/22/1961,,,,,,
5/23/1961,,,,,,
5/24/1961,,,,,,
5/25/1961,,,,,,
5/26/1961,,,,,,
5/27/1961,,,,,,
5/28/1961,,,,,,
5/29/1961,,,,,,
5/30/1961,,,,,,
5/31/1961,,,,,,
6/1/1961,,,,,,
6/2/1961,,,,,,
6/3/1961,,,,,,
6/4/1961,,,,,,
6/5/1961,,,,,,
6/6/1961,,,,,,
6/7/1961,,,,,,
6/8/1961,,,,,,
6/9/1961,,,,,,
6/10/1961,,,,,,
6/11/1961,,,,,,
6/12/1961,,,,,,
6/13/1961,,,,,,
6/14/1961,,,,,,
6/15/1961,,,,,,
6/16/1961,,,,,,
6/17/1961,,,,,,
6/18/1961,,,,,,
6/19/1961,,,,,,
6/20/1961,,,,,,
6/21/1961,,,,,,
6/22/1961,,,,,,
6/23/1961,,,,,,
6/24/1961,,,,,,
6/25/1961,,,,,,
6/26/1961,,,,,,
6/27/1961,,,,,,
6/28/1961,,,,,,
6/29/1961,,,,,,
6/30/1961,,,,,,
7/1/1961,,,,,,
7/2/1961,,,,,,
7/3/1961,,,,,,
7/4/1961,,,,,,
7/5/1961,,,,,,
7/6/1961,,,,,,
7/7/1961,,,,,,
7/8/1961,,,,,,
7/9/1961,,,,,,
7/10/1961,,,,,,
7/11/1961,,,,,,
7/12/1961,,,,,,
7/13/1961,,,,,,
7/14/1961,,,,,,
7/15/1961,,,,,,
7/16/1961,,,,,,
7/17/1961,,,,,,
7/18/1961,,,,,,
7/19/1961,,,,,,
7/20/1961,,,,,,
7/21/1961,,,,,,
7/22/1961,,,,,,
7/23/1961,,,,,,
7/24/1961,,,,,,
7/25/1961,,,,,,
7/26/1961,,,,,,
7/27/1961,,,,,,
7/28/1961,,,,,,
7/29/1961,,,,,,
7/30/1961,,,,,,
7/31/1961,,,,,,
8/1/1961,,,,,,
8/2/1961,,,,,,
8/3/1961,,,,,,
8/4/1961,,,,,,
8/5/1961,,,,,,
8/6/1961,,,,,,
8/7/1961,,,,,,
8/8/1961,,,,,,
8/9/1961,,,,,,
8/10/1961,,,,,,
8/11/1961,,,,,,
8/12/1961,,,,,,
8/13/1961,,,,,,
8/14/1961,,,,,,
8/15/1961,,,,,,
8/16/1961,,,,,,
8/17/1961,,,,,,
8/18/1961,,,,,,
8/19/1961,,,,,,
8/20/1961,,,,,,
8/21/1961,,,,,,
8/22/1961,,,,,,
8/23/1961,,,,,,
8/24/1961,,,,,,
8/25/1961,,,,,,
8/26/1961,,,,,,
8/27/1961,,,,,,
8/28/1961,,,,,,
8/29/1961,,,,,,
8/30/1961,,,,,,
8/31/1961,,,,,,
9/1/1961,,,,,,
9/2/1961,,,,,,
9/3/1961,,,,,,
9/4/1961,,,,,,
9/5/1961,,,,,,
9/6/1961,,,,,,
9/7/1961,,,,,,
9/8/1961,,,,,,
9/9/1961,,,,,,
9/10/1961,,,,,,
9/11/1961,,,,,,
9/12/1961,,,,,,
9/13/1961,,,,,,
9/14/1961,,,,,,
9/15/1961,,,,,,
9/16/1961,,,,,,
9/17/1961,,,,,,
9/18/1961,,,,,,
9/19/1961,,,,,,
9/20/1961,,,,,,
9/21/1961,,,,,,
9/22/1961,,,,,,
9/23/1961,,,,,,
9/24/1961,,,,,,
9/25/1961,,,,,,
9/26/1961,,,,,,
9/27/1961,,,,,,
9/28/1961,,,,,,
9/29/1961,,,,,,
9/30/1961,,,,,,
10/1/1961,,,,,,
10/2/1961,,,,,,
10/3/1961,,,,,,
10/4/1961,,,,,,
10/5/1961,,,,,,
10/6/1961,,,,,,
10/7/1961,,,,,,
10/8/1961,,,,,,
10/9/1961,,,,,,
10/10/1961,,,,,,
10/11/1961,,,,,,
10/12/1961,,,,,,
10/13/1961,,,,,,
10/14/1961,,,,,,
10/15/1961,,,,,,
10/16/1961,,,,,,
10/17/1961,,,,,,
10/18/1961,,,,,,
10/19/1961,,,,,,
10/20/1961,,,,,,
10/21/1961,,,,,,
10/22/1961,,,,,,
10/23/1961,,,,,,
10/24/1961,,,,,,
10/25/1961,,,,,,
10/26/1961,,,,,,
10/27/1961,,,,,,
10/28/1961,,,,,,
10/29/1961,,,,,,
10/30/1961,,,,,,
10/31/1961,,,,,,
11/1/1961,,,,,,
11/2/1961,,,,,,
11/3/1961,,,,,,
11/4/1961,,,,,,
11/5/1961,,,,,,
11/6/1961,,,,,,
11/7/1961,,,,,,
11/8/1961,,,,,,
11/9/1961,,,,,,
11/10/1961,,,,,,
11/11/1961,,,,,,
11/12/1961,,,,,,
11/13/1961,,,,,,
11/14/1961,,,,,,
11/15/1961,,,,,,
11/16/1961,,,,,,
11/17/1961,,,,,,
11/18/1961,,,,,,
11/19/1961,,,,,,
11/20/1961,,,,,,
11/21/1961,,,,,,
11/22/1961,,,,,,
11/23/1961,,,,,,
11/24/1961,,,,,,
11/25/1961,,,,,,
11/26/1961,,,,,,
11/27/1961,,,,,,
11/28/1961,,,,,,
11/29/1961,,,,,,
11/30/1961,,,,,,
12/1/1961,,,,,,
12/2/1961,,,,,,
12/3/1961,,,,,,
12/4/1961,,,,,,
12/5/1961,,,,,,
12/6/1961,,,,,,
12/7/1961,,,,,,
12/8/1961,,,,,,
12/9/1961,,,,,,
12/10/1961,,,,,,
12/11/1961,,,,,,
12/12/1961,,,,,,
12/13/1961,,,,,,
12/14/1961,,,,,,
12/15/1961,,,,,,
12/16/1961,,,,,,
12/17/1961,,,,,,
12/18/1961,,,,,,
12/19/1961,,,,,,
12/20/1961,,,,,,
12/21/1961,,,,,,
12/22/1961,,,,,,
12/23/1961,,,,,,
12/24/1961,,,,,,
12/25/1961,,,,,,
12/26/1961,,,,,,
12/27/1961,,,,,,
12/28/1961,,,,,,
12/29/1961,,,,,,
12/30/1961,,,,,,
12/31/1961,,,,,,
1/1/1962,,,,,,
1/2/1962,,,,,,
1/3/1962,,,,,,
1/4/1962,,,,,,
1/5/1962,,,,,,
1/6/1962,,,,,,
1/7/1962,,,,,,
1/8/1962,,,,,,
1/9/1962,,,,,,
1/10/1962,,,,,,
1/11/1962,,,,,,
1/12/1962,,,,,,
1/13/1962,,,,,,
1/14/1962,,,,,,
1/15/1962,,,,,,
1/16/1962,,,,,,
1/17/1962,,,,,,
1/18/1962,,,,,,
1/19/1962,,,,,,
1/20/1962,,,,,,
1/21/1962,,,,,,
1/22/1962,,,,,,
1/23/1962,,,,,,
1/24/1962,,,,,,
1/25/1962,,,,,,
1/26/1962,,,,,,
1/27/1962,,,,,,
1/28/1962,,,,,,
1/29/1962,,,,,,
1/30/1962,,,,,,
1/31/1962,,,,,,
2/1/1962,,,,,,
2/2/1962,,,,,,
2/3/1962,,,,,,
2/4/1962,,,,,,
2/5/1962,,,,,,
2/6/1962,,,,,,
2/7/1962,,,,,,
2/8/1962,,,,,,
2/9/1962,,,,,,
2/10/1962,,,,,,
2/11/1962,,,,,,
2/12/1962,,,,,,
2/13/1962,,,,,,
2/14/1962,,,,,,
2/15/1962,,,,,,
2/16/1962,,,,,,
2/17/1962,,,,,,
2/18/1962,,,,,,
2/19/1962,,,,,,
2/20/1962,,,,,,
2/21/1962,,,,,,
2/22/1962,,,,,,
2/23/1962,,,,,,
2/24/1962,,,,,,
2/25/1962,,,,,,
2/26/1962,,,,,,
2/27/1962,,,,,,
2/28/1962,,,,,,
3/1/1962,,,,,,
3/2/1962,,,,,,
3/3/1962,,,,,,
3/4/1962,,,,,,
3/5/1962,,,,,,
3/6/1962,,,,,,
3/7/1962,,,,,,
3/8/1962,,,,,,
3/9/1962,,,,,,
3/10/1962,,,,,,
3/11/1962,,,,,,
3/12/1962,,,,,,
3/13/1962,,,,,,
3/14/1962,,,,,,
3/15/1962,,,,,,
3/16/1962,,,,,,
3/17/1962,,,,,,
3/18/1962,,,,,,
3/19/1962,,,,,,
3/20/1962,,,,,,
3/21/1962,,,,,,
3/22/1962,,,,,,
3/23/1962,,,,,,
3/24/1962,,,,,,
3/25/1962,,,,,,
3/26/1962,,,,,,
3/27/1962,,,,,,
3/28/1962,,,,,,
3/29/1962,,,,,,
3/30/1962,,,,,,
3/31/1962,,,,,,
4/1/1962,,,,,,
4/2/1962,,,,,,
4/3/1962,,,,,,
4/4/1962,,,,,,
4/5/1962,,,,,,
4/6/1962,,,,,,
4/7/1962,,,,,,
4/8/1962,,,,,,
4/9/1962,,,,,,
4/10/1962,,,,,,
4/11/1962,,,,,,
4/12/1962,,,,,,
4/13/1962,,,,,,
4/14/1962,,,,,,
4/15/1962,,,,,,
4/16/1962,,,,,,
4/17/1962,,,,,,
4/18/1962,,,,,,
4/19/1962,,,,,,
4/20/1962,,,,,,
4/21/1962,,,,,,
4/22/1962,,,,,,
4/23/1962,,,,,,
4/24/1962,,,,,,
4/25/1962,,,,,,
4/26/1962,,,,,,
4/27/1962,,,,,,
4/28/1962,,,,,,
4/29/1962,,,,,,
4/30/1962,,,,,,
5/1/1962,,,,,,
5/2/1962,,,,,,
5/3/1962,,,,,,
5/4/1962,,,,,,
5/5/1962,,,,,,
5/6/1962,,,,,,
5/7/1962,,,,,,
5/8/1962,,,,,,
5/9/1962,,,,,,
5/10/1962,,,,,,
5/11/1962,,,,,,
5/12/1962,,,,,,
5/13/1962,,,,,,
5/14/1962,,,,,,
5/15/1962,,,,,,
5/16/1962,,,,,,
5/17/1962,,,,,,
5/18/1962,,,,,,
5/19/1962,,,,,,
5/20/1962,,,,,,
5/21/1962,,,,,,
5/22/1962,,,,,,
5/23/1962,,,,,,
5/24/1962,,,,,,
5/25/1962,,,,,,
5/26/1962,,,,,,
5/27/1962,,,,,,
5/28/1962,,,,,,
5/29/1962,,,,,,
5/30/1962,,,,,,
5/31/1962,,,,,,
6/1/1962,,,,,,
6/2/1962,,,,,,
6/3/1962,,,,,,
6/4/1962,,,,,,
6/5/1962,,,,,,
6/6/1962,,,,,,
6/7/1962,,,,,,
6/8/1962,,,,,,
6/9/1962,,,,,,
6/10/1962,,,,,,
6/11/1962,,,,,,
6/12/1962,,,,,,
6/13/1962,,,,,,
6/14/1962,,,,,,
6/15/1962,,,,,,
6/16/1962,,,,,,
6/17/1962,,,,,,
6/18/1962,,,,,,
6/19/1962,,,,,,
6/20/1962,,,,,,
6/21/1962,,,,,,
6/22/1962,,,,,,
6/23/1962,,,,,,
6/24/1962,,,,,,
6/25/1962,,,,,,
6/26/1962,,,,,,
6/27/1962,,,,,,
6/28/1962,,,,,,
6/29/1962,,,,,,
6/30/1962,,,,,,
7/1/1962,,,,,,
7/2/1962,,,,,,
7/3/1962,,,,,,
7/4/1962,,,,,,
7/5/1962,,,,,,
7/6/1962,,,,,,
7/7/1962,,,,,,
7/8/1962,,,,,,
7/9/1962,,,,,,
7/10/1962,,,,,,
7/11/1962,,,,,,
7/12/1962,,,,,,
7/13/1962,,,,,,
7/14/1962,,,,,,
7/15/1962,,,,,,
7/16/1962,,,,,,
7/17/1962,,,,,,
7/18/1962,,,,,,
7/19/1962,,,,,,
7/20/1962,,,,,,
7/21/1962,,,,,,
7/22/1962,,,,,,
7/23/1962,,,,,,
7/24/1962,,,,,,
7/25/1962,,,,,,
7/26/1962,,,,,,
7/27/1962,,,,,,
7/28/1962,,,,,,
7/29/1962,,,,,,
7/30/1962,,,,,,
7/31/1962,,,,,,
8/1/1962,,,,,,
8/2/1962,,,,,,
8/3/1962,,,,,,
8/4/1962,,,,,,
8/5/1962,,,,,,
8/6/1962,,,,,,
8/7/1962,,,,,,
8/8/1962,,,,,,
8/9/1962,,,,,,
8/10/1962,,,,,,
8/11/1962,,,,,,
8/12/1962,,,,,,
8/13/1962,,,,,,
8/14/1962,,,,,,
8/15/1962,,,,,,
8/16/1962,,,,,,
8/17/1962,,,,,,
8/18/1962,,,,,,
8/19/1962,,,,,,
8/20/1962,,,,,,
8/21/1962,,,,,,
8/22/1962,,,,,,
8/23/1962,,,,,,
8/24/1962,,,,,,
8/25/1962,,,,,,
8/26/1962,,,,,,
8/27/1962,,,,,,
8/28/1962,,,,,,
8/29/1962,,,,,,
8/30/1962,,,,,,
8/31/1962,,,,,,
9/1/1962,,,,,,
9/2/1962,,,,,,
9/3/1962,,,,,,
9/4/1962,,,,,,
9/5/1962,,,,,,
9/6/1962,,,,,,
9/7/1962,,,,,,
9/8/1962,,,,,,
9/9/1962,,,,,,
9/10/1962,,,,,,
9/11/1962,,,,,,
9/12/1962,,,,,,
9/13/1962,,,,,,
9/14/1962,,,,,,
9/15/1962,,,,,,
9/16/1962,,,,,,
9/17/1962,,,,,,
9/18/1962,,,,,,
9/19/1962,,,,,,
9/20/1962,,,,,,
9/21/1962,,,,,,
9/22/1962,,,,,,
9/23/1962,,,,,,
9/24/1962,,,,,,
9/25/1962,,,,,,
9/26/1962,,,,,,
9/27/1962,,,,,,
9/28/1962,,,,,,
9/29/1962,,,,,,
9/30/1962,,,,,,
10/1/1962,,,,,,
10/2/1962,,,,,,
10/3/1962,,,,,,
10/4/1962,,,,,,
10/5/1962,,,,,,
10/6/1962,,,,,,
10/7/1962,,,,,,
10/8/1962,,,,,,
10/9/1962,,,,,,
10/10/1962,,,,,,
10/11/1962,,,,,,
10/12/1962,,,,,,
10/13/1962,,,,,,
10/14/1962,,,,,,
10/15/1962,,,,,,
10/16/1962,,,,,,
10/17/1962,,,,,,
10/18/1962,,,,,,
10/19/1962,,,,,,
10/20/1962,,,,,,
10/21/1962,,,,,,
10/22/1962,,,,,,
10/23/1962,,,,,,
10/24/1962,,,,,,
10/25/1962,,,,,,
10/26/1962,,,,,,
10/27/1962,,,,,,
10/28/1962,,,,,,
10/29/1962,,,,,,
10/30/1962,,,,,,
10/31/1962,,,,,,
11/1/1962,,,,,,
11/2/1962,,,,,,
11/3/1962,,,,,,
11/4/1962,,,,,,
11/5/1962,,,,,,
11/6/1962,,,,,,
11/7/1962,,,,,,
11/8/1962,,,,,,
11/9/1962,,,,,,
11/10/1962,,,,,,
11/11/1962,,,,,,
11/12/1962,,,,,,
11/13/1962,,,,,,
11/14/1962,,,,,,
11/15/1962,,,,,,
11/16/1962,,,,,,
11/17/1962,,,,,,
11/18/1962,,,,,,
11/19/1962,,,,,,
11/20/1962,,,,,,
11/21/1962,,,,,,
11/22/1962,,,,,,
11/23/1962,,,,,,
11/24/1962,,,,,,
11/25/1962,,,,,,
11/26/1962,,,,,,
11/27/1962,,,,,,
11/28/1962,,,,,,
11/29/1962,,,,,,
11/30/1962,,,,,,
12/1/1962,,,,,,
12/2/1962,,,,,,
12/3/1962,,,,,,
12/4/1962,,,,,,
12/5/1962,,,,,,
12/6/1962,,,,,,
12/7/1962,,,,,,
12/8/1962,,,,,,
12/9/1962,,,,,,
12/10/1962,,,,,,
12/11/1962,,,,,,
12/12/1962,,,,,,
12/13/1962,,,,,,
12/14/1962,,,,,,
12/15/1962,,,,,,
12/16/1962,,,,,,
12/17/1962,,,,,,
12/18/1962,,,,,,
12/19/1962,,,,,,
12/20/1962,,,,,,
12/21/1962,,,,,,
12/22/1962,,,,,,
12/23/1962,,,,,,
12/24/1962,,,,,,
12/25/1962,,,,,,
12/26/1962,,,,,,
12/27/1962,,,,,,
12/28/1962,,,,,,
12/29/1962,,,,,,
12/30/1962,,,,,,
12/31/1962,,,,,,
1/1/1963,,,,,,
1/2/1963,,,,,,
1/3/1963,,,,,,
1/4/1963,,,,,,
1/5/1963,,,,,,
1/6/1963,,,,,,
1/7/1963,,,,,,
1/8/1963,,,,,,
1/9/1963,,,,,,
1/10/1963,,,,,,
1/11/1963,,,,,,
1/12/1963,,,,,,
1/13/1963,,,,,,
1/14/1963,,,,,,
1/15/1963,,,,,,
1/16/1963,,,,,,
1/17/1963,,,,,,
1/18/1963,,,,,,
1/19/1963,,,,,,
1/20/1963,,,,,,
1/21/1963,,,,,,
1/22/1963,,,,,,
1/23/1963,,,,,,
1/24/1963,,,,,,
1/25/1963,,,,,,
1/26/1963,,,,,,
1/27/1963,,,,,,
1/28/1963,,,,,,
1/29/1963,,,,,,
1/30/1963,,,,,,
1/31/1963,,,,,,
2/1/1963,,,,,,
2/2/1963,,,,,,
2/3/1963,,,,,,
2/4/1963,,,,,,
2/5/1963,,,,,,
2/6/1963,,,,,,
2/7/1963,,,,,,
2/8/1963,,,,,,
2/9/1963,,,,,,
2/10/1963,,,,,,
2/11/1963,,,,,,
2/12/1963,,,,,,
2/13/1963,,,,,,
2/14/1963,,,,,,
2/15/1963,,,,,,
2/16/1963,,,,,,
2/17/1963,,,,,,
2/18/1963,,,,,,
2/19/1963,,,,,,
2/20/1963,,,,,,
2/21/1963,,,,,,
2/22/1963,,,,,,
2/23/1963,,,,,,
2/24/1963,,,,,,
2/25/1963,,,,,,
2/26/1963,,,,,,
2/27/1963,,,,,,
2/28/1963,,,,,,
3/1/1963,,,,,,
3/2/1963,,,,,,
3/3/1963,,,,,,
3/4/1963,,,,,,
3/5/1963,,,,,,
3/6/1963,,,,,,
3/7/1963,,,,,,
3/8/1963,,,,,,
3/9/1963,,,,,,
3/10/1963,,,,,,
3/11/1963,,,,,,
3/12/1963,,,,,,
3/13/1963,,,,,,
3/14/1963,,,,,,
3/15/1963,,,,,,
3/16/1963,,,,,,
3/17/1963,,,,,,
3/18/1963,,,,,,
3/19/1963,,,,,,
3/20/1963,,,,,,
3/21/1963,,,,,,
3/22/1963,,,,,,
3/23/1963,,,,,,
3/24/1963,,,,,,
3/25/1963,,,,,,
3/26/1963,,,,,,
3/27/1963,,,,,,
3/28/1963,,,,,,
3/29/1963,,,,,,
3/30/1963,,,,,,
3/31/1963,,,,,,
4/1/1963,,,,,,
4/2/1963,,,,,,
4/3/1963,,,,,,
4/4/1963,,,,,,
4/5/1963,,,,,,
4/6/1963,,,,,,
4/7/1963,,,,,,
4/8/1963,,,,,,
4/9/1963,,,,,,
4/10/1963,,,,,,
4/11/1963,,,,,,
4/12/1963,,,,,,
4/13/1963,,,,,,
4/14/1963,,,,,,
4/15/1963,,,,,,
4/16/1963,,,,,,
4/17/1963,,,,,,
4/18/1963,,,,,,
4/19/1963,,,,,,
4/20/1963,,,,,,
4/21/1963,,,,,,
4/22/1963,,,,,,
4/23/1963,,,,,,
4/24/1963,,,,,,
4/25/1963,,,,,,
4/26/1963,,,,,,
4/27/1963,,,,,,
4/28/1963,,,,,,
4/29/1963,,,,,,
4/30/1963,,,,,,
5/1/1963,,,,,,
5/2/1963,,,,,,
5/3/1963,,,,,,
5/4/1963,,,,,,
5/5/1963,,,,,,
5/6/1963,,,,,,
5/7/1963,,,,,,
5/8/1963,,,,,,
5/9/1963,,,,,,
5/10/1963,,,,,,
5/11/1963,,,,,,
5/12/1963,,,,,,
5/13/1963,,,,,,
5/14/1963,,,,,,
5/15/1963,,,,,,
5/16/1963,,,,,,
5/17/1963,,,,,,
5/18/1963,,,,,,
5/19/1963,,,,,,
5/20/1963,,,,,,
5/21/1963,,,,,,
5/22/1963,,,,,,
5/23/1963,,,,,,
5/24/1963,,,,,,
5/25/1963,,,,,,
5/26/1963,,,,,,
5/27/1963,,,,,,
5/28/1963,,,,,,
5/29/1963,,,,,,
5/30/1963,,,,,,
5/31/1963,,,,,,
6/1/1963,,,,,,
6/2/1963,,,,,,
6/3/1963,,,,,,
6/4/1963,,,,,,
6/5/1963,,,,,,
6/6/1963,,,,,,
6/7/1963,,,,,,
6/8/1963,,,,,,
6/9/1963,,,,,,
6/10/1963,,,,,,
6/11/1963,,,,,,
6/12/1963,,,,,,
6/13/1963,,,,,,
6/14/1963,,,,,,
6/15/1963,,,,,,
6/16/1963,,,,,,
6/17/1963,,,,,,
6/18/1963,,,,,,
6/19/1963,,,,,,
6/20/1963,,,,,,
6/21/1963,,,,,,
6/22/1963,,,,,,
6/23/1963,,,,,,
6/24/1963,,,,,,
6/25/1963,,,,,,
6/26/1963,,,,,,
6/27/1963,,,,,,
6/28/1963,,,,,,
6/29/1963,,,,,,
6/30/1963,,,,,,
7/1/1963,,,,,,
7/2/1963,,,,,,
7/3/1963,,,,,,
7/4/1963,,,,,,
7/5/1963,,,,,,
7/6/1963,,,,,,
7/7/1963,,,,,,
7/8/1963,,,,,,
7/9/1963,,,,,,
7/10/1963,,,,,,
7/11/1963,,,,,,
7/12/1963,,,,,,
7/13/1963,,,,,,
7/14/1963,,,,,,
7/15/1963,,,,,,
7/16/1963,,,,,,
7/17/1963,,,,,,
7/18/1963,,,,,,
7/19/1963,,,,,,
7/20/1963,,,,,,
7/21/1963,,,,,,
7/22/1963,,,,,,
7/23/1963,,,,,,
7/24/1963,,,,,,
7/25/1963,,,,,,
7/26/1963,,,,,,
7/27/1963,,,,,,
7/28/1963,,,,,,
7/29/1963,,,,,,
7/30/1963,,,,,,
7/31/1963,,,,,,
8/1/1963,,,,,,
8/2/1963,,,,,,
8/3/1963,,,,,,
8/4/1963,,,,,,
8/5/1963,,,,,,
8/6/1963,,,,,,
8/7/1963,,,,,,
8/8/1963,,,,,,
8/9/1963,,,,,,
8/10/1963,,,,,,
8/11/1963,,,,,,
8/12/1963,,,,,,
8/13/1963,,,,,,
8/14/1963,,,,,,
8/15/1963,,,,,,
8/16/1963,,,,,,
8/17/1963,,,,,,
8/18/1963,,,,,,
8/19/1963,,,,,,
8/20/1963,,,,,,
8/21/1963,,,,,,
8/22/1963,,,,,,
8/23/1963,,,,,,
8/24/1963,,,,,,
8/25/1963,,,,,,
8/26/1963,,,,,,
8/27/1963,,,,,,
8/28/1963,,,,,,
8/29/1963,,,,,,
8/30/1963,,,,,,
8/31/1963,,,,,,
9/1/1963,,,,,,
9/2/1963,,,,,,
9/3/1963,,,,,,
9/4/1963,,,,,,
9/5/1963,,,,,,
9/6/1963,,,,,,
9/7/1963,,,,,,
9/8/1963,,,,,,
9/9/1963,,,,,,
9/10/1963,,,,,,
9/11/1963,,,,,,
9/12/1963,,,,,,
9/13/1963,,,,,,
9/14/1963,,,,,,
9/15/1963,,,,,,
9/16/1963,,,,,,
9/17/1963,,,,,,
9/18/1963,,,,,,
9/19/1963,,,,,,
9/20/1963,,,,,,
9/21/1963,,,,,,
9/22/1963,,,,,,
9/23/1963,,,,,,
9/24/1963,,,,,,
9/25/1963,,,,,,
9/26/1963,,,,,,
9/27/1963,,,,,,
9/28/1963,,,,,,
9/29/1963,,,,,,
9/30/1963,,,,,,
10/1/1963,,,,,,
10/2/1963,,,,,,
10/3/1963,,,,,,
10/4/1963,,,,,,
10/5/1963,,,,,,
10/6/1963,,,,,,
10/7/1963,,,,,,
10/8/1963,,,,,,
10/9/1963,,,,,,
10/10/1963,,,,,,
10/11/1963,,,,,,
10/12/1963,,,,,,
10/13/1963,,,,,,
10/14/1963,,,,,,
10/15/1963,,,,,,
10/16/1963,,,,,,
10/17/1963,,,,,,
10/18/1963,,,,,,
10/19/1963,,,,,,
10/20/1963,,,,,,
10/21/1963,,,,,,
10/22/1963,,,,,,
10/23/1963,,,,,,
10/24/1963,,,,,,
10/25/1963,,,,,,
10/26/1963,,,,,,
10/27/1963,,,,,,
10/28/1963,,,,,,
10/29/1963,,,,,,
10/30/1963,,,,,,
10/31/1963,,,,,,
11/1/1963,,,,,,
11/2/1963,,,,,,
11/3/1963,,,,,,
11/4/1963,,,,,,
11/5/1963,,,,,,
11/6/1963,,,,,,
11/7/1963,,,,,,
11/8/1963,,,,,,
11/9/1963,,,,,,
11/10/1963,,,,,,
11/11/1963,,,,,,
11/12/1963,,,,,,
11/13/1963,,,,,,
11/14/1963,,,,,,
11/15/1963,,,,,,
11/16/1963,,,,,,
11/17/1963,,,,,,
11/18/1963,,,,,,
11/19/1963,,,,,,
11/20/1963,,,,,,
11/21/1963,,,,,,
11/22/1963,,,,,,
11/23/1963,,,,,,
11/24/1963,,,,,,
11/25/1963,,,,,,
11/26/1963,,,,,,
11/27/1963,,,,,,
11/28/1963,,,,,,
11/29/1963,,,,,,
11/30/1963,,,,,,
12/1/1963,,,,,,
12/2/1963,,,,,,
12/3/1963,,,,,,
12/4/1963,,,,,,
12/5/1963,,,,,,
12/6/1963,,,,,,
12/7/1963,,,,,,
12/8/1963,,,,,,
12/9/1963,,,,,,
12/10/1963,,,,,,
12/11/1963,,,,,,
12/12/1963,,,,,,
12/13/1963,,,,,,
12/14/1963,,,,,,
12/15/1963,,,,,,
12/16/1963,,,,,,
12/17/1963,,,,,,
12/18/1963,,,,,,
12/19/1963,,,,,,
12/20/1963,,,,,,
12/21/1963,,,,,,
12/22/1963,,,,,,
12/23/1963,,,,,,
12/24/1963,,,,,,
12/25/1963,,,,,,
12/26/1963,,,,,,
12/27/1963,,,,,,
12/28/1963,,,,,,
12/29/1963,,,,,,
12/30/1963,,,,,,
12/31/1963,,,,,,
1/1/1964,,,,,,
1/2/1964,,,,,,
1/3/1964,,,,,,
1/4/1964,,,,,,
1/5/1964,,,,,,
1/6/1964,,,,,,
1/7/1964,,,,,,
1/8/1964,,,,,,
1/9/1964,,,,,,
1/10/1964,,,,,,
1/11/1964,,,,,,
1/12/1964,,,,,,
1/13/1964,,,,,,
1/14/1964,,,,,,
1/15/1964,,,,,,
1/16/1964,,,,,,
1/17/1964,,,,,,
1/18/1964,,,,,,
1/19/1964,,,,,,
1/20/1964,,,,,,
1/21/1964,,,,,,
1/22/1964,,,,,,
1/23/1964,,,,,,
1/24/1964,,,,,,
1/25/1964,,,,,,
1/26/1964,,,,,,
1/27/1964,,,,,,
1/28/1964,,,,,,
1/29/1964,,,,,,
1/30/1964,,,,,,
1/31/1964,,,,,,
2/1/1964,,,,,,
2/2/1964,,,,,,
2/3/1964,,,,,,
2/4/1964,,,,,,
2/5/1964,,,,,,
2/6/1964,,,,,,
2/7/1964,,,,,,
2/8/1964,,,,,,
2/9/1964,,,,,,
2/10/1964,,,,,,
2/11/1964,,,,,,
2/12/1964,,,,,,
2/13/1964,,,,,,
2/14/1964,,,,,,
2/15/1964,,,,,,
2/16/1964,,,,,,
2/17/1964,,,,,,
2/18/1964,,,,,,
2/19/1964,,,,,,
2/20/1964,,,,,,
2/21/1964,,,,,,
2/22/1964,,,,,,
2/23/1964,,,,,,
2/24/1964,,,,,,
2/25/1964,,,,,,
2/26/1964,,,,,,
2/27/1964,,,,,,
2/28/1964,,,,,,
2/29/1964,,,,,,
3/1/1964,,,,,,
3/2/1964,,,,,,
3/3/1964,,,,,,
3/4/1964,,,,,,
3/5/1964,,,,,,
3/6/1964,,,,,,
3/7/1964,,,,,,
3/8/1964,,,,,,
3/9/1964,,,,,,
3/10/1964,,,,,,
3/11/1964,,,,,,
3/12/1964,,,,,,
3/13/1964,,,,,,
3/14/1964,,,,,,
3/15/1964,,,,,,
3/16/1964,,,,,,
3/17/1964,,,,,,
3/18/1964,,,,,,
3/19/1964,,,,,,
3/20/1964,,,,,,
3/21/1964,,,,,,
3/22/1964,,,,,,
3/23/1964,,,,,,
3/24/1964,,,,,,
3/25/1964,,,,,,
3/26/1964,,,,,,
3/27/1964,,,,,,
3/28/1964,,,,,,
3/29/1964,,,,,,
3/30/1964,,,,,,
3/31/1964,,,,,,
4/1/1964,,,,,,
4/2/1964,,,,,,
4/3/1964,,,,,,
4/4/1964,,,,,,
4/5/1964,,,,,,
4/6/1964,,,,,,
4/7/1964,,,,,,
4/8/1964,,,,,,
4/9/1964,,,,,,
4/10/1964,,,,,,
4/11/1964,,,,,,
4/12/1964,,,,,,
4/13/1964,,,,,,
4/14/1964,,,,,,
4/15/1964,,,,,,
4/16/1964,,,,,,
4/17/1964,,,,,,
4/18/1964,,,,,,
4/19/1964,,,,,,
4/20/1964,,,,,,
4/21/1964,,,,,,
4/22/1964,,,,,,
4/23/1964,,,,,,
4/24/1964,,,,,,
4/25/1964,,,,,,
4/26/1964,,,,,,
4/27/1964,,,,,,
4/28/1964,,,,,,
4/29/1964,,,,,,
4/30/1964,,,,,,
5/1/1964,,,,,,
5/2/1964,,,,,,
5/3/1964,,,,,,
5/4/1964,,,,,,
5/5/1964,,,,,,
5/6/1964,,,,,,
5/7/1964,,,,,,
5/8/1964,,,,,,
5/9/1964,,,,,,
5/10/1964,,,,,,
5/11/1964,,,,,,
5/12/1964,,,,,,
5/13/1964,,,,,,
5/14/1964,,,,,,
5/15/1964,,,,,,
5/16/1964,,,,,,
5/17/1964,,,,,,
5/18/1964,,,,,,
5/19/1964,,,,,,
5/20/1964,,,,,,
5/21/1964,,,,,,
5/22/1964,,,,,,
5/23/1964,,,,,,
5/24/1964,,,,,,
5/25/1964,,,,,,
5/26/1964,,,,,,
5/27/1964,,,,,,
5/28/1964,,,,,,
5/29/1964,,,,,,
5/30/1964,,,,,,
5/31/1964,,,,,,
6/1/1964,,,,,,
6/2/1964,,,,,,
6/3/1964,,,,,,
6/4/1964,,,,,,
6/5/1964,,,,,,
6/6/1964,,,,,,
6/7/1964,,,,,,
6/8/1964,,,,,,
6/9/1964,,,,,,
6/10/1964,,,,,,
6/11/1964,,,,,,
6/12/1964,,,,,,
6/13/1964,,,,,,
6/14/1964,,,,,,
6/15/1964,,,,,,
6/16/1964,,,,,,
6/17/1964,,,,,,
6/18/1964,,,,,,
6/19/1964,,,,,,
6/20/1964,,,,,,
6/21/1964,,,,,,
6/22/1964,,,,,,
6/23/1964,,,,,,
6/24/1964,,,,,,
6/25/1964,,,,,,
6/26/1964,,,,,,
6/27/1964,,,,,,
6/28/1964,,,,,,
6/29/1964,,,,,,
6/30/1964,,,,,,
7/1/1964,,,,,,
7/2/1964,,,,,,
7/3/1964,,,,,,
7/4/1964,,,,,,
7/5/1964,,,,,,
7/6/1964,,,,,,
7/7/1964,,,,,,
7/8/1964,,,,,,
7/9/1964,,,,,,
7/10/1964,,,,,,
7/11/1964,,,,,,
7/12/1964,,,,,,
7/13/1964,,,,,,
7/14/1964,,,,,,
7/15/1964,,,,,,
7/16/1964,,,,,,
7/17/1964,,,,,,
7/18/1964,,,,,,
7/19/1964,,,,,,
7/20/1964,,,,,,
7/21/1964,,,,,,
7/22/1964,,,,,,
7/23/1964,,,,,,
7/24/1964,,,,,,
7/25/1964,,,,,,
7/26/1964,,,,,,
7/27/1964,,,,,,
7/28/1964,,,,,,
7/29/1964,,,,,,
7/30/1964,,,,,,
7/31/1964,,,,,,
8/1/1964,,,,,,
8/2/1964,,,,,,
8/3/1964,,,,,,
8/4/1964,,,,,,
8/5/1964,,,,,,
8/6/1964,,,,,,
8/7/1964,,,,,,
8/8/1964,,,,,,
8/9/1964,,,,,,
8/10/1964,,,,,,
8/11/1964,,,,,,
8/12/1964,,,,,,
8/13/1964,,,,,,
8/14/1964,,,,,,
8/15/1964,,,,,,
8/16/1964,,,,,,
8/17/1964,,,,,,
8/18/1964,,,,,,
8/19/1964,,,,,,
8/20/1964,,,,,,
8/21/1964,,,,,,
8/22/1964,,,,,,
8/23/1964,,,,,,
8/24/1964,,,,,,
8/25/1964,,,,,,
8/26/1964,,,,,,
8/27/1964,,,,,,
8/28/1964,,,,,,
8/29/1964,,,,,,
8/30/1964,,,,,,
8/31/1964,,,,,,
9/1/1964,,,,,,
9/2/1964,,,,,,
9/3/1964,,,,,,
9/4/1964,,,,,,
9/5/1964,,,,,,
9/6/1964,,,,,,
9/7/1964,,,,,,
9/8/1964,,,,,,
9/9/1964,,,,,,
9/10/1964,,,,,,
9/11/1964,,,,,,
9/12/1964,,,,,,
9/13/1964,,,,,,
9/14/1964,,,,,,
9/15/1964,,,,,,
9/16/1964,,,,,,
9/17/1964,,,,,,
9/18/1964,,,,,,
9/19/1964,,,,,,
9/20/1964,,,,,,
9/21/1964,,,,,,
9/22/1964,,,,,,
9/23/1964,,,,,,
9/24/1964,,,,,,
9/25/1964,,,,,,
9/26/1964,,,,,,
9/27/1964,,,,,,
9/28/1964,,,,,,
9/29/1964,,,,,,
9/30/1964,,,,,,
10/1/1964,,,,,,
10/2/1964,,,,,,
10/3/1964,,,,,,
10/4/1964,,,,,,
10/5/1964,,,,,,
10/6/1964,,,,,,
10/7/1964,,,,,,
10/8/1964,,,,,,
10/9/1964,,,,,,
10/10/1964,,,,,,
10/11/1964,,,,,,
10/12/1964,,,,,,
10/13/1964,,,,,,
10/14/1964,,,,,,
10/15/1964,,,,,,
10/16/1964,,,,,,
10/17/1964,,,,,,
10/18/1964,,,,,,
10/19/1964,,,,,,
10/20/1964,,,,,,
10/21/1964,,,,,,
10/22/1964,,,,,,
10/23/1964,,,,,,
10/24/1964,,,,,,
10/25/1964,,,,,,
10/26/1964,,,,,,
10/27/1964,,,,,,
10/28/1964,,,,,,
10/29/1964,,,,,,
10/30/1964,,,,,,
10/31/1964,,,,,,
11/1/1964,,,,,,
11/2/1964,,,,,,
11/3/1964,,,,,,
11/4/1964,,,,,,
11/5/1964,,,,,,
11/6/1964,,,,,,
11/7/1964,,,,,,
11/8/1964,,,,,,
11/9/1964,,,,,,
11/10/1964,,,,,,
11/11/1964,,,,,,
11/12/1964,,,,,,
11/13/1964,,,,,,
11/14/1964,,,,,,
11/15/1964,,,,,,
11/16/1964,,,,,,
11/17/1964,,,,,,
11/18/1964,,,,,,
11/19/1964,,,,,,
11/20/1964,,,,,,
11/21/1964,,,,,,
11/22/1964,,,,,,
11/23/1964,,,,,,
11/24/1964,,,,,,
11/25/1964,,,,,,
11/26/1964,,,,,,
11/27/1964,,,,,,
11/28/1964,,,,,,
11/29/1964,,,,,,
11/30/1964,,,,,,
12/1/1964,,,,,,
12/2/1964,,,,,,
12/3/1964,,,,,,
12/4/1964,,,,,,
12/5/1964,,,,,,
12/6/1964,,,,,,
12/7/1964,,,,,,
12/8/1964,,,,,,
12/9/1964,,,,,,
12/10/1964,,,,,,
12/11/1964,,,,,,
12/12/1964,,,,,,
12/13/1964,,,,,,
12/14/1964,,,,,,
12/15/1964,,,,,,
12/16/1964,,,,,,
12/17/1964,,,,,,
12/18/1964,,,,,,
12/19/1964,,,,,,
12/20/1964,,,,,,
12/21/1964,,,,,,
12/22/1964,,,,,,
12/23/1964,,,,,,
12/24/1964,,,,,,
12/25/1964,,,,,,
12/26/1964,,,,,,
12/27/1964,,,,,,
12/28/1964,,,,,,
12/29/1964,,,,,,
12/30/1964,,,,,,
12/31/1964,,,,,,
1/1/1965,,,,,,
1/2/1965,,,,,,
1/3/1965,,,,,,
1/4/1965,,,,,,
1/5/1965,,,,,,
1/6/1965,,,,,,
1/7/1965,,,,,,
1/8/1965,,,,,,
1/9/1965,,,,,,
1/10/1965,,,,,,
1/11/1965,,,,,,
1/12/1965,,,,,,
1/13/1965,,,,,,
1/14/1965,,,,,,
1/15/1965,,,,,,
1/16/1965,,,,,,
1/17/1965,,,,,,
1/18/1965,,,,,,
1/19/1965,,,,,,
1/20/1965,,,,,,
1/21/1965,,,,,,
1/22/1965,,,,,,
1/23/1965,,,,,,
1/24/1965,,,,,,
1/25/1965,,,,,,
1/26/1965,,,,,,
1/27/1965,,,,,,
1/28/1965,,,,,,
1/29/1965,,,,,,
1/30/1965,,,,,,
1/31/1965,,,,,,
2/1/1965,,,,,,
2/2/1965,,,,,,
2/3/1965,,,,,,
2/4/1965,,,,,,
2/5/1965,,,,,,
2/6/1965,,,,,,
2/7/1965,,,,,,
2/8/1965,,,,,,
2/9/1965,,,,,,
2/10/1965,,,,,,
2/11/1965,,,,,,
2/12/1965,,,,,,
2/13/1965,,,,,,
2/14/1965,,,,,,
2/15/1965,,,,,,
2/16/1965,,,,,,
2/17/1965,,,,,,
2/18/1965,,,,,,
2/19/1965,,,,,,
2/20/1965,,,,,,
2/21/1965,,,,,,
2/22/1965,,,,,,
2/23/1965,,,,,,
2/24/1965,,,,,,
2/25/1965,,,,,,
2/26/1965,,,,,,
2/27/1965,,,,,,
2/28/1965,,,,,,
3/1/1965,,,,,,
3/2/1965,,,,,,
3/3/1965,,,,,,
3/4/1965,,,,,,
3/5/1965,,,,,,
3/6/1965,,,,,,
3/7/1965,,,,,,
3/8/1965,,,,,,
3/9/1965,,,,,,
3/10/1965,,,,,,
3/11/1965,,,,,,
3/12/1965,,,,,,
3/13/1965,,,,,,
3/14/1965,,,,,,
3/15/1965,,,,,,
3/16/1965,,,,,,
3/17/1965,,,,,,
3/18/1965,,,,,,
3/19/1965,,,,,,
3/20/1965,,,,,,
3/21/1965,,,,,,
3/22/1965,,,,,,
3/23/1965,,,,,,
3/24/1965,,,,,,
3/25/1965,,,,,,
3/26/1965,,,,,,
3/27/1965,,,,,,
3/28/1965,,,,,,
3/29/1965,,,,,,
3/30/1965,,,,,,
3/31/1965,,,,,,
4/1/1965,,,,,,
4/2/1965,,,,,,
4/3/1965,,,,,,
4/4/1965,,,,,,
4/5/1965,,,,,,
4/6/1965,,,,,,
4/7/1965,,,,,,
4/8/1965,,,,,,
4/9/1965,,,,,,
4/10/1965,,,,,,
4/11/1965,,,,,,
4/12/1965,,,,,,
4/13/1965,,,,,,
4/14/1965,,,,,,
4/15/1965,,,,,,
4/16/1965,,,,,,
4/17/1965,,,,,,
4/18/1965,,,,,,
4/19/1965,,,,,,
4/20/1965,,,,,,
4/21/1965,,,,,,
4/22/1965,,,,,,
4/23/1965,,,,,,
4/24/1965,,,,,,
4/25/1965,,,,,,
4/26/1965,,,,,,
4/27/1965,,,,,,
4/28/1965,,,,,,
4/29/1965,,,,,,
4/30/1965,,,,,,
5/1/1965,,,,,,
5/2/1965,,,,,,
5/3/1965,,,,,,
5/4/1965,,,,,,
5/5/1965,,,,,,
5/6/1965,,,,,,
5/7/1965,,,,,,
5/8/1965,,,,,,
5/9/1965,,,,,,
5/10/1965,,,,,,
5/11/1965,,,,,,
5/12/1965,,,,,,
5/13/1965,,,,,,
5/14/1965,,,,,,
5/15/1965,,,,,,
5/16/1965,,,,,,
5/17/1965,,,,,,
5/18/1965,,,,,,
5/19/1965,,,,,,
5/20/1965,,,,,,
5/21/1965,,,,,,
5/22/1965,,,,,,
5/23/1965,,,,,,
5/24/1965,,,,,,
5/25/1965,,,,,,
5/26/1965,,,,,,
5/27/1965,,,,,,
5/28/1965,,,,,,
5/29/1965,,,,,,
5/30/1965,,,,,,
5/31/1965,,,,,,
6/1/1965,,,,,,
6/2/1965,,,,,,
6/3/1965,,,,,,
6/4/1965,,,,,,
6/5/1965,,,,,,
6/6/1965,,,,,,
6/7/1965,,,,,,
6/8/1965,,,,,,
6/9/1965,,,,,,
6/10/1965,,,,,,
6/11/1965,,,,,,
6/12/1965,,,,,,
6/13/1965,,,,,,
6/14/1965,,,,,,
6/15/1965,,,,,,
6/16/1965,,,,,,
6/17/1965,,,,,,
6/18/1965,,,,,,
6/19/1965,,,,,,
6/20/1965,,,,,,
6/21/1965,,,,,,
6/22/1965,,,,,,
6/23/1965,,,,,,
6/24/1965,,,,,,
6/25/1965,,,,,,
6/26/1965,,,,,,
6/27/1965,,,,,,
6/28/1965,,,,,,
6/29/1965,,,,,,
6/30/1965,,,,,,
7/1/1965,,,,,,
7/2/1965,,,,,,
7/3/1965,,,,,,
7/4/1965,,,,,,
7/5/1965,,,,,,
7/6/1965,,,,,,
7/7/1965,,,,,,
7/8/1965,,,,,,
7/9/1965,,,,,,
7/10/1965,,,,,,
7/11/1965,,,,,,
7/12/1965,,,,,,
7/13/1965,,,,,,
7/14/1965,,,,,,
7/15/1965,,,,,,
7/16/1965,,,,,,
7/17/1965,,,,,,
7/18/1965,,,,,,
7/19/1965,,,,,,
7/20/1965,,,,,,
7/21/1965,,,,,,
7/22/1965,,,,,,
7/23/1965,,,,,,
7/24/1965,,,,,,
7/25/1965,,,,,,
7/26/1965,,,,,,
7/27/1965,,,,,,
7/28/1965,,,,,,
7/29/1965,,,,,,
7/30/1965,,,,,,
7/31/1965,,,,,,
8/1/1965,,,,,,
8/2/1965,,,,,,
8/3/1965,,,,,,
8/4/1965,,,,,,
8/5/1965,,,,,,
8/6/1965,,,,,,
8/7/1965,,,,,,
8/8/1965,,,,,,
8/9/1965,,,,,,
8/10/1965,,,,,,
8/11/1965,,,,,,
8/12/1965,,,,,,
8/13/1965,,,,,,
8/14/1965,,,,,,
8/15/1965,,,,,,
8/16/1965,,,,,,
8/17/1965,,,,,,
8/18/1965,,,,,,
8/19/1965,,,,,,
8/20/1965,,,,,,
8/21/1965,,,,,,
8/22/1965,,,,,,
8/23/1965,,,,,,
8/24/1965,,,,,,
8/25/1965,,,,,,
8/26/1965,,,,,,
8/27/1965,,,,,,
8/28/1965,,,,,,
8/29/1965,,,,,,
8/30/1965,,,,,,
8/31/1965,,,,,,
9/1/1965,,,,,,
9/2/1965,,,,,,
9/3/1965,,,,,,
9/4/1965,,,,,,
9/5/1965,,,,,,
9/6/1965,,,,,,
9/7/1965,,,,,,
9/8/1965,,,,,,
9/9/1965,,,,,,
9/10/1965,,,,,,
9/11/1965,,,,,,
9/12/1965,,,,,,
9/13/1965,,,,,,
9/14/1965,,,,,,
9/15/1965,,,,,,
9/16/1965,,,,,,
9/17/1965,,,,,,
9/18/1965,,,,,,
9/19/1965,,,,,,
9/20/1965,,,,,,
9/21/1965,,,,,,
9/22/1965,,,,,,
9/23/1965,,,,,,
9/24/1965,,,,,,
9/25/1965,,,,,,
9/26/1965,,,,,,
9/27/1965,,,,,,
9/28/1965,,,,,,
9/29/1965,,,,,,
9/30/1965,,,,,,
10/1/1965,,,,,,
10/2/1965,,,,,,
10/3/1965,,,,,,
10/4/1965,,,,,,
10/5/1965,,,,,,
10/6/1965,,,,,,
10/7/1965,,,,,,
10/8/1965,,,,,,
10/9/1965,,,,,,
10/10/1965,,,,,,
10/11/1965,,,,,,
10/12/1965,,,,,,
10/13/1965,,,,,,
10/14/1965,,,,,,
10/15/1965,,,,,,
10/16/1965,,,,,,
10/17/1965,,,,,,
10/18/1965,,,,,,
10/19/1965,,,,,,
10/20/1965,,,,,,
10/21/1965,,,,,,
10/22/1965,,,,,,
10/23/1965,,,,,,
10/24/1965,,,,,,
10/25/1965,,,,,,
10/26/1965,,,,,,
10/27/1965,,,,,,
10/28/1965,,,,,,
10/29/1965,,,,,,
10/30/1965,,,,,,
10/31/1965,,,,,,
11/1/1965,,,,,,
11/2/1965,,,,,,
11/3/1965,,,,,,
11/4/1965,,,,,,
11/5/1965,,,,,,
11/6/1965,,,,,,
11/7/1965,,,,,,
11/8/1965,,,,,,
11/9/1965,,,,,,
11/10/1965,,,,,,
11/11/1965,,,,,,
11/12/1965,,,,,,
11/13/1965,,,,,,
11/14/1965,,,,,,
11/15/1965,,,,,,
11/16/1965,,,,,,
11/17/1965,,,,,,
11/18/1965,,,,,,
11/19/1965,,,,,,
11/20/1965,,,,,,
11/21/1965,,,,,,
11/22/1965,,,,,,
11/23/1965,,,,,,
11/24/1965,,,,,,
11/25/1965,,,,,,
11/26/1965,,,,,,
11/27/1965,,,,,,
11/28/1965,,,,,,
11/29/1965,,,,,,
11/30/1965,,,,,,
12/1/1965,,,,,,
12/2/1965,,,,,,
12/3/1965,,,,,,
12/4/1965,,,,,,
12/5/1965,,,,,,
12/6/1965,,,,,,
12/7/1965,,,,,,
12/8/1965,,,,,,
12/9/1965,,,,,,
12/10/1965,,,,,,
12/11/1965,,,,,,
12/12/1965,,,,,,
12/13/1965,,,,,,
12/14/1965,,,,,,
12/15/1965,,,,,,
12/16/1965,,,,,,
12/17/1965,,,,,,
12/18/1965,,,,,,
12/19/1965,,,,,,
12/20/1965,,,,,,
12/21/1965,,,,,,
12/22/1965,,,,,,
12/23/1965,,,,,,
12/24/1965,,,,,,
12/25/1965,,,,,,
12/26/1965,,,,,,
12/27/1965,,,,,,
12/28/1965,,,,,,
12/29/1965,,,,,,
12/30/1965,,,,,,
12/31/1965,,,,,,
1/1/1966,,,,,,
1/2/1966,,,,,,
1/3/1966,,,,,,
1/4/1966,,,,,,
1/5/1966,,,,,,
1/6/1966,,,,,,
1/7/1966,,,,,,
1/8/1966,,,,,,
1/9/1966,,,,,,
1/10/1966,,,,,,
1/11/1966,,,,,,
1/12/1966,,,,,,
1/13/1966,,,,,,
1/14/1966,,,,,,
1/15/1966,,,,,,
1/16/1966,,,,,,
1/17/1966,,,,,,
1/18/1966,,,,,,
1/19/1966,,,,,,
1/20/1966,,,,,,
1/21/1966,,,,,,
1/22/1966,,,,,,
1/23/1966,,,,,,
1/24/1966,,,,,,
1/25/1966,,,,,,
1/26/1966,,,,,,
1/27/1966,,,,,,
1/28/1966,,,,,,
1/29/1966,,,,,,
1/30/1966,,,,,,
1/31/1966,,,,,,
2/1/1966,,,,,,
2/2/1966,,,,,,
2/3/1966,,,,,,
2/4/1966,,,,,,
2/5/1966,,,,,,
2/6/1966,,,,,,
2/7/1966,,,,,,
2/8/1966,,,,,,
2/9/1966,,,,,,
2/10/1966,,,,,,
2/11/1966,,,,,,
2/12/1966,,,,,,
2/13/1966,,,,,,
2/14/1966,,,,,,
2/15/1966,,,,,,
2/16/1966,,,,,,
2/17/1966,,,,,,
2/18/1966,,,,,,
2/19/1966,,,,,,
2/20/1966,,,,,,
2/21/1966,,,,,,
2/22/1966,,,,,,
2/23/1966,,,,,,
2/24/1966,,,,,,
2/25/1966,,,,,,
2/26/1966,,,,,,
2/27/1966,,,,,,
2/28/1966,,,,,,
3/1/1966,,,,,,
3/2/1966,,,,,,
3/3/1966,,,,,,
3/4/1966,,,,,,
3/5/1966,,,,,,
3/6/1966,,,,,,
3/7/1966,,,,,,
3/8/1966,,,,,,
3/9/1966,,,,,,
3/10/1966,,,,,,
3/11/1966,,,,,,
3/12/1966,,,,,,
3/13/1966,,,,,,
3/14/1966,,,,,,
3/15/1966,,,,,,
3/16/1966,,,,,,
3/17/1966,,,,,,
3/18/1966,,,,,,
3/19/1966,,,,,,
3/20/1966,,,,,,
3/21/1966,,,,,,
3/22/1966,,,,,,
3/23/1966,,,,,,
3/24/1966,,,,,,
3/25/1966,,,,,,
3/26/1966,,,,,,
3/27/1966,,,,,,
3/28/1966,,,,,,
3/29/1966,,,,,,
3/30/1966,,,,,,
3/31/1966,,,,,,
4/1/1966,,,,,,
4/2/1966,,,,,,
4/3/1966,,,,,,
4/4/1966,,,,,,
4/5/1966,,,,,,
4/6/1966,,,,,,
4/7/1966,,,,,,
4/8/1966,,,,,,
4/9/1966,,,,,,
4/10/1966,,,,,,
4/11/1966,,,,,,
4/12/1966,,,,,,
4/13/1966,,,,,,
4/14/1966,,,,,,
4/15/1966,,,,,,
4/16/1966,,,,,,
4/17/1966,,,,,,
4/18/1966,,,,,,
4/19/1966,,,,,,
4/20/1966,,,,,,
4/21/1966,,,,,,
4/22/1966,,,,,,
4/23/1966,,,,,,
4/24/1966,,,,,,
4/25/1966,,,,,,
4/26/1966,,,,,,
4/27/1966,,,,,,
4/28/1966,,,,,,
4/29/1966,,,,,,
4/30/1966,,,,,,
5/1/1966,,,,,,
5/2/1966,,,,,,
5/3/1966,,,,,,
5/4/1966,,,,,,
5/5/1966,,,,,,
5/6/1966,,,,,,
5/7/1966,,,,,,
5/8/1966,,,,,,
5/9/1966,,,,,,
5/10/1966,,,,,,
5/11/1966,,,,,,
5/12/1966,,,,,,
5/13/1966,,,,,,
5/14/1966,,,,,,
5/15/1966,,,,,,
5/16/1966,,,,,,
5/17/1966,,,,,,
5/18/1966,,,,,,
5/19/1966,,,,,,
5/20/1966,,,,,,
5/21/1966,,,,,,
5/22/1966,,,,,,
5/23/1966,,,,,,
5/24/1966,,,,,,
5/25/1966,,,,,,
5/26/1966,,,,,,
5/27/1966,,,,,,
5/28/1966,,,,,,
5/29/1966,,,,,,
5/30/1966,,,,,,
5/31/1966,,,,,,
6/1/1966,,,,,,
6/2/1966,,,,,,
6/3/1966,,,,,,
6/4/1966,,,,,,
6/5/1966,,,,,,
6/6/1966,,,,,,
6/7/1966,,,,,,
6/8/1966,,,,,,
6/9/1966,,,,,,
6/10/1966,,,,,,
6/11/1966,,,,,,
6/12/1966,,,,,,
6/13/1966,,,,,,
6/14/1966,,,,,,
6/15/1966,,,,,,
6/16/1966,,,,,,
6/17/1966,,,,,,
6/18/1966,,,,,,
6/19/1966,,,,,,
6/20/1966,,,,,,
6/21/1966,,,,,,
6/22/1966,,,,,,
6/23/1966,,,,,,
6/24/1966,,,,,,
6/25/1966,,,,,,
6/26/1966,,,,,,
6/27/1966,,,,,,
6/28/1966,,,,,,
6/29/1966,,,,,,
6/30/1966,,,,,,
7/1/1966,,,,,,
7/2/1966,,,,,,
7/3/1966,,,,,,
7/4/1966,,,,,,
7/5/1966,,,,,,
7/6/1966,,,,,,
7/7/1966,,,,,,
7/8/1966,,,,,,
7/9/1966,,,,,,
7/10/1966,,,,,,
7/11/1966,,,,,,
7/12/1966,,,,,,
7/13/1966,,,,,,
7/14/1966,,,,,,
7/15/1966,,,,,,
7/16/1966,,,,,,
7/17/1966,,,,,,
7/18/1966,,,,,,
7/19/1966,,,,,,
7/20/1966,,,,,,
7/21/1966,,,,,,
7/22/1966,,,,,,
7/23/1966,,,,,,
7/24/1966,,,,,,
7/25/1966,,,,,,
7/26/1966,,,,,,
7/27/1966,,,,,,
7/28/1966,,,,,,
7/29/1966,,,,,,
7/30/1966,,,,,,
7/31/1966,,,,,,
8/1/1966,,,,,,
8/2/1966,,,,,,
8/3/1966,,,,,,
8/4/1966,,,,,,
8/5/1966,,,,,,
8/6/1966,,,,,,
8/7/1966,,,,,,
8/8/1966,,,,,,
8/9/1966,,,,,,
8/10/1966,,,,,,
8/11/1966,,,,,,
8/12/1966,,,,,,
8/13/1966,,,,,,
8/14/1966,,,,,,
8/15/1966,,,,,,
8/16/1966,,,,,,
8/17/1966,,,,,,
8/18/1966,,,,,,
8/19/1966,,,,,,
8/20/1966,,,,,,
8/21/1966,,,,,,
8/22/1966,,,,,,
8/23/1966,,,,,,
8/24/1966,,,,,,
8/25/1966,,,,,,
8/26/1966,,,,,,
8/27/1966,,,,,,
8/28/1966,,,,,,
8/29/1966,,,,,,
8/30/1966,,,,,,
8/31/1966,,,,,,
9/1/1966,,,,,,
9/2/1966,,,,,,
9/3/1966,,,,,,
9/4/1966,,,,,,
9/5/1966,,,,,,
9/6/1966,,,,,,
9/7/1966,,,,,,
9/8/1966,,,,,,
9/9/1966,,,,,,
9/10/1966,,,,,,
9/11/1966,,,,,,
9/12/1966,,,,,,
9/13/1966,,,,,,
9/14/1966,,,,,,
9/15/1966,,,,,,
9/16/1966,,,,,,
9/17/1966,,,,,,
9/18/1966,,,,,,
9/19/1966,,,,,,
9/20/1966,,,,,,
9/21/1966,,,,,,
9/22/1966,,,,,,
9/23/1966,,,,,,
9/24/1966,,,,,,
9/25/1966,,,,,,
9/26/1966,,,,,,
9/27/1966,,,,,,
9/28/1966,,,,,,
9/29/1966,,,,,,
9/30/1966,,,,,,
10/1/1966,,,,,,
10/2/1966,,,,,,
10/3/1966,,,,,,
10/4/1966,,,,,,
10/5/1966,,,,,,
10/6/1966,,,,,,
10/7/1966,,,,,,
10/8/1966,,,,,,
10/9/1966,,,,,,
10/10/1966,,,,,,
10/11/1966,,,,,,
10/12/1966,,,,,,
10/13/1966,,,,,,
10/14/1966,,,,,,
10/15/1966,,,,,,
10/16/1966,,,,,,
10/17/1966,,,,,,
10/18/1966,,,,,,
10/19/1966,,,,,,
10/20/1966,,,,,,
10/21/1966,,,,,,
10/22/1966,,,,,,
10/23/1966,,,,,,
10/24/1966,,,,,,
10/25/1966,,,,,,
10/26/1966,,,,,,
10/27/1966,,,,,,
10/28/1966,,,,,,
10/29/1966,,,,,,
10/30/1966,,,,,,
10/31/1966,,,,,,
11/1/1966,,,,,,
11/2/1966,,,,,,
11/3/1966,,,,,,
11/4/1966,,,,,,
11/5/1966,,,,,,
11/6/1966,,,,,,
11/7/1966,,,,,,
11/8/1966,,,,,,
11/9/1966,,,,,,
11/10/1966,,,,,,
11/11/1966,,,,,,
11/12/1966,,,,,,
11/13/1966,,,,,,
11/14/1966,,,,,,
11/15/1966,,,,,,
11/16/1966,,,,,,
11/17/1966,,,,,,
11/18/1966,,,,,,
11/19/1966,,,,,,
11/20/1966,,,,,,
11/21/1966,,,,,,
11/22/1966,,,,,,
11/23/1966,,,,,,
11/24/1966,,,,,,
11/25/1966,,,,,,
11/26/1966,,,,,,
11/27/1966,,,,,,
11/28/1966,,,,,,
11/29/1966,,,,,,
11/30/1966,,,,,,
12/1/1966,,,,,,
12/2/1966,,,,,,
12/3/1966,,,,,,
12/4/1966,,,,,,
12/5/1966,,,,,,
12/6/1966,,,,,,
12/7/1966,,,,,,
12/8/1966,,,,,,
12/9/1966,,,,,,
12/10/1966,,,,,,
12/11/1966,,,,,,
12/12/1966,,,,,,
12/13/1966,,,,,,
12/14/1966,,,,,,
12/15/1966,,,,,,
12/16/1966,,,,,,
12/17/1966,,,,,,
12/18/1966,,,,,,
12/19/1966,,,,,,
12/20/1966,,,,,,
12/21/1966,,,,,,
12/22/1966,,,,,,
12/23/1966,,,,,,
12/24/1966,,,,,,
12/25/1966,,,,,,
12/26/1966,,,,,,
12/27/1966,,,,,,
12/28/1966,,,,,,
12/29/1966,,,,,,
12/30/1966,,,,,,
12/31/1966,,,,,,
1/1/1967,,,,,,
1/2/1967,,,,,,
1/3/1967,,,,,,
1/4/1967,,,,,,
1/5/1967,,,,,,
1/6/1967,,,,,,
1/7/1967,,,,,,
1/8/1967,,,,,,
1/9/1967,,,,,,
1/10/1967,,,,,,
1/11/1967,,,,,,
1/12/1967,,,,,,
1/13/1967,,,,,,
1/14/1967,,,,,,
1/15/1967,,,,,,
1/16/1967,,,,,,
1/17/1967,,,,,,
1/18/1967,,,,,,
1/19/1967,,,,,,
1/20/1967,,,,,,
1/21/1967,,,,,,
1/22/1967,,,,,,
1/23/1967,,,,,,
1/24/1967,,,,,,
1/25/1967,,,,,,
1/26/1967,,,,,,
1/27/1967,,,,,,
1/28/1967,,,,,,
1/29/1967,,,,,,
1/30/1967,,,,,,
1/31/1967,,,,,,
2/1/1967,,,,,,
2/2/1967,,,,,,
2/3/1967,,,,,,
2/4/1967,,,,,,
2/5/1967,,,,,,
2/6/1967,,,,,,
2/7/1967,,,,,,
2/8/1967,,,,,,
2/9/1967,,,,,,
2/10/1967,,,,,,
2/11/1967,,,,,,
2/12/1967,,,,,,
2/13/1967,,,,,,
2/14/1967,,,,,,
2/15/1967,,,,,,
2/16/1967,,,,,,
2/17/1967,,,,,,
2/18/1967,,,,,,
2/19/1967,,,,,,
2/20/1967,,,,,,
2/21/1967,,,,,,
2/22/1967,,,,,,
2/23/1967,,,,,,
2/24/1967,,,,,,
2/25/1967,,,,,,
2/26/1967,,,,,,
2/27/1967,,,,,,
2/28/1967,,,,,,
3/1/1967,,,,,,
3/2/1967,,,,,,
3/3/1967,,,,,,
3/4/1967,,,,,,
3/5/1967,,,,,,
3/6/1967,,,,,,
3/7/1967,,,,,,
3/8/1967,,,,,,
3/9/1967,,,,,,
3/10/1967,,,,,,
3/11/1967,,,,,,
3/12/1967,,,,,,
3/13/1967,,,,,,
3/14/1967,,,,,,
3/15/1967,,,,,,
3/16/1967,,,,,,
3/17/1967,,,,,,
3/18/1967,,,,,,
3/19/1967,,,,,,
3/20/1967,,,,,,
3/21/1967,,,,,,
3/22/1967,,,,,,
3/23/1967,,,,,,
3/24/1967,,,,,,
3/25/1967,,,,,,
3/26/1967,,,,,,
3/27/1967,,,,,,
3/28/1967,,,,,,
3/29/1967,,,,,,
3/30/1967,,,,,,
3/31/1967,,,,,,
4/1/1967,,,,,,
4/2/1967,,,,,,
4/3/1967,,,,,,
4/4/1967,,,,,,
4/5/1967,,,,,,
4/6/1967,,,,,,
4/7/1967,,,,,,
4/8/1967,,,,,,
4/9/1967,,,,,,
4/10/1967,,,,,,
4/11/1967,,,,,,
4/12/1967,,,,,,
4/13/1967,,,,,,
4/14/1967,,,,,,
4/15/1967,,,,,,
4/16/1967,,,,,,
4/17/1967,,,,,,
4/18/1967,,,,,,
4/19/1967,,,,,,
4/20/1967,,,,,,
4/21/1967,,,,,,
4/22/1967,,,,,,
4/23/1967,,,,,,
4/24/1967,,,,,,
4/25/1967,,,,,,
4/26/1967,,,,,,
4/27/1967,,,,,,
4/28/1967,,,,,,
4/29/1967,,,,,,
4/30/1967,,,,,,
5/1/1967,,,,,,
5/2/1967,,,,,,
5/3/1967,,,,,,
5/4/1967,,,,,,
5/5/1967,,,,,,
5/6/1967,,,,,,
5/7/1967,,,,,,
5/8/1967,,,,,,
5/9/1967,,,,,,
5/10/1967,,,,,,
5/11/1967,,,,,,
5/12/1967,,,,,,
5/13/1967,,,,,,
5/14/1967,,,,,,
5/15/1967,,,,,,
5/16/1967,,,,,,
5/17/1967,,,,,,
5/18/1967,,,,,,
5/19/1967,,,,,,
5/20/1967,,,,,,
5/21/1967,,,,,,
5/22/1967,,,,,,
5/23/1967,,,,,,
5/24/1967,,,,,,
5/25/1967,,,,,,
5/26/1967,,,,,,
5/27/1967,,,,,,
5/28/1967,,,,,,
5/29/1967,,,,,,
5/30/1967,,,,,,
5/31/1967,,,,,,
6/1/1967,,,,,,
6/2/1967,,,,,,
6/3/1967,,,,,,
6/4/1967,,,,,,
6/5/1967,,,,,,
6/6/1967,,,,,,
6/7/1967,,,,,,
6/8/1967,,,,,,
6/9/1967,,,,,,
6/10/1967,,,,,,
6/11/1967,,,,,,
6/12/1967,,,,,,
6/13/1967,,,,,,
6/14/1967,,,,,,
6/15/1967,,,,,,
6/16/1967,,,,,,
6/17/1967,,,,,,
6/18/1967,,,,,,
6/19/1967,,,,,,
6/20/1967,,,,,,
6/21/1967,,,,,,
6/22/1967,,,,,,
6/23/1967,,,,,,
6/24/1967,,,,,,
6/25/1967,,,,,,
6/26/1967,,,,,,
6/27/1967,,,,,,
6/28/1967,,,,,,
6/29/1967,,,,,,
6/30/1967,,,,,,
7/1/1967,,,,,,
7/2/1967,,,,,,
7/3/1967,,,,,,
7/4/1967,,,,,,
7/5/1967,,,,,,
7/6/1967,,,,,,
7/7/1967,,,,,,
7/8/1967,,,,,,
7/9/1967,,,,,,
7/10/1967,,,,,,
7/11/1967,,,,,,
7/12/1967,,,,,,
7/13/1967,,,,,,
7/14/1967,,,,,,
7/15/1967,,,,,,
7/16/1967,,,,,,
7/17/1967,,,,,,
7/18/1967,,,,,,
7/19/1967,,,,,,
7/20/1967,,,,,,
7/21/1967,,,,,,
7/22/1967,,,,,,
7/23/1967,,,,,,
7/24/1967,,,,,,
7/25/1967,,,,,,
7/26/1967,,,,,,
7/27/1967,,,,,,
7/28/1967,,,,,,
7/29/1967,,,,,,
7/30/1967,,,,,,
7/31/1967,,,,,,
8/1/1967,,,,,,
8/2/1967,,,,,,
8/3/1967,,,,,,
8/4/1967,,,,,,
8/5/1967,,,,,,
8/6/1967,,,,,,
8/7/1967,,,,,,
8/8/1967,,,,,,
8/9/1967,,,,,,
8/10/1967,,,,,,
8/11/1967,,,,,,
8/12/1967,,,,,,
8/13/1967,,,,,,
8/14/1967,,,,,,
8/15/1967,,,,,,
8/16/1967,,,,,,
8/17/1967,,,,,,
8/18/1967,,,,,,
8/19/1967,,,,,,
8/20/1967,,,,,,
8/21/1967,,,,,,
8/22/1967,,,,,,
8/23/1967,,,,,,
8/24/1967,,,,,,
8/25/1967,,,,,,
8/26/1967,,,,,,
8/27/1967,,,,,,
8/28/1967,,,,,,
8/29/1967,,,,,,
8/30/1967,,,,,,
8/31/1967,,,,,,
9/1/1967,,,,,,
9/2/1967,,,,,,
9/3/1967,,,,,,
9/4/1967,,,,,,
9/5/1967,,,,,,
9/6/1967,,,,,,
9/7/1967,,,,,,
9/8/1967,,,,,,
9/9/1967,,,,,,
9/10/1967,,,,,,
9/11/1967,,,,,,
9/12/1967,,,,,,
9/13/1967,,,,,,
9/14/1967,,,,,,
9/15/1967,,,,,,
9/16/1967,,,,,,
9/17/1967,,,,,,
9/18/1967,,,,,,
9/19/1967,,,,,,
9/20/1967,,,,,,
9/21/1967,,,,,,
9/22/1967,,,,,,
9/23/1967,,,,,,
9/24/1967,,,,,,
9/25/1967,,,,,,
9/26/1967,,,,,,
9/27/1967,,,,,,
9/28/1967,,,,,,
9/29/1967,,,,,,
9/30/1967,,,,,,
10/1/1967,,,,,,
10/2/1967,,,,,,
10/3/1967,,,,,,
10/4/1967,,,,,,
10/5/1967,,,,,,
10/6/1967,,,,,,
10/7/1967,,,,,,
10/8/1967,,,,,,
10/9/1967,,,,,,
10/10/1967,,,,,,
10/11/1967,,,,,,
10/12/1967,,,,,,
10/13/1967,,,,,,
10/14/1967,,,,,,
10/15/1967,,,,,,
10/16/1967,,,,,,
10/17/1967,,,,,,
10/18/1967,,,,,,
10/19/1967,,,,,,
10/20/1967,,,,,,
10/21/1967,,,,,,
10/22/1967,,,,,,
10/23/1967,,,,,,
10/24/1967,,,,,,
10/25/1967,,,,,,
10/26/1967,,,,,,
10/27/1967,,,,,,
10/28/1967,,,,,,
10/29/1967,,,,,,
10/30/1967,,,,,,
10/31/1967,,,,,,
11/1/1967,,,,,,
11/2/1967,,,,,,
11/3/1967,,,,,,
11/4/1967,,,,,,
11/5/1967,,,,,,
11/6/1967,,,,,,
11/7/1967,,,,,,
11/8/1967,,,,,,
11/9/1967,,,,,,
11/10/1967,,,,,,
11/11/1967,,,,,,
11/12/1967,,,,,,
11/13/1967,,,,,,
11/14/1967,,,,,,
11/15/1967,,,,,,
11/16/1967,,,,,,
11/17/1967,,,,,,
11/18/1967,,,,,,
11/19/1967,,,,,,
11/20/1967,,,,,,
11/21/1967,,,,,,
11/22/1967,,,,,,
11/23/1967,,,,,,
11/24/1967,,,,,,
11/25/1967,,,,,,
11/26/1967,,,,,,
11/27/1967,,,,,,
11/28/1967,,,,,,
11/29/1967,,,,,,
11/30/1967,,,,,,
12/1/1967,,,,,,
12/2/1967,,,,,,
12/3/1967,,,,,,
12/4/1967,,,,,,
12/5/1967,,,,,,
12/6/1967,,,,,,
12/7/1967,,,,,,
12/8/1967,,,,,,
12/9/1967,,,,,,
12/10/1967,,,,,,
12/11/1967,,,,,,
12/12/1967,,,,,,
12/13/1967,,,,,,
12/14/1967,,,,,,
12/15/1967,,,,,,
12/16/1967,,,,,,
12/17/1967,,,,,,
12/18/1967,,,,,,
12/19/1967,,,,,,
12/20/1967,,,,,,
12/21/1967,,,,,,
12/22/1967,,,,,,
12/23/1967,,,,,,
12/24/1967,,,,,,
12/25/1967,,,,,,
12/26/1967,,,,,,
12/27/1967,,,,,,
12/28/1967,,,,,,
12/29/1967,,,,,,
12/30/1967,,,,,,
12/31/1967,,,,,,
1/1/1968,,,,,,
1/2/1968,,,,,,
1/3/1968,,,,,,
1/4/1968,,,,,,
1/5/1968,,,,,,
1/6/1968,,,,,,
1/7/1968,,,,,,
1/8/1968,,,,,,
1/9/1968,,,,,,
1/10/1968,,,,,,
1/11/1968,,,,,,
1/12/1968,,,,,,
1/13/1968,,,,,,
1/14/1968,,,,,,
1/15/1968,,,,,,
1/16/1968,,,,,,
1/17/1968,,,,,,
1/18/1968,,,,,,
1/19/1968,,,,,,
1/20/1968,,,,,,
1/21/1968,,,,,,
1/22/1968,,,,,,
1/23/1968,,,,,,
1/24/1968,,,,,,
1/25/1968,,,,,,
1/26/1968,,,,,,
1/27/1968,,,,,,
1/28/1968,,,,,,
1/29/1968,,,,,,
1/30/1968,,,,,,
1/31/1968,,,,,,
2/1/1968,,,,,,
2/2/1968,,,,,,
2/3/1968,,,,,,
2/4/1968,,,,,,
2/5/1968,,,,,,
2/6/1968,,,,,,
2/7/1968,,,,,,
2/8/1968,,,,,,
2/9/1968,,,,,,
2/10/1968,,,,,,
2/11/1968,,,,,,
2/12/1968,,,,,,
2/13/1968,,,,,,
2/14/1968,,,,,,
2/15/1968,,,,,,
2/16/1968,,,,,,
2/17/1968,,,,,,
2/18/1968,,,,,,
2/19/1968,,,,,,
2/20/1968,,,,,,
2/21/1968,,,,,,
2/22/1968,,,,,,
2/23/1968,,,,,,
2/24/1968,,,,,,
2/25/1968,,,,,,
2/26/1968,,,,,,
2/27/1968,,,,,,
2/28/1968,,,,,,
2/29/1968,,,,,,
3/1/1968,,,,,,
3/2/1968,,,,,,
3/3/1968,,,,,,
3/4/1968,,,,,,
3/5/1968,,,,,,
3/6/1968,,,,,,
3/7/1968,,,,,,
3/8/1968,,,,,,
3/9/1968,,,,,,
3/10/1968,,,,,,
3/11/1968,,,,,,
3/12/1968,,,,,,
3/13/1968,,,,,,
3/14/1968,,,,,,
3/15/1968,,,,,,
3/16/1968,,,,,,
3/17/1968,,,,,,
3/18/1968,,,,,,
3/19/1968,,,,,,
3/20/1968,,,,,,
3/21/1968,,,,,,
3/22/1968,,,,,,
3/23/1968,,,,,,
3/24/1968,,,,,,
3/25/1968,,,,,,
3/26/1968,,,,,,
3/27/1968,,,,,,
3/28/1968,,,,,,
3/29/1968,,,,,,
3/30/1968,,,,,,
3/31/1968,,,,,,
4/1/1968,,,,,,
4/2/1968,,,,,,
4/3/1968,,,,,,
4/4/1968,,,,,,
4/5/1968,,,,,,
4/6/1968,,,,,,
4/7/1968,,,,,,
4/8/1968,,,,,,
4/9/1968,,,,,,
4/10/1968,,,,,,
4/11/1968,,,,,,
4/12/1968,,,,,,
4/13/1968,,,,,,
4/14/1968,,,,,,
4/15/1968,,,,,,
4/16/1968,,,,,,
4/17/1968,,,,,,
4/18/1968,,,,,,
4/19/1968,,,,,,
4/20/1968,,,,,,
4/21/1968,,,,,,
4/22/1968,,,,,,
4/23/1968,,,,,,
4/24/1968,,,,,,
4/25/1968,,,,,,
4/26/1968,,,,,,
4/27/1968,,,,,,
4/28/1968,,,,,,
4/29/1968,,,,,,
4/30/1968,,,,,,
5/1/1968,,,,,,
5/2/1968,,,,,,
5/3/1968,,,,,,
5/4/1968,,,,,,
5/5/1968,,,,,,
5/6/1968,,,,,,
5/7/1968,,,,,,
5/8/1968,,,,,,
5/9/1968,,,,,,
5/10/1968,,,,,,
5/11/1968,,,,,,
5/12/1968,,,,,,
5/13/1968,,,,,,
5/14/1968,,,,,,
5/15/1968,,,,,,
5/16/1968,,,,,,
5/17/1968,,,,,,
5/18/1968,,,,,,
5/19/1968,,,,,,
5/20/1968,,,,,,
5/21/1968,,,,,,
5/22/1968,,,,,,
5/23/1968,,,,,,
5/24/1968,,,,,,
5/25/1968,,,,,,
5/26/1968,,,,,,
5/27/1968,,,,,,
5/28/1968,,,,,,
5/29/1968,,,,,,
5/30/1968,,,,,,
5/31/1968,,,,,,
6/1/1968,,,,,,
6/2/1968,,,,,,
6/3/1968,,,,,,
6/4/1968,,,,,,
6/5/1968,,,,,,
6/6/1968,,,,,,
6/7/1968,,,,,,
6/8/1968,,,,,,
6/9/1968,,,,,,
6/10/1968,,,,,,
6/11/1968,,,,,,
6/12/1968,,,,,,
6/13/1968,,,,,,
6/14/1968,,,,,,
6/15/1968,,,,,,
6/16/1968,,,,,,
6/17/1968,,,,,,
6/18/1968,,,,,,
6/19/1968,,,,,,
6/20/1968,,,,,,
6/21/1968,,,,,,
6/22/1968,,,,,,
6/23/1968,,,,,,
6/24/1968,,,,,,
6/25/1968,,,,,,
6/26/1968,,,,,,
6/27/1968,,,,,,
6/28/1968,,,,,,
6/29/1968,,,,,,
6/30/1968,,,,,,
7/1/1968,,,,,,
7/2/1968,,,,,,
7/3/1968,,,,,,
7/4/1968,,,,,,
7/5/1968,,,,,,
7/6/1968,,,,,,
7/7/1968,,,,,,
7/8/1968,,,,,,
7/9/1968,,,,,,
7/10/1968,,,,,,
7/11/1968,,,,,,
7/12/1968,,,,,,
7/13/1968,,,,,,
7/14/1968,,,,,,
7/15/1968,,,,,,
7/16/1968,,,,,,
7/17/1968,,,,,,
7/18/1968,,,,,,
7/19/1968,,,,,,
7/20/1968,,,,,,
7/21/1968,,,,,,
7/22/1968,,,,,,
7/23/1968,,,,,,
7/24/1968,,,,,,
7/25/1968,,,,,,
7/26/1968,,,,,,
7/27/1968,,,,,,
7/28/1968,,,,,,
7/29/1968,,,,,,
7/30/1968,,,,,,
7/31/1968,,,,,,
8/1/1968,,,,,,
8/2/1968,,,,,,
8/3/1968,,,,,,
8/4/1968,,,,,,
8/5/1968,,,,,,
8/6/1968,,,,,,
8/7/1968,,,,,,
8/8/1968,,,,,,
8/9/1968,,,,,,
8/10/1968,,,,,,
8/11/1968,,,,,,
8/12/1968,,,,,,
8/13/1968,,,,,,
8/14/1968,,,,,,
8/15/1968,,,,,,
8/16/1968,,,,,,
8/17/1968,,,,,,
8/18/1968,,,,,,
8/19/1968,,,,,,
8/20/1968,,,,,,
8/21/1968,,,,,,
8/22/1968,,,,,,
8/23/1968,,,,,,
8/24/1968,,,,,,
8/25/1968,,,,,,
8/26/1968,,,,,,
8/27/1968,,,,,,
8/28/1968,,,,,,
8/29/1968,,,,,,
8/30/1968,,,,,,
8/31/1968,,,,,,
9/1/1968,,,,,,
9/2/1968,,,,,,
9/3/1968,,,,,,
9/4/1968,,,,,,
9/5/1968,,,,,,
9/6/1968,,,,,,
9/7/1968,,,,,,
9/8/1968,,,,,,
9/9/1968,,,,,,
9/10/1968,,,,,,
9/11/1968,,,,,,
9/12/1968,,,,,,
9/13/1968,,,,,,
9/14/1968,,,,,,
9/15/1968,,,,,,
9/16/1968,,,,,,
9/17/1968,,,,,,
9/18/1968,,,,,,
9/19/1968,,,,,,
9/20/1968,,,,,,
9/21/1968,,,,,,
9/22/1968,,,,,,
9/23/1968,,,,,,
9/24/1968,,,,,,
9/25/1968,,,,,,
9/26/1968,,,,,,
9/27/1968,,,,,,
9/28/1968,,,,,,
9/29/1968,,,,,,
9/30/1968,,,,,,
10/1/1968,,,,,,
10/2/1968,,,,,,
10/3/1968,,,,,,
10/4/1968,,,,,,
10/5/1968,,,,,,
10/6/1968,,,,,,
10/7/1968,,,,,,
10/8/1968,,,,,,
10/9/1968,,,,,,
10/10/1968,,,,,,
10/11/1968,,,,,,
10/12/1968,,,,,,
10/13/1968,,,,,,
10/14/1968,,,,,,
10/15/1968,,,,,,
10/16/1968,,,,,,
10/17/1968,,,,,,
10/18/1968,,,,,,
10/19/1968,,,,,,
10/20/1968,,,,,,
10/21/1968,,,,,,
10/22/1968,,,,,,
10/23/1968,,,,,,
10/24/1968,,,,,,
10/25/1968,,,,,,
10/26/1968,,,,,,
10/27/1968,,,,,,
10/28/1968,,,,,,
10/29/1968,,,,,,
10/30/1968,,,,,,
10/31/1968,,,,,,
11/1/1968,,,,,,
11/2/1968,,,,,,
11/3/1968,,,,,,
11/4/1968,,,,,,
11/5/1968,,,,,,
11/6/1968,,,,,,
11/7/1968,,,,,,
11/8/1968,,,,,,
11/9/1968,,,,,,
11/10/1968,,,,,,
11/11/1968,,,,,,
11/12/1968,,,,,,
11/13/1968,,,,,,
11/14/1968,,,,,,
11/15/1968,,,,,,
11/16/1968,,,,,,
11/17/1968,,,,,,
11/18/1968,,,,,,
11/19/1968,,,,,,
11/20/1968,,,,,,
11/21/1968,,,,,,
11/22/1968,,,,,,
11/23/1968,,,,,,
11/24/1968,,,,,,
11/25/1968,,,,,,
11/26/1968,,,,,,
11/27/1968,,,,,,
11/28/1968,,,,,,
11/29/1968,,,,,,
11/30/1968,,,,,,
12/1/1968,,,,,,
12/2/1968,,,,,,
12/3/1968,,,,,,
12/4/1968,,,,,,
12/5/1968,,,,,,
12/6/1968,,,,,,
12/7/1968,,,,,,
12/8/1968,,,,,,
12/9/1968,,,,,,
12/10/1968,,,,,,
12/11/1968,,,,,,
12/12/1968,,,,,,
12/13/1968,,,,,,
12/14/1968,,,,,,
12/15/1968,,,,,,
12/16/1968,,,,,,
12/17/1968,,,,,,
12/18/1968,,,,,,
12/19/1968,,,,,,
12/20/1968,,,,,,
12/21/1968,,,,,,
12/22/1968,,,,,,
12/23/1968,,,,,,
12/24/1968,,,,,,
12/25/1968,,,,,,
12/26/1968,,,,,,
12/27/1968,,,,,,
12/28/1968,,,,,,
12/29/1968,,,,,,
12/30/1968,,,,,,
12/31/1968,,,,,,
1/1/1969,,,,,,
1/2/1969,,,,,,
1/3/1969,,,,,,
1/4/1969,,,,,,
1/5/1969,,,,,,
1/6/1969,,,,,,
1/7/1969,,,,,,
1/8/1969,,,,,,
1/9/1969,,,,,,
1/10/1969,,,,,,
1/11/1969,,,,,,
1/12/1969,,,,,,
1/13/1969,,,,,,
1/14/1969,,,,,,
1/15/1969,,,,,,
1/16/1969,,,,,,
1/17/1969,,,,,,
1/18/1969,,,,,,
1/19/1969,,,,,,
1/20/1969,,,,,,
1/21/1969,,,,,,
1/22/1969,,,,,,
1/23/1969,,,,,,
1/24/1969,,,,,,
1/25/1969,,,,,,
1/26/1969,,,,,,
1/27/1969,,,,,,
1/28/1969,,,,,,
1/29/1969,,,,,,
1/30/1969,,,,,,
1/31/1969,,,,,,
2/1/1969,,,,,,
2/2/1969,,,,,,
2/3/1969,,,,,,
2/4/1969,,,,,,
2/5/1969,,,,,,
2/6/1969,,,,,,
2/7/1969,,,,,,
2/8/1969,,,,,,
2/9/1969,,,,,,
2/10/1969,,,,,,
2/11/1969,,,,,,
2/12/1969,,,,,,
2/13/1969,,,,,,
2/14/1969,,,,,,
2/15/1969,,,,,,
2/16/1969,,,,,,
2/17/1969,,,,,,
2/18/1969,,,,,,
2/19/1969,,,,,,
2/20/1969,,,,,,
2/21/1969,,,,,,
2/22/1969,,,,,,
2/23/1969,,,,,,
2/24/1969,,,,,,
2/25/1969,,,,,,
2/26/1969,,,,,,
2/27/1969,,,,,,
2/28/1969,,,,,,
3/1/1969,,,,,,
3/2/1969,,,,,,
3/3/1969,,,,,,
3/4/1969,,,,,,
3/5/1969,,,,,,
3/6/1969,,,,,,
3/7/1969,,,,,,
3/8/1969,,,,,,
3/9/1969,,,,,,
3/10/1969,,,,,,
3/11/1969,,,,,,
3/12/1969,,,,,,
3/13/1969,,,,,,
3/14/1969,,,,,,
3/15/1969,,,,,,
3/16/1969,,,,,,
3/17/1969,,,,,,
3/18/1969,,,,,,
3/19/1969,,,,,,
3/20/1969,,,,,,
3/21/1969,,,,,,
3/22/1969,,,,,,
3/23/1969,,,,,,
3/24/1969,,,,,,
3/25/1969,,,,,,
3/26/1969,,,,,,
3/27/1969,,,,,,
3/28/1969,,,,,,
3/29/1969,,,,,,
3/30/1969,,,,,,
3/31/1969,,,,,,
4/1/1969,,,,,,
4/2/1969,,,,,,
4/3/1969,,,,,,
4/4/1969,,,,,,
4/5/1969,,,,,,
4/6/1969,,,,,,
4/7/1969,,,,,,
4/8/1969,,,,,,
4/9/1969,,,,,,
4/10/1969,,,,,,
4/11/1969,,,,,,
4/12/1969,,,,,,
4/13/1969,,,,,,
4/14/1969,,,,,,
4/15/1969,,,,,,
4/16/1969,,,,,,
4/17/1969,,,,,,
4/18/1969,,,,,,
4/19/1969,,,,,,
4/20/1969,,,,,,
4/21/1969,,,,,,
4/22/1969,,,,,,
4/23/1969,,,,,,
4/24/1969,,,,,,
4/25/1969,,,,,,
4/26/1969,,,,,,
4/27/1969,,,,,,
4/28/1969,,,,,,
4/29/1969,,,,,,
4/30/1969,,,,,,
5/1/1969,,,,,,
5/2/1969,,,,,,
5/3/1969,,,,,,
5/4/1969,,,,,,
5/5/1969,,,,,,
5/6/1969,,,,,,
5/7/1969,,,,,,
5/8/1969,,,,,,
5/9/1969,,,,,,
5/10/1969,,,,,,
5/11/1969,,,,,,
5/12/1969,,,,,,
5/13/1969,,,,,,
5/14/1969,,,,,,
5/15/1969,,,,,,
5/16/1969,,,,,,
5/17/1969,,,,,,
5/18/1969,,,,,,
5/19/1969,,,,,,
5/20/1969,,,,,,
5/21/1969,,,,,,
5/22/1969,,,,,,
5/23/1969,,,,,,
5/24/1969,,,,,,
5/25/1969,,,,,,
5/26/1969,,,,,,
5/27/1969,,,,,,
5/28/1969,,,,,,
5/29/1969,,,,,,
5/30/1969,,,,,,
5/31/1969,,,,,,
6/1/1969,,,,,,
6/2/1969,,,,,,
6/3/1969,,,,,,
6/4/1969,,,,,,
6/5/1969,,,,,,
6/6/1969,,,,,,
6/7/1969,,,,,,
6/8/1969,,,,,,
6/9/1969,,,,,,
6/10/1969,,,,,,
6/11/1969,,,,,,
6/12/1969,,,,,,
6/13/1969,,,,,,
6/14/1969,,,,,,
6/15/1969,,,,,,
6/16/1969,,,,,,
6/17/1969,,,,,,
6/18/1969,,,,,,
6/19/1969,,,,,,
6/20/1969,,,,,,
6/21/1969,,,,,,
6/22/1969,,,,,,
6/23/1969,,,,,,
6/24/1969,,,,,,
6/25/1969,,,,,,
6/26/1969,,,,,,
6/27/1969,,,,,,
6/28/1969,,,,,,
6/29/1969,,,,,,
6/30/1969,,,,,,
7/1/1969,,,,,,
7/2/1969,,,,,,
7/3/1969,,,,,,
7/4/1969,,,,,,
7/5/1969,,,,,,
7/6/1969,,,,,,
7/7/1969,,,,,,
7/8/1969,,,,,,
7/9/1969,,,,,,
7/10/1969,,,,,,
7/11/1969,,,,,,
7/12/1969,,,,,,
7/13/1969,,,,,,
7/14/1969,,,,,,
7/15/1969,,,,,,
7/16/1969,,,,,,
7/17/1969,,,,,,
7/18/1969,,,,,,
7/19/1969,,,,,,
7/20/1969,,,,,,
7/21/1969,,,,,,
7/22/1969,,,,,,
7/23/1969,,,,,,
7/24/1969,,,,,,
7/25/1969,,,,,,
7/26/1969,,,,,,
7/27/1969,,,,,,
7/28/1969,,,,,,
7/29/1969,,,,,,
7/30/1969,,,,,,
7/31/1969,,,,,,
8/1/1969,,,,,,
8/2/1969,,,,,,
8/3/1969,,,,,,
8/4/1969,,,,,,
8/5/1969,,,,,,
8/6/1969,,,,,,
8/7/1969,,,,,,
8/8/1969,,,,,,
8/9/1969,,,,,,
8/10/1969,,,,,,
8/11/1969,,,,,,
8/12/1969,,,,,,
8/13/1969,,,,,,
8/14/1969,,,,,,
8/15/1969,,,,,,
8/16/1969,,,,,,
8/17/1969,,,,,,
8/18/1969,,,,,,
8/19/1969,,,,,,
8/20/1969,,,,,,
8/21/1969,,,,,,
8/22/1969,,,,,,
8/23/1969,,,,,,
8/24/1969,,,,,,
8/25/1969,,,,,,
8/26/1969,,,,,,
8/27/1969,,,,,,
8/28/1969,,,,,,
8/29/1969,,,,,,
8/30/1969,,,,,,
8/31/1969,,,,,,
9/1/1969,,,,,,
9/2/1969,,,,,,
9/3/1969,,,,,,
9/4/1969,,,,,,
9/5/1969,,,,,,
9/6/1969,,,,,,
9/7/1969,,,,,,
9/8/1969,,,,,,
9/9/1969,,,,,,
9/10/1969,,,,,,
9/11/1969,,,,,,
9/12/1969,,,,,,
9/13/1969,,,,,,
9/14/1969,,,,,,
9/15/1969,,,,,,
9/16/1969,,,,,,
9/17/1969,,,,,,
9/18/1969,,,,,,
9/19/1969,,,,,,
9/20/1969,,,,,,
9/21/1969,,,,,,
9/22/1969,,,,,,
9/23/1969,,,,,,
9/24/1969,,,,,,
9/25/1969,,,,,,
9/26/1969,,,,,,
9/27/1969,,,,,,
9/28/1969,,,,,,
9/29/1969,,,,,,
9/30/1969,,,,,,
10/1/1969,,,,,,
10/2/1969,,,,,,
10/3/1969,,,,,,
10/4/1969,,,,,,
10/5/1969,,,,,,
10/6/1969,,,,,,
10/7/1969,,,,,,
10/8/1969,,,,,,
10/9/1969,,,,,,
10/10/1969,,,,,,
10/11/1969,,,,,,
10/12/1969,,,,,,
10/13/1969,,,,,,
10/14/1969,,,,,,
10/15/1969,,,,,,
10/16/1969,,,,,,
10/17/1969,,,,,,
10/18/1969,,,,,,
10/19/1969,,,,,,
10/20/1969,,,,,,
10/21/1969,,,,,,
10/22/1969,,,,,,
10/23/1969,,,,,,
10/24/1969,,,,,,
10/25/1969,,,,,,
10/26/1969,,,,,,
10/27/1969,,,,,,
10/28/1969,,,,,,
10/29/1969,,,,,,
10/30/1969,,,,,,
10/31/1969,,,,,,
11/1/1969,,,,,,
11/2/1969,,,,,,
11/3/1969,,,,,,
11/4/1969,,,,,,
11/5/1969,,,,,,
11/6/1969,,,,,,
11/7/1969,,,,,,
11/8/1969,,,,,,
11/9/1969,,,,,,
11/10/1969,,,,,,
11/11/1969,,,,,,
11/12/1969,,,,,,
11/13/1969,,,,,,
11/14/1969,,,,,,
11/15/1969,,,,,,
11/16/1969,,,,,,
11/17/1969,,,,,,
11/18/1969,,,,,,
11/19/1969,,,,,,
11/20/1969,,,,,,
11/21/1969,,,,,,
11/22/1969,,,,,,
11/23/1969,,,,,,
11/24/1969,,,,,,
11/25/1969,,,,,,
11/26/1969,,,,,,
11/27/1969,,,,,,
11/28/1969,,,,,,
11/29/1969,,,,,,
11/30/1969,,,,,,
12/1/1969,,,,,,
12/2/1969,,,,,,
12/3/1969,,,,,,
12/4/1969,,,,,,
12/5/1969,,,,,,
12/6/1969,,,,,,
12/7/1969,,,,,,
12/8/1969,,,,,,
12/9/1969,,,,,,
12/10/1969,,,,,,
12/11/1969,,,,,,
12/12/1969,,,,,,
12/13/1969,,,,,,
12/14/1969,,,,,,
12/15/1969,,,,,,
12/16/1969,,,,,,
12/17/1969,,,,,,
12/18/1969,,,,,,
12/19/1969,,,,,,
12/20/1969,,,,,,
12/21/1969,,,,,,
12/22/1969,,,,,,
12/23/1969,,,,,,
12/24/1969,,,,,,
12/25/1969,,,,,,
12/26/1969,,,,,,
12/27/1969,,,,,,
12/28/1969,,,,,,
12/29/1969,,,,,,
12/30/1969,,,,,,
12/31/1969,,,,,,
1/1/1970,,,,,,
1/2/1970,,,,,,
1/3/1970,,,,,,
1/4/1970,,,,,,
1/5/1970,,,,,,
1/6/1970,,,,,,
1/7/1970,,,,,,
1/8/1970,,,,,,
1/9/1970,,,,,,
1/10/1970,,,,,,
1/11/1970,,,,,,
1/12/1970,,,,,,
1/13/1970,,,,,,
1/14/1970,,,,,,
1/15/1970,,,,,,
1/16/1970,,,,,,
1/17/1970,,,,,,
1/18/1970,,,,,,
1/19/1970,,,,,,
1/20/1970,,,,,,
1/21/1970,,,,,,
1/22/1970,,,,,,
1/23/1970,,,,,,
1/24/1970,,,,,,
1/25/1970,,,,,,
1/26/1970,,,,,,
1/27/1970,,,,,,
1/28/1970,,,,,,
1/29/1970,,,,,,
1/30/1970,,,,,,
1/31/1970,,,,,,
2/1/1970,,,,,,
2/2/1970,,,,,,
2/3/1970,,,,,,
2/4/1970,,,,,,
2/5/1970,,,,,,
2/6/1970,,,,,,
2/7/1970,,,,,,
2/8/1970,,,,,,
2/9/1970,,,,,,
2/10/1970,,,,,,
2/11/1970,,,,,,
2/12/1970,,,,,,
2/13/1970,,,,,,
2/14/1970,,,,,,
2/15/1970,,,,,,
2/16/1970,,,,,,
2/17/1970,,,,,,
2/18/1970,,,,,,
2/19/1970,,,,,,
2/20/1970,,,,,,
2/21/1970,,,,,,
2/22/1970,,,,,,
2/23/1970,,,,,,
2/24/1970,,,,,,
2/25/1970,,,,,,
2/26/1970,,,,,,
2/27/1970,,,,,,
2/28/1970,,,,,,
3/1/1970,,,,,,
3/2/1970,,,,,,
3/3/1970,,,,,,
3/4/1970,,,,,,
3/5/1970,,,,,,
3/6/1970,,,,,,
3/7/1970,,,,,,
3/8/1970,,,,,,
3/9/1970,,,,,,
3/10/1970,,,,,,
3/11/1970,,,,,,
3/12/1970,,,,,,
3/13/1970,,,,,,
3/14/1970,,,,,,
3/15/1970,,,,,,
3/16/1970,,,,,,
3/17/1970,,,,,,
3/18/1970,,,,,,
3/19/1970,,,,,,
3/20/1970,,,,,,
3/21/1970,,,,,,
3/22/1970,,,,,,
3/23/1970,,,,,,
3/24/1970,,,,,,
3/25/1970,,,,,,
3/26/1970,,,,,,
3/27/1970,,,,,,
3/28/1970,,,,,,
3/29/1970,,,,,,
3/30/1970,,,,,,
3/31/1970,,,,,,
4/1/1970,,,,,,
4/2/1970,,,,,,
4/3/1970,,,,,,
4/4/1970,,,,,,
4/5/1970,,,,,,
4/6/1970,,,,,,
4/7/1970,,,,,,
4/8/1970,,,,,,
4/9/1970,,,,,,
4/10/1970,,,,,,
4/11/1970,,,,,,
4/12/1970,,,,,,
4/13/1970,,,,,,
4/14/1970,,,,,,
4/15/1970,,,,,,
4/16/1970,,,,,,
4/17/1970,,,,,,
4/18/1970,,,,,,
4/19/1970,,,,,,
4/20/1970,,,,,,
4/21/1970,,,,,,
4/22/1970,,,,,,
4/23/1970,,,,,,
4/24/1970,,,,,,
4/25/1970,,,,,,
4/26/1970,,,,,,
4/27/1970,,,,,,
4/28/1970,,,,,,
4/29/1970,,,,,,
4/30/1970,,,,,,
5/1/1970,,,,,,
5/2/1970,,,,,,
5/3/1970,,,,,,
5/4/1970,,,,,,
5/5/1970,,,,,,
5/6/1970,,,,,,
5/7/1970,,,,,,
5/8/1970,,,,,,
5/9/1970,,,,,,
5/10/1970,,,,,,
5/11/1970,,,,,,
5/12/1970,,,,,,
5/13/1970,,,,,,
5/14/1970,,,,,,
5/15/1970,,,,,,
5/16/1970,,,,,,
5/17/1970,,,,,,
5/18/1970,,,,,,
5/19/1970,,,,,,
5/20/1970,,,,,,
5/21/1970,,,,,,
5/22/1970,,,,,,
5/23/1970,,,,,,
5/24/1970,,,,,,
5/25/1970,,,,,,
5/26/1970,,,,,,
5/27/1970,,,,,,
5/28/1970,,,,,,
5/29/1970,,,,,,
5/30/1970,,,,,,
5/31/1970,,,,,,
6/1/1970,,,,,,
6/2/1970,,,,,,
6/3/1970,,,,,,
6/4/1970,,,,,,
6/5/1970,,,,,,
6/6/1970,,,,,,
6/7/1970,,,,,,
6/8/1970,,,,,,
6/9/1970,,,,,,
6/10/1970,,,,,,
6/11/1970,,,,,,
6/12/1970,,,,,,
6/13/1970,,,,,,
6/14/1970,,,,,,
6/15/1970,,,,,,
6/16/1970,,,,,,
6/17/1970,,,,,,
6/18/1970,,,,,,
6/19/1970,,,,,,
6/20/1970,,,,,,
6/21/1970,,,,,,
6/22/1970,,,,,,
6/23/1970,,,,,,
6/24/1970,,,,,,
6/25/1970,,,,,,
6/26/1970,,,,,,
6/27/1970,,,,,,
6/28/1970,,,,,,
6/29/1970,,,,,,
6/30/1970,,,,,,
7/1/1970,,,,,,
7/2/1970,,,,,,
7/3/1970,,,,,,
7/4/1970,,,,,,
7/5/1970,,,,,,
7/6/1970,,,,,,
7/7/1970,,,,,,
7/8/1970,,,,,,
7/9/1970,,,,,,
7/10/1970,,,,,,
7/11/1970,,,,,,
7/12/1970,,,,,,
7/13/1970,,,,,,
7/14/1970,,,,,,
7/15/1970,,,,,,
7/16/1970,,,,,,
7/17/1970,,,,,,
7/18/1970,,,,,,
7/19/1970,,,,,,
7/20/1970,,,,,,
7/21/1970,,,,,,
7/22/1970,,,,,,
7/23/1970,,,,,,
7/24/1970,,,,,,
7/25/1970,,,,,,
7/26/1970,,,,,,
7/27/1970,,,,,,
7/28/1970,,,,,,
7/29/1970,,,,,,
7/30/1970,,,,,,
7/31/1970,,,,,,
8/1/1970,,,,,,
8/2/1970,,,,,,
8/3/1970,,,,,,
8/4/1970,,,,,,
8/5/1970,,,,,,
8/6/1970,,,,,,
8/7/1970,,,,,,
8/8/1970,,,,,,
8/9/1970,,,,,,
8/10/1970,,,,,,
8/11/1970,,,,,,
8/12/1970,,,,,,
8/13/1970,,,,,,
8/14/1970,,,,,,
8/15/1970,,,,,,
8/16/1970,,,,,,
8/17/1970,,,,,,
8/18/1970,,,,,,
8/19/1970,,,,,,
8/20/1970,,,,,,
8/21/1970,,,,,,
8/22/1970,,,,,,
8/23/1970,,,,,,
8/24/1970,,,,,,
8/25/1970,,,,,,
8/26/1970,,,,,,
8/27/1970,,,,,,
8/28/1970,,,,,,
8/29/1970,,,,,,
8/30/1970,,,,,,
8/31/1970,,,,,,
9/1/1970,,,,,,
9/2/1970,,,,,,
9/3/1970,,,,,,
9/4/1970,,,,,,
9/5/1970,,,,,,
9/6/1970,,,,,,
9/7/1970,,,,,,
9/8/1970,,,,,,
9/9/1970,,,,,,
9/10/1970,,,,,,
9/11/1970,,,,,,
9/12/1970,,,,,,
9/13/1970,,,,,,
9/14/1970,,,,,,
9/15/1970,,,,,,
9/16/1970,,,,,,
9/17/1970,,,,,,
9/18/1970,,,,,,
9/19/1970,,,,,,
9/20/1970,,,,,,
9/21/1970,,,,,,
9/22/1970,,,,,,
9/23/1970,,,,,,
9/24/1970,,,,,,
9/25/1970,,,,,,
9/26/1970,,,,,,
9/27/1970,,,,,,
9/28/1970,,,,,,
9/29/1970,,,,,,
9/30/1970,,,,,,
10/1/1970,,,,,,
10/2/1970,,,,,,
10/3/1970,,,,,,
10/4/1970,,,,,,
10/5/1970,,,,,,
10/6/1970,,,,,,
10/7/1970,,,,,,
10/8/1970,,,,,,
10/9/1970,,,,,,
10/10/1970,,,,,,
10/11/1970,,,,,,
10/12/1970,,,,,,
10/13/1970,,,,,,
10/14/1970,,,,,,
10/15/1970,,,,,,
10/16/1970,,,,,,
10/17/1970,,,,,,
10/18/1970,,,,,,
10/19/1970,,,,,,
10/20/1970,,,,,,
10/21/1970,,,,,,
10/22/1970,,,,,,
10/23/1970,,,,,,
10/24/1970,,,,,,
10/25/1970,,,,,,
10/26/1970,,,,,,
10/27/1970,,,,,,
10/28/1970,,,,,,
10/29/1970,,,,,,
10/30/1970,,,,,,
10/31/1970,,,,,,
11/1/1970,,,,,,
11/2/1970,,,,,,
11/3/1970,,,,,,
11/4/1970,,,,,,
11/5/1970,,,,,,
11/6/1970,,,,,,
11/7/1970,,,,,,
11/8/1970,,,,,,
11/9/1970,,,,,,
11/10/1970,,,,,,
11/11/1970,,,,,,
11/12/1970,,,,,,
11/13/1970,,,,,,
11/14/1970,,,,,,
11/15/1970,,,,,,
11/16/1970,,,,,,
11/17/1970,,,,,,
11/18/1970,,,,,,
11/19/1970,,,,,,
11/20/1970,,,,,,
11/21/1970,,,,,,
11/22/1970,,,,,,
11/23/1970,,,,,,
11/24/1970,,,,,,
11/25/1970,,,,,,
11/26/1970,,,,,,
11/27/1970,,,,,,
11/28/1970,,,,,,
11/29/1970,,,,,,
11/30/1970,,,,,,
12/1/1970,,,,,,
12/2/1970,,,,,,
12/3/1970,,,,,,
12/4/1970,,,,,,
12/5/1970,,,,,,
12/6/1970,,,,,,
12/7/1970,,,,,,
12/8/1970,,,,,,
12/9/1970,,,,,,
12/10/1970,,,,,,
12/11/1970,,,,,,
12/12/1970,,,,,,
12/13/1970,,,,,,
12/14/1970,,,,,,
12/15/1970,,,,,,
12/16/1970,,,,,,
12/17/1970,,,,,,
12/18/1970,,,,,,
12/19/1970,,,,,,
12/20/1970,,,,,,
12/21/1970,,,,,,
12/22/1970,,,,,,
12/23/1970,,,,,,
12/24/1970,,,,,,
12/25/1970,,,,,,
12/26/1970,,,,,,
12/27/1970,,,,,,
12/28/1970,,,,,,
12/29/1970,,,,,,
12/30/1970,,,,,,
12/31/1970,,,,,,
1/1/1971,,,,,,
1/2/1971,,,,,,
1/3/1971,,,,,,
1/4/1971,,,,,,
1/5/1971,,,,,,
1/6/1971,,,,,,
1/7/1971,,,,,,
1/8/1971,,,,,,
1/9/1971,,,,,,
1/10/1971,,,,,,
1/11/1971,,,,,,
1/12/1971,,,,,,
1/13/1971,,,,,,
1/14/1971,,,,,,
1/15/1971,,,,,,
1/16/1971,,,,,,
1/17/1971,,,,,,
1/18/1971,,,,,,
1/19/1971,,,,,,
1/20/1971,,,,,,
1/21/1971,,,,,,
1/22/1971,,,,,,
1/23/1971,,,,,,
1/24/1971,,,,,,
1/25/1971,,,,,,
1/26/1971,,,,,,
1/27/1971,,,,,,
1/28/1971,,,,,,
1/29/1971,,,,,,
1/30/1971,,,,,,
1/31/1971,,,,,,
2/1/1971,,,,,,
2/2/1971,,,,,,
2/3/1971,,,,,,
2/4/1971,,,,,,
2/5/1971,,,,,,
2/6/1971,,,,,,
2/7/1971,,,,,,
2/8/1971,,,,,,
2/9/1971,,,,,,
2/10/1971,,,,,,
2/11/1971,,,,,,
2/12/1971,,,,,,
2/13/1971,,,,,,
2/14/1971,,,,,,
2/15/1971,,,,,,
2/16/1971,,,,,,
2/17/1971,,,,,,
2/18/1971,,,,,,
2/19/1971,,,,,,
2/20/1971,,,,,,
2/21/1971,,,,,,
2/22/1971,,,,,,
2/23/1971,,,,,,
2/24/1971,,,,,,
2/25/1971,,,,,,
2/26/1971,,,,,,
2/27/1971,,,,,,
2/28/1971,,,,,,
3/1/1971,,,,,,
3/2/1971,,,,,,
3/3/1971,,,,,,
3/4/1971,,,,,,
3/5/1971,,,,,,
3/6/1971,,,,,,
3/7/1971,,,,,,
3/8/1971,,,,,,
3/9/1971,,,,,,
3/10/1971,,,,,,
3/11/1971,,,,,,
3/12/1971,,,,,,
3/13/1971,,,,,,
3/14/1971,,,,,,
3/15/1971,,,,,,
3/16/1971,,,,,,
3/17/1971,,,,,,
3/18/1971,,,,,,
3/19/1971,,,,,,
3/20/1971,,,,,,
3/21/1971,,,,,,
3/22/1971,,,,,,
3/23/1971,,,,,,
3/24/1971,,,,,,
3/25/1971,,,,,,
3/26/1971,,,,,,
3/27/1971,,,,,,
3/28/1971,,,,,,
3/29/1971,,,,,,
3/30/1971,,,,,,
3/31/1971,,,,,,
4/1/1971,,,,,,
4/2/1971,,,,,,
4/3/1971,,,,,,
4/4/1971,,,,,,
4/5/1971,,,,,,
4/6/1971,,,,,,
4/7/1971,,,,,,
4/8/1971,,,,,,
4/9/1971,,,,,,
4/10/1971,,,,,,
4/11/1971,,,,,,
4/12/1971,,,,,,
4/13/1971,,,,,,
4/14/1971,,,,,,
4/15/1971,,,,,,
4/16/1971,,,,,,
4/17/1971,,,,,,
4/18/1971,,,,,,
4/19/1971,,,,,,
4/20/1971,,,,,,
4/21/1971,,,,,,
4/22/1971,,,,,,
4/23/1971,,,,,,
4/24/1971,,,,,,
4/25/1971,,,,,,
4/26/1971,,,,,,
4/27/1971,,,,,,
4/28/1971,,,,,,
4/29/1971,,,,,,
4/30/1971,,,,,,
5/1/1971,,,,,,
5/2/1971,,,,,,
5/3/1971,,,,,,
5/4/1971,,,,,,
5/5/1971,,,,,,
5/6/1971,,,,,,
5/7/1971,,,,,,
5/8/1971,,,,,,
5/9/1971,,,,,,
5/10/1971,,,,,,
5/11/1971,,,,,,
5/12/1971,,,,,,
5/13/1971,,,,,,
5/14/1971,,,,,,
5/15/1971,,,,,,
5/16/1971,,,,,,
5/17/1971,,,,,,
5/18/1971,,,,,,
5/19/1971,,,,,,
5/20/1971,,,,,,
5/21/1971,,,,,,
5/22/1971,,,,,,
5/23/1971,,,,,,
5/24/1971,,,,,,
5/25/1971,,,,,,
5/26/1971,,,,,,
5/27/1971,,,,,,
5/28/1971,,,,,,
5/29/1971,,,,,,
5/30/1971,,,,,,
5/31/1971,,,,,,
6/1/1971,,,,,,
6/2/1971,,,,,,
6/3/1971,,,,,,
6/4/1971,,,,,,
6/5/1971,,,,,,
6/6/1971,,,,,,
6/7/1971,,,,,,
6/8/1971,,,,,,
6/9/1971,,,,,,
6/10/1971,,,,,,
6/11/1971,,,,,,
6/12/1971,,,,,,
6/13/1971,,,,,,
6/14/1971,,,,,,
6/15/1971,,,,,,
6/16/1971,,,,,,
6/17/1971,,,,,,
6/18/1971,,,,,,
6/19/1971,,,,,,
6/20/1971,,,,,,
6/21/1971,,,,,,
6/22/1971,,,,,,
6/23/1971,,,,,,
6/24/1971,,,,,,
6/25/1971,,,,,,
6/26/1971,,,,,,
6/27/1971,,,,,,
6/28/1971,,,,,,
6/29/1971,,,,,,
6/30/1971,,,,,,
7/1/1971,,,,,,
7/2/1971,,,,,,
7/3/1971,,,,,,
7/4/1971,,,,,,
7/5/1971,,,,,,
7/6/1971,,,,,,
7/7/1971,,,,,,
7/8/1971,,,,,,
7/9/1971,,,,,,
7/10/1971,,,,,,
7/11/1971,,,,,,
7/12/1971,,,,,,
7/13/1971,,,,,,
7/14/1971,,,,,,
7/15/1971,,,,,,
7/16/1971,,,,,,
7/17/1971,,,,,,
7/18/1971,,,,,,
7/19/1971,,,,,,
7/20/1971,,,,,,
7/21/1971,,,,,,
7/22/1971,,,,,,
7/23/1971,,,,,,
7/24/1971,,,,,,
7/25/1971,,,,,,
7/26/1971,,,,,,
7/27/1971,,,,,,
7/28/1971,,,,,,
7/29/1971,,,,,,
7/30/1971,,,,,,
7/31/1971,,,,,,
8/1/1971,,,,,,
8/2/1971,,,,,,
8/3/1971,,,,,,
8/4/1971,,,,,,
8/5/1971,,,,,,
8/6/1971,,,,,,
8/7/1971,,,,,,
8/8/1971,,,,,,
8/9/1971,,,,,,
8/10/1971,,,,,,
8/11/1971,,,,,,
8/12/1971,,,,,,
8/13/1971,,,,,,
8/14/1971,,,,,,
8/15/1971,,,,,,
8/16/1971,,,,,,
8/17/1971,,,,,,
8/18/1971,,,,,,
8/19/1971,,,,,,
8/20/1971,,,,,,
8/21/1971,,,,,,
8/22/1971,,,,,,
8/23/1971,,,,,,
8/24/1971,,,,,,
8/25/1971,,,,,,
8/26/1971,,,,,,
8/27/1971,,,,,,
8/28/1971,,,,,,
8/29/1971,,,,,,
8/30/1971,,,,,,
8/31/1971,,,,,,
9/1/1971,,,,,,
9/2/1971,,,,,,
9/3/1971,,,,,,
9/4/1971,,,,,,
9/5/1971,,,,,,
9/6/1971,,,,,,
9/7/1971,,,,,,
9/8/1971,,,,,,
9/9/1971,,,,,,
9/10/1971,,,,,,
9/11/1971,,,,,,
9/12/1971,,,,,,
9/13/1971,,,,,,
9/14/1971,,,,,,
9/15/1971,,,,,,
9/16/1971,,,,,,
9/17/1971,,,,,,
9/18/1971,,,,,,
9/19/1971,,,,,,
9/20/1971,,,,,,
9/21/1971,,,,,,
9/22/1971,,,,,,
9/23/1971,,,,,,
9/24/1971,,,,,,
9/25/1971,,,,,,
9/26/1971,,,,,,
9/27/1971,,,,,,
9/28/1971,,,,,,
9/29/1971,,,,,,
9/30/1971,,,,,,
10/1/1971,,,,,,
10/2/1971,,,,,,
10/3/1971,,,,,,
10/4/1971,,,,,,
10/5/1971,,,,,,
10/6/1971,,,,,,
10/7/1971,,,,,,
10/8/1971,,,,,,
10/9/1971,,,,,,
10/10/1971,,,,,,
10/11/1971,,,,,,
10/12/1971,,,,,,
10/13/1971,,,,,,
10/14/1971,,,,,,
10/15/1971,,,,,,
10/16/1971,,,,,,
10/17/1971,,,,,,
10/18/1971,,,,,,
10/19/1971,,,,,,
10/20/1971,,,,,,
10/21/1971,,,,,,
10/22/1971,,,,,,
10/23/1971,,,,,,
10/24/1971,,,,,,
10/25/1971,,,,,,
10/26/1971,,,,,,
10/27/1971,,,,,,
10/28/1971,,,,,,
10/29/1971,,,,,,
10/30/1971,,,,,,
10/31/1971,,,,,,
11/1/1971,,,,,,
11/2/1971,,,,,,
11/3/1971,,,,,,
11/4/1971,,,,,,
11/5/1971,,,,,,
11/6/1971,,,,,,
11/7/1971,,,,,,
11/8/1971,,,,,,
11/9/1971,,,,,,
11/10/1971,,,,,,
11/11/1971,,,,,,
11/12/1971,,,,,,
11/13/1971,,,,,,
11/14/1971,,,,,,
11/15/1971,,,,,,
11/16/1971,,,,,,
11/17/1971,,,,,,
11/18/1971,,,,,,
11/19/1971,,,,,,
11/20/1971,,,,,,
11/21/1971,,,,,,
11/22/1971,,,,,,
11/23/1971,,,,,,
11/24/1971,,,,,,
11/25/1971,,,,,,
11/26/1971,,,,,,
11/27/1971,,,,,,
11/28/1971,,,,,,
11/29/1971,,,,,,
11/30/1971,,,,,,
12/1/1971,,,,,,
12/2/1971,,,,,,
12/3/1971,,,,,,
12/4/1971,,,,,,
12/5/1971,,,,,,
12/6/1971,,,,,,
12/7/1971,,,,,,
12/8/1971,,,,,,
12/9/1971,,,,,,
12/10/1971,,,,,,
12/11/1971,,,,,,
12/12/1971,,,,,,
12/13/1971,,,,,,
12/14/1971,,,,,,
12/15/1971,,,,,,
12/16/1971,,,,,,
12/17/1971,,,,,,
12/18/1971,,,,,,
12/19/1971,,,,,,
12/20/1971,,,,,,
12/21/1971,,,,,,
12/22/1971,,,,,,
12/23/1971,,,,,,
12/24/1971,,,,,,
12/25/1971,,,,,,
12/26/1971,,,,,,
12/27/1971,,,,,,
12/28/1971,,,,,,
12/29/1971,,,,,,
12/30/1971,,,,,,
12/31/1971,,,,,,
1/1/1972,,,,,,
1/2/1972,,,,,,
1/3/1972,,,,,,
1/4/1972,,,,,,
1/5/1972,,,,,,
1/6/1972,,,,,,
1/7/1972,,,,,,
1/8/1972,,,,,,
1/9/1972,,,,,,
1/10/1972,,,,,,
1/11/1972,,,,,,
1/12/1972,,,,,,
1/13/1972,,,,,,
1/14/1972,,,,,,
1/15/1972,,,,,,
1/16/1972,,,,,,
1/17/1972,,,,,,
1/18/1972,,,,,,
1/19/1972,,,,,,
1/20/1972,,,,,,
1/21/1972,,,,,,
1/22/1972,,,,,,
1/23/1972,,,,,,
1/24/1972,,,,,,
1/25/1972,,,,,,
1/26/1972,,,,,,
1/27/1972,,,,,,
1/28/1972,,,,,,
1/29/1972,,,,,,
1/30/1972,,,,,,
1/31/1972,,,,,,
2/1/1972,,,,,,
2/2/1972,,,,,,
2/3/1972,,,,,,
2/4/1972,,,,,,
2/5/1972,,,,,,
2/6/1972,,,,,,
2/7/1972,,,,,,
2/8/1972,,,,,,
2/9/1972,,,,,,
2/10/1972,,,,,,
2/11/1972,,,,,,
2/12/1972,,,,,,
2/13/1972,,,,,,
2/14/1972,,,,,,
2/15/1972,,,,,,
2/16/1972,,,,,,
2/17/1972,,,,,,
2/18/1972,,,,,,
2/19/1972,,,,,,
2/20/1972,,,,,,
2/21/1972,,,,,,
2/22/1972,,,,,,
2/23/1972,,,,,,
2/24/1972,,,,,,
2/25/1972,,,,,,
2/26/1972,,,,,,
2/27/1972,,,,,,
2/28/1972,,,,,,
2/29/1972,,,,,,
3/1/1972,,,,,,
3/2/1972,,,,,,
3/3/1972,,,,,,
3/4/1972,,,,,,
3/5/1972,,,,,,
3/6/1972,,,,,,
3/7/1972,,,,,,
3/8/1972,,,,,,
3/9/1972,,,,,,
3/10/1972,,,,,,
3/11/1972,,,,,,
3/12/1972,,,,,,
3/13/1972,,,,,,
3/14/1972,,,,,,
3/15/1972,,,,,,
3/16/1972,,,,,,
3/17/1972,,,,,,
3/18/1972,,,,,,
3/19/1972,,,,,,
3/20/1972,,,,,,
3/21/1972,,,,,,
3/22/1972,,,,,,
3/23/1972,,,,,,
3/24/1972,,,,,,
3/25/1972,,,,,,
3/26/1972,,,,,,
3/27/1972,,,,,,
3/28/1972,,,,,,
3/29/1972,,,,,,
3/30/1972,,,,,,
3/31/1972,,,,,,
4/1/1972,,,,,,
4/2/1972,,,,,,
4/3/1972,,,,,,
4/4/1972,,,,,,
4/5/1972,,,,,,
4/6/1972,,,,,,
4/7/1972,,,,,,
4/8/1972,,,,,,
4/9/1972,,,,,,
4/10/1972,,,,,,
4/11/1972,,,,,,
4/12/1972,,,,,,
4/13/1972,,,,,,
4/14/1972,,,,,,
4/15/1972,,,,,,
4/16/1972,,,,,,
4/17/1972,,,,,,
4/18/1972,,,,,,
4/19/1972,,,,,,
4/20/1972,,,,,,
4/21/1972,,,,,,
4/22/1972,,,,,,
4/23/1972,,,,,,
4/24/1972,,,,,,
4/25/1972,,,,,,
4/26/1972,,,,,,
4/27/1972,,,,,,
4/28/1972,,,,,,
4/29/1972,,,,,,
4/30/1972,,,,,,
5/1/1972,,,,,,
5/2/1972,,,,,,
5/3/1972,,,,,,
5/4/1972,,,,,,
5/5/1972,,,,,,
5/6/1972,,,,,,
5/7/1972,,,,,,
5/8/1972,,,,,,
5/9/1972,,,,,,
5/10/1972,,,,,,
5/11/1972,,,,,,
5/12/1972,,,,,,
5/13/1972,,,,,,
5/14/1972,,,,,,
5/15/1972,,,,,,
5/16/1972,,,,,,
5/17/1972,,,,,,
5/18/1972,,,,,,
5/19/1972,,,,,,
5/20/1972,,,,,,
5/21/1972,,,,,,
5/22/1972,,,,,,
5/23/1972,,,,,,
5/24/1972,,,,,,
5/25/1972,,,,,,
5/26/1972,,,,,,
5/27/1972,,,,,,
5/28/1972,,,,,,
5/29/1972,,,,,,
5/30/1972,,,,,,
5/31/1972,,,,,,
6/1/1972,,,,,,
6/2/1972,,,,,,
6/3/1972,,,,,,
6/4/1972,,,,,,
6/5/1972,,,,,,
6/6/1972,,,,,,
6/7/1972,,,,,,
6/8/1972,,,,,,
6/9/1972,,,,,,
6/10/1972,,,,,,
6/11/1972,,,,,,
6/12/1972,,,,,,
6/13/1972,,,,,,
6/14/1972,,,,,,
6/15/1972,,,,,,
6/16/1972,,,,,,
6/17/1972,,,,,,
6/18/1972,,,,,,
6/19/1972,,,,,,
6/20/1972,,,,,,
6/21/1972,,,,,,
6/22/1972,,,,,,
6/23/1972,,,,,,
6/24/1972,,,,,,
6/25/1972,,,,,,
6/26/1972,,,,,,
6/27/1972,,,,,,
6/28/1972,,,,,,
6/29/1972,,,,,,
6/30/1972,,,,,,
7/1/1972,,,,,,
7/2/1972,,,,,,
7/3/1972,,,,,,
7/4/1972,,,,,,
7/5/1972,,,,,,
7/6/1972,,,,,,
7/7/1972,,,,,,
7/8/1972,,,,,,
7/9/1972,,,,,,
7/10/1972,,,,,,
7/11/1972,,,,,,
7/12/1972,,,,,,
7/13/1972,,,,,,
7/14/1972,,,,,,
7/15/1972,,,,,,
7/16/1972,,,,,,
7/17/1972,,,,,,
7/18/1972,,,,,,
7/19/1972,,,,,,
7/20/1972,,,,,,
7/21/1972,,,,,,
7/22/1972,,,,,,
7/23/1972,,,,,,
7/24/1972,,,,,,
7/25/1972,,,,,,
7/26/1972,,,,,,
7/27/1972,,,,,,
7/28/1972,,,,,,
7/29/1972,,,,,,
7/30/1972,,,,,,
7/31/1972,,,,,,
8/1/1972,,,,,,
8/2/1972,,,,,,
8/3/1972,,,,,,
8/4/1972,,,,,,
8/5/1972,,,,,,
8/6/1972,,,,,,
8/7/1972,,,,,,
8/8/1972,,,,,,
8/9/1972,,,,,,
8/10/1972,,,,,,
8/11/1972,,,,,,
8/12/1972,,,,,,
8/13/1972,,,,,,
8/14/1972,,,,,,
8/15/1972,,,,,,
8/16/1972,,,,,,
8/17/1972,,,,,,
8/18/1972,,,,,,
8/19/1972,,,,,,
8/20/1972,,,,,,
8/21/1972,,,,,,
8/22/1972,,,,,,
8/23/1972,,,,,,
8/24/1972,,,,,,
8/25/1972,,,,,,
8/26/1972,,,,,,
8/27/1972,,,,,,
8/28/1972,,,,,,
8/29/1972,,,,,,
8/30/1972,,,,,,
8/31/1972,,,,,,
9/1/1972,,,,,,
9/2/1972,,,,,,
9/3/1972,,,,,,
9/4/1972,,,,,,
9/5/1972,,,,,,
9/6/1972,,,,,,
9/7/1972,,,,,,
9/8/1972,,,,,,
9/9/1972,,,,,,
9/10/1972,,,,,,
9/11/1972,,,,,,
9/12/1972,,,,,,
9/13/1972,,,,,,
9/14/1972,,,,,,
9/15/1972,,,,,,
9/16/1972,,,,,,
9/17/1972,,,,,,
9/18/1972,,,,,,
9/19/1972,,,,,,
9/20/1972,,,,,,
9/21/1972,,,,,,
9/22/1972,,,,,,
9/23/1972,,,,,,
9/24/1972,,,,,,
9/25/1972,,,,,,
9/26/1972,,,,,,
9/27/1972,,,,,,
9/28/1972,,,,,,
9/29/1972,,,,,,
9/30/1972,,,,,,
10/1/1972,,,,,,
10/2/1972,,,,,,
10/3/1972,,,,,,
10/4/1972,,,,,,
10/5/1972,,,,,,
10/6/1972,,,,,,
10/7/1972,,,,,,
10/8/1972,,,,,,
10/9/1972,,,,,,
10/10/1972,,,,,,
10/11/1972,,,,,,
10/12/1972,,,,,,
10/13/1972,,,,,,
10/14/1972,,,,,,
10/15/1972,,,,,,
10/16/1972,,,,,,
10/17/1972,,,,,,
10/18/1972,,,,,,
10/19/1972,,,,,,
10/20/1972,,,,,,
10/21/1972,,,,,,
10/22/1972,,,,,,
10/23/1972,,,,,,
10/24/1972,,,,,,
10/25/1972,,,,,,
10/26/1972,,,,,,
10/27/1972,,,,,,
10/28/1972,,,,,,
10/29/1972,,,,,,
10/30/1972,,,,,,
10/31/1972,,,,,,
11/1/1972,,,,,,
11/2/1972,,,,,,
11/3/1972,,,,,,
11/4/1972,,,,,,
11/5/1972,,,,,,
11/6/1972,,,,,,
11/7/1972,,,,,,
11/8/1972,,,,,,
11/9/1972,,,,,,
11/10/1972,,,,,,
11/11/1972,,,,,,
11/12/1972,,,,,,
11/13/1972,,,,,,
11/14/1972,,,,,,
11/15/1972,,,,,,
11/16/1972,,,,,,
11/17/1972,,,,,,
11/18/1972,,,,,,
11/19/1972,,,,,,
11/20/1972,,,,,,
11/21/1972,,,,,,
11/22/1972,,,,,,
11/23/1972,,,,,,
11/24/1972,,,,,,
11/25/1972,,,,,,
11/26/1972,,,,,,
11/27/1972,,,,,,
11/28/1972,,,,,,
11/29/1972,,,,,,
11/30/1972,,,,,,
12/1/1972,,,,,,
12/2/1972,,,,,,
12/3/1972,,,,,,
12/4/1972,,,,,,
12/5/1972,,,,,,
12/6/1972,,,,,,
12/7/1972,,,,,,
12/8/1972,,,,,,
12/9/1972,,,,,,
12/10/1972,,,,,,
12/11/1972,,,,,,
12/12/1972,,,,,,
12/13/1972,,,,,,
12/14/1972,,,,,,
12/15/1972,,,,,,
12/16/1972,,,,,,
12/17/1972,,,,,,
12/18/1972,,,,,,
12/19/1972,,,,,,
12/20/1972,,,,,,
12/21/1972,,,,,,
12/22/1972,,,,,,
12/23/1972,,,,,,
12/24/1972,,,,,,
12/25/1972,,,,,,
12/26/1972,,,,,,
12/27/1972,,,,,,
12/28/1972,,,,,,
12/29/1972,,,,,,
12/30/1972,,,,,,
12/31/1972,,,,,,
1/1/1973,,,,,,
1/2/1973,,,,,,
1/3/1973,,,,,,
1/4/1973,,,,,,
1/5/1973,,,,,,
1/6/1973,,,,,,
1/7/1973,,,,,,
1/8/1973,,,,,,
1/9/1973,,,,,,
1/10/1973,,,,,,
1/11/1973,,,,,,
1/12/1973,,,,,,
1/13/1973,,,,,,
1/14/1973,,,,,,
1/15/1973,,,,,,
1/16/1973,,,,,,
1/17/1973,,,,,,
1/18/1973,,,,,,
1/19/1973,,,,,,
1/20/1973,,,,,,
1/21/1973,,,,,,
1/22/1973,,,,,,
1/23/1973,,,,,,
1/24/1973,,,,,,
1/25/1973,,,,,,
1/26/1973,,,,,,
1/27/1973,,,,,,
1/28/1973,,,,,,
1/29/1973,,,,,,
1/30/1973,,,,,,
1/31/1973,,,,,,
2/1/1973,,,,,,
2/2/1973,,,,,,
2/3/1973,,,,,,
2/4/1973,,,,,,
2/5/1973,,,,,,
2/6/1973,,,,,,
2/7/1973,,,,,,
2/8/1973,,,,,,
2/9/1973,,,,,,
2/10/1973,,,,,,
2/11/1973,,,,,,
2/12/1973,,,,,,
2/13/1973,,,,,,
2/14/1973,,,,,,
2/15/1973,,,,,,
2/16/1973,,,,,,
2/17/1973,,,,,,
2/18/1973,,,,,,
2/19/1973,,,,,,
2/20/1973,,,,,,
2/21/1973,,,,,,
2/22/1973,,,,,,
2/23/1973,,,,,,
2/24/1973,,,,,,
2/25/1973,,,,,,
2/26/1973,,,,,,
2/27/1973,,,,,,
2/28/1973,,,,,,
3/1/1973,,,,,,
3/2/1973,,,,,,
3/3/1973,,,,,,
3/4/1973,,,,,,
3/5/1973,,,,,,
3/6/1973,,,,,,
3/7/1973,,,,,,
3/8/1973,,,,,,
3/9/1973,,,,,,
3/10/1973,,,,,,
3/11/1973,,,,,,
3/12/1973,,,,,,
3/13/1973,,,,,,
3/14/1973,,,,,,
3/15/1973,,,,,,
3/16/1973,,,,,,
3/17/1973,,,,,,
3/18/1973,,,,,,
3/19/1973,,,,,,
3/20/1973,,,,,,
3/21/1973,,,,,,
3/22/1973,,,,,,
3/23/1973,,,,,,
3/24/1973,,,,,,
3/25/1973,,,,,,
3/26/1973,,,,,,
3/27/1973,,,,,,
3/28/1973,,,,,,
3/29/1973,,,,,,
3/30/1973,,,,,,
3/31/1973,,,,,,
4/1/1973,,,,,,
4/2/1973,,,,,,
4/3/1973,,,,,,
4/4/1973,,,,,,
4/5/1973,,,,,,
4/6/1973,,,,,,
4/7/1973,,,,,,
4/8/1973,,,,,,
4/9/1973,,,,,,
4/10/1973,,,,,,
4/11/1973,,,,,,
4/12/1973,,,,,,
4/13/1973,,,,,,
4/14/1973,,,,,,
4/15/1973,,,,,,
4/16/1973,,,,,,
4/17/1973,,,,,,
4/18/1973,,,,,,
4/19/1973,,,,,,
4/20/1973,,,,,,
4/21/1973,,,,,,
4/22/1973,,,,,,
4/23/1973,,,,,,
4/24/1973,,,,,,
4/25/1973,,,,,,
4/26/1973,,,,,,
4/27/1973,,,,,,
4/28/1973,,,,,,
4/29/1973,,,,,,
4/30/1973,,,,,,
5/1/1973,,,,,,
5/2/1973,,,,,,
5/3/1973,,,,,,
5/4/1973,,,,,,
5/5/1973,,,,,,
5/6/1973,,,,,,
5/7/1973,,,,,,
5/8/1973,,,,,,
5/9/1973,,,,,,
5/10/1973,,,,,,
5/11/1973,,,,,,
5/12/1973,,,,,,
5/13/1973,,,,,,
5/14/1973,,,,,,
5/15/1973,,,,,,
5/16/1973,,,,,,
5/17/1973,,,,,,
5/18/1973,,,,,,
5/19/1973,,,,,,
5/20/1973,,,,,,
5/21/1973,,,,,,
5/22/1973,,,,,,
5/23/1973,,,,,,
5/24/1973,,,,,,
5/25/1973,,,,,,
5/26/1973,,,,,,
5/27/1973,,,,,,
5/28/1973,,,,,,
5/29/1973,,,,,,
5/30/1973,,,,,,
5/31/1973,,,,,,
6/1/1973,,,,,,
6/2/1973,,,,,,
6/3/1973,,,,,,
6/4/1973,,,,,,
6/5/1973,,,,,,
6/6/1973,,,,,,
6/7/1973,,,,,,
6/8/1973,,,,,,
6/9/1973,,,,,,
6/10/1973,,,,,,
6/11/1973,,,,,,
6/12/1973,,,,,,
6/13/1973,,,,,,
6/14/1973,,,,,,
6/15/1973,,,,,,
6/16/1973,,,,,,
6/17/1973,,,,,,
6/18/1973,,,,,,
6/19/1973,,,,,,
6/20/1973,,,,,,
6/21/1973,,,,,,
6/22/1973,,,,,,
6/23/1973,,,,,,
6/24/1973,,,,,,
6/25/1973,,,,,,
6/26/1973,,,,,,
6/27/1973,,,,,,
6/28/1973,,,,,,
6/29/1973,,,,,,
6/30/1973,,,,,,
7/1/1973,,,,,,
7/2/1973,,,,,,
7/3/1973,,,,,,
7/4/1973,,,,,,
7/5/1973,,,,,,
7/6/1973,,,,,,
7/7/1973,,,,,,
7/8/1973,,,,,,
7/9/1973,,,,,,
7/10/1973,,,,,,
7/11/1973,,,,,,
7/12/1973,,,,,,
7/13/1973,,,,,,
7/14/1973,,,,,,
7/15/1973,,,,,,
7/16/1973,,,,,,
7/17/1973,,,,,,
7/18/1973,,,,,,
7/19/1973,,,,,,
7/20/1973,,,,,,
7/21/1973,,,,,,
7/22/1973,,,,,,
7/23/1973,,,,,,
7/24/1973,,,,,,
7/25/1973,,,,,,
7/26/1973,,,,,,
7/27/1973,,,,,,
7/28/1973,,,,,,
7/29/1973,,,,,,
7/30/1973,,,,,,
7/31/1973,,,,,,
8/1/1973,,,,,,
8/2/1973,,,,,,
8/3/1973,,,,,,
8/4/1973,,,,,,
8/5/1973,,,,,,
8/6/1973,,,,,,
8/7/1973,,,,,,
8/8/1973,,,,,,
8/9/1973,,,,,,
8/10/1973,,,,,,
8/11/1973,,,,,,
8/12/1973,,,,,,
8/13/1973,,,,,,
8/14/1973,,,,,,
8/15/1973,,,,,,
8/16/1973,,,,,,
8/17/1973,,,,,,
8/18/1973,,,,,,
8/19/1973,,,,,,
8/20/1973,,,,,,
8/21/1973,,,,,,
8/22/1973,,,,,,
8/23/1973,,,,,,
8/24/1973,,,,,,
8/25/1973,,,,,,
8/26/1973,,,,,,
8/27/1973,,,,,,
8/28/1973,,,,,,
8/29/1973,,,,,,
8/30/1973,,,,,,
8/31/1973,,,,,,
9/1/1973,,,,,,
9/2/1973,,,,,,
9/3/1973,,,,,,
9/4/1973,,,,,,
9/5/1973,,,,,,
9/6/1973,,,,,,
9/7/1973,,,,,,
9/8/1973,,,,,,
9/9/1973,,,,,,
9/10/1973,,,,,,
9/11/1973,,,,,,
9/12/1973,,,,,,
9/13/1973,,,,,,
9/14/1973,,,,,,
9/15/1973,,,,,,
9/16/1973,,,,,,
9/17/1973,,,,,,
9/18/1973,,,,,,
9/19/1973,,,,,,
9/20/1973,,,,,,
9/21/1973,,,,,,
9/22/1973,,,,,,
9/23/1973,,,,,,
9/24/1973,,,,,,
9/25/1973,,,,,,
9/26/1973,,,,,,
9/27/1973,,,,,,
9/28/1973,,,,,,
9/29/1973,,,,,,
9/30/1973,,,,,,
10/1/1973,,,,,,
10/2/1973,,,,,,
10/3/1973,,,,,,
10/4/1973,,,,,,
10/5/1973,,,,,,
10/6/1973,,,,,,
10/7/1973,,,,,,
10/8/1973,,,,,,
10/9/1973,,,,,,
10/10/1973,,,,,,
10/11/1973,,,,,,
10/12/1973,,,,,,
10/13/1973,,,,,,
10/14/1973,,,,,,
10/15/1973,,,,,,
10/16/1973,,,,,,
10/17/1973,,,,,,
10/18/1973,,,,,,
10/19/1973,,,,,,
10/20/1973,,,,,,
10/21/1973,,,,,,
10/22/1973,,,,,,
10/23/1973,,,,,,
10/24/1973,,,,,,
10/25/1973,,,,,,
10/26/1973,,,,,,
10/27/1973,,,,,,
10/28/1973,,,,,,
10/29/1973,,,,,,
10/30/1973,,,,,,
10/31/1973,,,,,,
11/1/1973,,,,,,
11/2/1973,,,,,,
11/3/1973,,,,,,
11/4/1973,,,,,,
11/5/1973,,,,,,
11/6/1973,,,,,,
11/7/1973,,,,,,
11/8/1973,,,,,,
11/9/1973,,,,,,
11/10/1973,,,,,,
11/11/1973,,,,,,
11/12/1973,,,,,,
11/13/1973,,,,,,
11/14/1973,,,,,,
11/15/1973,,,,,,
11/16/1973,,,,,,
11/17/1973,,,,,,
11/18/1973,,,,,,
11/19/1973,,,,,,
11/20/1973,,,,,,
11/21/1973,,,,,,
11/22/1973,,,,,,
11/23/1973,,,,,,
11/24/1973,,,,,,
11/25/1973,,,,,,
11/26/1973,,,,,,
11/27/1973,,,,,,
11/28/1973,,,,,,
11/29/1973,,,,,,
11/30/1973,,,,,,
12/1/1973,,,,,,
12/2/1973,,,,,,
12/3/1973,,,,,,
12/4/1973,,,,,,
12/5/1973,,,,,,
12/6/1973,,,,,,
12/7/1973,,,,,,
12/8/1973,,,,,,
12/9/1973,,,,,,
12/10/1973,,,,,,
12/11/1973,,,,,,
12/12/1973,,,,,,
12/13/1973,,,,,,
12/14/1973,,,,,,
12/15/1973,,,,,,
12/16/1973,,,,,,
12/17/1973,,,,,,
12/18/1973,,,,,,
12/19/1973,,,,,,
12/20/1973,,,,,,
12/21/1973,,,,,,
12/22/1973,,,,,,
12/23/1973,,,,,,
12/24/1973,,,,,,
12/25/1973,,,,,,
12/26/1973,,,,,,
12/27/1973,,,,,,
12/28/1973,,,,,,
12/29/1973,,,,,,
12/30/1973,,,,,,
12/31/1973,,,,,,
1/1/1974,,,,,,
1/2/1974,,,,,,
1/3/1974,,,,,,
1/4/1974,,,,,,
1/5/1974,,,,,,
1/6/1974,,,,,,
1/7/1974,,,,,,
1/8/1974,,,,,,
1/9/1974,,,,,,
1/10/1974,,,,,,
1/11/1974,,,,,,
1/12/1974,,,,,,
1/13/1974,,,,,,
1/14/1974,,,,,,
1/15/1974,,,,,,
1/16/1974,,,,,,
1/17/1974,,,,,,
1/18/1974,,,,,,
1/19/1974,,,,,,
1/20/1974,,,,,,
1/21/1974,,,,,,
1/22/1974,,,,,,
1/23/1974,,,,,,
1/24/1974,,,,,,
1/25/1974,,,,,,
1/26/1974,,,,,,
1/27/1974,,,,,,
1/28/1974,,,,,,
1/29/1974,,,,,,
1/30/1974,,,,,,
1/31/1974,,,,,,
2/1/1974,,,,,,
2/2/1974,,,,,,
2/3/1974,,,,,,
2/4/1974,,,,,,
2/5/1974,,,,,,
2/6/1974,,,,,,
2/7/1974,,,,,,
2/8/1974,,,,,,
2/9/1974,,,,,,
2/10/1974,,,,,,
2/11/1974,,,,,,
2/12/1974,,,,,,
2/13/1974,,,,,,
2/14/1974,,,,,,
2/15/1974,,,,,,
2/16/1974,,,,,,
2/17/1974,,,,,,
2/18/1974,,,,,,
2/19/1974,,,,,,
2/20/1974,,,,,,
2/21/1974,,,,,,
2/22/1974,,,,,,
2/23/1974,,,,,,
2/24/1974,,,,,,
2/25/1974,,,,,,
2/26/1974,,,,,,
2/27/1974,,,,,,
2/28/1974,,,,,,
3/1/1974,,,,,,
3/2/1974,,,,,,
3/3/1974,,,,,,
3/4/1974,,,,,,
3/5/1974,,,,,,
3/6/1974,,,,,,
3/7/1974,,,,,,
3/8/1974,,,,,,
3/9/1974,,,,,,
3/10/1974,,,,,,
3/11/1974,,,,,,
3/12/1974,,,,,,
3/13/1974,,,,,,
3/14/1974,,,,,,
3/15/1974,,,,,,
3/16/1974,,,,,,
3/17/1974,,,,,,
3/18/1974,,,,,,
3/19/1974,,,,,,
3/20/1974,,,,,,
3/21/1974,,,,,,
3/22/1974,,,,,,
3/23/1974,,,,,,
3/24/1974,,,,,,
3/25/1974,,,,,,
3/26/1974,,,,,,
3/27/1974,,,,,,
3/28/1974,,,,,,
3/29/1974,,,,,,
3/30/1974,,,,,,
3/31/1974,,,,,,
4/1/1974,,,,,,
4/2/1974,,,,,,
4/3/1974,,,,,,
4/4/1974,,,,,,
4/5/1974,,,,,,
4/6/1974,,,,,,
4/7/1974,,,,,,
4/8/1974,,,,,,
4/9/1974,,,,,,
4/10/1974,,,,,,
4/11/1974,,,,,,
4/12/1974,,,,,,
4/13/1974,,,,,,
4/14/1974,,,,,,
4/15/1974,,,,,,
4/16/1974,,,,,,
4/17/1974,,,,,,
4/18/1974,,,,,,
4/19/1974,,,,,,
4/20/1974,,,,,,
4/21/1974,,,,,,
4/22/1974,,,,,,
4/23/1974,,,,,,
4/24/1974,,,,,,
4/25/1974,,,,,,
4/26/1974,,,,,,
4/27/1974,,,,,,
4/28/1974,,,,,,
4/29/1974,,,,,,
4/30/1974,,,,,,
5/1/1974,,,,,,
5/2/1974,,,,,,
5/3/1974,,,,,,
5/4/1974,,,,,,
5/5/1974,,,,,,
5/6/1974,,,,,,
5/7/1974,,,,,,
5/8/1974,,,,,,
5/9/1974,,,,,,
5/10/1974,,,,,,
5/11/1974,,,,,,
5/12/1974,,,,,,
5/13/1974,,,,,,
5/14/1974,,,,,,
5/15/1974,,,,,,
5/16/1974,,,,,,
5/17/1974,,,,,,
5/18/1974,,,,,,
5/19/1974,,,,,,
5/20/1974,,,,,,
5/21/1974,,,,,,
5/22/1974,,,,,,
5/23/1974,,,,,,
5/24/1974,,,,,,
5/25/1974,,,,,,
5/26/1974,,,,,,
5/27/1974,,,,,,
5/28/1974,,,,,,
5/29/1974,,,,,,
5/30/1974,,,,,,
5/31/1974,,,,,,
6/1/1974,,,,,,
6/2/1974,,,,,,
6/3/1974,,,,,,
6/4/1974,,,,,,
6/5/1974,,,,,,
6/6/1974,,,,,,
6/7/1974,,,,,,
6/8/1974,,,,,,
6/9/1974,,,,,,
6/10/1974,,,,,,
6/11/1974,,,,,,
6/12/1974,,,,,,
6/13/1974,,,,,,
6/14/1974,,,,,,
6/15/1974,,,,,,
6/16/1974,,,,,,
6/17/1974,,,,,,
6/18/1974,,,,,,
6/19/1974,,,,,,
6/20/1974,,,,,,
6/21/1974,,,,,,
6/22/1974,,,,,,
6/23/1974,,,,,,
6/24/1974,,,,,,
6/25/1974,,,,,,
6/26/1974,,,,,,
6/27/1974,,,,,,
6/28/1974,,,,,,
6/29/1974,,,,,,
6/30/1974,,,,,,
7/1/1974,,,,,,
7/2/1974,,,,,,
7/3/1974,,,,,,
7/4/1974,,,,,,
7/5/1974,,,,,,
7/6/1974,,,,,,
7/7/1974,,,,,,
7/8/1974,,,,,,
7/9/1974,,,,,,
7/10/1974,,,,,,
7/11/1974,,,,,,
7/12/1974,,,,,,
7/13/1974,,,,,,
7/14/1974,,,,,,
7/15/1974,,,,,,
7/16/1974,,,,,,
7/17/1974,,,,,,
7/18/1974,,,,,,
7/19/1974,,,,,,
7/20/1974,,,,,,
7/21/1974,,,,,,
7/22/1974,,,,,,
7/23/1974,,,,,,
7/24/1974,,,,,,
7/25/1974,,,,,,
7/26/1974,,,,,,
7/27/1974,,,,,,
7/28/1974,,,,,,
7/29/1974,,,,,,
7/30/1974,,,,,,
7/31/1974,,,,,,
8/1/1974,,,,,,
8/2/1974,,,,,,
8/3/1974,,,,,,
8/4/1974,,,,,,
8/5/1974,,,,,,
8/6/1974,,,,,,
8/7/1974,,,,,,
8/8/1974,,,,,,
8/9/1974,,,,,,
8/10/1974,,,,,,
8/11/1974,,,,,,
8/12/1974,,,,,,
8/13/1974,,,,,,
8/14/1974,,,,,,
8/15/1974,,,,,,
8/16/1974,,,,,,
8/17/1974,,,,,,
8/18/1974,,,,,,
8/19/1974,,,,,,
8/20/1974,,,,,,
8/21/1974,,,,,,
8/22/1974,,,,,,
8/23/1974,,,,,,
8/24/1974,,,,,,
8/25/1974,,,,,,
8/26/1974,,,,,,
8/27/1974,,,,,,
8/28/1974,,,,,,
8/29/1974,,,,,,
8/30/1974,,,,,,
8/31/1974,,,,,,
9/1/1974,,,,,,
9/2/1974,,,,,,
9/3/1974,,,,,,
9/4/1974,,,,,,
9/5/1974,,,,,,
9/6/1974,,,,,,
9/7/1974,,,,,,
9/8/1974,,,,,,
9/9/1974,,,,,,
9/10/1974,,,,,,
9/11/1974,,,,,,
9/12/1974,,,,,,
9/13/1974,,,,,,
9/14/1974,,,,,,
9/15/1974,,,,,,
9/16/1974,,,,,,
9/17/1974,,,,,,
9/18/1974,,,,,,
9/19/1974,,,,,,
9/20/1974,,,,,,
9/21/1974,,,,,,
9/22/1974,,,,,,
9/23/1974,,,,,,
9/24/1974,,,,,,
9/25/1974,,,,,,
9/26/1974,,,,,,
9/27/1974,,,,,,
9/28/1974,,,,,,
9/29/1974,,,,,,
9/30/1974,,,,,,
10/1/1974,,,,,,
10/2/1974,,,,,,
10/3/1974,,,,,,
10/4/1974,,,,,,
10/5/1974,,,,,,
10/6/1974,,,,,,
10/7/1974,,,,,,
10/8/1974,,,,,,
10/9/1974,,,,,,
10/10/1974,,,,,,
10/11/1974,,,,,,
10/12/1974,,,,,,
10/13/1974,,,,,,
10/14/1974,,,,,,
10/15/1974,,,,,,
10/16/1974,,,,,,
10/17/1974,,,,,,
10/18/1974,,,,,,
10/19/1974,,,,,,
10/20/1974,,,,,,
10/21/1974,,,,,,
10/22/1974,,,,,,
10/23/1974,,,,,,
10/24/1974,,,,,,
10/25/1974,,,,,,
10/26/1974,,,,,,
10/27/1974,,,,,,
10/28/1974,,,,,,
10/29/1974,,,,,,
10/30/1974,,,,,,
10/31/1974,,,,,,
11/1/1974,,,,,,
11/2/1974,,,,,,
11/3/1974,,,,,,
11/4/1974,,,,,,
11/5/1974,,,,,,
11/6/1974,,,,,,
11/7/1974,,,,,,
11/8/1974,,,,,,
11/9/1974,,,,,,
11/10/1974,,,,,,
11/11/1974,,,,,,
11/12/1974,,,,,,
11/13/1974,,,,,,
11/14/1974,,,,,,
11/15/1974,,,,,,
11/16/1974,,,,,,
11/17/1974,,,,,,
11/18/1974,,,,,,
11/19/1974,,,,,,
11/20/1974,,,,,,
11/21/1974,,,,,,
11/22/1974,,,,,,
11/23/1974,,,,,,
11/24/1974,,,,,,
11/25/1974,,,,,,
11/26/1974,,,,,,
11/27/1974,,,,,,
11/28/1974,,,,,,
11/29/1974,,,,,,
11/30/1974,,,,,,
12/1/1974,,,,,,
12/2/1974,,,,,,
12/3/1974,,,,,,
12/4/1974,,,,,,
12/5/1974,,,,,,
12/6/1974,,,,,,
12/7/1974,,,,,,
12/8/1974,,,,,,
12/9/1974,,,,,,
12/10/1974,,,,,,
12/11/1974,,,,,,
12/12/1974,,,,,,
12/13/1974,,,,,,
12/14/1974,,,,,,
12/15/1974,,,,,,
12/16/1974,,,,,,
12/17/1974,,,,,,
12/18/1974,,,,,,
12/19/1974,,,,,,
12/20/1974,,,,,,
12/21/1974,,,,,,
12/22/1974,,,,,,
12/23/1974,,,,,,
12/24/1974,,,,,,
12/25/1974,,,,,,
12/26/1974,,,,,,
12/27/1974,,,,,,
12/28/1974,,,,,,
12/29/1974,,,,,,
12/30/1974,,,,,,
12/31/1974,,,,,,
1/1/1975,,,,,,
1/2/1975,,,,,,
1/3/1975,,,,,,
1/4/1975,,,,,,
1/5/1975,,,,,,
1/6/1975,,,,,,
1/7/1975,,,,,,
1/8/1975,,,,,,
1/9/1975,,,,,,
1/10/1975,,,,,,
1/11/1975,,,,,,
1/12/1975,,,,,,
1/13/1975,,,,,,
1/14/1975,,,,,,
1/15/1975,,,,,,
1/16/1975,,,,,,
1/17/1975,,,,,,
1/18/1975,,,,,,
1/19/1975,,,,,,
1/20/1975,,,,,,
1/21/1975,,,,,,
1/22/1975,,,,,,
1/23/1975,,,,,,
1/24/1975,,,,,,
1/25/1975,,,,,,
1/26/1975,,,,,,
1/27/1975,,,,,,
1/28/1975,,,,,,
1/29/1975,,,,,,
1/30/1975,,,,,,
1/31/1975,,,,,,
2/1/1975,,,,,,
2/2/1975,,,,,,
2/3/1975,,,,,,
2/4/1975,,,,,,
2/5/1975,,,,,,
2/6/1975,,,,,,
2/7/1975,,,,,,
2/8/1975,,,,,,
2/9/1975,,,,,,
2/10/1975,,,,,,
2/11/1975,,,,,,
2/12/1975,,,,,,
2/13/1975,,,,,,
2/14/1975,,,,,,
2/15/1975,,,,,,
2/16/1975,,,,,,
2/17/1975,,,,,,
2/18/1975,,,,,,
2/19/1975,,,,,,
2/20/1975,,,,,,
2/21/1975,,,,,,
2/22/1975,,,,,,
2/23/1975,,,,,,
2/24/1975,,,,,,
2/25/1975,,,,,,
2/26/1975,,,,,,
2/27/1975,,,,,,
2/28/1975,,,,,,
3/1/1975,,,,,,
3/2/1975,,,,,,
3/3/1975,,,,,,
3/4/1975,,,,,,
3/5/1975,,,,,,
3/6/1975,,,,,,
3/7/1975,,,,,,
3/8/1975,,,,,,
3/9/1975,,,,,,
3/10/1975,,,,,,
3/11/1975,,,,,,
3/12/1975,,,,,,
3/13/1975,,,,,,
3/14/1975,,,,,,
3/15/1975,,,,,,
3/16/1975,,,,,,
3/17/1975,,,,,,
3/18/1975,,,,,,
3/19/1975,,,,,,
3/20/1975,,,,,,
3/21/1975,,,,,,
3/22/1975,,,,,,
3/23/1975,,,,,,
3/24/1975,,,,,,
3/25/1975,,,,,,
3/26/1975,,,,,,
3/27/1975,,,,,,
3/28/1975,,,,,,
3/29/1975,,,,,,
3/30/1975,,,,,,
3/31/1975,,,,,,
4/1/1975,,,,,,
4/2/1975,,,,,,
4/3/1975,,,,,,
4/4/1975,,,,,,
4/5/1975,,,,,,
4/6/1975,,,,,,
4/7/1975,,,,,,
4/8/1975,,,,,,
4/9/1975,,,,,,
4/10/1975,,,,,,
4/11/1975,,,,,,
4/12/1975,,,,,,
4/13/1975,,,,,,
4/14/1975,,,,,,
4/15/1975,,,,,,
4/16/1975,,,,,,
4/17/1975,,,,,,
4/18/1975,,,,,,
4/19/1975,,,,,,
4/20/1975,,,,,,
4/21/1975,,,,,,
4/22/1975,,,,,,
4/23/1975,,,,,,
4/24/1975,,,,,,
4/25/1975,,,,,,
4/26/1975,,,,,,
4/27/1975,,,,,,
4/28/1975,,,,,,
4/29/1975,,,,,,
4/30/1975,,,,,,
5/1/1975,,,,,,
5/2/1975,,,,,,
5/3/1975,,,,,,
5/4/1975,,,,,,
5/5/1975,,,,,,
5/6/1975,,,,,,
5/7/1975,,,,,,
5/8/1975,,,,,,
5/9/1975,,,,,,
5/10/1975,,,,,,
5/11/1975,,,,,,
5/12/1975,,,,,,
5/13/1975,,,,,,
5/14/1975,,,,,,
5/15/1975,,,,,,
5/16/1975,,,,,,
5/17/1975,,,,,,
5/18/1975,,,,,,
5/19/1975,,,,,,
5/20/1975,,,,,,
5/21/1975,,,,,,
5/22/1975,,,,,,
5/23/1975,,,,,,
5/24/1975,,,,,,
5/25/1975,,,,,,
5/26/1975,,,,,,
5/27/1975,,,,,,
5/28/1975,,,,,,
5/29/1975,,,,,,
5/30/1975,,,,,,
5/31/1975,,,,,,
6/1/1975,,,,,,
6/2/1975,,,,,,
6/3/1975,,,,,,
6/4/1975,,,,,,
6/5/1975,,,,,,
6/6/1975,,,,,,
6/7/1975,,,,,,
6/8/1975,,,,,,
6/9/1975,,,,,,
6/10/1975,,,,,,
6/11/1975,,,,,,
6/12/1975,,,,,,
6/13/1975,,,,,,
6/14/1975,,,,,,
6/15/1975,,,,,,
6/16/1975,,,,,,
6/17/1975,,,,,,
6/18/1975,,,,,,
6/19/1975,,,,,,
6/20/1975,,,,,,
6/21/1975,,,,,,
6/22/1975,,,,,,
6/23/1975,,,,,,
6/24/1975,,,,,,
6/25/1975,,,,,,
6/26/1975,,,,,,
6/27/1975,,,,,,
6/28/1975,,,,,,
6/29/1975,,,,,,
6/30/1975,,,,,,
7/1/1975,,,,,,
7/2/1975,,,,,,
7/3/1975,,,,,,
7/4/1975,,,,,,
7/5/1975,,,,,,
7/6/1975,,,,,,
7/7/1975,,,,,,
7/8/1975,,,,,,
7/9/1975,,,,,,
7/10/1975,,,,,,
7/11/1975,,,,,,
7/12/1975,,,,,,
7/13/1975,,,,,,
7/14/1975,,,,,,
7/15/1975,,,,,,
7/16/1975,,,,,,
7/17/1975,,,,,,
7/18/1975,,,,,,
7/19/1975,,,,,,
7/20/1975,,,,,,
7/21/1975,,,,,,
7/22/1975,,,,,,
7/23/1975,,,,,,
7/24/1975,,,,,,
7/25/1975,,,,,,
7/26/1975,,,,,,
7/27/1975,,,,,,
7/28/1975,,,,,,
7/29/1975,,,,,,
7/30/1975,,,,,,
7/31/1975,,,,,,
8/1/1975,,,,,,
8/2/1975,,,,,,
8/3/1975,,,,,,
8/4/1975,,,,,,
8/5/1975,,,,,,
8/6/1975,,,,,,
8/7/1975,,,,,,
8/8/1975,,,,,,
8/9/1975,,,,,,
8/10/1975,,,,,,
8/11/1975,,,,,,
8/12/1975,,,,,,
8/13/1975,,,,,,
8/14/1975,,,,,,
8/15/1975,,,,,,
8/16/1975,,,,,,
8/17/1975,,,,,,
8/18/1975,,,,,,
8/19/1975,,,,,,
8/20/1975,,,,,,
8/21/1975,,,,,,
8/22/1975,,,,,,
8/23/1975,,,,,,
8/24/1975,,,,,,
8/25/1975,,,,,,
8/26/1975,,,,,,
8/27/1975,,,,,,
8/28/1975,,,,,,
8/29/1975,,,,,,
8/30/1975,,,,,,
8/31/1975,,,,,,
9/1/1975,,,,,,
9/2/1975,,,,,,
9/3/1975,,,,,,
9/4/1975,,,,,,
9/5/1975,,,,,,
9/6/1975,,,,,,
9/7/1975,,,,,,
9/8/1975,,,,,,
9/9/1975,,,,,,
9/10/1975,,,,,,
9/11/1975,,,,,,
9/12/1975,,,,,,
9/13/1975,,,,,,
9/14/1975,,,,,,
9/15/1975,,,,,,
9/16/1975,,,,,,
9/17/1975,,,,,,
9/18/1975,,,,,,
9/19/1975,,,,,,
9/20/1975,,,,,,
9/21/1975,,,,,,
9/22/1975,,,,,,
9/23/1975,,,,,,
9/24/1975,,,,,,
9/25/1975,,,,,,
9/26/1975,,,,,,
9/27/1975,,,,,,
9/28/1975,,,,,,
9/29/1975,,,,,,
9/30/1975,,,,,,
10/1/1975,,,,,,
10/2/1975,,,,,,
10/3/1975,,,,,,
10/4/1975,,,,,,
10/5/1975,,,,,,
10/6/1975,,,,,,
10/7/1975,,,,,,
10/8/1975,,,,,,
10/9/1975,,,,,,
10/10/1975,,,,,,
10/11/1975,,,,,,
10/12/1975,,,,,,
10/13/1975,,,,,,
10/14/1975,,,,,,
10/15/1975,,,,,,
10/16/1975,,,,,,
10/17/1975,,,,,,
10/18/1975,,,,,,
10/19/1975,,,,,,
10/20/1975,,,,,,
10/21/1975,,,,,,
10/22/1975,,,,,,
10/23/1975,,,,,,
10/24/1975,,,,,,
10/25/1975,,,,,,
10/26/1975,,,,,,
10/27/1975,,,,,,
10/28/1975,,,,,,
10/29/1975,,,,,,
10/30/1975,,,,,,
10/31/1975,,,,,,
11/1/1975,,,,,,
11/2/1975,,,,,,
11/3/1975,,,,,,
11/4/1975,,,,,,
11/5/1975,,,,,,
11/6/1975,,,,,,
11/7/1975,,,,,,
11/8/1975,,,,,,
11/9/1975,,,,,,
11/10/1975,,,,,,
11/11/1975,,,,,,
11/12/1975,,,,,,
11/13/1975,,,,,,
11/14/1975,,,,,,
11/15/1975,,,,,,
11/16/1975,,,,,,
11/17/1975,,,,,,
11/18/1975,,,,,,
11/19/1975,,,,,,
11/20/1975,,,,,,
11/21/1975,,,,,,
11/22/1975,,,,,,
11/23/1975,,,,,,
11/24/1975,,,,,,
11/25/1975,,,,,,
11/26/1975,,,,,,
11/27/1975,,,,,,
11/28/1975,,,,,,
11/29/1975,,,,,,
11/30/1975,,,,,,
12/1/1975,,,,,,
12/2/1975,,,,,,
12/3/1975,,,,,,
12/4/1975,,,,,,
12/5/1975,,,,,,
12/6/1975,,,,,,
12/7/1975,,,,,,
12/8/1975,,,,,,
12/9/1975,,,,,,
12/10/1975,,,,,,
12/11/1975,,,,,,
12/12/1975,,,,,,
12/13/1975,,,,,,
12/14/1975,,,,,,
12/15/1975,,,,,,
12/16/1975,,,,,,
12/17/1975,,,,,,
12/18/1975,,,,,,
12/19/1975,,,,,,
12/20/1975,,,,,,
12/21/1975,,,,,,
12/22/1975,,,,,,
12/23/1975,,,,,,
12/24/1975,,,,,,
12/25/1975,,,,,,
12/26/1975,,,,,,
12/27/1975,,,,,,
12/28/1975,,,,,,
12/29/1975,,,,,,
12/30/1975,,,,,,
12/31/1975,,,,,,
1/1/1976,,,,,,
1/2/1976,,,,,,
1/3/1976,,,,,,
1/4/1976,,,,,,
1/5/1976,,,,,,
1/6/1976,,,,,,
1/7/1976,,,,,,
1/8/1976,,,,,,
1/9/1976,,,,,,
1/10/1976,,,,,,
1/11/1976,,,,,,
1/12/1976,,,,,,
1/13/1976,,,,,,
1/14/1976,,,,,,
1/15/1976,,,,,,
1/16/1976,,,,,,
1/17/1976,,,,,,
1/18/1976,,,,,,
1/19/1976,,,,,,
1/20/1976,,,,,,
1/21/1976,,,,,,
1/22/1976,,,,,,
1/23/1976,,,,,,
1/24/1976,,,,,,
1/25/1976,,,,,,
1/26/1976,,,,,,
1/27/1976,,,,,,
1/28/1976,,,,,,
1/29/1976,,,,,,
1/30/1976,,,,,,
1/31/1976,,,,,,
2/1/1976,,,,,,
2/2/1976,,,,,,
2/3/1976,,,,,,
2/4/1976,,,,,,
2/5/1976,,,,,,
2/6/1976,,,,,,
2/7/1976,,,,,,
2/8/1976,,,,,,
2/9/1976,,,,,,
2/10/1976,,,,,,
2/11/1976,,,,,,
2/12/1976,,,,,,
2/13/1976,,,,,,
2/14/1976,,,,,,
2/15/1976,,,,,,
2/16/1976,,,,,,
2/17/1976,,,,,,
2/18/1976,,,,,,
2/19/1976,,,,,,
2/20/1976,,,,,,
2/21/1976,,,,,,
2/22/1976,,,,,,
2/23/1976,,,,,,
2/24/1976,,,,,,
2/25/1976,,,,,,
2/26/1976,,,,,,
2/27/1976,,,,,,
2/28/1976,,,,,,
2/29/1976,,,,,,
3/1/1976,,,,,,
3/2/1976,,,,,,
3/3/1976,,,,,,
3/4/1976,,,,,,
3/5/1976,,,,,,
3/6/1976,,,,,,
3/7/1976,,,,,,
3/8/1976,,,,,,
3/9/1976,,,,,,
3/10/1976,,,,,,
3/11/1976,,,,,,
3/12/1976,,,,,,
3/13/1976,,,,,,
3/14/1976,,,,,,
3/15/1976,,,,,,
3/16/1976,,,,,,
3/17/1976,,,,,,
3/18/1976,,,,,,
3/19/1976,,,,,,
3/20/1976,,,,,,
3/21/1976,,,,,,
3/22/1976,,,,,,
3/23/1976,,,,,,
3/24/1976,,,,,,
3/25/1976,,,,,,
3/26/1976,,,,,,
3/27/1976,,,,,,
3/28/1976,,,,,,
3/29/1976,,,,,,
3/30/1976,,,,,,
3/31/1976,,,,,,
4/1/1976,,,,,,
4/2/1976,,,,,,
4/3/1976,,,,,,
4/4/1976,,,,,,
4/5/1976,,,,,,
4/6/1976,,,,,,
4/7/1976,,,,,,
4/8/1976,,,,,,
4/9/1976,,,,,,
4/10/1976,,,,,,
4/11/1976,,,,,,
4/12/1976,,,,,,
4/13/1976,,,,,,
4/14/1976,,,,,,
4/15/1976,,,,,,
4/16/1976,,,,,,
4/17/1976,,,,,,
4/18/1976,,,,,,
4/19/1976,,,,,,
4/20/1976,,,,,,
4/21/1976,,,,,,
4/22/1976,,,,,,
4/23/1976,,,,,,
4/24/1976,,,,,,
4/25/1976,,,,,,
4/26/1976,,,,,,
4/27/1976,,,,,,
4/28/1976,,,,,,
4/29/1976,,,,,,
4/30/1976,,,,,,
5/1/1976,,,,,,
5/2/1976,,,,,,
5/3/1976,,,,,,
5/4/1976,,,,,,
5/5/1976,,,,,,
5/6/1976,,,,,,
5/7/1976,,,,,,
5/8/1976,,,,,,
5/9/1976,,,,,,
5/10/1976,,,,,,
5/11/1976,,,,,,
5/12/1976,,,,,,
5/13/1976,,,,,,
5/14/1976,,,,,,
5/15/1976,,,,,,
5/16/1976,,,,,,
5/17/1976,,,,,,
5/18/1976,,,,,,
5/19/1976,,,,,,
5/20/1976,,,,,,
5/21/1976,,,,,,
5/22/1976,,,,,,
5/23/1976,,,,,,
5/24/1976,,,,,,
5/25/1976,,,,,,
5/26/1976,,,,,,
5/27/1976,,,,,,
5/28/1976,,,,,,
5/29/1976,,,,,,
5/30/1976,,,,,,
5/31/1976,,,,,,
6/1/1976,,,,,,
6/2/1976,,,,,,
6/3/1976,,,,,,
6/4/1976,,,,,,
6/5/1976,,,,,,
6/6/1976,,,,,,
6/7/1976,,,,,,
6/8/1976,,,,,,
6/9/1976,,,,,,
6/10/1976,,,,,,
6/11/1976,,,,,,
6/12/1976,,,,,,
6/13/1976,,,,,,
6/14/1976,,,,,,
6/15/1976,,,,,,
6/16/1976,,,,,,
6/17/1976,,,,,,
6/18/1976,,,,,,
6/19/1976,,,,,,
6/20/1976,,,,,,
6/21/1976,,,,,,
6/22/1976,,,,,,
6/23/1976,,,,,,
6/24/1976,,,,,,
6/25/1976,,,,,,
6/26/1976,,,,,,
6/27/1976,,,,,,
6/28/1976,,,,,,
6/29/1976,,,,,,
6/30/1976,,,,,,
7/1/1976,,,,,,
7/2/1976,,,,,,
7/3/1976,,,,,,
7/4/1976,,,,,,
7/5/1976,,,,,,
7/6/1976,,,,,,
7/7/1976,,,,,,
7/8/1976,,,,,,
7/9/1976,,,,,,
7/10/1976,,,,,,
7/11/1976,,,,,,
7/12/1976,,,,,,
7/13/1976,,,,,,
7/14/1976,,,,,,
7/15/1976,,,,,,
7/16/1976,,,,,,
7/17/1976,,,,,,
7/18/1976,,,,,,
7/19/1976,,,,,,
7/20/1976,,,,,,
7/21/1976,,,,,,
7/22/1976,,,,,,
7/23/1976,,,,,,
7/24/1976,,,,,,
7/25/1976,,,,,,
7/26/1976,,,,,,
7/27/1976,,,,,,
7/28/1976,,,,,,
7/29/1976,,,,,,
7/30/1976,,,,,,
7/31/1976,,,,,,
8/1/1976,,,,,,
8/2/1976,,,,,,
8/3/1976,,,,,,
8/4/1976,,,,,,
8/5/1976,,,,,,
8/6/1976,,,,,,
8/7/1976,,,,,,
8/8/1976,,,,,,
8/9/1976,,,,,,
8/10/1976,,,,,,
8/11/1976,,,,,,
8/12/1976,,,,,,
8/13/1976,,,,,,
8/14/1976,,,,,,
8/15/1976,,,,,,
8/16/1976,,,,,,
8/17/1976,,,,,,
8/18/1976,,,,,,
8/19/1976,,,,,,
8/20/1976,,,,,,
8/21/1976,,,,,,
8/22/1976,,,,,,
8/23/1976,,,,,,
8/24/1976,,,,,,
8/25/1976,,,,,,
8/26/1976,,,,,,
8/27/1976,,,,,,
8/28/1976,,,,,,
8/29/1976,,,,,,
8/30/1976,,,,,,
8/31/1976,,,,,,
9/1/1976,,,,,,
9/2/1976,,,,,,
9/3/1976,,,,,,
9/4/1976,,,,,,
9/5/1976,,,,,,
9/6/1976,,,,,,
9/7/1976,,,,,,
9/8/1976,,,,,,
9/9/1976,,,,,,
9/10/1976,,,,,,
9/11/1976,,,,,,
9/12/1976,,,,,,
9/13/1976,,,,,,
9/14/1976,,,,,,
9/15/1976,,,,,,
9/16/1976,,,,,,
9/17/1976,,,,,,
9/18/1976,,,,,,
9/19/1976,,,,,,
9/20/1976,,,,,,
9/21/1976,,,,,,
9/22/1976,,,,,,
9/23/1976,,,,,,
9/24/1976,,,,,,
9/25/1976,,,,,,
9/26/1976,,,,,,
9/27/1976,,,,,,
9/28/1976,,,,,,
9/29/1976,,,,,,
9/30/1976,,,,,,
10/1/1976,,,,,,
10/2/1976,,,,,,
10/3/1976,,,,,,
10/4/1976,,,,,,
10/5/1976,,,,,,
10/6/1976,,,,,,
10/7/1976,,,,,,
10/8/1976,,,,,,
10/9/1976,,,,,,
10/10/1976,,,,,,
10/11/1976,,,,,,
10/12/1976,,,,,,
10/13/1976,,,,,,
10/14/1976,,,,,,
10/15/1976,,,,,,
10/16/1976,,,,,,
10/17/1976,,,,,,
10/18/1976,,,,,,
10/19/1976,,,,,,
10/20/1976,,,,,,
10/21/1976,,,,,,
10/22/1976,,,,,,
10/23/1976,,,,,,
10/24/1976,,,,,,
10/25/1976,,,,,,
10/26/1976,,,,,,
10/27/1976,,,,,,
10/28/1976,,,,,,
10/29/1976,,,,,,
10/30/1976,,,,,,
10/31/1976,,,,,,
11/1/1976,,,,,,
11/2/1976,,,,,,
11/3/1976,,,,,,
11/4/1976,,,,,,
11/5/1976,,,,,,
11/6/1976,,,,,,
11/7/1976,,,,,,
11/8/1976,,,,,,
11/9/1976,,,,,,
11/10/1976,,,,,,
11/11/1976,,,,,,
11/12/1976,,,,,,
11/13/1976,,,,,,
11/14/1976,,,,,,
11/15/1976,,,,,,
11/16/1976,,,,,,
11/17/1976,,,,,,
11/18/1976,,,,,,
11/19/1976,,,,,,
11/20/1976,,,,,,
11/21/1976,,,,,,
11/22/1976,,,,,,
11/23/1976,,,,,,
11/24/1976,,,,,,
11/25/1976,,,,,,
11/26/1976,,,,,,
11/27/1976,,,,,,
11/28/1976,,,,,,
11/29/1976,,,,,,
11/30/1976,,,,,,
12/1/1976,,,,,,
12/2/1976,,,,,,
12/3/1976,,,,,,
12/4/1976,,,,,,
12/5/1976,,,,,,
12/6/1976,,,,,,
12/7/1976,,,,,,
12/8/1976,,,,,,
12/9/1976,,,,,,
12/10/1976,,,,,,
12/11/1976,,,,,,
12/12/1976,,,,,,
12/13/1976,,,,,,
12/14/1976,,,,,,
12/15/1976,,,,,,
12/16/1976,,,,,,
12/17/1976,,,,,,
12/18/1976,,,,,,
12/19/1976,,,,,,
12/20/1976,,,,,,
12/21/1976,,,,,,
12/22/1976,,,,,,
12/23/1976,,,,,,
12/24/1976,,,,,,
12/25/1976,,,,,,
12/26/1976,,,,,,
12/27/1976,,,,,,
12/28/1976,,,,,,
12/29/1976,,,,,,
12/30/1976,,,,,,
12/31/1976,,,,,,
1/1/1977,,,,,,
1/2/1977,,,,,,
1/3/1977,,,,,,
1/4/1977,,,,,,
1/5/1977,,,,,,
1/6/1977,,,,,,
1/7/1977,,,,,,
1/8/1977,,,,,,
1/9/1977,,,,,,
1/10/1977,,,,,,
1/11/1977,,,,,,
1/12/1977,,,,,,
1/13/1977,,,,,,
1/14/1977,,,,,,
1/15/1977,,,,,,
1/16/1977,,,,,,
1/17/1977,,,,,,
1/18/1977,,,,,,
1/19/1977,,,,,,
1/20/1977,,,,,,
1/21/1977,,,,,,
1/22/1977,,,,,,
1/23/1977,,,,,,
1/24/1977,,,,,,
1/25/1977,,,,,,
1/26/1977,,,,,,
1/27/1977,,,,,,
1/28/1977,,,,,,
1/29/1977,,,,,,
1/30/1977,,,,,,
1/31/1977,,,,,,
2/1/1977,,,,,,
2/2/1977,,,,,,
2/3/1977,,,,,,
2/4/1977,,,,,,
2/5/1977,,,,,,
2/6/1977,,,,,,
2/7/1977,,,,,,
2/8/1977,,,,,,
2/9/1977,,,,,,
2/10/1977,,,,,,
2/11/1977,,,,,,
2/12/1977,,,,,,
2/13/1977,,,,,,
2/14/1977,,,,,,
2/15/1977,,,,,,
2/16/1977,,,,,,
2/17/1977,,,,,,
2/18/1977,,,,,,
2/19/1977,,,,,,
2/20/1977,,,,,,
2/21/1977,,,,,,
2/22/1977,,,,,,
2/23/1977,,,,,,
2/24/1977,,,,,,
2/25/1977,,,,,,
2/26/1977,,,,,,
2/27/1977,,,,,,
2/28/1977,,,,,,
3/1/1977,,,,,,
3/2/1977,,,,,,
3/3/1977,,,,,,
3/4/1977,,,,,,
3/5/1977,,,,,,
3/6/1977,,,,,,
3/7/1977,,,,,,
3/8/1977,,,,,,
3/9/1977,,,,,,
3/10/1977,,,,,,
3/11/1977,,,,,,
3/12/1977,,,,,,
3/13/1977,,,,,,
3/14/1977,,,,,,
3/15/1977,,,,,,
3/16/1977,,,,,,
3/17/1977,,,,,,
3/18/1977,,,,,,
3/19/1977,,,,,,
3/20/1977,,,,,,
3/21/1977,,,,,,
3/22/1977,,,,,,
3/23/1977,,,,,,
3/24/1977,,,,,,
3/25/1977,,,,,,
3/26/1977,,,,,,
3/27/1977,,,,,,
3/28/1977,,,,,,
3/29/1977,,,,,,
3/30/1977,,,,,,
3/31/1977,,,,,,
4/1/1977,,,,,,
4/2/1977,,,,,,
4/3/1977,,,,,,
4/4/1977,,,,,,
4/5/1977,,,,,,
4/6/1977,,,,,,
4/7/1977,,,,,,
4/8/1977,,,,,,
4/9/1977,,,,,,
4/10/1977,,,,,,
4/11/1977,,,,,,
4/12/1977,,,,,,
4/13/1977,,,,,,
4/14/1977,,,,,,
4/15/1977,,,,,,
4/16/1977,,,,,,
4/17/1977,,,,,,
4/18/1977,,,,,,
4/19/1977,,,,,,
4/20/1977,,,,,,
4/21/1977,,,,,,
4/22/1977,,,,,,
4/23/1977,,,,,,
4/24/1977,,,,,,
4/25/1977,,,,,,
4/26/1977,,,,,,
4/27/1977,,,,,,
4/28/1977,,,,,,
4/29/1977,,,,,,
4/30/1977,,,,,,
5/1/1977,,,,,,
5/2/1977,,,,,,
5/3/1977,,,,,,
5/4/1977,,,,,,
5/5/1977,,,,,,
5/6/1977,,,,,,
5/7/1977,,,,,,
5/8/1977,,,,,,
5/9/1977,,,,,,
5/10/1977,,,,,,
5/11/1977,,,,,,
5/12/1977,,,,,,
5/13/1977,,,,,,
5/14/1977,,,,,,
5/15/1977,,,,,,
5/16/1977,,,,,,
5/17/1977,,,,,,
5/18/1977,,,,,,
5/19/1977,,,,,,
5/20/1977,,,,,,
5/21/1977,,,,,,
5/22/1977,,,,,,
5/23/1977,,,,,,
5/24/1977,,,,,,
5/25/1977,,,,,,
5/26/1977,,,,,,
5/27/1977,,,,,,
5/28/1977,,,,,,
5/29/1977,,,,,,
5/30/1977,,,,,,
5/31/1977,,,,,,
6/1/1977,,,,,,
6/2/1977,,,,,,
6/3/1977,,,,,,
6/4/1977,,,,,,
6/5/1977,,,,,,
6/6/1977,,,,,,
6/7/1977,,,,,,
6/8/1977,,,,,,
6/9/1977,,,,,,
6/10/1977,,,,,,
6/11/1977,,,,,,
6/12/1977,,,,,,
6/13/1977,,,,,,
6/14/1977,,,,,,
6/15/1977,,,,,,
6/16/1977,,,,,,
6/17/1977,,,,,,
6/18/1977,,,,,,
6/19/1977,,,,,,
6/20/1977,,,,,,
6/21/1977,,,,,,
6/22/1977,,,,,,
6/23/1977,,,,,,
6/24/1977,,,,,,
6/25/1977,,,,,,
6/26/1977,,,,,,
6/27/1977,,,,,,
6/28/1977,,,,,,
6/29/1977,,,,,,
6/30/1977,,,,,,
7/1/1977,,,,,,
7/2/1977,,,,,,
7/3/1977,,,,,,
7/4/1977,,,,,,
7/5/1977,,,,,,
7/6/1977,,,,,,
7/7/1977,,,,,,
7/8/1977,,,,,,
7/9/1977,,,,,,
7/10/1977,,,,,,
7/11/1977,,,,,,
7/12/1977,,,,,,
7/13/1977,,,,,,
7/14/1977,,,,,,
7/15/1977,,,,,,
7/16/1977,,,,,,
7/17/1977,,,,,,
7/18/1977,,,,,,
7/19/1977,,,,,,
7/20/1977,,,,,,
7/21/1977,,,,,,
7/22/1977,,,,,,
7/23/1977,,,,,,
7/24/1977,,,,,,
7/25/1977,,,,,,
7/26/1977,,,,,,
7/27/1977,,,,,,
7/28/1977,,,,,,
7/29/1977,,,,,,
7/30/1977,,,,,,
7/31/1977,,,,,,
8/1/1977,,,,,,
8/2/1977,,,,,,
8/3/1977,,,,,,
8/4/1977,,,,,,
8/5/1977,,,,,,
8/6/1977,,,,,,
8/7/1977,,,,,,
8/8/1977,,,,,,
8/9/1977,,,,,,
8/10/1977,,,,,,
8/11/1977,,,,,,
8/12/1977,,,,,,
8/13/1977,,,,,,
8/14/1977,,,,,,
8/15/1977,,,,,,
8/16/1977,,,,,,
8/17/1977,,,,,,
8/18/1977,,,,,,
8/19/1977,,,,,,
8/20/1977,,,,,,
8/21/1977,,,,,,
8/22/1977,,,,,,
8/23/1977,,,,,,
8/24/1977,,,,,,
8/25/1977,,,,,,
8/26/1977,,,,,,
8/27/1977,,,,,,
8/28/1977,,,,,,
8/29/1977,,,,,,
8/30/1977,,,,,,
8/31/1977,,,,,,
9/1/1977,,,,,,
9/2/1977,,,,,,
9/3/1977,,,,,,
9/4/1977,,,,,,
9/5/1977,,,,,,
9/6/1977,,,,,,
9/7/1977,,,,,,
9/8/1977,,,,,,
9/9/1977,,,,,,
9/10/1977,,,,,,
9/11/1977,,,,,,
9/12/1977,,,,,,
9/13/1977,,,,,,
9/14/1977,,,,,,
9/15/1977,,,,,,
9/16/1977,,,,,,
9/17/1977,,,,,,
9/18/1977,,,,,,
9/19/1977,,,,,,
9/20/1977,,,,,,
9/21/1977,,,,,,
9/22/1977,,,,,,
9/23/1977,,,,,,
9/24/1977,,,,,,
9/25/1977,,,,,,
9/26/1977,,,,,,
9/27/1977,,,,,,
9/28/1977,,,,,,
9/29/1977,,,,,,
9/30/1977,,,,,,
10/1/1977,,,,,,
10/2/1977,,,,,,
10/3/1977,,,,,,
10/4/1977,,,,,,
10/5/1977,,,,,,
10/6/1977,,,,,,
10/7/1977,,,,,,
10/8/1977,,,,,,
10/9/1977,,,,,,
10/10/1977,,,,,,
10/11/1977,,,,,,
10/12/1977,,,,,,
10/13/1977,,,,,,
10/14/1977,,,,,,
10/15/1977,,,,,,
10/16/1977,,,,,,
10/17/1977,,,,,,
10/18/1977,,,,,,
10/19/1977,,,,,,
10/20/1977,,,,,,
10/21/1977,,,,,,
10/22/1977,,,,,,
10/23/1977,,,,,,
10/24/1977,,,,,,
10/25/1977,,,,,,
10/26/1977,,,,,,
10/27/1977,,,,,,
10/28/1977,,,,,,
10/29/1977,,,,,,
10/30/1977,,,,,,
10/31/1977,,,,,,
11/1/1977,,,,,,
11/2/1977,,,,,,
11/3/1977,,,,,,
11/4/1977,,,,,,
11/5/1977,,,,,,
11/6/1977,,,,,,
11/7/1977,,,,,,
11/8/1977,,,,,,
11/9/1977,,,,,,
11/10/1977,,,,,,
11/11/1977,,,,,,
11/12/1977,,,,,,
11/13/1977,,,,,,
11/14/1977,,,,,,
11/15/1977,,,,,,
11/16/1977,,,,,,
11/17/1977,,,,,,
11/18/1977,,,,,,
11/19/1977,,,,,,
11/20/1977,,,,,,
11/21/1977,,,,,,
11/22/1977,,,,,,
11/23/1977,,,,,,
11/24/1977,,,,,,
11/25/1977,,,,,,
11/26/1977,,,,,,
11/27/1977,,,,,,
11/28/1977,,,,,,
11/29/1977,,,,,,
11/30/1977,,,,,,
12/1/1977,,,,,,
12/2/1977,,,,,,
12/3/1977,,,,,,
12/4/1977,,,,,,
12/5/1977,,,,,,
12/6/1977,,,,,,
12/7/1977,,,,,,
12/8/1977,,,,,,
12/9/1977,,,,,,
12/10/1977,,,,,,
12/11/1977,,,,,,
12/12/1977,,,,,,
12/13/1977,,,,,,
12/14/1977,,,,,,
12/15/1977,,,,,,
12/16/1977,,,,,,
12/17/1977,,,,,,
12/18/1977,,,,,,
12/19/1977,,,,,,
12/20/1977,,,,,,
12/21/1977,,,,,,
12/22/1977,,,,,,
12/23/1977,,,,,,
12/24/1977,,,,,,
12/25/1977,,,,,,
12/26/1977,,,,,,
12/27/1977,,,,,,
12/28/1977,,,,,,
12/29/1977,,,,,,
12/30/1977,,,,,,
12/31/1977,,,,,,
1/1/1978,,,,,,
1/2/1978,,,,,,
1/3/1978,,,,,,
1/4/1978,,,,,,
1/5/1978,,,,,,
1/6/1978,,,,,,
1/7/1978,,,,,,
1/8/1978,,,,,,
1/9/1978,,,,,,
1/10/1978,,,,,,
1/11/1978,,,,,,
1/12/1978,,,,,,
1/13/1978,,,,,,
1/14/1978,,,,,,
1/15/1978,,,,,,
1/16/1978,,,,,,
1/17/1978,,,,,,
1/18/1978,,,,,,
1/19/1978,,,,,,
1/20/1978,,,,,,
1/21/1978,,,,,,
1/22/1978,,,,,,
1/23/1978,,,,,,
1/24/1978,,,,,,
1/25/1978,,,,,,
1/26/1978,,,,,,
1/27/1978,,,,,,
1/28/1978,,,,,,
1/29/1978,,,,,,
1/30/1978,,,,,,
1/31/1978,,,,,,
2/1/1978,,,,,,
2/2/1978,,,,,,
2/3/1978,,,,,,
2/4/1978,,,,,,
2/5/1978,,,,,,
2/6/1978,,,,,,
2/7/1978,,,,,,
2/8/1978,,,,,,
2/9/1978,,,,,,
2/10/1978,,,,,,
2/11/1978,,,,,,
2/12/1978,,,,,,
2/13/1978,,,,,,
2/14/1978,,,,,,
2/15/1978,,,,,,
2/16/1978,,,,,,
2/17/1978,,,,,,
2/18/1978,,,,,,
2/19/1978,,,,,,
2/20/1978,,,,,,
2/21/1978,,,,,,
2/22/1978,,,,,,
2/23/1978,,,,,,
2/24/1978,,,,,,
2/25/1978,,,,,,
2/26/1978,,,,,,
2/27/1978,,,,,,
2/28/1978,,,,,,
3/1/1978,,,,,,
3/2/1978,,,,,,
3/3/1978,,,,,,
3/4/1978,,,,,,
3/5/1978,,,,,,
3/6/1978,,,,,,
3/7/1978,,,,,,
3/8/1978,,,,,,
3/9/1978,,,,,,
3/10/1978,,,,,,
3/11/1978,,,,,,
3/12/1978,,,,,,
3/13/1978,,,,,,
3/14/1978,,,,,,
3/15/1978,,,,,,
3/16/1978,,,,,,
3/17/1978,,,,,,
3/18/1978,,,,,,
3/19/1978,,,,,,
3/20/1978,,,,,,
3/21/1978,,,,,,
3/22/1978,,,,,,
3/23/1978,,,,,,
3/24/1978,,,,,,
3/25/1978,,,,,,
3/26/1978,,,,,,
3/27/1978,,,,,,
3/28/1978,,,,,,
3/29/1978,,,,,,
3/30/1978,,,,,,
3/31/1978,,,,,,
4/1/1978,,,,,,
4/2/1978,,,,,,
4/3/1978,,,,,,
4/4/1978,,,,,,
4/5/1978,,,,,,
4/6/1978,,,,,,
4/7/1978,,,,,,
4/8/1978,,,,,,
4/9/1978,,,,,,
4/10/1978,,,,,,
4/11/1978,,,,,,
4/12/1978,,,,,,
4/13/1978,,,,,,
4/14/1978,,,,,,
4/15/1978,,,,,,
4/16/1978,,,,,,
4/17/1978,,,,,,
4/18/1978,,,,,,
4/19/1978,,,,,,
4/20/1978,,,,,,
4/21/1978,,,,,,
4/22/1978,,,,,,
4/23/1978,,,,,,
4/24/1978,,,,,,
4/25/1978,,,,,,
4/26/1978,,,,,,
4/27/1978,,,,,,
4/28/1978,,,,,,
4/29/1978,,,,,,
4/30/1978,,,,,,
5/1/1978,,,,,,
5/2/1978,,,,,,
5/3/1978,,,,,,
5/4/1978,,,,,,
5/5/1978,,,,,,
5/6/1978,,,,,,
5/7/1978,,,,,,
5/8/1978,,,,,,
5/9/1978,,,,,,
5/10/1978,,,,,,
5/11/1978,,,,,,
5/12/1978,,,,,,
5/13/1978,,,,,,
5/14/1978,,,,,,
5/15/1978,,,,,,
5/16/1978,,,,,,
5/17/1978,,,,,,
5/18/1978,,,,,,
5/19/1978,,,,,,
5/20/1978,,,,,,
5/21/1978,,,,,,
5/22/1978,,,,,,
5/23/1978,,,,,,
5/24/1978,,,,,,
5/25/1978,,,,,,
5/26/1978,,,,,,
5/27/1978,,,,,,
5/28/1978,,,,,,
5/29/1978,,,,,,
5/30/1978,,,,,,
5/31/1978,,,,,,
6/1/1978,,,,,,
6/2/1978,,,,,,
6/3/1978,,,,,,
6/4/1978,,,,,,
6/5/1978,,,,,,
6/6/1978,,,,,,
6/7/1978,,,,,,
6/8/1978,,,,,,
6/9/1978,,,,,,
6/10/1978,,,,,,
6/11/1978,,,,,,
6/12/1978,,,,,,
6/13/1978,,,,,,
6/14/1978,,,,,,
6/15/1978,,,,,,
6/16/1978,,,,,,
6/17/1978,,,,,,
6/18/1978,,,,,,
6/19/1978,,,,,,
6/20/1978,,,,,,
6/21/1978,,,,,,
6/22/1978,,,,,,
6/23/1978,,,,,,
6/24/1978,,,,,,
6/25/1978,,,,,,
6/26/1978,,,,,,
6/27/1978,,,,,,
6/28/1978,,,,,,
6/29/1978,,,,,,
6/30/1978,,,,,,
7/1/1978,,,,,,
7/2/1978,,,,,,
7/3/1978,,,,,,
7/4/1978,,,,,,
7/5/1978,,,,,,
7/6/1978,,,,,,
7/7/1978,,,,,,
7/8/1978,,,,,,
7/9/1978,,,,,,
7/10/1978,,,,,,
7/11/1978,,,,,,
7/12/1978,,,,,,
7/13/1978,,,,,,
7/14/1978,,,,,,
7/15/1978,,,,,,
7/16/1978,,,,,,
7/17/1978,,,,,,
7/18/1978,,,,,,
7/19/1978,,,,,,
7/20/1978,,,,,,
7/21/1978,,,,,,
7/22/1978,,,,,,
7/23/1978,,,,,,
7/24/1978,,,,,,
7/25/1978,,,,,,
7/26/1978,,,,,,
7/27/1978,,,,,,
7/28/1978,,,,,,
7/29/1978,,,,,,
7/30/1978,,,,,,
7/31/1978,,,,,,
8/1/1978,,,,,,
8/2/1978,,,,,,
8/3/1978,,,,,,
8/4/1978,,,,,,
8/5/1978,,,,,,
8/6/1978,,,,,,
8/7/1978,,,,,,
8/8/1978,,,,,,
8/9/1978,,,,,,
8/10/1978,,,,,,
8/11/1978,,,,,,
8/12/1978,,,,,,
8/13/1978,,,,,,
8/14/1978,,,,,,
8/15/1978,,,,,,
8/16/1978,,,,,,
8/17/1978,,,,,,
8/18/1978,,,,,,
8/19/1978,,,,,,
8/20/1978,,,,,,
8/21/1978,,,,,,
8/22/1978,,,,,,
8/23/1978,,,,,,
8/24/1978,,,,,,
8/25/1978,,,,,,
8/26/1978,,,,,,
8/27/1978,,,,,,
8/28/1978,,,,,,
8/29/1978,,,,,,
8/30/1978,,,,,,
8/31/1978,,,,,,
9/1/1978,,,,0,0,0
9/2/1978,,78,,0,0,0
9/3/1978,,75,37,0,0,0
9/4/1978,,77,39,0,0,0
9/5/1978,,75,,0.01,0,0
9/6/1978,,70,49,0.18,0,0
9/7/1978,,78,46,0.12,0,0
9/8/1978,,54,32,0.46,0,0
9/9/1978,,67,24,0,0,0
9/10/1978,,52,28,0,0,0
9/11/1978,,54,35,0.06,0,0
9/12/1978,,40,33,0.06,0,0
9/13/1978,,52,30,0.08,0,0
9/14/1978,,57,28,0,0,0
9/15/1978,,,26,0,0,0
9/16/1978,,58,,0,0,0
9/17/1978,,48,25,0,0,0
9/18/1978,,50,22,0.66,6,6
9/19/1978,,49,15,0,0,1
9/20/1978,,41,8,0,0,0
9/21/1978,,,,0,0,0
9/22/1978,,,,0,0,0
9/23/1978,,64,,0,0,0
9/24/1978,,70,22,0,0,0
9/25/1978,,72,25,0,0,0
9/26/1978,,71,24,0,0,0
9/27/1978,,,27,0,0,0
9/28/1978,,,,0,0,0
9/29/1978,,69,26,0,0,0
9/30/1978,,61,24,0,0,0
10/1/1978,,56,28,0.03,0,0
10/2/1978,,44,10,0,0,0
10/3/1978,,57,18,0,0,0
10/4/1978,,65,15,0,0,0
10/5/1978,,,18,0,0,0
10/6/1978,,65,,0,0,0
10/7/1978,,66,17,0,0,0
10/8/1978,,62,24,0,0,0
10/9/1978,,64,23,0,0,0
10/10/1978,,60,24,0,0,0
10/11/1978,,57,27,0,0,0
10/12/1978,,54,24,0,0,0
10/13/1978,,62,12,0,0,0
10/14/1978,,65,16,0,0,0
10/15/1978,,60,17,0,0,0
10/16/1978,,53,17,0,0,0
10/17/1978,,56,23,0,0,0
10/18/1978,,59,23,0.15,0,0
10/19/1978,,53,22,0,0,0
10/20/1978,,50,21,0.02,0,0
10/21/1978,,51,27,0,0,0
10/22/1978,,50,20,0,0,0
10/23/1978,,56,18,0,0,0
10/24/1978,,50,21,0,0,0
10/25/1978,,43,8,0.05,1,1
10/26/1978,,47,10,0,0,0
10/27/1978,,48,17,0,0,0
10/28/1978,,52,17,0,0,0
10/29/1978,,41,32,0,0,0
10/30/1978,,41,-1,0.14,2,2
10/31/1978,,52,4,0,0,0
11/1/1978,,55,12,0,0,0
11/2/1978,,57,12,0,0,0
11/3/1978,,57,19,0,0,0
11/4/1978,,47,21,0,0,0
11/5/1978,,,20,0,0,0
11/6/1978,,38,13,0,0,0
11/7/1978,,46,14,0,0,0
11/8/1978,,44,17,0,0,0
11/9/1978,,32,31,0.45,3.5,3
11/10/1978,,31,-2,1.04,10.5,11
11/11/1978,,23,-2,0.09,1.5,9
11/12/1978,,32,4,0.24,3,11
11/13/1978,,22,12,0.03,1,12
11/14/1978,,28,-17,0.01,0.5,11
11/15/1978,,32,-17,0,0,11
11/16/1978,,27,-11,0,0,9
11/17/1978,,27,-4,0,0,9
11/18/1978,,28,17,0.11,3.5,9
11/19/1978,,35,21,0.01,1.5,11
11/20/1978,,34,22,0.23,4,16
11/21/1978,,40,8,0.13,4,16
11/22/1978,,35,11,0.03,1,17
11/23/1978,,25,20,0.16,3.5,19
11/24/1978,,29,16,0,0,19
11/25/1978,,33,-7,0,0,18
11/26/1978,,24,5,0,0,17
11/27/1978,,25,-8,0.01,0.5,17
11/28/1978,,25,-3,0.15,3,18
11/29/1978,,27,7,0.01,1,18
11/30/1978,,29,20,0.06,1.5,19
12/1/1978,,34,19,0.37,7,24
12/2/1978,,20,-2,0.02,0.5,24
12/3/1978,,24,-22,0,0,22
12/4/1978,,31,-20,0.05,0.5,20
12/5/1978,,23,0,0.52,8.5,26
12/6/1978,,8,-33,0,0,24
12/7/1978,,4,-32,0,0,24
12/8/1978,,5,-35,0,0,23
12/9/1978,,12,-32,0,0.5,23
12/10/1978,,21,-4,0.01,0.5,22
12/11/1978,,26,,0.01,5.5,22
12/12/1978,,20,16,0.34,5,26
12/13/1978,,17,-25,0,0,25
12/14/1978,,25,-25,0,0,24
12/15/1978,,21,12,0.03,1,24
12/16/1978,,16,-17,0,0,23
12/17/1978,,27,-16,0,0,23
12/18/1978,,28,-16,0.43,9.5,32
12/19/1978,,26,12,0.44,7.5,36
12/20/1978,,17,-2,0,0,34
12/21/1978,,19,2,0.02,0.5,32
12/22/1978,,21,10,0.14,0.2,31
12/23/1978,,22,-7,0.24,5.5,33
12/24/1978,,27,-6,0.06,1,33
12/25/1978,,20,-3,0,0,32
12/26/1978,,21,-14,0,0,30
12/27/1978,,22,-8,0,0,29
12/28/1978,,17,-2,0.31,6,34
12/29/1978,,0,-38,0,1,33
12/30/1978,,-6,-47,0,0,32
12/31/1978,,-3,-46,0,0,32
1/1/1979,,1,-44,0,0,32
1/2/1979,,3,-40,0,0,32
1/3/1979,,18,-7,0.01,0.3,32
1/4/1979,,11,0,0.08,1.5,32
1/5/1979,,11,-36,0.03,0.5,32
1/6/1979,,12,-35,0,0,32
1/7/1979,,11,-37,0,0,32
1/8/1979,,18,-36,0,0,32
1/9/1979,,25,-30,0,0,32
1/10/1979,,24,2,0.01,0.5,32
1/11/1979,,31,3,0.12,1.5,32
1/12/1979,,26,21,0.12,2,34
1/13/1979,,21,-6,0,0,34
1/14/1979,,25,5,0.03,1,34
1/15/1979,,27,11,0.07,2.5,35
1/16/1979,,23,18,0.25,6.5,39
1/17/1979,,25,-15,0.05,0.5,38
1/18/1979,,33,-15,0.1,2,39
1/19/1979,,21,-2,0,0,38
1/20/1979,,23,-7,0,0,38
1/21/1979,,26,4,0,0,37
1/22/1979,,20,0,0.33,6.5,42
1/23/1979,,16,-5,0,0,42
1/24/1979,,13,-19,0,0,39
1/25/1979,,20,-8,0.16,2,40
1/26/1979,,16,-10,0,0,39
1/27/1979,,9,-16,0.05,0,39
1/28/1979,,13,-26,0.03,0.5,38
1/29/1979,,12,-26,0,0,38
1/30/1979,,7,-33,0,0,38
1/31/1979,,15,-36,0,0,38
2/1/1979,,14,-35,,0.5,38
2/2/1979,,16,-4,0.04,0.5,38
2/3/1979,,10,-10,0,0,38
2/4/1979,,21,-10,0.01,0.5,39
2/5/1979,,22,-9,0,0,38
2/6/1979,,24,10,0.1,1,39
2/7/1979,,30,9,0.1,1.5,40
2/8/1979,,26,-16,0.03,1,38
2/9/1979,,31,-16,0.02,1,38
2/10/1979,,36,24,0.02,0.5,38
2/11/1979,,34,26,0,0,38
2/12/1979,,39,26,0.13,1,38
2/13/1979,,41,27,0.3,4,41
2/14/1979,,35,29,0.17,3,43
2/15/1979,,30,15,0.54,7.5,48
2/16/1979,,35,-12,0,0,46
2/17/1979,,28,-10,0.34,5,50
2/18/1979,,35,7,0,0.5,48
2/19/1979,,33,7,0.08,2.5,48
2/20/1979,,32,8,0.04,1,48
2/21/1979,,29,7,0.16,4,51
2/22/1979,,30,4,0.1,3,52
2/23/1979,,30,8,0.08,3,50
2/24/1979,,26,10,0.2,4.5,53
2/25/1979,,37,14,0.04,1,51
2/26/1979,,42,5,0,0,49
2/27/1979,,35,9,0,0,48
2/28/1979,,27,18,0.04,1,48
3/1/1979,,30,20,0.88,17,63
3/2/1979,,30,13,0.62,11,65
3/3/1979,,26,-22,0.02,1,62
3/4/1979,,33,-23,0,0,58
3/5/1979,,34,-16,0,0,55
3/6/1979,,39,22,0,0,54
3/7/1979,,40,27,0.12,0,51
3/8/1979,,34,2,0.01,0,49
3/9/1979,,33,-11,0.05,0.5,49
3/10/1979,,42,-10,0,0,49
3/11/1979,,48,-6,0,0,49
3/12/1979,,41,-1,0,0,48
3/13/1979,,47,-1,0,0,48
3/14/1979,,52,-3,0,0,48
3/15/1979,,48,-2,0,0,48
3/16/1979,,43,8,0.02,1,48
3/17/1979,,38,19,0,0,48
3/18/1979,,39,14,0,0,48
3/19/1979,,40,5,0,0,48
3/20/1979,,38,-2,0,0,48
3/21/1979,,47,0,0,0,47
3/22/1979,,41,7,0,0,47
3/23/1979,,41,-1,0,0,47
3/24/1979,,42,7,0,0,47
3/25/1979,,38,18,0,0,47
3/26/1979,,41,19,0.06,1,48
3/27/1979,,38,26,0.23,5,53
3/28/1979,,38,27,0.29,3,54
3/29/1979,,41,16,0.01,0.5,53
3/30/1979,,31,20,0.05,1,53
3/31/1979,,30,6,0.11,1.5,54
4/1/1979,,29,-11,0.02,0.5,53
4/2/1979,,28,-16,0,0,53
4/3/1979,,29,-1,0.05,1,53
4/4/1979,,34,15,0.01,0,53
4/5/1979,,44,21,0.03,0,52
4/6/1979,,52,21,0,0,50
4/7/1979,,41,21,0.25,1,49
4/8/1979,,49,10,0.5,0,49
4/9/1979,,37,15,0,0,47
4/10/1979,,37,21,0,0,47
4/11/1979,,34,21,0.34,2,50
4/12/1979,,23,-4,0.11,1.5,51
4/13/1979,,40,12,0.08,1.5,51
4/14/1979,,45,8,0,0,51
4/15/1979,,43,28,0.13,0,49
4/16/1979,,57,23,0,0,47
4/17/1979,,50,26,0,0,45
4/18/1979,,43,26,0,0,43
4/19/1979,,34,11,0,0,43
4/20/1979,,38,6,0.01,0,43
4/21/1979,,47,10,0,0,42
4/22/1979,,55,22,0,0,41
4/23/1979,,52,25,0,0,40
4/24/1979,,,27,0.05,0.5,39
4/25/1979,,42,24,0,0,39
4/26/1979,,47,21,0.05,0,39
4/27/1979,,53,14,0,0,39
4/28/1979,,52,28,0,0,36
4/29/1979,,54,15,0,0,34
4/30/1979,,53,22,0,0,33
5/1/1979,,49,25,0.04,0,30
5/2/1979,,50,27,0,0,28
5/3/1979,,52,16,0,0,25
5/4/1979,,51,24,0,0,25
5/5/1979,,56,33,0,0,24
5/6/1979,,46,25,0.13,0.5,21
5/7/1979,,40,18,0.2,1.5,21
5/8/1979,,38,25,0.25,4,25
5/9/1979,,39,11,0.3,5.5,26
5/10/1979,,44,12,0,0,24
5/11/1979,,47,19,0,0,24
5/12/1979,,50,17,0.01,0,23
5/13/1979,,55,25,0,0,22
5/14/1979,,60,22,0,0,18
5/15/1979,,68,25,0,0,16
5/16/1979,,65,26,0.01,0,12
5/17/1979,,57,26,0,0,8
5/18/1979,,58,27,0,0,4
5/19/1979,,60,24,0,0,1
5/20/1979,,65,23,0,0,0
5/21/1979,,66,30,0,0,0
5/22/1979,,68,26,0,0,0
5/23/1979,,73,26,0,0,0
5/24/1979,,62,33,0,0,0
5/25/1979,,71,27,0,0,0
5/26/1979,,70,28,0,0,0
5/27/1979,,70,32,0,0,0
5/28/1979,,51,36,0.04,0,0
5/29/1979,,38,25,0.16,0.5,1
5/30/1979,,36,21,0.17,1,1
5/31/1979,,50,19,0,0,0
6/1/1979,,56,20,0,0,0
6/2/1979,,63,23,0,0,0
6/3/1979,,67,31,0,0,0
6/4/1979,,70,29,0.01,0,0
6/5/1979,,68,32,0,0,0
6/6/1979,,50,40,0,0,0
6/7/1979,,,25,0.54,2,2
6/8/1979,,50,20,0,0,0
6/9/1979,,60,20,0,0,0
6/10/1979,,68,25,0,0,0
6/11/1979,,73,28,0,0,0
6/12/1979,,78,32,0,0,0
6/13/1979,,78,35,0.1,0,0
6/14/1979,,60,40,0,0,0
6/15/1979,,66,24,0,0,0
6/16/1979,,67,25,0,0,0
6/17/1979,,69,31,0,0,0
6/18/1979,,50,34,0.08,0,0
6/19/1979,,56,29,0.27,1,1
6/20/1979,,62,29,0.02,0,0
6/21/1979,,56,30,0.13,0,0
6/22/1979,,62,28,0,0,0
6/23/1979,,68,26,0,0,0
6/24/1979,,73,25,0,0,0
6/25/1979,,75,37,0.08,0,0
6/26/1979,,76,43,0,0,0
6/27/1979,,74,39,0.02,0,0
6/28/1979,,77,31,0.05,0,0
6/29/1979,,84,42,0,0,0
6/30/1979,,73,42,0,0,0
7/1/1979,,71,30,0,0,0
7/2/1979,,71,37,0,0,0
7/3/1979,,76,31,0,0,0
7/4/1979,,74,46,0,0,0
7/5/1979,,77,35,0,0,0
7/6/1979,,73,39,0,0,0
7/7/1979,,76,32,0.15,0,0
7/8/1979,,75,36,0,0,0
7/9/1979,,78,32,0,0,0
7/10/1979,,74,35,0,0,0
7/11/1979,,72,34,0,0,0
7/12/1979,,71,36,0,0,0
7/13/1979,,69,40,0,0,0
7/14/1979,,72,31,0,0,0
7/15/1979,,77,29,0,0,0
7/16/1979,,80,35,0,0,0
7/17/1979,,82,32,0,0,0
7/18/1979,,82,32,0,0,0
7/19/1979,,80,40,0,0,0
7/20/1979,,81,38,0,0,0
7/21/1979,,,39,0,0,0
7/22/1979,,65,52,0.19,0,0
7/23/1979,,75,50,0.52,0,0
7/24/1979,,78,42,0,0,0
7/25/1979,,76,43,0,0,0
7/26/1979,,78,37,0.13,0,0
7/27/1979,,74,35,0,0,0
7/28/1979,,78,35,0,0,0
7/29/1979,,73,36,0,0,0
7/30/1979,,74,38,0,0,0
7/31/1979,,76,31,0,0,0
8/1/1979,,78,36,0,0,0
8/2/1979,,78,35,0,0,0
8/3/1979,,78,34,0,0,0
8/4/1979,,85,34,0,0,0
8/5/1979,,84,43,0,0,0
8/6/1979,,82,40,0,0,0
8/7/1979,,65,49,0,0,0
8/8/1979,,77,41,0.5,0,0
8/9/1979,,73,44,0,0,0
8/10/1979,,76,38,0,0,0
8/11/1979,,78,35,0,0,0
8/12/1979,,64,39,0,0,0
8/13/1979,,58,47,0.28,0,0
8/14/1979,,68,42,0.62,0,0
8/15/1979,,68,36,0.23,0,0
8/16/1979,,67,40,0,0,0
8/17/1979,,67,32,0.08,0,0
8/18/1979,,64,35,0.08,0,0
8/19/1979,,59,34,0.07,0,0
8/20/1979,,55,36,0.1,0,0
8/21/1979,,61,33,0.01,0,0
8/22/1979,,70,33,0.05,0,0
8/23/1979,,72,32,0,0,0
8/24/1979,,68,34,0,0,0
8/25/1979,,68,34,0.03,0,0
8/26/1979,,70,29,0,0,0
8/27/1979,,63,30,0,0,0
8/28/1979,,63,35,0.14,0,0
8/29/1979,,73,33,0,0,0
8/30/1979,,74,35,0,0,0
8/31/1979,,54,39,0.09,0,0
9/1/1979,,70,29,0.03,0,0
9/2/1979,,73,30,0,0,0
9/3/1979,,76,32,0,0,0
9/4/1979,,67,32,0,0,0
9/5/1979,,69,28,0,0,0
9/6/1979,,78,30,0,0,0
9/7/1979,,79,33,0,0,0
9/8/1979,,79,32,0,0,0
9/9/1979,,71,27,0,0,0
9/10/1979,,59,34,0.02,0,0
9/11/1979,,61,21,0,0,0
9/12/1979,,59,19,0,0,0
9/13/1979,,59,25,0,0,0
9/14/1979,,70,18,0,0,0
9/15/1979,,75,22,0,0,0
9/16/1979,,75,24,0,0,0
9/17/1979,,76,25,0,0,0
9/18/1979,,76,25,0,0,0
9/19/1979,,75,26,0,0,0
9/20/1979,,69,25,0,0,0
9/21/1979,,70,24,0,0,0
9/22/1979,,70,31,0,0,0
9/23/1979,,70,25,0,0,0
9/24/1979,,72,25,0,0,0
9/25/1979,,69,26,0.17,0,0
9/26/1979,,51,35,0.37,0,0
9/27/1979,,62,28,0,0,0
9/28/1979,,66,28,0,0,0
9/29/1979,,66,26,0,0,0
9/30/1979,,66,26,0,0,0
10/1/1979,,67,25,0,0,0
10/2/1979,,72,24,0,0,0
10/3/1979,,60,21,0,0,0
10/4/1979,,67,19,0,0,0
10/5/1979,,66,25,0,0,0
10/6/1979,,69,25,0,0,0
10/7/1979,,70,24,0,0,0
10/8/1979,,62,24,0,0,0
10/9/1979,,61,17,0,0,0
10/10/1979,,68,20,0,0,0
10/11/1979,,64,19,0,0,0
10/12/1979,,68,22,0,0,0
10/13/1979,,67,21,0,0,0
10/14/1979,,58,25,0,0,0
10/15/1979,,46,29,0.01,0,0
10/16/1979,,44,32,0.21,0,0
10/17/1979,,47,24,0.05,0,0
10/18/1979,,48,25,,0,0
10/19/1979,,38,30,,0.5,1
10/20/1979,,36,25,0.14,1,1
10/21/1979,,37,6,0.26,3,3
10/22/1979,,39,10,0.01,0.5,3
10/23/1979,,44,21,0,0,2
10/24/1979,,52,21,0,0,1
10/25/1979,,60,24,0,0,0
10/26/1979,,41,27,,0.5,0
10/27/1979,,45,18,0,0,0
10/28/1979,,33,18,0,0,0
10/29/1979,,31,14,0.31,3.5,4
10/30/1979,,36,-6,0,0,3
10/31/1979,,34,-5,0,0,3
11/1/1979,,29,-3,0,0,3
11/2/1979,,35,0,0,0,3
11/3/1979,,33,9,0,0,3
11/4/1979,,35,20,0.18,2,5
11/5/1979,,37,22,0.05,1,6
11/6/1979,,41,9,0,0,6
11/7/1979,,44,1,0,0,
11/8/1979,,39,3,0,0,
11/9/1979,,30,11,0,0,5
11/10/1979,,27,9,0,0,5
11/11/1979,,31,5,,1,6
11/12/1979,,34,5,0,0,6
11/13/1979,,43,-6,0,0,6
11/14/1979,,45,-5,0,0,6
11/15/1979,,50,-4,0,0,6
11/16/1979,,45,-5,0,0,5
11/17/1979,,46,-4,0,0,5
11/18/1979,,29,17,0.04,1,6
11/19/1979,,25,1,0.2,4,9
11/20/1979,,27,-9,0,0,9
11/21/1979,,33,-25,0,0,8
11/22/1979,,37,-22,0,0,7
11/23/1979,,34,-17,0,0,7
11/24/1979,,22,1,0.01,0.5,8
11/25/1979,,21,1,0.14,3.5,10
11/26/1979,,21,-4,,0.5,10
11/27/1979,,16,-9,,0.5,10
11/28/1979,,24,-27,0.03,0,10
11/29/1979,,32,-26,0,0,9
11/30/1979,,32,-22,0,0,9
12/1/1979,,30,-23,0,0,8
12/2/1979,,35,-4,0,0,8
12/3/1979,,40,25,0.16,2.5,11
12/4/1979,,45,23,0,0,10
12/5/1979,,34,15,0,0,10
12/6/1979,,28,16,0,0,10
12/7/1979,,33,19,0,0,9
12/8/1979,,37,21,0.02,0.5,10
12/9/1979,,42,25,0,0,10
12/10/1979,,32,28,0,0,8
12/11/1979,,28,-25,0.13,2,10
12/12/1979,,16,-24,0.02,0,10
12/13/1979,,24,4,0.02,0.8,11
12/14/1979,,32,10,0,0,10
12/15/1979,,34,12,0,0,10
12/16/1979,,35,5,0.01,0,10
12/17/1979,,42,6,0,0,10
12/18/1979,,49,3,0,0,9
12/19/1979,,45,-4,0,0,9
12/20/1979,,33,-3,0,0,9
12/21/1979,,36,12,0.05,1,10
12/22/1979,,28,9,0.02,0.5,11
12/23/1979,,26,10,0.13,2,13
12/24/1979,,33,1,0,0,12
12/25/1979,,28,16,0.18,4,15
12/26/1979,,29,4,0.21,3,17
12/27/1979,,27,-21,0,0,16
12/28/1979,,30,-22,0,0,15
12/29/1979,,31,-22,0,0,14
12/30/1979,,31,-21,0,0,14
12/31/1979,,33,-18,0,0,14
1/1/1980,,35,15,0.02,0.5,15
1/2/1980,,30,10,0,0,14
1/3/1980,,27,13,0,0,14
1/4/1980,,29,14,0.03,0.5,15
1/5/1980,,30,20,0.06,1,15
1/6/1980,,31,-17,0.96,9.5,23
1/7/1980,,14,-18,0.04,0.5,22
1/8/1980,,25,2,0.09,1,22
1/9/1980,,29,2,0.01,1,21
1/10/1980,,25,22,1,11,29
1/11/1980,,28,-5,0.31,3,32
1/12/1980,,34,2,0.27,3,31
1/13/1980,,34,-4,0.39,4.5,33
1/14/1980,,37,25,0.61,5,35
1/15/1980,,34,27,0.05,1,33
1/16/1980,,31,11,0.08,2,33
1/17/1980,,35,14,0.01,1,33
1/18/1980,,19,13,0.06,1.5,34
1/19/1980,,26,-24,0,0.5,33
1/20/1980,,33,-24,0,0,32
1/21/1980,,30,-21,0,0,32
1/22/1980,,32,-21,0,0.5,31
1/23/1980,,24,-21,0,0,31
1/24/1980,,24,0,0,0.5,31
1/25/1980,,21,7,0.04,2,33
1/26/1980,,12,-15,0.04,0,31
1/27/1980,,5,-18,0.07,1,31
1/28/1980,,8,-43,0.01,0.5,31
1/29/1980,,15,-43,0,0,31
1/30/1980,,15,-30,0,0,31
1/31/1980,,25,-26,0,0,31
2/1/1980,,25,-26,0,0,31
2/2/1980,,31,5,0,0,31
2/3/1980,,32,23,0,0,31
2/4/1980,,31,16,0.09,2,33
2/5/1980,,33,-8,0,0,32
2/6/1980,,31,-6,0,0,32
2/7/1980,,33,14,0.01,0.5,32
2/8/1980,,34,-16,0,0,31
2/9/1980,,41,-11,0,0,31
2/10/1980,,34,-10,0,0,30
2/11/1980,,37,-8,0,0,30
2/12/1980,,26,4,0,0,30
2/13/1980,,25,17,0.01,0,30
2/14/1980,,30,9,0.17,4.5,34
2/15/1980,,33,10,0.17,3,35
2/16/1980,,39,12,0.11,2,35
2/17/1980,,39,13,0.1,1.5,36
2/18/1980,,39,25,0.17,3,36
2/19/1980,,38,27,0.48,5.5,39
2/20/1980,,38,26,0.2,3,40
2/21/1980,,35,19,0.06,1,40
2/22/1980,,31,21,0.26,4,43
2/23/1980,,35,14,0.08,1.5,44
2/24/1980,,33,-1,0.05,1,42
2/25/1980,,36,-5,0,0,41
2/26/1980,,43,12,0,0,40
2/27/1980,,46,14,0,0,37
2/28/1980,,47,9,0,0,36
2/29/1980,,38,12,0.1,2,38
3/1/1980,,40,7,0,0,37
3/2/1980,,34,6,0,0,36
3/3/1980,,36,8,0.1,2,39
3/4/1980,,36,19,0,0,38
3/5/1980,,31,18,0.15,3,41
3/6/1980,,34,14,0.34,5,44
3/7/1980,,31,6,0.03,0.5,43
3/8/1980,,28,-3,0.05,1.5,44
3/9/1980,,31,3,0.04,1.5,43
3/10/1980,,40,17,0.02,0.5,42
3/11/1980,,37,24,0,0,40
3/12/1980,,26,11,0.25,4,43
3/13/1980,,31,11,0.05,1.5,44
3/14/1980,,33,16,0.34,4.5,45
3/15/1980,,27,23,0.47,7,50
3/16/1980,,23,-13,0.36,5.5,53
3/17/1980,,30,-13,0,0,50
3/18/1980,,35,3,0,0,48
3/19/1980,,31,9,0.13,3,51
3/20/1980,,33,-5,0.03,0.5,49
3/21/1980,,39,,0,0,48
3/22/1980,,42,2,0.02,0.5,46
3/23/1980,,31,-1,0,0,45
3/24/1980,,37,13,0,0,45
3/25/1980,,29,16,0.31,4,49
3/26/1980,,28,-22,0.1,1,50
3/27/1980,,35,-6,0.04,0.5,49
3/28/1980,,38,3,0.15,2,50
3/29/1980,,40,-1,0,0,49
3/30/1980,,24,18,0.49,9.5,56
3/31/1980,,36,9,0.12,2.5,55
4/1/1980,,37,15,0.3,5,56
4/2/1980,,37,0,0.05,0.5,56
4/3/1980,,37,-1,0.01,0.5,55
4/4/1980,,40,12,0.07,2,56
4/5/1980,,40,19,0.06,1,54
4/6/1980,,35,20,0.27,3,55
4/7/1980,,31,5,0.17,2,55
4/8/1980,,38,-8,0,0,54
4/9/1980,,38,16,0,0,52
4/10/1980,,34,2,,3.5,55
4/11/1980,,39,5,0.01,0,55
4/12/1980,,41,-6,0,0,54
4/13/1980,,48,0,0,0,52
4/14/1980,,55,11,0,0,51
4/15/1980,,44,19,0,0,48
4/16/1980,,52,5,0,0,47
4/17/1980,,59,5,0,0,45
4/18/1980,,60,4,0,0,42
4/19/1980,,62,19,0,0,40
4/20/1980,,65,20,0,0,38
4/21/1980,,64,22,0,0,37
4/22/1980,,53,29,0,0,36
4/23/1980,,60,25,0,0,34
4/24/1980,,58,25,0,0,32
4/25/1980,,60,26,0.04,0,30
4/26/1980,,58,16,0,0,27
4/27/1980,,57,20,0,0,25
4/28/1980,,60,22,0,0,23
4/29/1980,,59,25,0,0,20
4/30/1980,,56,33,0,0,17
5/1/1980,,56,26,0,0,17
5/2/1980,,55,23,0,0,16
5/3/1980,,,24,0.08,0,15
5/4/1980,,65,,0,0,14
5/5/1980,,64,25,0,0,12
5/6/1980,,65,31,0,0,10
5/7/1980,,61,29,0.01,0,8
5/8/1980,,52,35,0,0,4
5/9/1980,,45,33,0.16,0,0
5/10/1980,,41,31,0.02,0,0
5/11/1980,,45,27,0.25,0,0
5/12/1980,,49,26,0.01,0,0
5/13/1980,,51,19,0,0,0
5/14/1980,,54,25,0.15,1.5,2
5/15/1980,,58,22,0,0,0
5/16/1980,,44,23,0.2,0.5,0
5/17/1980,,48,30,0.4,0,0
5/18/1980,,44,35,0.11,0,0
5/19/1980,,58,33,0.06,0,0
5/20/1980,,67,32,0.01,0,0
5/21/1980,,71,28,0,0,0
5/22/1980,,72,29,0,0,0
5/23/1980,,50,39,0.36,0,0
5/24/1980,,55,31,0.32,0,0
5/25/1980,,36,24,0.12,2,2
5/26/1980,,39,24,1.67,19,20
5/27/1980,,52,17,0.14,3,7
5/28/1980,,52,22,0.01,0,3
5/29/1980,,47,30,0.2,0.5,1
5/30/1980,,50,29,0,0,0
5/31/1980,,59,28,0.13,0,0
6/1/1980,,49,32,0.08,0,0
6/2/1980,,45,28,0.5,0,0
6/3/1980,,46,30,0.01,0,0
6/4/1980,,47,29,0.01,0,0
6/5/1980,,53,,0.02,0,0
6/6/1980,,45,33,0.05,0,0
6/7/1980,,55,31,0.06,3,1
6/8/1980,,67,23,0,0,0
6/9/1980,,72,28,0,0,0
6/10/1980,,75,35,0,0,0
6/11/1980,,,32,0,0,0
6/12/1980,,71,,0.02,0,0
6/13/1980,,65,28,0,0,0
6/14/1980,,65,28,0,0,0
6/15/1980,,43,34,0.13,0,0
6/16/1980,,63,36,0.12,0,0
6/17/1980,,72,30,0,0,0
6/18/1980,,73,36,0.05,0,0
6/19/1980,,69,40,0.11,0,0
6/20/1980,,75,35,0,0,0
6/21/1980,,75,37,0.09,0,0
6/22/1980,,75,38,0.01,0,0
6/23/1980,,62,40,0,0,0
6/24/1980,,68,31,0,0,0
6/25/1980,,71,36,0,0,0
6/26/1980,,74,32,0,0,0
6/27/1980,,,31,0.01,0,0
6/28/1980,,67,30,0,0,0
6/29/1980,,73,30,0,0,0
6/30/1980,,67,45,0,0,0
7/1/1980,,68,38,0.05,0,0
7/2/1980,,68,46,0.2,0,0
7/3/1980,,63,41,0.58,0,0
7/4/1980,,67,32,0.44,0,0
7/5/1980,,72,40,0.5,0,0
7/6/1980,,75,36,0,0,0
7/7/1980,,72,34,0,0,0
7/8/1980,,72,47,0.25,0,0
7/9/1980,,74,41,0.05,0,0
7/10/1980,,73,40,0,0,0
7/11/1980,,75,33,0,0,0
7/12/1980,,75,39,0,0,0
7/13/1980,,66,44,0.1,0,0
7/14/1980,,66,35,0,0,0
7/15/1980,,66,37,0.05,0,0
7/16/1980,,74,35,0,0,0
7/17/1980,,70,43,0,0,0
7/18/1980,,71,30,0.64,0,0
7/19/1980,,67,38,0.1,0,0
7/20/1980,,72,35,0,0,0
7/21/1980,,79,35,0,0,0
7/22/1980,,83,36,0,0,0
7/23/1980,,83,39,0,0,0
7/24/1980,,78,40,0.22,0,0
7/25/1980,,77,44,0.11,0,0
7/26/1980,,77,37,0.01,0,0
7/27/1980,,80,35,0,0,0
7/28/1980,,80,35,0,0,0
7/29/1980,,67,41,0,0,0
7/30/1980,,76,35,0.02,0,0
7/31/1980,,79,49,0.07,0,0
8/1/1980,,72,42,0,0,0
8/2/1980,,74,35,0.19,0,0
8/3/1980,,61,46,0,0,0
8/4/1980,,62,24,0.05,0,0
8/5/1980,,73,25,0,0,0
8/6/1980,,72,26,0,0,0
8/7/1980,,73,33,0,0,0
8/8/1980,,75,33,0,0,0
8/9/1980,,74,33,0,0,0
8/10/1980,,72,30,0,0,0
8/11/1980,,77,32,0,0,0
8/12/1980,,79,34,0,0,0
8/13/1980,,75,31,0,0,0
8/14/1980,,73,32,0,0,0
8/15/1980,,53,41,0.03,0,0
8/16/1980,,58,39,0.28,0,0
8/17/1980,,67,35,0.19,0,0
8/18/1980,,59,39,0,0,0
8/19/1980,,56,35,0.48,0,0
8/20/1980,,57,34,0.03,0,0
8/21/1980,,62,28,0,0,0
8/22/1980,,72,30,0,0,0
8/23/1980,,70,37,0,0,0
8/24/1980,,72,32,0,0,0
8/25/1980,,72,28,0,0,0
8/26/1980,,67,29,0,0,0
8/27/1980,,61,37,0.27,0,0
8/28/1980,,62,29,0.22,0,0
8/29/1980,,59,32,0,0,0
8/30/1980,,59,35,0,0,0
8/31/1980,,,32,0.13,0,0
9/1/1980,,51,30,0.45,0,0
9/2/1980,,65,29,0,0,0
9/3/1980,,57,32,0.72,0,0
9/4/1980,,68,24,0,0,0
9/5/1980,,75,24,0,0,0
9/6/1980,,78,29,0,0,0
9/7/1980,,57,34,0,0,0
9/8/1980,,63,44,0.06,0,0
9/9/1980,,79,35,0,0,0
9/10/1980,,59,34,0.31,0,0
9/11/1980,,50,40,0.43,0,0
9/12/1980,,57,38,0.18,0,0
9/13/1980,,51,32,0.22,0,0
9/14/1980,,63,31,0.51,0,0
9/15/1980,,60,28,0,0,0
9/16/1980,,51,32,0.57,0,0
9/17/1980,,65,33,0,0,0
9/18/1980,,62,32,0,0,0
9/19/1980,,54,32,0.19,0,0
9/20/1980,,50,28,0,0,0
9/21/1980,,45,30,0.17,0,0
9/22/1980,,,20,0,0,0
9/23/1980,,51,,0,0,0
9/24/1980,,52,22,0,0,0
9/25/1980,,59,18,0,0,0
9/26/1980,,66,21,0,0,0
9/27/1980,,69,24,0,0,0
9/28/1980,,61,25,0,0,0
9/29/1980,,69,25,0,0,0
9/30/1980,,66,26,0,0,0
10/1/1980,,62,26,0,0,0
10/2/1980,,65,18,0,0,0
10/3/1980,,70,21,0,0,0
10/4/1980,,70,23,0,0,0
10/5/1980,,70,23,0,0,0
10/6/1980,,,21,0,0,0
10/7/1980,,70,,0,0,0
10/8/1980,,,21,0,0,0
10/9/1980,,57,25,0,0,0
10/10/1980,,60,7,0,0,0
10/11/1980,,66,13,0,0,0
10/12/1980,,61,16,0,0,0
10/13/1980,,41,25,0,0,0
10/14/1980,,39,23,,1,0
10/15/1980,,33,23,1.04,4.5,0
10/16/1980,,31,18,0,0,3
10/17/1980,,33,13,0,0,0
10/18/1980,,42,22,0,0,0
10/19/1980,,48,24,0,0,0
10/20/1980,,,20,0,0,0
10/21/1980,,51,,0,0,0
10/22/1980,,32,16,0,0,0
10/23/1980,,37,3,0,0,0
10/24/1980,,45,2,0,0,0
10/25/1980,,50,6,0,0,0
10/26/1980,,35,12,0,0.5,0
10/27/1980,,31,17,0.02,1,1
10/28/1980,,44,8,0,0,0
10/29/1980,,46,11,0,0,0
10/30/1980,,52,11,0,0,0
10/31/1980,,56,18,0,0,0
11/1/1980,,53,20,0,0,0
11/2/1980,,52,21,0,0,0
11/3/1980,,44,18,0,0,0
11/4/1980,,50,24,0,0,0
11/5/1980,,58,20,0,0,0
11/6/1980,,48,20,0,0,0
11/7/1980,,46,35,0.02,0,0
11/8/1980,,,27,0.98,0.5,1
11/9/1980,,37,24,0.02,0.5,1
11/10/1980,,37,25,0.06,1.5,2
11/11/1980,,38,26,0.08,0.5,2
11/12/1980,,32,27,0.37,3,4
11/13/1980,,28,15,0.06,1.5,5
11/14/1980,,27,-3,0,0,4
11/15/1980,,26,-12,0,0,4
11/16/1980,,33,-14,0,0,4
11/17/1980,,34,-9,0,0,4
11/18/1980,,31,-6,0,0,4
11/19/1980,,32,-2,0,0,4
11/20/1980,,37,-6,0,0,4
11/21/1980,,36,-5,0,0,4
11/22/1980,,34,10,0.09,1.8,5
11/23/1980,,28,-1,0,0,5
11/24/1980,,29,1,0,0,4
11/25/1980,,23,-11,0,0,4
11/26/1980,,28,-2,0,0,4
11/27/1980,,31,1,0,0,4
11/28/1980,,33,12,0,0,4
11/29/1980,,39,21,0,0,4
11/30/1980,,30,26,0.07,1,5
12/1/1980,,26,-2,0.74,13,17
12/2/1980,,34,2,0.19,3,15
12/3/1980,,35,19,0.83,9,20
12/4/1980,,33,20,0.39,8,21
12/5/1980,,28,-3,0.4,6.5,26
12/6/1980,,21,-4,0.03,0.5,24
12/7/1980,,18,-17,0.03,0.8,23
12/8/1980,,19,-20,0,0,22
12/9/1980,,18,-21,0,0,21
12/10/1980,,24,-21,0,0,20
12/11/1980,,32,10,0,0,20
12/12/1980,,30,-3,0,0,19
12/13/1980,,32,-6,0,0,18
12/14/1980,,33,-6,0,0,18
12/15/1980,,38,-2,0,0,18
12/16/1980,,35,11,0,0,18
12/17/1980,,43,11,0,0,17
12/18/1980,,38,14,0,0,16
12/19/1980,,37,14,0,0,16
12/20/1980,,37,10,0,0,16
12/21/1980,,35,12,0,0.5,16
12/22/1980,,33,25,0.28,3.5,15
12/23/1980,,28,19,0.13,3,21
12/24/1980,,33,20,,4,24
12/25/1980,,37,24,0.02,1.5,24
12/26/1980,,38,29,0.03,2,22
12/27/1980,,43,23,0.07,0,19
12/28/1980,,38,23,0,0,18
12/29/1980,,39,4,0,0,18
12/30/1980,,39,4,0,0,17
12/31/1980,,46,18,0,0,17
1/1/1981,,43,9,0,0,16
1/2/1981,,41,2,0,0,16
1/3/1981,,40,-3,0,0,16
1/4/1981,,39,-3,0.07,1,17
1/5/1981,,34,18,0,0,17
1/6/1981,,36,-4,0,0,17
1/7/1981,,32,-4,0,0,17
1/8/1981,,35,-6,0,0,17
1/9/1981,,35,-1,0,0,17
1/10/1981,,34,-5,0,0,17
1/11/1981,,33,-10,0,0,17
1/12/1981,,35,-10,0,0,17
1/13/1981,,37,-9,0,0,17
1/14/1981,,35,-6,0,0,17
1/15/1981,,33,-9,0,0,17
1/16/1981,,32,-6,0,0,17
1/17/1981,,35,-6,0,0,17
1/18/1981,,35,4,0.06,2,20
1/19/1981,,40,4,0,0,20
1/20/1981,,43,-1,0,0,20
1/21/1981,,42,-4,0,0,20
1/22/1981,,50,-3,0,0,19
1/23/1981,,47,-3,0,0,19
1/24/1981,,32,-3,0.06,1.8,21
1/25/1981,,23,10,0.05,1,22
1/26/1981,,21,10,0.07,1.5,23
1/27/1981,,31,10,0.03,1,22
1/28/1981,,35,15,0.1,1,23
1/29/1981,,32,19,0.06,3,25
1/30/1981,,29,9,0.03,0,23
1/31/1981,,26,4,0.19,3,26
2/1/1981,,24,-6,0.03,1,26
2/2/1981,,25,-7,0.01,0.3,26
2/3/1981,,31,-14,0,0,26
2/4/1981,,34,-16,0,0,25
2/5/1981,,30,-17,0,0,25
2/6/1981,,26,-15,0,0,24
2/7/1981,,21,0,0,0,24
2/8/1981,,25,6,0.07,1,25
2/9/1981,,21,12,0.02,1.5,26
2/10/1981,,14,-47,0.11,2.5,27
2/11/1981,,23,-49,0,0,27
2/12/1981,,29,-8,0.06,2,27
2/13/1981,,40,19,0.08,2.5,27
2/14/1981,,35,21,0,0,26
2/15/1981,,32,18,0.39,3.5,29
2/16/1981,,36,21,0.03,0.3,28
2/17/1981,,36,26,0.59,6,33
2/18/1981,,36,20,0.03,0.3,33
2/19/1981,,46,20,0.07,0.8,32
2/20/1981,,33,16,0.27,5,33
2/21/1981,,26,-1,0,0,32
2/22/1981,,33,7,0,0,31
2/23/1981,,43,9,0,0,30
2/24/1981,,43,3,0,0,30
2/25/1981,,47,5,0,0,29
2/26/1981,,37,7,0,0,29
2/27/1981,,33,18,0.19,8.1,35
2/28/1981,,39,-6,0,0,33
3/1/1981,,42,-6,0,0,33
3/2/1981,,45,-2,0,0,31
3/3/1981,,46,-10,0,0,31
3/4/1981,,46,-5,0,0,30
3/5/1981,,44,-1,0,0,30
3/6/1981,,43,11,0,0,30
3/7/1981,,40,15,0.03,0.7,31
3/8/1981,,43,-2,0,0,30
3/9/1981,,40,1,0,0,30
3/10/1981,,47,-5,0,0,29
3/11/1981,,51,-3,0,0,29
3/12/1981,,41,-2,0,0,28
3/13/1981,,48,2,0,0,28
3/14/1981,,47,6,0,0,28
3/15/1981,,45,9,0,0,28
3/16/1981,,38,12,0,0,28
3/17/1981,,31,19,0.15,2,30
3/18/1981,,34,-5,0,0,29
3/19/1981,,37,4,0,0,29
3/20/1981,,40,9,0.03,0.5,30
3/21/1981,,39,22,0.34,3.6,34
3/22/1981,,41,20,0.07,1.8,34
3/23/1981,,42,19,0.02,1,34
3/24/1981,,43,12,0.01,0.5,33
3/25/1981,,45,14,0,0,33
3/26/1981,,47,19,0.01,0.5,31
3/27/1981,,36,26,0.13,2,33
3/28/1981,,48,10,0,0,31
3/29/1981,,42,16,0,0,30
3/30/1981,,29,10,0.14,2,32
3/31/1981,,32,10,0.02,0.6,31
4/1/1981,,36,20,0.01,1,32
4/2/1981,,35,22,0.81,10,42
4/3/1981,,35,11,0,0,41
4/4/1981,,34,1,0,0,38
4/5/1981,,42,5,0,0,37
4/6/1981,,36,18,0.18,2,38
4/7/1981,,33,10,0,0.3,37
4/8/1981,,34,10,0,0.2,37
4/9/1981,,36,21,0.16,3,38
4/10/1981,,41,20,0.08,1,38
4/11/1981,,47,9,0.02,0.5,38
4/12/1981,,45,23,0,0,36
4/13/1981,,42,10,0,0,35
4/14/1981,,56,6,0,0,35
4/15/1981,,61,14,0,0,33
4/16/1981,,54,23,0,0,31
4/17/1981,,56,22,0,0,30
4/18/1981,,62,21,0,0,28
4/19/1981,,43,25,0.11,1,26
4/20/1981,,45,30,0.53,3,26
4/21/1981,,47,18,0,0,24
4/22/1981,,59,25,0,0,23
4/23/1981,,60,24,0,0,21
4/24/1981,,55,29,0,0,19
4/25/1981,,55,28,0.03,0,15
4/26/1981,,,32,0.18,0,12
4/27/1981,,,,0,0,
4/28/1981,,,,0,0,
4/29/1981,,59,,0,0,
4/30/1981,,66,26,0,0,5
5/1/1981,,,,,,
5/2/1981,,,,,,
5/3/1981,,,,,,
5/4/1981,,,,,,
5/5/1981,,,,,,
5/6/1981,,,,,,
5/7/1981,,39,25,0.32,2.5,
5/8/1981,,49,14,0.13,1,
5/9/1981,,,25,0,,
5/10/1981,,,,,,
5/11/1981,,33,22,,,
5/12/1981,,37,19,,,
5/13/1981,,43,17,,,
5/14/1981,,52,18,,,
5/15/1981,,44,19,,,
5/16/1981,,45,19,,,
5/17/1981,,54,30,,,
5/18/1981,,40,30,,,
5/19/1981,,61,30,,,
5/20/1981,,58,28,,,
5/21/1981,,45,29,,2,2
5/22/1981,,45,33,0.07,0,0
5/23/1981,,57,33,0.13,0,0
5/24/1981,,58,30,0.02,0,0
5/25/1981,,58,35,0.13,0,0
5/26/1981,,49,36,0.15,0,0
5/27/1981,,61,34,0.4,0,0
5/28/1981,,63,28,0,0,0
5/29/1981,,66,26,0,0,0
5/30/1981,,67,26,0,0,0
5/31/1981,,52,37,0.34,0,0
6/1/1981,,63,30,0.16,0,0
6/2/1981,,68,32,0.04,0,0
6/3/1981,,50,32,0.13,0,0
6/4/1981,,60,27,0.01,0,0
6/5/1981,,67,37,0.01,0,0
6/6/1981,,66,40,0,0,0
6/7/1981,,48,40,0,0,0
6/8/1981,,54,38,,0,0
6/9/1981,,50,33,,0,0
6/10/1981,,56,33,0,0,0
6/11/1981,,62,31,0.03,0,0
6/12/1981,,48,38,0.1,0,0
6/13/1981,,48,28,0.12,1,0
6/14/1981,,40,22,0.31,2.5,0
6/15/1981,,51,26,0.17,1,0
6/16/1981,,45,27,0,0,0
6/17/1981,,50,28,0.47,0,0
6/18/1981,,49,28,0.01,0,0
6/19/1981,,57,33,0.02,0,0
6/20/1981,,62,41,0.11,0,0
6/21/1981,,57,43,0,0,0
6/22/1981,,71,38,0,0,0
6/23/1981,,73,43,0,0,0
6/24/1981,,71,32,0,0,0
6/25/1981,,82,30,0,0,0
6/26/1981,,77,46,0.01,0,0
6/27/1981,,73,41,0.03,0,0
6/28/1981,,65,35,0,0,0
6/29/1981,,71,31,0,0,0
6/30/1981,,,34,0,0,0
7/1/1981,,,,,,
7/2/1981,,,,,,
7/3/1981,,,,,,
7/4/1981,,,,,,
7/5/1981,,,,,,
7/6/1981,,,,,,
7/7/1981,,,,,,
7/8/1981,,,,,,
7/9/1981,,,,,,
7/10/1981,,,,,,
7/11/1981,,,,,,
7/12/1981,,,,,,
7/13/1981,,,,,,
7/14/1981,,,,,,
7/15/1981,,,,,,
7/16/1981,,,,,,
7/17/1981,,,,,,
7/18/1981,,,,,,
7/19/1981,,,,,,
7/20/1981,,,,,,
7/21/1981,,,,,,
7/22/1981,,,,,,
7/23/1981,,,,,,
7/24/1981,,,,,,
7/25/1981,,,,,,
7/26/1981,,,,,,
7/27/1981,,,,,,
7/28/1981,,,,,,
7/29/1981,,,,,,
7/30/1981,,,,,,
7/31/1981,,,,,,
8/1/1981,,80,31,0,0,0
8/2/1981,,75,35,0,0,0
8/3/1981,,78,28,0,0,0
8/4/1981,,74,30,0,0,0
8/5/1981,,75,28,0,0,0
8/6/1981,,78,34,0,0,0
8/7/1981,,80,31,0,0,0
8/8/1981,,78,36,0,0,0
8/9/1981,,71,36,0,0,0
8/10/1981,,78,39,0,0,0
8/11/1981,,80,29,0,0,0
8/12/1981,,81,31,0,0,0
8/13/1981,,79,39,0,0,0
8/14/1981,,73,34,0,0,0
8/15/1981,,73,33,0,0,0
8/16/1981,,78,32,0,0,0
8/17/1981,,78,31,0.01,0,0
8/18/1981,,79,31,0.07,0,0
8/19/1981,,80,36,0,0,0
8/20/1981,,76,39,0.2,0,0
8/21/1981,,75,42,0.06,0,0
8/22/1981,,74,33,0.06,0,0
8/23/1981,,78,29,0,0,0
8/24/1981,,81,34,0,0,0
8/25/1981,,83,33,0,0,0
8/26/1981,,77,35,0,0,0
8/27/1981,,79,32,0,0,0
8/28/1981,,80,33,0,0,0
8/29/1981,,77,37,0,0,0
8/30/1981,,68,36,0,0,0
8/31/1981,,67,23,0,0,0
9/1/1981,,67,24,0,0,0
9/2/1981,,66,32,0,0,0
9/3/1981,,70,22,0,0,0
9/4/1981,,76,26,0,0,0
9/5/1981,,64,38,0,0,0
9/6/1981,,71,30,0,0,0
9/7/1981,,78,25,0,0,0
9/8/1981,,80,26,0,0,0
9/9/1981,,77,26,0,0,0
9/10/1981,,75,34,0,0,0
9/11/1981,,76,28,0,0,0
9/12/1981,,77,27,0,0,0
9/13/1981,,76,28,0,0,0
9/14/1981,,75,29,0,0,0
9/15/1981,,75,24,0,0,0
9/16/1981,,78,24,0,0,0
9/17/1981,,81,23,0,0,0
9/18/1981,,78,25,0,0,0
9/19/1981,,68,27,0,0,0
9/20/1981,,62,22,0,0,0
9/21/1981,,58,25,0,0,0
9/22/1981,,65,23,0,0,0
9/23/1981,,65,29,0,0,0
9/24/1981,,59,26,0,0,0
9/25/1981,,42,29,0.57,5,2
9/26/1981,,38,20,0,0,0
9/27/1981,,64,28,0,0,0
9/28/1981,,59,26,0,0,0
9/29/1981,,45,31,0.21,1,1
9/30/1981,,48,27,0,0,0
10/1/1981,,61,18,0,0,0
10/2/1981,,60,22,0,0,0
10/3/1981,,49,22,0.32,0,0
10/4/1981,,,20,0.1,0,0
10/5/1981,,,,0,0,0
10/6/1981,,61,,0,0,0
10/7/1981,,60,24,0.3,0,0
10/8/1981,,58,25,0,0,0
10/9/1981,,62,23,0.12,0,0
10/10/1981,,43,25,0.59,0,0
10/11/1981,,45,20,0,0,0
10/12/1981,,,24,0,0,0
10/13/1981,,45,,0,0,0
10/14/1981,,38,20,0.14,2,1
10/15/1981,,51,15,0,0,0
10/16/1981,,53,15,0,0,0
10/17/1981,,47,16,0,0,0
10/18/1981,,56,13,0,0,0
10/19/1981,,53,14,0,0,0
10/20/1981,,48,20,0,0,0
10/21/1981,,42,15,0,0,0
10/22/1981,,44,13,0,0,0
10/23/1981,,42,14,0,0,0
10/24/1981,,35,19,0.06,0.6,1
10/25/1981,,36,17,0,0,0
10/26/1981,,42,18,0,0,0
10/27/1981,,49,21,0,0,0
10/28/1981,,52,22,0,0,0
10/29/1981,,53,22,0,0,0
10/30/1981,,36,25,0.08,0,0
10/31/1981,,35,25,0.05,0,0
11/1/1981,,54,18,0,0,0
11/2/1981,,59,18,0,0,0
11/3/1981,,57,17,0,0,0
11/4/1981,,53,18,0,0,0
11/5/1981,,53,22,0,0,0
11/6/1981,,56,18,0,0,0
11/7/1981,,45,20,0,0,0
11/8/1981,,45,20,0,0,0
11/9/1981,,46,16,0,0,0
11/10/1981,,42,14,0,0,0
11/11/1981,,41,16,0,0,0
11/12/1981,,42,20,0,0,0
11/13/1981,,49,22,0.17,0.3,0
11/14/1981,,36,22,0.44,1,0
11/15/1981,,35,25,0.34,1,1
11/16/1981,,44,26,0.49,0,1
11/17/1981,,43,30,0,0,1
11/18/1981,,37,22,0.09,1,2
11/19/1981,,31,7,0,0,1
11/20/1981,,31,11,0,0,0
11/21/1981,,35,24,0.02,1,1
11/22/1981,,,,0.57,7.1,8
11/23/1981,,30,10,0,0,8
11/24/1981,,32,16,0.2,2,9
11/25/1981,,29,16,0.46,5,12
11/26/1981,,21,-1,0.01,0.7,12
11/27/1981,,21,-6,0,0,12
11/28/1981,,27,-5,0,0.5,13
11/29/1981,,28,-8,0,0,13
11/30/1981,,21,-7,0,0,10
12/1/1981,,25,-1,0.44,1,11
12/2/1981,,29,13,0.09,1,12
12/3/1981,,28,-4,0.18,3,14
12/4/1981,,31,-1,0,0,13
12/5/1981,,38,3,0,0,12
12/6/1981,,42,1,0,0,11
12/7/1981,,37,31,0,0,11
12/8/1981,,42,30,0,0,11
12/9/1981,,45,12,0,0,11
12/10/1981,,36,12,0,0,11
12/11/1981,,38,23,0.2,4,14
12/12/1981,,32,4,0,0.5,14
12/13/1981,,28,11,0.11,2,15
12/14/1981,,29,9,0.15,3,18
12/15/1981,,32,21,0.03,1,17
12/16/1981,,32,20,0.11,4,20
12/17/1981,,22,-16,0.01,0.5,20
12/18/1981,,23,-15,0,0,20
12/19/1981,,38,-9,0.03,1,19
12/20/1981,,34,23,0.69,2.5,21
12/21/1981,,34,12,0.47,6,24
12/22/1981,,14,5,0,0,24
12/23/1981,,14,-19,0,0,24
12/24/1981,,17,-18,0,0.3,24
12/25/1981,,22,8,0.2,2.5,27
12/26/1981,,15,-9,0.59,2,27
12/27/1981,,12,-10,0.04,1,27
12/28/1981,,16,-9,0,0,26
12/29/1981,,20,-2,0.14,2,36
12/30/1981,,22,9,0.79,11,34
12/31/1981,,21,-17,0.18,2,34
1/1/1982,,20,,0.54,8,38
1/2/1982,,,-12,0.1,2,37
1/3/1982,,14,,0.02,1,35
1/4/1982,,23,,0.44,7,38
1/5/1982,,16,13,,6,41
1/6/1982,,,-28,0.03,1,38
1/7/1982,,9,,0,0,37
1/8/1982,,13,,0.01,1,35
1/9/1982,,20,-3,0,0,34
1/10/1982,,27,-4,0,0,33
1/11/1982,,23,,0,0.5,33
1/12/1982,,21,-14,,0.5,33
1/13/1982,,20,,0,0,33
1/14/1982,,21,,0.05,1,32
1/15/1982,,20,14,0.07,2.5,33
1/16/1982,,26,0,0.06,3,36
1/17/1982,,25,,0.57,6.5,39
1/18/1982,,,18,0.24,4,41
1/19/1982,,22,14,0.14,3,43
1/20/1982,,19,9,0.15,3,43
1/21/1982,,20,-3,0.04,1,42
1/22/1982,,15,-2,0.23,4,44
1/23/1982,,26,,0.15,1,43
1/24/1982,,30,12,0.23,5,46
1/25/1982,,34,8,0.08,1.5,45
1/26/1982,,36,,0.07,1,45
1/27/1982,,,5,0.27,3.5,47
1/28/1982,,31,6,0.02,1,47
1/29/1982,,28,-17,0.01,0.5,46
1/30/1982,,25,,0,0,45
1/31/1982,,24,,0.06,1.5,46
2/1/1982,,19,12,0.05,1.5,45
2/2/1982,,18,-6,0,0,44
2/3/1982,,5,-21,0.04,0.5,44
2/4/1982,,3,-36,0,0,43
2/5/1982,,7,-43,0,0,43
2/6/1982,,9,,0,0,43
2/7/1982,,12,,0.02,0.5,43
2/8/1982,,12,-23,0.02,0.5,43
2/9/1982,,9,-24,0,0,43
2/10/1982,,11,-27,0.02,0.5,43
2/11/1982,,24,-27,0,0,42
2/12/1982,,29,,0.04,1,43
2/13/1982,,33,,0,0,42
2/14/1982,,36,23,0.2,3.5,45
2/15/1982,,36,29,0.6,4,47
2/16/1982,,36,29,0.37,4,50
2/17/1982,,36,25,0.11,1.5,49
2/18/1982,,31,14,0,0,49
2/19/1982,,34,13,0,1,48
2/20/1982,,39,28,0.03,0,48
2/21/1982,,42,29,0.07,0,45
2/22/1982,,31,31,0.08,0,44
2/23/1982,,,20,0.06,1.5,45
2/24/1982,,22,-13,0.13,2.5,47
2/25/1982,,37,-12,0,0,46
2/26/1982,,43,,0,0,46
2/27/1982,,33,,0.14,2.5,48
2/28/1982,,38,7,0.08,1,48
3/1/1982,,40,,0,0,47
3/2/1982,,35,,0.35,5,52
3/3/1982,,32,23,0.08,1,51
3/4/1982,,32,9,0.09,3,52
3/5/1982,,28,-13,0.07,2,52
3/6/1982,,32,,0,0,50
3/7/1982,,32,12,0.03,2,51
3/8/1982,,38,4,0,0,50
3/9/1982,,38,,0.13,2,51
3/10/1982,,39,27,0.08,0.5,50
3/11/1982,,,,0.1,1.5,50
3/12/1982,,,6,0.42,6,54
3/13/1982,,38,12,0.03,0.5,53
3/14/1982,,37,9,0,0,53
3/15/1982,,36,,0.34,4.5,57
3/16/1982,,37,6,0.08,1,55
3/17/1982,,,6,0.05,0.5,55
3/18/1982,,42,10,0,0,55
3/19/1982,,23,16,0.5,6,59
3/20/1982,,28,14,0.07,1,58
3/21/1982,,31,-2,,0.5,58
3/22/1982,,30,5,,0.5,58
3/23/1982,,32,11,0.04,2.5,59
3/24/1982,,34,20,0.03,3,61
3/25/1982,,44,-7,0,0,58
3/26/1982,,40,0,0,0,58
3/27/1982,,44,21,0,0,55
3/28/1982,,38,22,0.61,4,59
3/29/1982,,,23,1.09,4,60
3/30/1982,,27,-2,0.15,2,60
3/31/1982,,32,1,0.59,6,64
4/1/1982,,35,,0.39,10,70
4/2/1982,,,18,,4,70
4/3/1982,,30,18,,6,
4/4/1982,,32,24,,6,73
4/5/1982,,29,-2,,3,75
4/6/1982,,32,-1,0.2,0,72
4/7/1982,,34,4,0,3,73
4/8/1982,,,-12,0.41,0,71
4/9/1982,,,2,0.09,0,68
4/10/1982,,,4,,0,65
4/11/1982,,,,,,
4/12/1982,,,,,,
4/13/1982,,,30,,4,65
4/14/1982,,,31,,1,60
4/15/1982,,,22,,4,64
4/16/1982,,,-10,,0.5,63
4/17/1982,,,-3,0,0,61
4/18/1982,,29,14,0.05,1,62
4/19/1982,,29,-13,0.06,1,63
4/20/1982,,36,-21,0.04,1,63
4/21/1982,,49,-4,0,0,62
4/22/1982,,53,11,0,0,61
4/23/1982,,54,14,0,0,59
4/24/1982,,52,18,0,0,57
4/25/1982,,49,22,0,0,56
4/26/1982,,49,21,0,0,54
4/27/1982,,48,22,0.17,2.5,56
4/28/1982,,52,20,0,0,53
4/29/1982,,42,23,0.4,1,52
4/30/1982,,54,16,0,0,51
5/1/1982,,,,,,
5/2/1982,,,,,,
5/3/1982,,,,,,
5/4/1982,,,,,,
5/5/1982,,,,,,
5/6/1982,,,,,,
5/7/1982,,,,,,
5/8/1982,,,,,,
5/9/1982,,,,,,
5/10/1982,,,,,,
5/11/1982,,,,,,
5/12/1982,,,,,,
5/13/1982,,,,,,
5/14/1982,,,,,,
5/15/1982,,,,,,
5/16/1982,,,,,,
5/17/1982,,,,,,
5/18/1982,,,,,,
5/19/1982,,,,,,
5/20/1982,,,,,,
5/21/1982,,,,,,
5/22/1982,,,,,,
5/23/1982,,,,,,
5/24/1982,,,,,,
5/25/1982,,,,,,
5/26/1982,,,,,,
5/27/1982,,,,,,
5/28/1982,,,,,,
5/29/1982,,,,,,
5/30/1982,,,,,,
5/31/1982,,,,,,
6/1/1982,,38,27,0.26,2.5,2
6/2/1982,,53,33,0.21,0,0
6/3/1982,,47,33,0,0,0
6/4/1982,,50,30,0.31,0.5,1
6/5/1982,,56,25,0,0,0
6/6/1982,,43,30,0.29,2.5,1
6/7/1982,,50,21,0,0,0
6/8/1982,,47,,0.46,2.3,1
6/9/1982,,56,23,0.01,0.3,0
6/10/1982,,60,26,0,0,0
6/11/1982,,66,27,0.02,0,0
6/12/1982,,72,28,0,0,0
6/13/1982,,65,36,0,0,0
6/14/1982,,55,39,0.01,0,0
6/15/1982,,68,30,0.19,0,0
6/16/1982,,66,33,0.04,0,0
6/17/1982,,61,33,0.13,0,0
6/18/1982,,69,33,0.04,0,0
6/19/1982,,74,28,0,0,0
6/20/1982,,65,32,0,0,0
6/21/1982,,78,39,0,0,0
6/22/1982,,70,39,0,0,0
6/23/1982,,67,42,0,0,0
6/24/1982,,75,42,0.37,0,0
6/25/1982,,67,,0.32,0,0
6/26/1982,,67,40,0,0,0
6/27/1982,,74,36,0,0,0
6/28/1982,,76,38,0.05,0,0
6/29/1982,,79,36,0,0,0
6/30/1982,,76,34,0,0,0
7/1/1982,,62,42,0.04,0,0
7/2/1982,,62,38,0.4,0,0
7/3/1982,,63,38,0,0,0
7/4/1982,,60,37,0.07,0,0
7/5/1982,,51,40,0.26,0,0
7/6/1982,,57,33,0.14,0,0
7/7/1982,,66,30,0,0,0
7/8/1982,,70,42,0.26,0,0
7/9/1982,,63,40,0.56,0,0
7/10/1982,,67,40,0.2,0,0
7/11/1982,,72,37,0,0,0
7/12/1982,,74,38,0,0,0
7/13/1982,,76,38,0,0,0
7/14/1982,,68,43,0,0,0
7/15/1982,,68,52,0,0,0
7/16/1982,,59,35,0,0,0
7/17/1982,,,49,0,0,0
7/18/1982,,,35,0,0,0
7/19/1982,,,34,0,0,0
7/20/1982,,77,39,0,0,0
7/21/1982,,82,38,0,0,0
7/22/1982,,82,43,0,0,0
7/23/1982,,75,36,0,0,0
7/24/1982,,75,46,0.1,0,0
7/25/1982,,72,50,0.1,0,0
7/26/1982,,77,39,0,0,0
7/27/1982,,73,39,0,0,0
7/28/1982,,72,50,0,0,0
7/29/1982,,67,48,0.08,0,0
7/30/1982,,76,34,0,0,0
7/31/1982,,76,43,0,0,0
8/1/1982,,78,38,0,0,0
8/2/1982,,67,44,0,0,0
8/3/1982,,70,35,,,
8/4/1982,,,32,0,0,
8/5/1982,,78,,0,0,
8/6/1982,,80,35,0,0,
8/7/1982,,,36,0,0,
8/8/1982,,84,36,0,0,
8/9/1982,,67,47,0.03,0,
8/10/1982,,64,42,0.05,0,
8/11/1982,,66,38,0,0,
8/12/1982,,75,27,,,
8/13/1982,,,23,0,0,
8/14/1982,,,38,0,0,
8/15/1982,,75,39,0,0,
8/16/1982,,79,38,0,0,
8/17/1982,,81,25,0,0,
8/18/1982,,75,31,0.05,0,
8/19/1982,,75,30,0,0,
8/20/1982,,80,23,0,0,
8/21/1982,,76,43,0,0,
8/22/1982,,76,40,0,0,
8/23/1982,,71,36,0,0,
8/24/1982,,74,36,0,0,
8/25/1982,,74,30,0,0,
8/26/1982,,74,35,0,0,
8/27/1982,,73,38,0,0,
8/28/1982,,73,42,0,0,
8/29/1982,,68,37,0,0,
8/30/1982,,66,42,0,0,
8/31/1982,,64,34,0,0,
9/1/1982,,67,33,0,0,0
9/2/1982,,76,32,0,0,0
9/3/1982,,,38,0,0,0
9/4/1982,,,41,0,0,0
9/5/1982,,78,27,0,0,0
9/6/1982,,,,0,0,0
9/7/1982,,71,25,0,0,0
9/8/1982,,,,0,0,0
9/9/1982,,,,0,0,0
9/10/1982,,54,25,0,0,0
9/11/1982,,,24,0,0,0
9/12/1982,,46,23,0,0,0
9/13/1982,,,21,0,0,0
9/14/1982,,45,21,0,0,0
9/15/1982,,,21,0,0,0
9/16/1982,,,,0,0,0
9/17/1982,,,,0,0,0
9/18/1982,,64,,,3,
9/19/1982,,63,27,0,0,
9/20/1982,,66,26,0,0,
9/21/1982,,,25,0,0,
9/22/1982,,,,0,0,
9/23/1982,,66,,0,0,
9/24/1982,,66,24,0,0,
9/25/1982,,,24,0,0,
9/26/1982,,,,0,0,
9/27/1982,,,24,0,0,
9/28/1982,,,,,4,
9/29/1982,,,,1.27,2.5,
9/30/1982,,42,23,0,0,
10/1/1982,,42,,,0.5,
10/2/1982,,42,24,,1.5,2
10/3/1982,,50,32,,0.5,
10/4/1982,,44,23,0.25,0,
10/5/1982,,38,30,0,0,0
10/6/1982,,41,24,0.06,0,0
10/7/1982,,34,18,0,0,0
10/8/1982,,40,19,0,0,0
10/9/1982,,,12,0,0,0
10/10/1982,,45,11,0,0,0
10/11/1982,,52,21,0,0,0
10/12/1982,,55,21,0,0,0
10/13/1982,,58,22,0,0,0
10/14/1982,,61,24,0,0,0
10/15/1982,,64,27,0,0,0
10/16/1982,,54,30,,1,1
10/17/1982,,45,,,0,1
10/18/1982,,,25,,1,
10/19/1982,,37,11,,0.5,1
10/20/1982,,50,5,0,2,2
10/21/1982,,49,4,0,0,0
10/22/1982,,53,10,0,0,0
10/23/1982,,47,,0,1,1
10/24/1982,,31,19,0,0,0
10/25/1982,,31,10,,2,2
10/26/1982,,,,0,0,0
10/27/1982,,48,19,,1,1
10/28/1982,,32,10,0,0,1
10/29/1982,,31,24,,2,2
10/30/1982,,35,24,,5,7
10/31/1982,,34,27,,0,4
11/1/1982,,32,22,0.24,4,8
11/2/1982,,30,0,0.03,1,8
11/3/1982,,33,-1,0,0,7
11/4/1982,,39,,0,0,6
11/5/1982,,41,,0,0,6
11/6/1982,,39,22,0,0,5
11/7/1982,,,19,0.09,2,6
11/8/1982,,36,16,0.11,1,7
11/9/1982,,33,19,0.1,3,9
11/10/1982,,32,2,0.19,3.5,11
11/11/1982,,29,,0.02,0.5,10
11/12/1982,,23,-13,0.03,1,11
11/13/1982,,24,,0.3,6.5,16
11/14/1982,,28,-15,0,0,14
11/15/1982,,28,-11,0,0,14
11/16/1982,,35,,0,0,12
11/17/1982,,36,,0.02,0.5,12
11/18/1982,,37,,0.05,1,11
11/19/1982,,29,26,0.46,7.5,16
11/20/1982,,26,18,0.23,5,18
11/21/1982,,22,15,0.24,4.5,21
11/22/1982,,19,-8,0.21,5.5,22
11/23/1982,,20,-26,0,0,20
11/24/1982,,29,,0,0,19
11/25/1982,,25,,0,0,18
11/26/1982,,29,-15,0,0,18
11/27/1982,,31,,0,0,17
11/28/1982,,32,,0,0,17
11/29/1982,,31,22,0.08,1.5,17
11/30/1982,,28,19,0.31,6,22
12/1/1982,,26,17,0.15,3,23
12/2/1982,,27,13,0.12,2,23
12/3/1982,,31,14,0.08,3,24
12/4/1982,,31,20,0.03,0,23
12/5/1982,,29,11,,0,22
12/6/1982,,30,,0.17,2.5,23
12/7/1982,,,-2,0.24,4.7,26
12/8/1982,,15,-14,0,0,25
12/9/1982,,29,-13,0,0,24
12/10/1982,,23,,0,0,23
12/11/1982,,25,-8,0,0,23
12/12/1982,,32,,0,0,23
12/13/1982,,24,,0.02,0.5,22
12/14/1982,,22,1,0.04,1,22
12/15/1982,,32,12,0.07,2,23
12/16/1982,,36,20,0.16,3,25
12/17/1982,,30,27,0,0,24
12/18/1982,,,11,0.14,1.5,25
12/19/1982,,29,,0.17,4,25
12/20/1982,,33,10,0.02,1,26
12/21/1982,,34,,0.17,4.5,28
12/22/1982,,,26,0.47,10,35
12/23/1982,,29,14,0.71,13,44
12/24/1982,,,11,0.17,3,44
12/25/1982,,19,-25,0,0,41
12/26/1982,,22,,0,0,38
12/27/1982,,12,,0.1,1.5,39
12/28/1982,,10,-28,0,0,39
12/29/1982,,11,,0,0,35
12/30/1982,,19,-18,0,0,35
12/31/1982,,19,-12,0,0,34
1/1/1983,,21,-18,0,0,34
1/2/1983,,27,-14,0,0,33
1/3/1983,,22,-14,0.01,2,34
1/4/1983,,29,7,0.1,3,37
1/5/1983,,34,14,0.1,2,37
1/6/1983,,33,17,0.23,2,36
1/7/1983,,33,23,0.11,2,38
1/8/1983,,33,27,,0,37
1/9/1983,,,-2,0.28,2,38
1/10/1983,,26,,0.08,3,38
1/11/1983,,32,7,0,0.6,37
1/12/1983,,38,3,0,0,37
1/13/1983,,34,2,0,0,36
1/14/1983,,31,-6,0,0,35
1/15/1983,,35,-10,0,0,35
1/16/1983,,32,-8,0,0,35
1/17/1983,,35,,0,0,34
1/18/1983,,29,7,0,0,34
1/19/1983,,33,14,0.02,1,35
1/20/1983,,31,-4,0,0,34
1/21/1983,,32,-6,0,0,34
1/22/1983,,26,,0.01,1,35
1/23/1983,,28,19,0.12,3,37
1/24/1983,,32,14,0,0.5,36
1/25/1983,,30,14,0,0.5,36
1/26/1983,,36,,0,0,35
1/27/1983,,37,15,0,0,35
1/28/1983,,30,12,0.09,2,37
1/29/1983,,29,-7,,0,36
1/30/1983,,31,,0.08,1,36
1/31/1983,,29,16,0,0.2,36
2/1/1983,,27,1,0.04,1.2,37
2/2/1983,,23,-9,0.02,0.4,37
2/3/1983,,29,-19,0,0,36
2/4/1983,,31,-17,0,0,36
2/5/1983,,25,-21,0,0,35
2/6/1983,,25,-19,0,0,35
2/7/1983,,30,,0.08,2.3,37
2/8/1983,,29,0,0.03,1,37
2/9/1983,,30,10,0.18,3,39
2/10/1983,,32,19,0.45,9.4,44
2/11/1983,,30,5,0.13,2.5,45
2/12/1983,,38,12,0,0,43
2/13/1983,,37,,0.17,3.5,45
2/14/1983,,35,16,0.22,3.5,46
2/15/1983,,31,16,0,0,46
2/16/1983,,32,18,0,0.2,45
2/17/1983,,34,18,0.16,2.5,47
2/18/1983,,43,,0.15,2.7,47
2/19/1983,,32,23,0.01,0.5,45
2/20/1983,,35,3,0,0,45
2/21/1983,,35,9,0,0,45
2/22/1983,,36,10,0.01,0.5,44
2/23/1983,,46,,0,0,44
2/24/1983,,49,8,0,0,43
2/25/1983,,39,12,0,0,42
2/26/1983,,35,,0.14,2.5,44
2/27/1983,,32,14,0.11,2,46
2/28/1983,,33,14,0.24,5.6,48
3/1/1983,,39,24,0.27,4.2,50
3/2/1983,,39,31,0.23,3,48
3/3/1983,,47,27,0.15,2,46
3/4/1983,,48,20,,0,45
3/5/1983,,36,,0,0,44
3/6/1983,,36,25,0,0,44
3/7/1983,,35,14,,0,43
3/8/1983,,37,20,,0.5,43
3/9/1983,,39,24,,0,43
3/10/1983,,50,21,0,0,42
3/11/1983,,46,21,0,0,42
3/12/1983,,38,25,0.21,1,41
3/13/1983,,39,25,0.18,3,44
3/14/1983,,37,24,0.26,2,42
3/15/1983,,35,6,0.07,1,43
3/16/1983,,32,14,0.08,1,43
3/17/1983,,31,-2,0.04,1,44
3/18/1983,,30,,0.13,2,44
3/19/1983,,22,9,0.24,5.5,49
3/20/1983,,31,-20,0.08,2.5,48
3/21/1983,,37,-13,0,0,47
3/22/1983,,36,,0,0,47
3/23/1983,,34,,0.02,0.5,46
3/24/1983,,36,15,0.14,3.5,49
3/25/1983,,36,,0.09,1,48
3/26/1983,,39,4,0,0,47
3/27/1983,,37,6,0,0,46
3/28/1983,,33,18,0.1,2,48
3/29/1983,,41,6,0,0.2,47
3/30/1983,,37,,0.35,5,50
3/31/1983,,39,22,0.52,3,51
4/1/1983,,,,,,
4/2/1983,,,,,,
4/3/1983,,,,,,
4/4/1983,,,,,,
4/5/1983,,,,,,
4/6/1983,,,,,,
4/7/1983,,,,,,
4/8/1983,,,,,,
4/9/1983,,,,,,
4/10/1983,,,,,,
4/11/1983,,,,,,
4/12/1983,,,,,,
4/13/1983,,,,,,
4/14/1983,,,,,,
4/15/1983,,,,,,
4/16/1983,,,,,,
4/17/1983,,,,,,
4/18/1983,,,,,,
4/19/1983,,,,,,
4/20/1983,,,,,,
4/21/1983,,,,,,
4/22/1983,,,,,,
4/23/1983,,,,,,
4/24/1983,,,,,,
4/25/1983,,,,,,
4/26/1983,,,,,,
4/27/1983,,,,,,
4/28/1983,,,,,,
4/29/1983,,,,,,
4/30/1983,,,,,,
5/1/1983,,52,21,0,0,30
5/2/1983,,48,23,0,0,29
5/3/1983,,47,30,0.07,1,25
5/4/1983,,50,26,0,0,23
5/5/1983,,40,21,,1,20
5/6/1983,,50,31,0,0,20
5/7/1983,,38,22,,2,19
5/8/1983,,41,18,0.17,1,20
5/9/1983,,,11,,1.5,20
5/10/1983,,,,0,0,
5/11/1983,,,,0,0,
5/12/1983,,,,0,0,
5/13/1983,,44,,0,0,
5/14/1983,,,10,0,0,
5/15/1983,,44,12,0,0,
5/16/1983,,42,29,0,0,
5/17/1983,,40,24,0,0,
5/18/1983,,42,23,0,0,
5/19/1983,,43,22,0,0,
5/20/1983,,49,21,0,0,
5/21/1983,,54,33,0,0,0
5/22/1983,,,22,0,0,0
5/23/1983,,58,22,0,0,0
5/24/1983,,,31,0,0,0
5/25/1983,,68,26,0,0,0
5/26/1983,,70,30,0,0,0
5/27/1983,,70,29,0,0,0
5/28/1983,,73,32,0,0,0
5/29/1983,,69,29,0,0,0
5/30/1983,,71,30,0,0,0
5/31/1983,,58,21,0,0,0
6/1/1983,,60,26,0,0,0
6/2/1983,,63,27,0,0,0
6/3/1983,,65,32,0,0,0
6/4/1983,,60,36,0.02,0,0
6/5/1983,,51,32,0.16,0,0
6/6/1983,,56,34,0,0,0
6/7/1983,,60,29,0.03,0,0
6/8/1983,,64,29,0,0,0
6/9/1983,,67,37,0,0,0
6/10/1983,,64,32,0.4,0,0
6/11/1983,,68,42,0.06,0,0
6/12/1983,,,29,0.11,0,0
6/13/1983,,45,33,0.02,0,0
6/14/1983,,52,29,0,0,0
6/15/1983,,60,29,0.16,0,0
6/16/1983,,63,46,0.05,0,0
6/17/1983,,50,30,0,0,0
6/18/1983,,67,30,0,0,0
6/19/1983,,53,27,0,0,0
6/20/1983,,58,34,0.04,0,0
6/21/1983,,51,34,0,0,0
6/22/1983,,48,27,0.2,0,0
6/23/1983,,70,32,0,0,0
6/24/1983,,74,37,0,0,0
6/25/1983,,69,30,0,0,0
6/26/1983,,71,32,0,0,0
6/27/1983,,73,46,0,0,0
6/28/1983,,68,40,0.2,0,0
6/29/1983,,77,32,0.04,0,0
6/30/1983,,68,35,0,0,0
7/1/1983,,66,39,0.09,0,0
7/2/1983,,59,41,0.43,0,0
7/3/1983,,54,31,0.38,0,0
7/4/1983,,,28,0,0,0
7/5/1983,,67,30,0,0,0
7/6/1983,,77,41,0.02,0,0
7/7/1983,,84,38,0.25,0,0
7/8/1983,,81,50,0,0,0
7/9/1983,,79,42,0,0,0
7/10/1983,,74,35,1,0,0
7/11/1983,,47,29,0,0,0
7/12/1983,,65,32,0,0,0
7/13/1983,,73,44,0,0,0
7/14/1983,,82,48,0,0,0
7/15/1983,,72,39,0.71,0,0
7/16/1983,,,28,0,0,0
7/17/1983,,61,34,0,0,0
7/18/1983,,73,32,0,0,0
7/19/1983,,78,37,0,0,0
7/20/1983,,81,46,0,0,0
7/21/1983,,70,28,0,0,0
7/22/1983,,94,44,0,0,0
7/23/1983,,66,36,0,0,0
7/24/1983,,,35,0.25,0,0
7/25/1983,,76,28,0,0,0
7/26/1983,,,46,0,0,0
7/27/1983,,75,26,0,0,0
7/28/1983,,74,35,0,0,0
7/29/1983,,81,40,0,0,0
7/30/1983,,88,37,0,0,0
7/31/1983,,82,43,0,0,0
8/1/1983,,74,44,0,0,0
8/2/1983,,68,29,0.32,0,0
8/3/1983,,90,40,0,0,0
8/4/1983,,76,40,0,0,0
8/5/1983,,85,41,0.02,0,0
8/6/1983,,87,45,0,0,0
8/7/1983,,,,0,0,0
8/8/1983,,87,30,0.01,0,0
8/9/1983,,84,48,0.01,0,0
8/10/1983,,86,47,0,0,0
8/11/1983,,80,39,0.03,0,0
8/12/1983,,80,44,0.05,0,0
8/13/1983,,78,35,0.02,0,0
8/14/1983,,77,43,0.02,0,0
8/15/1983,,79,43,0.15,0,0
8/16/1983,,67,37,0.16,0,0
8/17/1983,,70,41,0.01,0,0
8/18/1983,,67,45,0,0,0
8/19/1983,,71,30,0.03,0,0
8/20/1983,,65,51,0.57,0,0
8/21/1983,,68,40,0.2,0,0
8/22/1983,,51,39,0.07,0,0
8/23/1983,,70,38,0.12,0,0
8/24/1983,,61,30,0.08,0,0
8/25/1983,,66,30,0,0,0
8/26/1983,,72,33,0,0,0
8/27/1983,,74,34,0,0,0
8/28/1983,,72,32,0,0,0
8/29/1983,,76,35,0,0,0
8/30/1983,,72,35,0,0,0
8/31/1983,,71,34,0,0,0
9/1/1983,,79,32,0,0,0
9/2/1983,,78,49,0.16,0,0
9/3/1983,,64,33,0.15,0,0
9/4/1983,,66,27,0,0,0
9/5/1983,,62,34,0,0,0
9/6/1983,,61,25,0,0,0
9/7/1983,,72,25,0,0,0
9/8/1983,,73,40,0.1,0,0
9/9/1983,,64,38,0.2,0,0
9/10/1983,,55,21,0,0,0
9/11/1983,,58,,0,0,0
9/12/1983,,61,27,0,0,0
9/13/1983,,65,27,0,0,0
9/14/1983,,72,36,0.01,0,0
9/15/1983,,66,24,0,0,0
9/16/1983,,64,29,0,0,0
9/17/1983,,70,46,0,0,0
9/18/1983,,60,42,0,0,0
9/19/1983,,,22,0.31,,6
9/20/1983,,29,-2,0,0,
9/21/1983,,41,-2,0,0,
9/22/1983,,55,19,0,0,
9/23/1983,,63,26,0,0,
9/24/1983,,,,,0,
9/25/1983,,,,,0,
9/26/1983,,67,28,,0,
9/27/1983,,66,36,0.11,0,
9/28/1983,,,,,0,
9/29/1983,,50,27,,0,
9/30/1983,,51,30,1.1,0,
10/1/1983,,,,,,
10/2/1983,,,,,,
10/3/1983,,,,,,
10/4/1983,,,,,,
10/5/1983,,,,,,
10/6/1983,,,,,,
10/7/1983,,,,,,
10/8/1983,,,,,,
10/9/1983,,,,,,
10/10/1983,,,,,,
10/11/1983,,,,,,
10/12/1983,,,,,,
10/13/1983,,,,,,
10/14/1983,,,,,,
10/15/1983,,,,,,
10/16/1983,,,,,,
10/17/1983,,,,,,
10/18/1983,,,,,,
10/19/1983,,,,,,
10/20/1983,,,,,,
10/21/1983,,,,,,
10/22/1983,,,,,,
10/23/1983,,,,,,
10/24/1983,,,,,,
10/25/1983,,,,,,
10/26/1983,,,,,,
10/27/1983,,,,,,
10/28/1983,,,,,,
10/29/1983,,,,,,
10/30/1983,,,,,,
10/31/1983,,,,,,
11/1/1983,,,,,,
11/2/1983,,,,,,
11/3/1983,,,,,,
11/4/1983,,,,,,
11/5/1983,,,,,,
11/6/1983,,,,,,
11/7/1983,,,,,,
11/8/1983,,,,,,
11/9/1983,,,,,,
11/10/1983,,,,,,
11/11/1983,,,,,,
11/12/1983,,,,,,
11/13/1983,,,,,,
11/14/1983,,,,,,
11/15/1983,,,,,,
11/16/1983,,,,,,
11/17/1983,,,,,,
11/18/1983,,,,,,
11/19/1983,,,,,,
11/20/1983,,,,,,
11/21/1983,,,,,,
11/22/1983,,,,,,
11/23/1983,,,,,,
11/24/1983,,,,,,
11/25/1983,,,,,,
11/26/1983,,,,,,
11/27/1983,,,,,,
11/28/1983,,,,,,
11/29/1983,,,,,,
11/30/1983,,,,,,
12/1/1983,,,,,,
12/2/1983,,,,,,
12/3/1983,,,,,,
12/4/1983,,,,,,
12/5/1983,,,,,,
12/6/1983,,,,,,
12/7/1983,,,,,,
12/8/1983,,,,,,
12/9/1983,,,,,,
12/10/1983,,,,,,
12/11/1983,,,,,,
12/12/1983,,,,,,
12/13/1983,,,,,,
12/14/1983,,,,,,
12/15/1983,,,,,,
12/16/1983,,,,,,
12/17/1983,,,,,,
12/18/1983,,,,,,
12/19/1983,,,,,,
12/20/1983,,,,,,
12/21/1983,,,,,,
12/22/1983,,,,,,
12/23/1983,,,,,,
12/24/1983,,,,,,
12/25/1983,,,,,,
12/26/1983,,,,,,
12/27/1983,,,,,,
12/28/1983,,,,,,
12/29/1983,,,,,,
12/30/1983,,,,,,
12/31/1983,,,,,,
1/1/1984,,,,,,
1/2/1984,,,,,,
1/3/1984,,,,,,
1/4/1984,,,,,,
1/5/1984,,,,,,
1/6/1984,,,,,,
1/7/1984,,,,,,
1/8/1984,,,,,,
1/9/1984,,,,,,
1/10/1984,,,,,,
1/11/1984,,,,,,
1/12/1984,,,,,,
1/13/1984,,,,,,
1/14/1984,,,,,,
1/15/1984,,,,,,
1/16/1984,,,,,,
1/17/1984,,,,,,
1/18/1984,,,,,,
1/19/1984,,,,,,
1/20/1984,,,,,,
1/21/1984,,,,,,
1/22/1984,,,,,,
1/23/1984,,,,,,
1/24/1984,,,,,,
1/25/1984,,,,,,
1/26/1984,,,,,,
1/27/1984,,,,,,
1/28/1984,,,,,,
1/29/1984,,,,,,
1/30/1984,,,,,,
1/31/1984,,,,,,
2/1/1984,,,,,,
2/2/1984,,,,,,
2/3/1984,,,,,,
2/4/1984,,,,,,
2/5/1984,,,,,,
2/6/1984,,,,,,
2/7/1984,,,,,,
2/8/1984,,,,,,
2/9/1984,,,,,,
2/10/1984,,,,,,
2/11/1984,,,,,,
2/12/1984,,,,,,
2/13/1984,,,,,,
2/14/1984,,,,,,
2/15/1984,,,,,,
2/16/1984,,,,,,
2/17/1984,,,,,,
2/18/1984,,,,,,
2/19/1984,,,,,,
2/20/1984,,,,,,
2/21/1984,,,,,,
2/22/1984,,,,,,
2/23/1984,,,,,,
2/24/1984,,,,,,
2/25/1984,,,,,,
2/26/1984,,,,,,
2/27/1984,,,,,,
2/28/1984,,,,,,
2/29/1984,,,,,,
3/1/1984,,39,5,0,0,34
3/2/1984,,40,23,0.01,1,34
3/3/1984,,33,0,,0,34
3/4/1984,,,,0.01,0.1,35
3/5/1984,,25,-18,0,0,35
3/6/1984,,27,-10,,0,34
3/7/1984,,35,-5,0,0,34
3/8/1984,,39,5,0,0,34
3/9/1984,,42,12,,0,34
3/10/1984,,,25,,0,33
3/11/1984,,40,20,0.02,1,34
3/12/1984,,35,22,0,0.5,34
3/13/1984,,40,27,0,8,40
3/14/1984,,29,24,,0.3,40
3/15/1984,,38,24,0.4,3,44
3/16/1984,,39,20,,0,44
3/17/1984,,36,10,,4,46
3/18/1984,,33,13,0.3,0,45
3/19/1984,,40,21,0,0,43
3/20/1984,,43,25,0,0,40
3/21/1984,,39,12,0,1,41
3/22/1984,,40,3,0,0,40
3/23/1984,,43,12,,0,40
3/24/1984,,41,9,,1,41
3/25/1984,,35,,,1,
3/26/1984,,35,-3,0,,
3/27/1984,,37,-7,0,0,42
3/28/1984,,38,1,,0,42
3/29/1984,,38,5,,0,42
3/30/1984,,42,4,0,0,41
3/31/1984,,43,9,0,0,40
4/1/1984,,40,10,0,0,40
4/2/1984,,40,-1,0,0,40
4/3/1984,,42,7,0,0,40
4/4/1984,,40,14,0,0,36
4/5/1984,,38,20,0,0,36
4/6/1984,,,,,,
4/7/1984,,,,,,
4/8/1984,,,,,,
4/9/1984,,,,,,
4/10/1984,,,,,,
4/11/1984,,,,,2.5,
4/12/1984,,40,2,,0.3,38
4/13/1984,,,,0,0,
4/14/1984,,,,0,0,
4/15/1984,,57,,0,0,36
4/16/1984,,64,18,0,0,35
4/17/1984,,64,21,0,0,32
4/18/1984,,65,21,0,0,30
4/19/1984,,47,28,0.3,5,32
4/20/1984,,49,15,0,0,30
4/21/1984,,48,24,0,0,27
4/22/1984,,50,31,0.25,0,26
4/23/1984,,43,15,0,0,26
4/24/1984,,48,,,,27
4/25/1984,,24,12,,3,30
4/26/1984,,,,,,
4/27/1984,,,,,,
4/28/1984,,38,1,0.2,4,30
4/29/1984,,,,,,
4/30/1984,,,,,,
5/1/1984,,42,6,,0,
5/2/1984,,45,,,2,31
5/3/1984,,,28,,0,28
5/4/1984,,,,,0,26
5/5/1984,,,,,5,
5/6/1984,,43,,,5,35
5/7/1984,,32,12,,0,
5/8/1984,,44,11,,,
5/9/1984,,52,27,0.92,0,32
5/10/1984,,54,33,0,0,29
5/11/1984,,,,0,0,27
5/12/1984,,45,34,0.16,0,25
5/13/1984,,56,30,0.1,0,
5/14/1984,,67,,0.05,0,20
5/15/1984,,68,38,0,0,17
5/16/1984,,62,12,0.02,1.5,10
5/17/1984,,,,0,0,
5/18/1984,,53,21,0,0,7
5/19/1984,,57,11,0,0,0
5/20/1984,,,,0,0,0
5/21/1984,,61,32,0.01,0,0
5/22/1984,,48,22,0,0,0
5/23/1984,,52,24,0,0,0
5/24/1984,,56,,0,0,0
5/25/1984,,47,29,0,0,0
5/26/1984,,51,29,0.04,0,0
5/27/1984,,55,27,0,0,0
5/28/1984,,54,25,0,0,0
5/29/1984,,,,0,0,0
5/30/1984,,73,25,0,0,0
5/31/1984,,,,,0,0
6/1/1984,,,,0,0,0
6/2/1984,,,,0,0,0
6/3/1984,,,,0,0,0
6/4/1984,,,,0,0,0
6/5/1984,,,,0,0,0
6/6/1984,,47,32,0.03,0,0
6/7/1984,,42,32,0.4,2,2
6/8/1984,,42,32,0.5,0.3,0
6/9/1984,,43,31,0.03,0,0
6/10/1984,,50,34,0,0,0
6/11/1984,,48,27,0,0,0
6/12/1984,,,,0,0,0
6/13/1984,,59,37,0,0,0
6/14/1984,,65,28,0.18,0,0
6/15/1984,,70,36,0,0,0
6/16/1984,,71,31,0.01,0,0
6/17/1984,,62,31,0.03,0,0
6/18/1984,,64,31,0,0,0
6/19/1984,,54,30,0,0,0
6/20/1984,,48,34,0.07,0,0
6/21/1984,,65,32,0.03,0,0
6/22/1984,,65,32,0.03,0,0
6/23/1984,,71,36,0,0,0
6/24/1984,,,,0,0,0
6/25/1984,,74,37,0,0,0
6/26/1984,,71,36,0,0,0
6/27/1984,,,,0,0,0
6/28/1984,,89,40,0,0,0
6/29/1984,,,,0,0,0
6/30/1984,,,,0,0,0
7/1/1984,,83,31,0,0,0
7/2/1984,,81,32,0,0,0
7/3/1984,,,,0,0,0
7/4/1984,,75,38,0,0,0
7/5/1984,,80,,0,0,0
7/6/1984,,80,39,0,0,0
7/7/1984,,91,50,0,0,0
7/8/1984,,,,0,0,0
7/9/1984,,71,37,0.02,0,0
7/10/1984,,71,33,0.01,0,0
7/11/1984,,72,31,0,0,0
7/12/1984,,72,34,0,0,0
7/13/1984,,80,39,0,0,0
7/14/1984,,79,38,0,0,0
7/15/1984,,80,36,0,0,0
7/16/1984,,81,35,0,0,0
7/17/1984,,80,36,0,0,0
7/18/1984,,93,38,0,0,0
7/19/1984,,83,50,0.04,0,0
7/20/1984,,83,41,0.09,0,0
7/21/1984,,82,41,0.12,0,0
7/22/1984,,81,50,0.25,0,0
7/23/1984,,57,49,0.3,0,0
7/24/1984,,61,42,0.03,0,0
7/25/1984,,76,40,0,0,0
7/26/1984,,81,40,0.18,0,0
7/27/1984,,77,49,0.05,0,0
7/28/1984,,75,50,0.11,0,0
7/29/1984,,73,51,0.13,0,0
7/30/1984,,72,,0.03,0,0
7/31/1984,,71,54,0,0,0
8/1/1984,,90,46,0.04,0,0
8/2/1984,,77,48,0.07,0,0
8/3/1984,,71,38,0.1,0,0
8/4/1984,,71,31,0,0,0
8/5/1984,,71,35,0.12,0,0
8/6/1984,,77,33,0.25,0,0
8/7/1984,,71,35,0,0,0
8/8/1984,,75,37,0,0,0
8/9/1984,,77,35,0,0,0
8/10/1984,,81,36,0,0,0
8/11/1984,,,38,0,0,0
8/12/1984,,98,35,0,0,0
8/13/1984,,79,41,0.01,0,0
8/14/1984,,68,32,0,0,0
8/15/1984,,75,37,0,0,0
8/16/1984,,89,49,0.55,0,0
8/17/1984,,75,42,0.06,0,0
8/18/1984,,84,36,0,0,0
8/19/1984,,78,40,0,0,0
8/20/1984,,79,40,0.39,0,0
8/21/1984,,67,30,0,0,0
8/22/1984,,78,31,0,0,0
8/23/1984,,76,36,0,0,0
8/24/1984,,68,36,0.08,0,0
8/25/1984,,73,39,0.07,0,0
8/26/1984,,73,35,0.1,0,0
8/27/1984,,81,39,0,0,0
8/28/1984,,73,49,0,0,0
8/29/1984,,73,49,0,0,0
8/30/1984,,73,32,0,0,0
8/31/1984,,74,42,0.05,0,0
9/1/1984,,,,,,
9/2/1984,,,,,,
9/3/1984,,,,,,
9/4/1984,,,,,,
9/5/1984,,,,,,
9/6/1984,,,,,,
9/7/1984,,,,,,
9/8/1984,,,,,,
9/9/1984,,,,,,
9/10/1984,,,,,,
9/11/1984,,,,,,
9/12/1984,,,,,,
9/13/1984,,,,,,
9/14/1984,,,,,,
9/15/1984,,,,,,
9/16/1984,,,,,,
9/17/1984,,,,,,
9/18/1984,,,,,,
9/19/1984,,,,,,
9/20/1984,,,,,,
9/21/1984,,,,,,
9/22/1984,,,,,,
9/23/1984,,,,,,
9/24/1984,,,,,,
9/25/1984,,,,,,
9/26/1984,,,,,,
9/27/1984,,,,,,
9/28/1984,,,,,,
9/29/1984,,,,,,
9/30/1984,,,,,,
10/1/1984,,,,,,
10/2/1984,,,,,,
10/3/1984,,,,,,
10/4/1984,,,,,,
10/5/1984,,,,,,
10/6/1984,,,,,,
10/7/1984,,,,,,
10/8/1984,,,,,,
10/9/1984,,,,,,
10/10/1984,,,,,,
10/11/1984,,,,,,
10/12/1984,,,,,,
10/13/1984,,,,,,
10/14/1984,,,,,,
10/15/1984,,,,,,
10/16/1984,,,,,,
10/17/1984,,,,,,
10/18/1984,,,,,,
10/19/1984,,,,,,
10/20/1984,,,,,,
10/21/1984,,,,,,
10/22/1984,,,,,,
10/23/1984,,,,,,
10/24/1984,,,,,,
10/25/1984,,,,,,
10/26/1984,,,,,,
10/27/1984,,,,,,
10/28/1984,,,,,,
10/29/1984,,,,,,
10/30/1984,,,,,,
10/31/1984,,,,,,
11/1/1984,,30,11,0.02,2,16
11/2/1984,,36,17,0.01,0.5,16
11/3/1984,,34,27,0.35,9.3,21
11/4/1984,,33,8,0.04,0.3,20
11/5/1984,,31,3,0,0,19
11/6/1984,,30,,0,0,19
11/7/1984,,44,17,0.28,3,21
11/8/1984,,38,10,0.08,2,22
11/9/1984,,32,10,0.21,3,23
11/10/1984,,32,10,0.09,2,28
11/11/1984,,29,18,0,0,26
11/12/1984,,36,23,,1.5,21
11/13/1984,,43,12,0.04,0,20
11/14/1984,,,22,,6,23
11/15/1984,,30,-1,,2,23
11/16/1984,,30,-5,0,0,23
11/17/1984,,36,-5,0,0,22
11/18/1984,,36,-7,0,0,21
11/19/1984,,38,,0,0,21
11/20/1984,,31,7,0,0,20
11/21/1984,,34,8,0.02,0,20
11/22/1984,,39,-3,0,0,20
11/23/1984,,42,-4,0,0,20
11/24/1984,,44,-4,0.01,0.5,20
11/25/1984,,35,20,0.36,7,25
11/26/1984,,23,-12,0,0.3,24
11/27/1984,,20,-14,0.02,0,23
11/28/1984,,22,-2,0.16,4,26
11/29/1984,,27,12,0.09,2,27
11/30/1984,,25,9,0.02,2,27
12/1/1984,,24,-3,0.07,6.5,30
12/2/1984,,22,-18,0.3,0,28
12/3/1984,,11,-32,0,0,27
12/4/1984,,14,-30,0,0,26
12/5/1984,,11,-26,0,0,26
12/6/1984,,21,-25,0,0,26
12/7/1984,,,,0,0,26
12/8/1984,,37,-16,0,0,25
12/9/1984,,40,-2,0,0,25
12/10/1984,,31,23,0.04,1,25
12/11/1984,,33,21,0.26,6.5,30
12/12/1984,,22,-12,0.11,2,32
12/13/1984,,18,-12,0,0,31
12/14/1984,,20,-24,0,0,30
12/15/1984,,25,,0,0,29
12/16/1984,,22,,,3,30
12/17/1984,,24,-10,,0.8,30
12/18/1984,,12,-21,0,0,30
12/19/1984,,21,,0,0,29
12/20/1984,,24,,0,0,29
12/21/1984,,22,6,,0.8,29
12/22/1984,,17,,,1.5,30
12/23/1984,,22,10,,5,34
12/24/1984,,23,0,,3,35
12/25/1984,,20,0,0,1.5,35
12/26/1984,,22,-8,0,0,33
12/27/1984,,30,,,2.5,34
12/28/1984,,28,19,,10,39
12/29/1984,,21,9,,6,40
12/30/1984,,24,10,0.04,10.5,47
12/31/1984,,22,2,0,2.5,45
1/1/1985,,,,,,
1/2/1985,,,,,,
1/3/1985,,,,,,
1/4/1985,,,,,,
1/5/1985,,,,,,
1/6/1985,,,,,,
1/7/1985,,,,,,
1/8/1985,,,,,,
1/9/1985,,,,,,
1/10/1985,,,,,,
1/11/1985,,,,,,
1/12/1985,,,,,,
1/13/1985,,,,,,
1/14/1985,,,,,,
1/15/1985,,,,,,
1/16/1985,,,,,,
1/17/1985,,,,,,
1/18/1985,,,,,,
1/19/1985,,,,,,
1/20/1985,,,,,,
1/21/1985,,,,,,
1/22/1985,,,,,,
1/23/1985,,,,,,
1/24/1985,,,,,,
1/25/1985,,,,,,
1/26/1985,,,,,,
1/27/1985,,,,,,
1/28/1985,,,,,,
1/29/1985,,,,,,
1/30/1985,,,,,,
1/31/1985,,,,,,
2/1/1985,,1,-43,0,0,35
2/2/1985,,1,,0,0,35
2/3/1985,,3,,,0.5,35
2/4/1985,,7,-43,0,0,35
2/5/1985,,7,,0.02,0.5,36
2/6/1985,,5,-21,0,0,36
2/7/1985,,13,-19,,1.5,37
2/8/1985,,24,10,0.1,11,43
2/9/1985,,26,-15,0.58,19,49
2/10/1985,,20,4,0.66,1,48
2/11/1985,,19,2,,0.3,46
2/12/1985,,24,12,,2,48
2/13/1985,,31,3,0,0,47
2/14/1985,,30,-7,0,0,46
2/15/1985,,37,-1,0,0,45
2/16/1985,,34,-1,0,0,44
2/17/1985,,30,-14,,0,44
2/18/1985,,,-15,0,0,
2/19/1985,,25,-10,0,0,43
2/20/1985,,39,-2,0.08,1.5,44
2/21/1985,,30,-14,,0.8,45
2/22/1985,,27,-12,0,0,44
2/23/1985,,32,-4,0.02,1,44
2/24/1985,,32,6,0,0,43
2/25/1985,,26,-4,0.09,2,45
2/26/1985,,25,-14,0.03,1,45
2/27/1985,,26,-8,0,0,44
2/28/1985,,30,-3,0,0,44
3/1/1985,,30,,,0.5,43
3/2/1985,,30,20,0.35,5,47
3/3/1985,,22,5,,10.5,56
3/4/1985,,13,-29,,1,55
3/5/1985,,18,,0.13,1,56
3/6/1985,,26,6,0.18,3,55
3/7/1985,,29,7,,4,57
3/8/1985,,30,-12,0,0,55
3/9/1985,,32,-12,0,0,53
3/10/1985,,41,,0.02,1,53
3/11/1985,,38,-10,0,0,51
3/12/1985,,43,-8,0,0,51
3/13/1985,,34,-6,0,0,50
3/14/1985,,44,-3,0,0,49
3/15/1985,,49,2,0,0,
3/16/1985,,48,6,0,0,48
3/17/1985,,,,,,
3/18/1985,,46,7,0,0,48
3/19/1985,,45,11,0,0,47
3/20/1985,,46,8,0,0,46
3/21/1985,,42,13,0.02,2,48
3/22/1985,,34,-8,,3.5,50
3/23/1985,,25,7,,2,51
3/24/1985,,33,15,0,0,50
3/25/1985,,45,22,,4,53
3/26/1985,,32,15,0.41,3,55
3/27/1985,,26,16,0.78,16,67
3/28/1985,,24,-11,0.27,3,66
3/29/1985,,32,,0,0,62
3/30/1985,,33,-13,0,0,60
3/31/1985,,,,,0,
4/1/1985,,39,24,0,0,59
4/2/1985,,41,29,0,0,55
4/3/1985,,48,21,0,0,53
4/4/1985,,45,20,,1,52
4/5/1985,,36,17,0,0,53
4/6/1985,,44,10,0,0,51
4/7/1985,,42,11,0,0,50
4/8/1985,,45,20,0,0,50
4/9/1985,,44,21,0,0,50
4/10/1985,,55,17,0,0,48
4/11/1985,,57,25,0,0,45
4/12/1985,,,,0,0,43
4/13/1985,,,,,,
4/14/1985,,,,,,
4/15/1985,,,,,,
4/16/1985,,,,,,
4/17/1985,,62,25,0.04,0,35
4/18/1985,,56,28,0.01,0,33
4/19/1985,,54,26,0,0.5,31
4/20/1985,,37,15,0.21,2,33
4/21/1985,,32,16,0.46,8,36
4/22/1985,,36,,0.75,7.5,41
4/23/1985,,,,,0,
4/24/1985,,,,0,0,40
4/25/1985,,35,15,,0,38
4/26/1985,,40,8,0,0,37
4/27/1985,,50,20,0,0,35
4/28/1985,,55,18,0,0,34
4/29/1985,,60,21,0,0,30
4/30/1985,,64,,0,0,28
5/1/1985,,62,22,0,0,27
5/2/1985,,65,22,0,0,25
5/3/1985,,68,35,0.15,0,
5/4/1985,,55,28,0,0,20
5/5/1985,,45,20,0,0,19
5/6/1985,,47,,0,0,15
5/7/1985,,60,27,0,0,14
5/8/1985,,65,25,0,0,13
5/9/1985,,63,28,0,0,10
5/10/1985,,55,34,0.35,0,
5/11/1985,,42,32,0.35,0,
5/12/1985,,,,0.05,0,
5/13/1985,,,,0,0,
5/14/1985,,50,14,0,0,
5/15/1985,,59,21,0,0,
5/16/1985,,53,27,0,0,
5/17/1985,,53,26,0,0,
5/18/1985,,59,31,0.05,,
5/19/1985,,62,25,0,0,
5/20/1985,,68,29,0,0,
5/21/1985,,68,28,0,0,
5/22/1985,,72,28,0,0,
5/23/1985,,72,30,0,0,
5/24/1985,,73,31,0,0,
5/25/1985,,72,36,0.27,0,
5/26/1985,,64,38,0.22,0,
5/27/1985,,62,33,0.23,0,
5/28/1985,,61,38,0.22,0,
5/29/1985,,55,31,0.16,0,
5/30/1985,,55,21,0.01,0.8,1
5/31/1985,,41,26,0.15,0,0
6/1/1985,,59,28,0,0,0
6/2/1985,,58,34,0.14,0,0
6/3/1985,,54,25,0,0,0
6/4/1985,,62,34,0,0,0
6/5/1985,,61,40,0.01,0,0
6/6/1985,,,,0,0,0
6/7/1985,,61,31,0,0,0
6/8/1985,,,,1.2,0,0
6/9/1985,,62,28,0,0,0
6/10/1985,,63,36,0,0,0
6/11/1985,,61,27,0,0,0
6/12/1985,,66,28,0,0,0
6/13/1985,,69,36,0,0,0
6/14/1985,,,,0,0,0
6/15/1985,,75,32,0,0,0
6/16/1985,,71,37,0,0,0
6/17/1985,,76,29,0,0,0
6/18/1985,,74,28,0,0,0
6/19/1985,,78,32,0,0,0
6/20/1985,,79,47,0,0,0
6/21/1985,,72,32,0.08,0,0
6/22/1985,,64,32,0,0,0
6/23/1985,,71,42,0,0,0
6/24/1985,,75,47,0.19,0,0
6/25/1985,,56,32,0.23,0,0
6/26/1985,,37,29,0.71,0,0
6/27/1985,,53,28,0.01,0,0
6/28/1985,,65,30,0,0,0
6/29/1985,,75,36,0,0,0
6/30/1985,,71,32,0,0,0
7/1/1985,,72,34,0,0,0
7/2/1985,,73,33,0,0,0
7/3/1985,,81,40,0,0,0
7/4/1985,,80,38,0,0,0
7/5/1985,,83,38,0,0,0
7/6/1985,,82,41,0,0,0
7/7/1985,,84,52,0,0,0
7/8/1985,,80,42,0,0,0
7/9/1985,,82,40,0,0,0
7/10/1985,,83,41,0,0,0
7/11/1985,,85,49,0.01,0,0
7/12/1985,,73,43,0.04,0,0
7/13/1985,,67,33,0.07,0,0
7/14/1985,,73,42,0.36,0,0
7/15/1985,,78,38,0,0,0
7/16/1985,,81,38,0,0,0
7/17/1985,,78,45,0.16,0,0
7/18/1985,,69,41,0.14,0,0
7/19/1985,,73,39,0.31,0,0
7/20/1985,,75,39,0,0,0
7/21/1985,,78,36,0,0,0
7/22/1985,,81,39,0,0,0
7/23/1985,,79,49,0.95,0,0
7/24/1985,,57,37,0.04,0,0
7/25/1985,,68,35,0,0,0
7/26/1985,,74,34,0,0,0
7/27/1985,,78,34,0,0,0
7/28/1985,,78,38,0,0,0
7/29/1985,,77,46,0.19,0,0
7/30/1985,,60,46,0.62,0,0
7/31/1985,,60,40,0.6,0,0
8/1/1985,,70,39,0,0,0
8/2/1985,,75,38,0,0,0
8/3/1985,,54,39,0.46,0,0
8/4/1985,,62,32,0,0,0
8/5/1985,,71,36,0,0,0
8/6/1985,,73,33,0.04,0,0
8/7/1985,,72,34,0,0,0
8/8/1985,,78,51,0,0,0
8/9/1985,,60,28,0,0,0
8/10/1985,,59,28,0,0,0
8/11/1985,,69,39,0.08,0,0
8/12/1985,,53,34,0.02,0,0
8/13/1985,,58,35,0.06,0,0
8/14/1985,,59,25,0,0,0
8/15/1985,,63,34,0,0,0
8/16/1985,,68,29,0,0,0
8/17/1985,,60,27,0,0,0
8/18/1985,,71,30,0,0,0
8/19/1985,,73,38,0,0,0
8/20/1985,,70,32,0,0,0
8/21/1985,,73,33,0,0,0
8/22/1985,,68,37,0,0,0
8/23/1985,,62,25,0,0,0
8/24/1985,,72,27,0,0,0
8/25/1985,,79,28,0,0,0
8/26/1985,,86,34,0,0,0
8/27/1985,,84,41,0,0,0
8/28/1985,,76,35,0,0,0
8/29/1985,,,,0,0,0
8/30/1985,,76,35,0,0,0
8/31/1985,,75,46,0.33,0,0
9/1/1985,,75,29,0,0,0
9/2/1985,,65,42,0.26,0,0
9/3/1985,,57,30,0.18,0,0
9/4/1985,,,28,0,0,0
9/5/1985,,,,0,0,0
9/6/1985,,,,0,0,0
9/7/1985,,69,35,0,0,0
9/8/1985,,65,29,0,0,0
9/9/1985,,,40,0.73,0,0
9/10/1985,,58,35,0.06,0,0
9/11/1985,,66,27,0,0,0
9/12/1985,,62,32,0.89,1,
9/13/1985,,42,26,1.15,,
9/14/1985,,52,27,0,0,
9/15/1985,,65,31,0,0,0
9/16/1985,,,,,0,0
9/17/1985,,,,,0,0
9/18/1985,,55,33,,0,0
9/19/1985,,,30,0.41,0,0
9/20/1985,,44,24,0.43,0,0
9/21/1985,,56,28,0.05,0.3,
9/22/1985,,46,25,0,0,0
9/23/1985,,41,19,0,0,0
9/24/1985,,43,,0,0,0
9/25/1985,,42,28,0,0,0
9/26/1985,,,,0,0,0
9/27/1985,,,,0,0,0
9/28/1985,,54,11,0,0,0
9/29/1985,,33,2,0,0,0
9/30/1985,,40,3,0,0,0
10/1/1985,,53,14,,,
10/2/1985,,50,,,,
10/3/1985,,51,38,,,
10/4/1985,,48,11,,,
10/5/1985,,52,19,,,
10/6/1985,,55,33,,,
10/7/1985,,56,33,,,
10/8/1985,,36,14,,,
10/9/1985,,35,9,,,
10/10/1985,,43,-2,,,
10/11/1985,,47,5,,,
10/12/1985,,45,23,,,
10/13/1985,,35,-2,,,8
10/14/1985,,42,10,,,8
10/15/1985,,42,20,,,8
10/16/1985,,,,0,0,
10/17/1985,,,,0,0,
10/18/1985,,52,15,0,0,
10/19/1985,,56,15,0,0,
10/20/1985,,,,,,
10/21/1985,,,,,,
10/22/1985,,,,,,
10/23/1985,,32,20,,10,10
10/24/1985,,35,,0.1,0,8
10/25/1985,,42,28,0,0,5
10/26/1985,,51,30,0,0,2
10/27/1985,,50,26,0,0,0
10/28/1985,,57,18,0,0,0
10/29/1985,,51,18,0,0,0
10/30/1985,,51,18,0,0,0
10/31/1985,,50,20,0,0,0
11/1/1985,,33,20,0.02,1.5,2
11/2/1985,,42,22,0.08,1,1
11/3/1985,,47,31,0,0,0
11/4/1985,,52,23,0,0,0
11/5/1985,,30,23,0.44,2,2
11/6/1985,,31,19,0.04,1,2
11/7/1985,,33,20,0.04,1,2
11/8/1985,,30,23,0.72,10,11
11/9/1985,,25,2,0.33,4.3,15
11/10/1985,,23,-2,0.16,3,16
11/11/1985,,31,,0.27,4.5,17
11/12/1985,,31,9,0.06,1.3,16
11/13/1985,,28,11,0,0,15
11/14/1985,,37,12,0,0,13
11/15/1985,,28,9,0,0,12
11/16/1985,,26,0,0,0,12
11/17/1985,,29,11,0.03,1,12
11/18/1985,,20,11,0,0,12
11/19/1985,,,-10,0,0,12
11/20/1985,,14,-7,0.03,0.8,12
11/21/1985,,13,2,0.1,1.5,13
11/22/1985,,11,-12,0.03,0.5,13
11/23/1985,,11,-10,0.06,1,14
11/24/1985,,25,,0.03,0.8,14
11/25/1985,,24,,0.67,15,28
11/26/1985,,,3,0.05,1,26
11/27/1985,,20,,0,0,23
11/28/1985,,25,5,0,0,22
11/29/1985,,23,12,0.34,5.5,26
11/30/1985,,,-9,0.62,12,33
12/1/1985,,18,,0.07,1.5,31
12/2/1985,,30,2,0.08,2,31
12/3/1985,,29,15,0.47,4,33
12/4/1985,,27,0,0.51,4,33
12/5/1985,,29,-3,0,0,32
12/6/1985,,35,,0,0,30
12/7/1985,,30,,0.38,3,32
12/8/1985,,30,16,0,0,29
12/9/1985,,28,4,0,0,29
12/10/1985,,12,-20,0,0,28
12/11/1985,,12,-33,0,0,28
12/12/1985,,9,-31,0.05,1,28
12/13/1985,,15,-15,0.06,2,30
12/14/1985,,20,-2,0.02,0.5,30
12/15/1985,,22,8,,1,30
12/16/1985,,24,-4,0,0,28
12/17/1985,,25,9,0,0,28
12/18/1985,,27,15,0,0,28
12/19/1985,,35,13,0.01,0,26
12/20/1985,,33,10,0,0,26
12/21/1985,,34,-4,0,0,26
12/22/1985,,27,-6,0,0,26
12/23/1985,,32,,0,0,26
12/24/1985,,,2,0,0,26
12/25/1985,,30,-8,0,0,26
12/26/1985,,32,,0,0,25
12/27/1985,,31,4,0,0,25
12/28/1985,,25,-2,0,0,25
12/29/1985,,28,-4,0,0,25
12/30/1985,,22,,0,0,25
12/31/1985,,25,-2,0,0,25
1/1/1986,,24,,,1.5,26
1/2/1986,,28,10,0.02,3.5,30
1/3/1986,,25,10,0.43,6,35
1/4/1986,,24,-18,0,0,33
1/5/1986,,23,-19,0,0,32
1/6/1986,,26,-2,0.18,3,34
1/7/1986,,27,-8,0,0,34
1/8/1986,,25,-8,0,0,31
1/9/1986,,31,,0,0,31
1/10/1986,,30,3,0,0,31
1/11/1986,,41,9,0,0,30
1/12/1986,,40,-3,0,0,30
1/13/1986,,37,-5,0,0,30
1/14/1986,,43,-8,0,0,30
1/15/1986,,37,-8,0,0,29
1/16/1986,,31,-1,0.15,2.5,32
1/17/1986,,34,25,0.52,3.5,34
1/18/1986,,32,18,0,0,33
1/19/1986,,37,,0,0,33
1/20/1986,,46,,,4,36
1/21/1986,,31,8,,3,39
1/22/1986,,24,-7,0.05,0,37
1/23/1986,,26,-3,0.06,2.5,38
1/24/1986,,28,3,0.1,2.5,40
1/25/1986,,23,-14,0,0,39
1/26/1986,,31,-12,0,0,38
1/27/1986,,38,-10,0,0,37
1/28/1986,,41,,0,0,36
1/29/1986,,30,26,0.04,0.5,35
1/30/1986,,39,22,0.06,1.3,36
1/31/1986,,39,27,0.03,0.3,36
2/1/1986,,38,28,0.06,1.5,37
2/2/1986,,39,24,0.07,0.3,37
2/3/1986,,36,24,0.06,5,40
2/4/1986,,32,13,0.02,1,40
2/5/1986,,30,6,0.03,0,38
2/6/1986,,28,-7,0.03,0.5,38
2/7/1986,,23,-17,0,0,38
2/8/1986,,19,-29,0,0,38
2/9/1986,,17,-28,0,0,38
2/10/1986,,17,-28,,0.2,38
2/11/1986,,11,-29,0.01,0.5,39
2/12/1986,,23,-27,0,0,38
2/13/1986,,23,5,0.21,12.5,50
2/14/1986,,28,10,0.08,6.5,54
2/15/1986,,32,,0.12,9,60
2/16/1986,,33,28,0.08,8,62
2/17/1986,,32,28,0.08,4,60
2/18/1986,,33,27,0.77,5.8,67
2/19/1986,,34,27,0.7,6,69
2/20/1986,,33,16,0.51,5.5,73
2/21/1986,,32,18,0.19,2.3,73
2/22/1986,,30,20,0.45,9.5,77
2/23/1986,,32,26,0.05,1,75
2/24/1986,,35,30,0.2,2,70
2/25/1986,,39,32,0,0,70
2/26/1986,,46,33,0,0,60
2/27/1986,,43,9,0,0,58
2/28/1986,,50,7,0,0,58
3/1/1986,,50,8,0,0,57
3/2/1986,,,,0,0,
3/3/1986,,50,8,0,0,56
3/4/1986,,53,,0,0,55
3/5/1986,,44,12,0,0,55
3/6/1986,,44,13,0,0,55
3/7/1986,,44,31,0.01,0,55
3/8/1986,,39,31,0.4,4.5,58
3/9/1986,,38,24,0.44,0.5,55
3/10/1986,,36,18,0.12,4,58
3/11/1986,,34,23,0.15,3,61
3/12/1986,,37,24,0.09,4.5,64
3/13/1986,,36,12,,0.3,61
3/14/1986,,34,2,0.04,1,60
3/15/1986,,36,3,0,0,59
3/16/1986,,34,-3,0,0,59
3/17/1986,,40,7,0,0,59
3/18/1986,,34,-3,0,0,59
3/19/1986,,35,6,0,0,58
3/20/1986,,38,7,0,0,58
3/21/1986,,45,10,0,0,56
3/22/1986,,46,,0,0,55
3/23/1986,,44,18,0,0,53
3/24/1986,,48,26,0,0,52
3/25/1986,,43,11,,3,54
3/26/1986,,36,14,0.36,0,54
3/27/1986,,45,18,0,0,52
3/28/1986,,54,21,0,0,52
3/29/1986,,54,24,0,0,50
3/30/1986,,55,28,0,0,47
3/31/1986,,54,20,,0.3,47
4/1/1986,,45,10,0.09,0,44
4/2/1986,,47,22,0.06,3,47
4/3/1986,,37,12,0,0,47
4/4/1986,,50,16,0,0,42
4/5/1986,,44,14,0,0,42
4/6/1986,,50,20,0,0,41
4/7/1986,,55,18,0,0,40
4/8/1986,,58,18,0.08,2,38
4/9/1986,,58,28,0.01,0,37
4/10/1986,,47,30,0.16,0,35
4/11/1986,,44,27,0.25,2,35
4/12/1986,,46,28,0.18,2,37
4/13/1986,,40,13,0.66,9,46
4/14/1986,,29,-4,0,0,44
4/15/1986,,42,,0,0,42
4/16/1986,,50,25,0.19,1.5,38
4/17/1986,,40,24,0.1,1,38
4/18/1986,,40,10,0,0,38
4/19/1986,,40,16,0,0,38
4/20/1986,,44,28,0,0,37
4/21/1986,,55,28,0,0,35
4/22/1986,,62,28,0.13,0,34
4/23/1986,,60,29,0,0,30
4/24/1986,,45,23,0,0,29
4/25/1986,,40,29,0,0,28
4/26/1986,,40,23,0.36,2,30
4/27/1986,,42,23,0,0,30
4/28/1986,,36,27,0.42,5,34
4/29/1986,,43,25,0.55,5,35
4/30/1986,,37,19,0.56,6,37
5/1/1986,,49,11,0,0,33
5/2/1986,,62,19,0,0,29
5/3/1986,,66,26,0,0,25
5/4/1986,,66,25,0,0,24
5/5/1986,,56,20,0.2,1,24
5/6/1986,,41,19,0,0,24
5/7/1986,,40,,0.31,1.5,27
5/8/1986,,37,26,0.25,2.5,29
5/9/1986,,35,20,0.3,2,30
5/10/1986,,45,26,0.32,4,32
5/11/1986,,38,25,0.9,10,38
5/12/1986,,36,15,,3,35
5/13/1986,,41,23,0.15,2,35
5/14/1986,,41,18,0.41,1,33
5/15/1986,,38,19,0.02,1,30
5/16/1986,,40,19,0.08,1,30
5/17/1986,,50,19,0,0,28
5/18/1986,,53,25,0,0,26
5/19/1986,,58,28,0,0,24
5/20/1986,,60,28,0,0,23
5/21/1986,,70,26,0,0,21
5/22/1986,,55,22,0.05,1,20
5/23/1986,,38,15,0.08,1,20
5/24/1986,,50,,0,0,18
5/25/1986,,62,21,0,0,16
5/26/1986,,70,28,0,0,13
5/27/1986,,75,32,0,0,10
5/28/1986,,75,28,0,0,
5/29/1986,,79,28,0,0,
5/30/1986,,78,27,0,0,
5/31/1986,,78,28,0,0,
6/1/1986,,78,34,0.52,,0
6/2/1986,,76,36,0,,
6/3/1986,,70,40,0.02,,
6/4/1986,,73,39,0,,
6/5/1986,,73,40,0,,
6/6/1986,,70,40,0.48,,
6/7/1986,,65,38,0.44,,
6/8/1986,,67,40,0.04,,
6/9/1986,,55,32,1.03,2,0
6/10/1986,,53,30,,,
6/11/1986,,67,34,,,
6/12/1986,,,,,,
6/13/1986,,71,34,,,
6/14/1986,,69,35,0.31,,
6/15/1986,,61,33,0,,
6/16/1986,,77,36,0,,
6/17/1986,,80,35,,,
6/18/1986,,81,35,0.4,,
6/19/1986,,67,31,0,,
6/20/1986,,62,32,0,,
6/21/1986,,62,27,,,
6/22/1986,,70,31,,,
6/23/1986,,72,33,,,
6/24/1986,,80,39,,,
6/25/1986,,,36,0.35,,
6/26/1986,,76,40,,,
6/27/1986,,80,38,,,
6/28/1986,,,44,0.2,,
6/29/1986,,70,32,,,
6/30/1986,,68,32,,,
7/1/1986,,75,35,0,0,0
7/2/1986,,82,42,0,0,0
7/3/1986,,86,54,0,0,0
7/4/1986,,72,32,0,0,0
7/5/1986,,55,21,0,0,0
7/6/1986,,68,42,0.07,0,0
7/7/1986,,66,32,0.01,0,0
7/8/1986,,69,43,0.15,0,0
7/9/1986,,60,39,0.6,0,0
7/10/1986,,64,43,0.11,0,0
7/11/1986,,58,29,0.03,0,0
7/12/1986,,,34,0,0,0
7/13/1986,,72,40,0,0,0
7/14/1986,,76,40,0.06,0,0
7/15/1986,,73,41,0,0,0
7/16/1986,,58,29,0.43,0,0
7/17/1986,,69,29,0,0,0
7/18/1986,,75,38,0,0,0
7/19/1986,,75,38,0,0,0
7/20/1986,,76,41,0,0,0
7/21/1986,,85,42,0.35,0,0
7/22/1986,,,,,0,0
7/23/1986,,69,41,,0,0
7/24/1986,,68,42,0.02,0,0
7/25/1986,,64,44,0.86,0,0
7/26/1986,,58,36,0.1,0,0
7/27/1986,,,,0,0,0
7/28/1986,,71,34,0,0,0
7/29/1986,,68,42,0,0,0
7/30/1986,,65,39,0.23,0,0
7/31/1986,,70,33,0,0,0
8/1/1986,,74,35,0,0,0
8/2/1986,,78,42,0,0,0
8/3/1986,,79,44,0.01,0,0
8/4/1986,,76,37,0,0,0
8/5/1986,,76,32,0,0,0
8/6/1986,,86,35,0,0,0
8/7/1986,,79,37,0,0,0
8/8/1986,,,35,0,0,0
8/9/1986,,77,34,0,0,0
8/10/1986,,78,43,0.06,0,0
8/11/1986,,74,38,0.15,0,0
8/12/1986,,74,31,0.02,0,0
8/13/1986,,67,30,0.03,0,0
8/14/1986,,72,36,0,0,0
8/15/1986,,76,36,0,0,0
8/16/1986,,79,40,0.02,0,0
8/17/1986,,80,38,0,0,0
8/18/1986,,83,38,0,0,0
8/19/1986,,73,41,0.11,0,0
8/20/1986,,73,,0.21,0,0
8/21/1986,,56,32,0.68,0,0
8/22/1986,,68,31,0,0,0
8/23/1986,,63,35,0.19,0,0
8/24/1986,,74,42,0.12,0,0
8/25/1986,,67,36,0.31,0,0
8/26/1986,,68,36,0.01,0,0
8/27/1986,,75,34,0,0,0
8/28/1986,,77,35,0,0,0
8/29/1986,,80,44,0,0,0
8/30/1986,,78,36,0.04,0,0
8/31/1986,,70,36,0.12,0,0
9/1/1986,,60,31,0.2,0,0
9/2/1986,,53,31,0.01,0,0
9/3/1986,,61,28,0,0,0
9/4/1986,,66,30,0,0,0
9/5/1986,,69,32,0,0,0
9/6/1986,,84,33,0,0,0
9/7/1986,,63,28,0,0,0
9/8/1986,,68,30,0,0,0
9/9/1986,,68,35,0.02,0,0
9/10/1986,,52,31,0.02,0,0
9/11/1986,,51,31,0,0,0
9/12/1986,,58,28,0,0,0
9/13/1986,,65,33,0,0,0
9/14/1986,,63,36,0.06,0,0
9/15/1986,,62,34,0.02,0,0
9/16/1986,,62,27,0.02,0,0
9/17/1986,,57,28,0.4,0,0
9/18/1986,,56,32,0,0,0
9/19/1986,,41,24,0.03,0,0
9/20/1986,,46,20,,0.5,0
9/21/1986,,46,18,0,0,0
9/22/1986,,50,17,0,0,0
9/23/1986,,54,14,0,0,0
9/24/1986,,56,,0.09,0,0
9/25/1986,,42,30,,0.5,
9/26/1986,,39,29,,0.8,
9/27/1986,,38,21,0.16,0.5,
9/28/1986,,,,0,0,1
9/29/1986,,,,0,0,1
9/30/1986,,37,26,0.05,0.5,
10/1/1986,,39,26,0.14,0,0
10/2/1986,,43,30,0.05,0,0
10/3/1986,,40,20,0,0,0
10/4/1986,,47,21,0,0,0
10/5/1986,,42,28,0,0,0
10/6/1986,,57,19,0,0,0
10/7/1986,,60,25,0,0,0
10/8/1986,,59,25,0,0,0
10/9/1986,,56,21,0,0,0
10/10/1986,,58,25,0,0,0
10/11/1986,,35,10,0.01,0,0
10/12/1986,,43,7,0,0,0
10/13/1986,,53,10,0,0,0
10/14/1986,,48,15,0,0,0
10/15/1986,,53,15,0,0,0
10/16/1986,,61,15,0,0,0
10/17/1986,,60,15,0,0,0
10/18/1986,,58,18,0,0,0
10/19/1986,,51,23,0,0,0
10/20/1986,,55,24,0,0,0
10/21/1986,,53,32,0,0,0
10/22/1986,,54,18,0,0,0
10/23/1986,,59,17,0,0,0
10/24/1986,,58,18,0,0,0
10/25/1986,,56,20,0,0,0
10/26/1986,,58,20,0,0,0
10/27/1986,,56,23,0,0,0
10/28/1986,,51,18,0,0,0
10/29/1986,,47,21,0,0,0
10/30/1986,,49,24,0.12,0,0
10/31/1986,,38,12,0.08,3,3
11/1/1986,,42,7,0,0,3
11/2/1986,,42,7,0,0,2
11/3/1986,,42,12,0,0,2
11/4/1986,,49,15,0,0,2
11/5/1986,,46,,0,0,1
11/6/1986,,40,24,0.48,3,3
11/7/1986,,27,-4,0.33,6,9
11/8/1986,,21,-4,0.01,0,7
11/9/1986,,21,7,0.05,0,7
11/10/1986,,20,-32,0.07,3,7
11/11/1986,,17,-24,0.06,3,8
11/12/1986,,23,-19,0.18,4,10
11/13/1986,,31,,0,0,8
11/14/1986,,36,,0,0,7
11/15/1986,,38,,0,0,7
11/16/1986,,34,23,0.34,2,6
11/17/1986,,28,24,0.36,4,10
11/18/1986,,31,3,0.09,1,10
11/19/1986,,42,,0.08,1,10
11/20/1986,,32,18,0,0,10
11/21/1986,,38,24,0.27,4,12
11/22/1986,,35,2,0.28,4,16
11/23/1986,,27,6,0,0,15
11/24/1986,,27,17,0.05,1,14
11/25/1986,,39,0,0,0,14
11/26/1986,,35,-8,0,0,14
11/27/1986,,32,,0,0,13
11/28/1986,,35,31,0,0,12
11/29/1986,,39,23,0,0,12
11/30/1986,,36,-7,0.04,1,12
12/1/1986,,36,,0,0,11
12/2/1986,,32,-2,0,0,11
12/3/1986,,33,-8,0,0,11
12/4/1986,,34,-5,0,0,10
12/5/1986,,38,,0,0,11
12/6/1986,,39,24,,1,12
12/7/1986,,35,9,0,0,12
12/8/1986,,37,5,0.05,0,12
12/9/1986,,25,-26,,1,12
12/10/1986,,14,,0,0,12
12/11/1986,,23,-17,0,0,12
12/12/1986,,29,-17,0,0,12
12/13/1986,,29,-12,0,0,12
12/14/1986,,26,5,0,0,12
12/15/1986,,34,4,0.06,2,13
12/16/1986,,38,5,0,0,13
12/17/1986,,35,-15,0,0,13
12/18/1986,,33,-15,0,0,12
12/19/1986,,36,-15,0,0,12
12/20/1986,,28,0,0.02,1,13
12/21/1986,,33,-12,0,0,13
12/22/1986,,28,,0,0,13
12/23/1986,,34,,0,0,13
12/24/1986,,30,2,0,0,13
12/25/1986,,27,7,0,0,12
12/26/1986,,26,-4,0,0,12
12/27/1986,,20,-12,0,0,12
12/28/1986,,32,-18,0,0,12
12/29/1986,,30,-16,0,0,12
12/30/1986,,34,-14,0,0,13
12/31/1986,,25,-10,0,0,13
1/1/1987,,27,-13,0,0,13
1/2/1987,,28,,0.1,5,16
1/3/1987,,31,2,0,0,15
1/4/1987,,34,14,0.09,4,17
1/5/1987,,32,20,0.49,6,21
1/6/1987,,26,11,0.08,1,22
1/7/1987,,24,-10,0.07,1,20
1/8/1987,,24,-20,0,0,20
1/9/1987,,25,-24,0,0,20
1/10/1987,,18,,0,0,20
1/11/1987,,24,,0,0,19
1/12/1987,,34,-1,0,0,19
1/13/1987,,42,,0,0,19
1/14/1987,,27,-16,0.04,1.3,20
1/15/1987,,15,,0.07,2,20
1/16/1987,,14,-30,0,0,20
1/17/1987,,23,,0,0,20
1/18/1987,,25,,0,0,20
1/19/1987,,19,-12,0,0,20
1/20/1987,,17,-25,0,0,19
1/21/1987,,13,,0,0,19
1/22/1987,,25,-10,0,0,19
1/23/1987,,27,,0,0,19
1/24/1987,,35,,0,0,19
1/25/1987,,27,17,0.12,3,22
1/26/1987,,31,14,0.03,1,21
1/27/1987,,33,28,0,0,21
1/28/1987,,43,23,0.13,2.5,22
1/29/1987,,35,10,0.22,4,26
1/30/1987,,31,-9,0,0,25
1/31/1987,,35,,0.28,5,27
2/1/1987,,29,20,0.03,1,28
2/2/1987,,36,24,0.05,1.3,26
2/3/1987,,34,23,0.11,3,27
2/4/1987,,33,1,0.08,1.8,28
2/5/1987,,35,-5,0,0,27
2/6/1987,,43,-3,0,0,27
2/7/1987,,52,,0,0,25
2/8/1987,,49,-3,0,0,25
2/9/1987,,52,,0,0,25
2/10/1987,,43,9,0,0,25
2/11/1987,,44,8,0,0,25
2/12/1987,,48,10,0,0,24
2/13/1987,,46,10,0.01,0.5,24
2/14/1987,,37,25,0.28,2.8,27
2/15/1987,,33,8,0,0,26
2/16/1987,,34,-2,0,0,25
2/17/1987,,35,-4,0,0,25
2/18/1987,,32,0,0,0,25
2/19/1987,,29,-10,0.18,2,27
2/20/1987,,27,-20,0,0,27
2/21/1987,,35,,0,0,26
2/22/1987,,40,6,0,0,26
2/23/1987,,26,12,0.08,0.8,27
2/24/1987,,28,6,0,0,26
2/25/1987,,30,0,0.14,1,27
2/26/1987,,27,-18,0,0,27
2/27/1987,,36,-21,0,0,27
2/28/1987,,34,,0.08,1,27
3/1/1987,,32,7,0.03,3,30
3/2/1987,,33,11,0,0,30
3/3/1987,,42,,0,0,27
3/4/1987,,47,13,0,0,27
3/5/1987,,54,13,0,0,25
3/6/1987,,54,,0,0,25
3/7/1987,,46,,0.11,0,24
3/8/1987,,45,25,0.72,8,31
3/9/1987,,35,25,0.85,6,35
3/10/1987,,38,15,0,0,30
3/11/1987,,40,20,0.04,0,30
3/12/1987,,42,18,0,0,28
3/13/1987,,38,21,0.05,1,28
3/14/1987,,46,23,0.04,0.5,26
3/15/1987,,35,4,0,0,26
3/16/1987,,46,,0,0,25
3/17/1987,,40,16,0,0,25
3/18/1987,,41,22,0.13,2.5,28
3/19/1987,,36,11,0.14,2.5,30
3/20/1987,,32,-5,0,0,28
3/21/1987,,35,1,0,0,27
3/22/1987,,34,-1,0,0,27
3/23/1987,,34,-5,0,0,27
3/24/1987,,36,2,0,0,27
3/25/1987,,31,-2,0,0,27
3/26/1987,,45,,0,0,26
3/27/1987,,35,5,0,0,26
3/28/1987,,35,5,0,0,26
3/29/1987,,24,-22,0,0,26
3/30/1987,,34,,0,0,26
3/31/1987,,43,,0,0,25
4/1/1987,,49,13,0,0,25
4/2/1987,,44,1,0,0,24
4/3/1987,,54,4,0,0,23
4/4/1987,,58,11,0,0,20
4/5/1987,,62,18,0,0,19
4/6/1987,,57,,0,0,17
4/7/1987,,55,21,0,0,15
4/8/1987,,53,21,0,0,15
4/9/1987,,44,9,0.22,1,16
4/10/1987,,37,13,0,0,16
4/11/1987,,46,26,0.45,4.3,19
4/12/1987,,35,4,0.3,5.5,22
4/13/1987,,,,0,0,
4/14/1987,,,,0,0,
4/15/1987,,,,0,0,
4/16/1987,,56,26,0,0,12
4/17/1987,,58,26,0,0,10
4/18/1987,,61,24,0,0,5
4/19/1987,,56,25,0.01,0.5,4
4/20/1987,,36,12,0,0,4
4/21/1987,,50,18,0,0,2
4/22/1987,,56,20,0,0,0
4/23/1987,,62,20,0,0,0
4/24/1987,,65,22,0,0,0
4/25/1987,,68,24,0,0,0
4/26/1987,,70,25,0,0,0
4/27/1987,,70,26,0,0,0
4/28/1987,,72,27,0,0,0
4/29/1987,,71,29,0,0,0
4/30/1987,,71,28,0,0,0
5/1/1987,,66,28,0.28,0,0
5/2/1987,,55,30,0.09,0,0
5/3/1987,,45,22,0.15,0.5,0
5/4/1987,,55,23,0,0,0
5/5/1987,,68,25,0,0,0
5/6/1987,,69,25,0,0,0
5/7/1987,,70,26,0,0,0
5/8/1987,,73,28,0,0,0
5/9/1987,,72,32,0.01,0,0
5/10/1987,,68,33,0,0,0
5/11/1987,,67,32,0,0,0
5/12/1987,,68,32,0,0,0
5/13/1987,,69,42,0,0,0
5/14/1987,,75,24,0,0,0
5/15/1987,,,,0,0,0
5/16/1987,,75,45,0.06,0,0
5/17/1987,,58,40,0.12,0,0
5/18/1987,,52,40,0.52,0,0
5/19/1987,,48,37,0.33,0,0
5/20/1987,,48,35,0.42,0,0
5/21/1987,,46,35,0.17,0,0
5/22/1987,,53,24,0.01,0,0
5/23/1987,,52,32,0,0,0
5/24/1987,,60,27,0,0,0
5/25/1987,,49,29,0.15,0,0
5/26/1987,,57,30,0.24,0,0
5/27/1987,,53,32,0.38,0,0
5/28/1987,,41,31,0.32,0,0
5/29/1987,,50,36,0.03,0,0
5/30/1987,,58,29,0,0,0
5/31/1987,,60,44,0.01,0,0
6/1/1987,,57,27,0.24,0,0
6/2/1987,,44,22,0.02,0,0
6/3/1987,,53,21,0,0,0
6/4/1987,,74,26,0,0,0
6/5/1987,,76,40,0.26,0,0
6/6/1987,,,,0,0,0
6/7/1987,,63,42,0.2,0,0
6/8/1987,,78,39,0,0,0
6/9/1987,,63,45,0,0,0
6/10/1987,,61,35,0.2,0,0
6/11/1987,,66,35,0,0,0
6/12/1987,,,,0,0,0
6/13/1987,,84,37,0,0,0
6/14/1987,,77,37,0,0,0
6/15/1987,,81,40,0,0,0
6/16/1987,,76,41,0,0,0
6/17/1987,,61,28,0,0,0
6/18/1987,,70,33,0.01,0,0
6/19/1987,,,32,0,0,0
6/20/1987,,59,30,0.05,0,0
6/21/1987,,67,33,0,0,0
6/22/1987,,72,41,0.05,0,0
6/23/1987,,54,27,0.06,0,0
6/24/1987,,60,30,0.07,0,0
6/25/1987,,66,27,0,0,0
6/26/1987,,72,29,0,0,0
6/27/1987,,78,35,0,0,0
6/28/1987,,78,39,0,0,0
6/29/1987,,74,34,0,0,0
6/30/1987,,72,41,0,0,0
7/1/1987,,72,38,0,0,0
7/2/1987,,76,44,0,0,0
7/3/1987,,77,40,0.05,0,0
7/4/1987,,70,34,0,0,0
7/5/1987,,72,37,0,0,0
7/6/1987,,70,37,0,0,0
7/7/1987,,66,29,0,0,0
7/8/1987,,68,37,0,0,0
7/9/1987,,69,42,0.04,0,0
7/10/1987,,67,43,0.15,0,0
7/11/1987,,52,35,0.6,0,0
7/12/1987,,52,32,0.06,0,0
7/13/1987,,65,32,0,0,0
7/14/1987,,69,32,0,0,0
7/15/1987,,76,36,0,0,0
7/16/1987,,80,50,0,0,0
7/17/1987,,71,45,0.51,0,0
7/18/1987,,58,39,0.9,0,0
7/19/1987,,51,27,0.15,0,0
7/20/1987,,62,29,0.01,0,0
7/21/1987,,79,44,0.09,0,0
7/22/1987,,63,35,0.5,0,0
7/23/1987,,65,32,0,0,0
7/24/1987,,74,33,0,0,0
7/25/1987,,79,32,0,0,0
7/26/1987,,80,43,0,0,0
7/27/1987,,82,48,0,0,0
7/28/1987,,80,43,0,0,0
7/29/1987,,71,47,0.03,0,0
7/30/1987,,76,43,0.04,0,0
7/31/1987,,88,43,,,
8/1/1987,,77,36,0,0,0
8/2/1987,,73,36,0,0,0
8/3/1987,,75,30,0,0,0
8/4/1987,,75,29,0,0,0
8/5/1987,,78,37,0,0,0
8/6/1987,,77,34,0.03,0,0
8/7/1987,,73,39,0,0,0
8/8/1987,,74,29,0.21,0,0
8/9/1987,,75,32,0,0,0
8/10/1987,,77,37,0,0,0
8/11/1987,,76,37,0.04,0,0
8/12/1987,,73,31,0,0,0
8/13/1987,,68,40,0,0,0
8/14/1987,,66,40,0.07,0,0
8/15/1987,,58,42,0.02,0,0
8/16/1987,,55,32,0.42,0,0
8/17/1987,,67,26,0,0,0
8/18/1987,,62,25,0,0,0
8/19/1987,,68,26,0,0,0
8/20/1987,,72,45,0,0,0
8/21/1987,,76,38,0,0,0
8/22/1987,,68,32,0,0,0
8/23/1987,,72,38,0.08,0,0
8/24/1987,,75,40,0.26,0,0
8/25/1987,,60,37,0.01,0,0
8/26/1987,,59,29,0,0,0
8/27/1987,,59,23,0,0,0
8/28/1987,,66,31,0,0,0
8/29/1987,,70,28,0,0,0
8/30/1987,,75,28,0,0,0
8/31/1987,,74,32,0,0,0
9/1/1987,,77,31,0,0,0
9/2/1987,,,35,0,0,0
9/3/1987,,77,51,0,0,0
9/4/1987,,63,28,0,0,0
9/5/1987,,51,30,0.32,0,0
9/6/1987,,63,26,0,0,0
9/7/1987,,,32,0,0,0
9/8/1987,,62,32,0,0,0
9/9/1987,,,39,0,0,0
9/10/1987,,70,26,0,0,0
9/11/1987,,68,25,0,0,0
9/12/1987,,69,23,0,0,0
9/13/1987,,73,27,0,0,0
9/14/1987,,74,26,0,0,0
9/15/1987,,73,32,0,0,0
9/16/1987,,67,27,0,0,0
9/17/1987,,55,14,0,0,0
9/18/1987,,72,18,0,0,0
9/19/1987,,63,25,0,0,0
9/20/1987,,66,23,0,0,0
9/21/1987,,71,23,0,0,0
9/22/1987,,76,25,0,0,0
9/23/1987,,82,26,0,0,0
9/24/1987,,80,26,0.01,0,0
9/25/1987,,70,26,0,0,0
9/26/1987,,80,,0,0,0
9/27/1987,,70,20,0,0,0
9/28/1987,,52,16,0,0,0
9/29/1987,,63,19,0,0,0
9/30/1987,,68,21,0,0,0
10/1/1987,,71,20,0,0,0
10/2/1987,,72,19,0,0,0
10/3/1987,,74,20,0,0,0
10/4/1987,,70,32,0,0,0
10/5/1987,,61,17,0,0,0
10/6/1987,,64,18,0,0,0
10/7/1987,,66,19,0,0,0
10/8/1987,,67,22,0,0,0
10/9/1987,,61,27,0,0,0
10/10/1987,,61,5,0,0,0
10/11/1987,,54,7,0,0,0
10/12/1987,,65,7,0,0,0
10/13/1987,,63,,0,0,0
10/14/1987,,63,13,0,0,0
10/15/1987,,60,,0.15,1.5,0
10/16/1987,,42,7,0,0,0
10/17/1987,,47,,0,0,0
10/18/1987,,45,21,0,0,0
10/19/1987,,47,8,0,0,0
10/20/1987,,44,5,0,0,0
10/21/1987,,,,0,0,0
10/22/1987,,54,15,0,0,0
10/23/1987,,55,10,0,0,0
10/24/1987,,58,21,0,0,0
10/25/1987,,,,0,0,0
10/26/1987,,44,24,0,0,0
10/27/1987,,54,14,0,0,0
10/28/1987,,59,15,0,0,0
10/29/1987,,60,16,0,0,0
10/30/1987,,64,20,0,0,0
10/31/1987,,65,25,0.05,0,0
11/1/1987,,46,33,0.08,0,0
11/2/1987,,45,35,0.45,0,0
11/3/1987,,44,34,0.09,0,0
11/4/1987,,49,29,0.01,0,0
11/5/1987,,54,17,0,0,0
11/6/1987,,,,0,0,0
11/7/1987,,,,0,0,0
11/8/1987,,54,9,0,0,0
11/9/1987,,58,14,0,0,0
11/10/1987,,62,18,0,0,0
11/11/1987,,44,28,0,0,0
11/12/1987,,46,24,0,0,0
11/13/1987,,34,24,,,0
11/14/1987,,42,31,,1.5,2
11/15/1987,,42,-2,0.02,,2
11/16/1987,,39,,0,0,2
11/17/1987,,38,14,,4,6
11/18/1987,,27,-9,0.02,0,4
11/19/1987,,39,,0,0,4
11/20/1987,,48,-1,0,0,4
11/21/1987,,49,-2,0,0,4
11/22/1987,,48,0,0,0,3
11/23/1987,,30,20,0,0.5,4
11/24/1987,,32,-7,0.06,1,4
11/25/1987,,32,10,0.01,0,5
11/26/1987,,33,9,0,0,5
11/27/1987,,43,-7,0,0,4
11/28/1987,,42,-5,0,0,4
11/29/1987,,46,-8,0,0,4
11/30/1987,,,,0,0,
12/1/1987,,42,12,0.06,0,3
12/2/1987,,35,23,0.27,4,7
12/3/1987,,41,28,,1,8
12/4/1987,,48,15,0,0,7
12/5/1987,,43,14,0,0,7
12/6/1987,,44,20,0,0,5
12/7/1987,,45,28,0.08,5,10
12/8/1987,,32,18,0.13,1,10
12/9/1987,,28,12,0.05,3,12
12/10/1987,,36,19,0.24,2,13
12/11/1987,,36,12,0,0,12
12/12/1987,,30,-10,0.05,1,12
12/13/1987,,20,-19,,1,13
12/14/1987,,20,-28,0,0,12
12/15/1987,,19,-28,0,0,12
12/16/1987,,20,-14,0,0,12
12/17/1987,,23,-9,0.2,6,18
12/18/1987,,33,-7,,0.3,16
12/19/1987,,33,-1,0,0,16
12/20/1987,,26,-15,0,0,15
12/21/1987,,22,-12,0.13,3,17
12/22/1987,,30,16,0.06,2,18
12/23/1987,,29,9,0.07,5,21
12/24/1987,,14,-26,0,0,20
12/25/1987,,16,-24,0,0,19
12/26/1987,,27,-8,0,0,18
12/27/1987,,39,-8,0,0,18
12/28/1987,,40,-10,0,0,17
12/29/1987,,36,-10,0,0,17
12/30/1987,,35,-6,,1.5,18
12/31/1987,,23,-1,0.07,0.5,18
1/1/1988,,28,-20,0,0,18
1/2/1988,,24,-24,0,0,18
1/3/1988,,24,-26,0,0,17
1/4/1988,,24,-26,0,0,17
1/5/1988,,,-24,0.06,2,19
1/6/1988,,30,,0,0,19
1/7/1988,,36,1,0,0,18
1/8/1988,,27,4,0,0,18
1/9/1988,,28,8,0.06,3.5,20
1/10/1988,,36,17,0.14,2,21
1/11/1988,,34,28,0.41,8,26
1/12/1988,,30,0,0.27,4,28
1/13/1988,,30,-2,0.03,1,27
1/14/1988,,33,6,0.03,1,26
1/15/1988,,34,20,0.07,1.5,26
1/16/1988,,32,-4,0,9,33
1/17/1988,,33,-5,0.47,1,34
1/18/1988,,30,-26,0.08,0,34
1/19/1988,,24,-36,0,0,30
1/20/1988,,26,-36,0,0,29
1/21/1988,,24,-10,0.2,0.5,29
1/22/1988,,32,-12,0,0,28
1/23/1988,,22,-7,0.1,1.5,28
1/24/1988,,32,-20,0,1,27
1/25/1988,,30,-20,0,0,27
1/26/1988,,30,3,0,0,27
1/27/1988,,37,-6,0,0,26
1/28/1988,,28,6,0,0,26
1/29/1988,,55,7,0,0,25
1/30/1988,,35,10,0.31,6,32
1/31/1988,,33,10,0.3,4,35
2/1/1988,,25,-10,0,0,35
2/2/1988,,26,-19,0.01,1,32
2/3/1988,,30,-18,0,0,31
2/4/1988,,25,-8,0,0,30
2/5/1988,,40,3,0,0,30
2/6/1988,,45,0,0,0,29
2/7/1988,,32,-2,0,0,29
2/8/1988,,38,14,,3,33
2/9/1988,,,,,,
2/10/1988,,38,6,,5,35
2/11/1988,,38,9,0,0,
2/12/1988,,40,24,0,0,33
2/13/1988,,45,12,0.05,1,33
2/14/1988,,37,-3,0.04,1,33
2/15/1988,,35,7,0.02,1,33
2/16/1988,,34,-1,0.31,4.5,35
2/17/1988,,36,-12,0,0,35
2/18/1988,,30,-12,,0.5,34
2/19/1988,,42,0,0,0,33
2/20/1988,,43,0,0,0,33
2/21/1988,,47,4,0,0,32
2/22/1988,,49,8,0,0,32
2/23/1988,,42,-14,0,0,31
2/24/1988,,46,-12,0,0,31
2/25/1988,,50,-10,0,0,31
2/26/1988,,57,-4,0,0,30
2/27/1988,,60,-2,0,0,29
2/28/1988,,62,1,0,0,28
2/29/1988,,60,9,0,0,27
3/1/1988,,53,17,0,0,25
3/2/1988,,48,18,0,0,24
3/3/1988,,51,18,0,0,
3/4/1988,,36,-4,0.18,,
3/5/1988,,50,-16,0,0,27
3/6/1988,,47,14,0.14,2.5,30
3/7/1988,,37,13,0.58,8,36
3/8/1988,,42,-2,0,0,35
3/9/1988,,48,4,0,0,34
3/10/1988,,40,2,0.17,4,37
3/11/1988,,32,-8,0.04,0,35
3/12/1988,,32,-22,0,0,34
3/13/1988,,34,-22,,0.5,35
3/14/1988,,35,-18,0,0,33
3/15/1988,,38,5,,1,34
3/16/1988,,41,-8,0,0,33
3/17/1988,,45,-18,0,0,33
3/18/1988,,48,-12,0,0,32
3/19/1988,,52,7,0,0,30
3/20/1988,,56,20,0,0,30
3/21/1988,,62,22,0,0,29
3/22/1988,,56,28,0.11,3,27
3/23/1988,,43,28,0.2,3,29
3/24/1988,,39,9,0.16,3,30
3/25/1988,,46,9,0.03,0.5,29
3/26/1988,,51,29,0,0,28
3/27/1988,,55,27,0.14,1.5,27
3/28/1988,,30,-3,0.16,2,29
3/29/1988,,43,1,0.07,1.5,28
3/30/1988,,37,-3,,0.5,29
3/31/1988,,40,-13,0,0,28
4/1/1988,,42,-6,0,0,27
4/2/1988,,51,12,0.13,0,26
4/3/1988,,50,31,0,0,24
4/4/1988,,37,24,0.74,3,25
4/5/1988,,31,-1,0.68,9.5,33
4/6/1988,,38,11,0,0,27
4/7/1988,,59,24,0,0,25
4/8/1988,,51,19,0.31,4,27
4/9/1988,,31,-3,0,0,25
4/10/1988,,38,4,0,0,23
4/11/1988,,52,9,0,0,22
4/12/1988,,60,16,0,0,20
4/13/1988,,62,22,0,0,18
4/14/1988,,65,23,0,0,15
4/15/1988,,66,23,0,0,13
4/16/1988,,63,24,0,0,10
4/17/1988,,67,25,0,0,7
4/18/1988,,61,31,0,0,4
4/19/1988,,45,34,0.03,0,3
4/20/1988,,46,32,0.22,0.3,1
4/21/1988,,44,34,0.31,0,0
4/22/1988,,43,29,0.07,0.7,1
4/23/1988,,37,30,0.19,2.3,2
4/24/1988,,39,29,0.06,0.3,0
4/25/1988,,43,23,0.39,4.5,4
4/26/1988,,30,5,0.58,9,12
4/27/1988,,39,21,0.02,0.5,4
4/28/1988,,58,23,0.01,0,0
4/29/1988,,58,28,0,0,0
4/30/1988,,53,35,0.02,0,0
5/1/1988,,39,22,0.79,9,9
5/2/1988,,34,3,0.05,1,6
5/3/1988,,38,18,,0,2
5/4/1988,,47,21,0,0,0
5/5/1988,,52,30,0,0,0
5/6/1988,,59,26,0,0,0
5/7/1988,,52,27,0.03,2.5,3
5/8/1988,,40,32,0,0,0
5/9/1988,,50,33,0.04,0,0
5/10/1988,,60,29,,0,0
5/11/1988,,,27,0,0,0
5/12/1988,,68,28,0,0,0
5/13/1988,,71,28,0,0,0
5/14/1988,,66,29,,0,0
5/15/1988,,54,27,0,0,0
5/16/1988,,65,29,0,0,0
5/17/1988,,75,39,0,0,0
5/18/1988,,51,30,0,0,0
5/19/1988,,50,22,0,0,0
5/20/1988,,48,20,0.02,0,0
5/21/1988,,58,23,0,0,0
5/22/1988,,65,21,0,0,0
5/23/1988,,72,28,0,0,0
5/24/1988,,73,35,0,0,0
5/25/1988,,72,32,0,0,0
5/26/1988,,72,33,0,0,0
5/27/1988,,68,30,0,0,0
5/28/1988,,,,0,0,0
5/29/1988,,67,31,0,0,0
5/30/1988,,72,36,0.12,0,0
5/31/1988,,47,33,0.62,0,0
6/1/1988,,43,33,0.04,0,0
6/2/1988,,56,42,0,0,0
6/3/1988,,61,32,0,0,0
6/4/1988,,72,39,0,0,0
6/5/1988,,81,40,0,0,0
6/6/1988,,78,38,0,0,0
6/7/1988,,78,36,0,0,0
6/8/1988,,74,30,0,0,0
6/9/1988,,65,22,0,0,0
6/10/1988,,77,35,0,0,0
6/11/1988,,74,32,0,0,0
6/12/1988,,73,33,0,0,0
6/13/1988,,69,34,0.5,0,0
6/14/1988,,61,28,0,0,0
6/15/1988,,68,29,0,0,0
6/16/1988,,76,29,0,0,0
6/17/1988,,80,37,0,0,0
6/18/1988,,74,40,0,0,0
6/19/1988,,75,37,0,0,0
6/20/1988,,81,45,0,0,0
6/21/1988,,82,44,0.09,0,0
6/22/1988,,82,44,0,0,0
6/23/1988,,81,45,0,0,0
6/24/1988,,,,0,0,0
6/25/1988,,87,46,0,0,0
6/26/1988,,89,52,0.04,0,0
6/27/1988,,79,44,0,0,0
6/28/1988,,80,43,0,0,0
6/29/1988,,80,42,0,0,0
6/30/1988,,80,27,0,0,0
7/1/1988,,76,31,0,0,0
7/2/1988,,77,37,0,0,0
7/3/1988,,83,43,0,0,0
7/4/1988,,80,52,0.01,0,0
7/5/1988,,76,43,0.1,0,0
7/6/1988,,77,38,0,0,0
7/7/1988,,65,27,0,0,0
7/8/1988,,80,30,0,0,0
7/9/1988,,80,30,0,0,0
7/10/1988,,82,35,0,0,0
7/11/1988,,80,49,0,0,0
7/12/1988,,81,51,0,0,0
7/13/1988,,68,40,0,0,0
7/14/1988,,78,49,0,0,0
7/15/1988,,79,41,0,0,0
7/16/1988,,82,39,0,0,0
7/17/1988,,81,41,0,0,0
7/18/1988,,75,33,0,0,0
7/19/1988,,79,31,,,
7/20/1988,,75,31,,,
7/21/1988,,81,30,0,0,
7/22/1988,,85,37,0,0,
7/23/1988,,83,44,0,0,
7/24/1988,,80,37,0,0,
7/25/1988,,80,37,0,0,
7/26/1988,,83,37,0,0,
7/27/1988,,84,49,0,0,
7/28/1988,,82,39,0,0,
7/29/1988,,79,40,0.14,0,
7/30/1988,,75,39,0,0,
7/31/1988,,86,41,0,0,
8/1/1988,,82,50,0,0,0
8/2/1988,,76,37,0,0,0
8/3/1988,,74,43,0,0,0
8/4/1988,,70,30,0,0,0
8/5/1988,,73,31,0,0,0
8/6/1988,,82,47,0,0,0
8/7/1988,,81,40,0,0,0
8/8/1988,,69,36,0,0,0
8/9/1988,,72,34,0,0,0
8/10/1988,,76,37,0,0,0
8/11/1988,,79,37,0,0,0
8/12/1988,,79,44,0,0,0
8/13/1988,,56,41,0.22,0,0
8/14/1988,,75,32,0,0,0
8/15/1988,,,,0,0,0
8/16/1988,,80,29,0,0,0
8/17/1988,,78,34,0,0,0
8/18/1988,,80,32,0,0,0
8/19/1988,,80,32,0,0,0
8/20/1988,,79,40,0,0,0
8/21/1988,,72,34,0,0,0
8/22/1988,,68,26,0,0,0
8/23/1988,,74,28,0,0,0
8/24/1988,,84,32,0,0,0
8/25/1988,,85,32,0,0,0
8/26/1988,,81,42,0,0,0
8/27/1988,,74,30,0,0,0
8/28/1988,,71,26,0,0,0
8/29/1988,,76,28,0,0,0
8/30/1988,,76,34,0,0,0
8/31/1988,,74,36,0,0,0
9/1/1988,,74,28,0,0,0
9/2/1988,,75,27,0,0,0
9/3/1988,,75,27,0,0,0
9/4/1988,,78,28,0,0,0
9/5/1988,,78,29,0,0,0
9/6/1988,,76,34,0,0,0
9/7/1988,,77,41,0,0,0
9/8/1988,,79,34,0,0,0
9/9/1988,,80,29,0,0,0
9/10/1988,,76,,0,0,0
9/11/1988,,,28,0.09,1.5,
9/12/1988,,42,22,0.04,0,0
9/13/1988,,53,28,0.05,0,0
9/14/1988,,54,30,0.02,0,0
9/15/1988,,56,28,0,0,0
9/16/1988,,64,31,0,0,0
9/17/1988,,60,32,0,0,0
9/18/1988,,60,27,0,0,0
9/19/1988,,36,20,0,0,0
9/20/1988,,51,29,0,0,0
9/21/1988,,62,30,0,0,0
9/22/1988,,62,30,0,0,0
9/23/1988,,58,24,0,0,0
9/24/1988,,59,35,0,0,0
9/25/1988,,62,34,0,0,0
9/26/1988,,63,26,0,0,0
9/27/1988,,64,29,0,0,0
9/28/1988,,64,28,0.18,0,0
9/29/1988,,50,24,0,0,0
9/30/1988,,66,24,0,0,0
10/1/1988,,70,27,0,0,0
10/2/1988,,69,24,0,0,0
10/3/1988,,72,32,0,0,0
10/4/1988,,70,24,0,0,0
10/5/1988,,70,19,0,0,0
10/6/1988,,,,0,0,0
10/7/1988,,,,0,0,0
10/8/1988,,68,22,0,0,0
10/9/1988,,66,22,0,0,0
10/10/1988,,66,25,0,0,0
10/11/1988,,64,23,0,0,0
10/12/1988,,69,23,0,0,0
10/13/1988,,68,22,0,0,0
10/14/1988,,65,22,0,0,0
10/15/1988,,59,27,0,0,0
10/16/1988,,52,31,0.05,0,0
10/17/1988,,53,39,0,0,0
10/18/1988,,53,38,0.13,0,0
10/19/1988,,54,18,0,0,0
10/20/1988,,56,32,0.12,0,0
10/21/1988,,52,19,0,0,0
10/22/1988,,53,22,0,0,0
10/23/1988,,52,20,0,0,0
10/24/1988,,50,25,0,0,0
10/25/1988,,55,25,0,0,0
10/26/1988,,58,30,0,0,0
10/27/1988,,52,22,0,0,0
10/28/1988,,52,21,0,0,0
10/29/1988,,51,22,0,0,0
10/30/1988,,49,23,0,0,0
10/31/1988,,56,26,0,0,0
11/1/1988,,51,20,0,0,0
11/2/1988,,53,35,0,0,0
11/3/1988,,54,34,0.43,0,0
11/4/1988,,,25,0,0,0
11/5/1988,,35,19,0,0,0
11/6/1988,,,,,,0
11/7/1988,,,,,,0
11/8/1988,,40,10,0.31,4,4
11/9/1988,,31,9,0.2,2,5
11/10/1988,,21,3,0,0,4
11/11/1988,,34,18,0.19,2,5
11/12/1988,,31,22,0.27,4.5,7
11/13/1988,,30,24,0.43,6,11
11/14/1988,,29,25,0.3,5,14
11/15/1988,,31,-19,0.1,1,14
11/16/1988,,26,-3,0,0,14
11/17/1988,,26,12,0.11,3,16
11/18/1988,,32,6,0.09,3,15
11/19/1988,,31,6,0,0,13
11/20/1988,,30,8,0,0,13
11/21/1988,,30,14,0.1,1,13
11/22/1988,,31,13,0.35,4.5,16
11/23/1988,,35,22,0.6,7,20
11/24/1988,,37,16,0.65,8,25
11/25/1988,,25,-4,0.12,3.5,25
11/26/1988,,25,-11,0,0.3,23
11/27/1988,,23,-21,0,0,22
11/28/1988,,20,-21,0.4,4,25
11/29/1988,,32,,0.24,1,25
11/30/1988,,,,0,0,24
12/1/1988,,,,0,0,
12/2/1988,,30,-6,0,0,23
12/3/1988,,38,-9,0,0,23
12/4/1988,,36,0,0,0,22
12/5/1988,,33,5,0,0,22
12/6/1988,,34,-4,0,0,21
12/7/1988,,32,12,0,0,21
12/8/1988,,24,-9,0,0,21
12/9/1988,,29,,0,0,20
12/10/1988,,32,17,0,0,20
12/11/1988,,35,15,0,0,19
12/12/1988,,34,14,0,0,19
12/13/1988,,35,18,0,0,19
12/14/1988,,33,0,0,0,19
12/15/1988,,23,-17,0,0,19
12/16/1988,,15,-19,0,0,19
12/17/1988,,28,-14,0,0,19
12/18/1988,,38,-12,0,0,19
12/19/1988,,40,-10,0,0,18
12/20/1988,,32,-10,0,0,18
12/21/1988,,30,18,,,26
12/22/1988,,31,4,0.55,6,30
12/23/1988,,23,9,0.08,2,29
12/24/1988,,26,-1,0.02,1,28
12/25/1988,,20,0,0.06,1,27
12/26/1988,,26,-12,0.15,2,29
12/27/1988,,8,-20,0,0,28
12/28/1988,,14,-16,0,0,27
12/29/1988,,15,-15,0,0,27
12/30/1988,,15,1,0,0.5,27
12/31/1988,,30,11,0.25,3.5,30
1/1/1989,,32,6,0.15,2.5,30
1/2/1989,,26,12,0.02,1,30
1/3/1989,,27,12,0.03,0.5,30
1/4/1989,,34,12,0,0,29
1/5/1989,,36,6,0,0,28
1/6/1989,,35,14,0.25,4,31
1/7/1989,,26,-21,,1,32
1/8/1989,,14,-29,0.05,0.3,32
1/9/1989,,14,-4,0.2,3,35
1/10/1989,,30,14,0.65,6,35
1/11/1989,,30,-16,0.27,2,36
1/12/1989,,18,-16,0,0,35
1/13/1989,,23,-17,0,0,34
1/14/1989,,29,-7,0.12,2.5,36
1/15/1989,,18,5,0.03,0,36
1/16/1989,,20,7,0.05,1.5,36
1/17/1989,,32,16,0.5,1,35
1/18/1989,,34,20,0,0,35
1/19/1989,,34,20,0,0,34
1/20/1989,,37,-3,0,0,34
1/21/1989,,44,-4,0,0,33
1/22/1989,,40,,0.22,6,40
1/23/1989,,34,20,0.7,16,54
1/24/1989,,28,-20,0.12,1,49
1/25/1989,,22,-22,0,0,47
1/26/1989,,22,-20,0,0,45
1/27/1989,,31,-5,0,0,42
1/28/1989,,32,-15,0,0,42
1/29/1989,,32,,0,0,42
1/30/1989,,36,6,0,0,40
1/31/1989,,36,14,0,0,40
2/1/1989,,34,24,0.02,0,38
2/2/1989,,26,-18,0.42,6,44
2/3/1989,,8,-29,0,0,43
2/4/1989,,-4,-28,,2,44
2/5/1989,,-3,-30,0,0,44
2/6/1989,,10,-36,0,0,42
2/7/1989,,18,-30,0,0,42
2/8/1989,,24,-32,0,0,42
2/9/1989,,22,-30,0,0,41
2/10/1989,,36,-24,0,0,41
2/11/1989,,41,21,0,0,41
2/12/1989,,43,-2,0,0,41
2/13/1989,,34,-6,0,0,41
2/14/1989,,31,-8,0,0,41
2/15/1989,,26,,0,0,41
2/16/1989,,25,-17,0,0,
2/17/1989,,31,2,0.04,,
2/18/1989,,42,19,0.03,0,42
2/19/1989,,37,20,0.07,2,44
2/20/1989,,44,20,0.06,1,44
2/21/1989,,42,11,0,0,43
2/22/1989,,43,18,0,0,43
2/23/1989,,42,9,0.09,2,43
2/24/1989,,40,22,0,0,40
2/25/1989,,41,22,0,0,40
2/26/1989,,,,0,0,40
2/27/1989,,34,12,0,0,40
2/28/1989,,40,14,,0.5,40
3/1/1989,,36,14,0.04,2,41
3/2/1989,,40,22,0.46,10.6,52
3/3/1989,,33,8,0.4,10,57
3/4/1989,,26,-28,0,0,54
3/5/1989,,29,-10,0,0,52
3/6/1989,,44,0,0,0,50
3/7/1989,,50,24,0.15,2.5,51
3/8/1989,,48,26,0.17,0.5,49
3/9/1989,,50,26,,0,45
3/10/1989,,61,35,,0,42
3/11/1989,,50,24,0,0,41
3/12/1989,,52,15,0,0,41
3/13/1989,,56,14,0,0,40
3/14/1989,,42,14,0.47,6.5,46
3/15/1989,,42,2,0.07,1,46
3/16/1989,,40,16,0.15,3,48
3/17/1989,,44,19,0.7,7,54
3/18/1989,,46,17,0.07,1.5,53
3/19/1989,,42,24,0.16,2,54
3/20/1989,,42,-4,0.05,1,53
3/21/1989,,49,0,0,0,51
3/22/1989,,40,24,0.05,0.8,51
3/23/1989,,48,25,0,0,50
3/24/1989,,,3,0,0,50
3/25/1989,,,28,,2.5,51
3/26/1989,,42,29,0.17,1.8,50
3/27/1989,,,,,,
3/28/1989,,42,27,,2.5,51
3/29/1989,,44,22,0,0.5,55
3/30/1989,,43,21,0.1,1.5,55
3/31/1989,,54,20,0,0,53
4/1/1989,,44,24,0.2,3.5,55
4/2/1989,,40,27,0.03,4,58
4/3/1989,,33,-1,0.08,1,58
4/4/1989,,32,-7,0,0,56
4/5/1989,,32,1,0.02,0.3,55
4/6/1989,,47,31,0,0,52
4/7/1989,,50,32,0,0,48
4/8/1989,,59,22,0,0,47
4/9/1989,,44,-2,0,0,46
4/10/1989,,,,0,0,
4/11/1989,,,,0,0,
4/12/1989,,,,0,0,
4/13/1989,,,,0,0,
4/14/1989,,,,0,0,
4/15/1989,,59,23,0,0,30
4/16/1989,,,,0,0,
4/17/1989,,51,28,0,0,26
4/18/1989,,52,28,0,0,26
4/19/1989,,56,26,0,0,21
4/20/1989,,,,0,0,
4/21/1989,,,,0,0,
4/22/1989,,65,24,0,0,14
4/23/1989,,52,32,0,0,8
4/24/1989,,50,24,0,0,6
4/25/1989,,54,31,0,0,6
4/26/1989,,44,25,0,0,6
4/27/1989,,40,28,0.17,3,
4/28/1989,,43,21,0,0,6
4/29/1989,,35,9,0,0,6
4/30/1989,,39,12,0,0,5
5/1/1989,,47,19,0,0,0
5/2/1989,,55,30,0,0,0
5/3/1989,,50,31,0,0,0
5/4/1989,,47,29,0,0,0
5/5/1989,,54,31,0,0,0
5/6/1989,,,,0,0,0
5/7/1989,,,,0,0,0
5/8/1989,,63,24,0,0,0
5/9/1989,,52,32,0,0,0
5/10/1989,,66,34,0,0,0
5/11/1989,,64,33,0,0,0
5/12/1989,,48,29,0,0,0
5/13/1989,,,,0,0,0
5/14/1989,,,,0,0,0
5/15/1989,,54,32,0,0,0
5/16/1989,,53,36,,0,0
5/17/1989,,50,31,,0,0
5/18/1989,,56,31,0,0,0
5/19/1989,,56,20,0.88,0,0
5/20/1989,,42,24,0,0,0
5/21/1989,,55,27,0,0,0
5/22/1989,,60,42,0,0,0
5/23/1989,,65,30,0,0,0
5/24/1989,,53,23,0.19,0,0
5/25/1989,,39,21,0.02,0,0
5/26/1989,,45,21,0,0,0
5/27/1989,,52,27,0,0,0
5/28/1989,,62,30,0,0,0
5/29/1989,,64,35,0.09,0,0
5/30/1989,,53,34,0,0,0
5/31/1989,,50,30,0.07,0,0
6/1/1989,,57,26,0,0,0
6/2/1989,,63,43,0,0,0
6/3/1989,,58,37,0.5,0,0
6/4/1989,,43,34,0.59,0,0
6/5/1989,,62,36,0,0,0
6/6/1989,,62,40,0,0,0
6/7/1989,,66,38,0,0,0
6/8/1989,,62,34,0,0,0
6/9/1989,,65,34,0,0,0
6/10/1989,,70,35,0.01,0,0
6/11/1989,,65,29,0.09,0,0
6/12/1989,,63,31,0,0,0
6/13/1989,,65,31,0.05,0,0
6/14/1989,,69,32,0,0,0
6/15/1989,,71,41,0,0,0
6/16/1989,,63,48,0.3,0,0
6/17/1989,,60,30,0.01,0,0
6/18/1989,,63,37,0,0,0
6/19/1989,,73,40,0,0,0
6/20/1989,,77,47,0,0,0
6/21/1989,,50,30,0.01,0,0
6/22/1989,,52,26,0,0,0
6/23/1989,,54,28,0,0,0
6/24/1989,,59,29,0.03,0,0
6/25/1989,,59,28,0.01,0,0
6/26/1989,,64,32,0.03,0,0
6/27/1989,,71,37,0.05,0,0
6/28/1989,,69,34,0.02,0,0
6/29/1989,,,,0,0,0
6/30/1989,,76,36,0,0,0
7/1/1989,,71,35,0,0,0
7/2/1989,,71,34,0,0,0
7/3/1989,,76,36,0,0,0
7/4/1989,,80,41,0,0,0
7/5/1989,,84,39,0,0,0
7/6/1989,,80,34,0,0,0
7/7/1989,,84,38,0,0,0
7/8/1989,,84,44,0,0,0
7/9/1989,,82,48,0,0,0
7/10/1989,,67,47,0.06,0,0
7/11/1989,,74,35,0,0,0
7/12/1989,,81,41,0,0,0
7/13/1989,,71,52,0.64,0,0
7/14/1989,,81,37,0,0,0
7/15/1989,,77,36,0,0,0
7/16/1989,,81,40,0.02,0,0
7/17/1989,,73,37,0,0,0
7/18/1989,,68,35,0,0,0
7/19/1989,,80,40,0,0,0
7/20/1989,,83,43,0,0,0
7/21/1989,,85,48,0,0,0
7/22/1989,,78,52,0.01,0,0
7/23/1989,,82,46,0.01,0,0
7/24/1989,,76,39,0.25,0,0
7/25/1989,,81,43,0,0,0
7/26/1989,,84,44,0,0,0
7/27/1989,,84,50,0.12,0,0
7/28/1989,,83,44,0.24,0,0
7/29/1989,,79,42,0,0,0
7/30/1989,,83,44,0,0,0
7/31/1989,,84,45,0,0,0
8/1/1989,,82,,0,0,0
8/2/1989,,78,42,0.06,0,0
8/3/1989,,72,36,0,0,0
8/4/1989,,71,37,0,0,0
8/5/1989,,73,34,0,0,0
8/6/1989,,78,32,0,0,0
8/7/1989,,76,36,0.01,0,0
8/8/1989,,80,46,0,0,0
8/9/1989,,75,53,0.01,0,0
8/10/1989,,73,41,0,0,0
8/11/1989,,71,42,0.18,0,0
8/12/1989,,74,41,0,0,0
8/13/1989,,75,41,0.5,0,0
8/14/1989,,75,40,0.05,0,0
8/15/1989,,75,40,0.05,0,0
8/16/1989,,76,38,0,0,0
8/17/1989,,71,36,0,0,0
8/18/1989,,78,52,0,0,0
8/19/1989,,67,43,0.07,0,0
8/20/1989,,67,37,0,0,0
8/21/1989,,60,34,0.09,0,0
8/22/1989,,64,49,0.02,0,0
8/23/1989,,73,39,0,0,0
8/24/1989,,70,36,0,0,0
8/25/1989,,45,38,0.14,0,0
8/26/1989,,48,28,0.12,0,0
8/27/1989,,64,34,0.02,0,0
8/28/1989,,64,30,0.12,0,0
8/29/1989,,62,30,0,0,0
8/30/1989,,73,36,0,0,0
8/31/1989,,70,31,0,0,0
9/1/1989,,63,27,0,0,0
9/2/1989,,72,31,0,0,0
9/3/1989,,63,26,0,0,0
9/4/1989,,61,25,0,0,0
9/5/1989,,68,31,0,0,0
9/6/1989,,73,43,0,0,0
9/7/1989,,58,32,0,0,0
9/8/1989,,69,36,0.05,0,0
9/9/1989,,54,33,0.06,0,0
9/10/1989,,53,23,0,0,0
9/11/1989,,46,19,0,0,0
9/12/1989,,53,17,0,0,0
9/13/1989,,59,17,0,0,0
9/14/1989,,68,25,0,0,0
9/15/1989,,68,23,0,0,0
9/16/1989,,69,32,0,0,0
9/17/1989,,73,34,0,0,0
9/18/1989,,73,33,0.66,0,0
9/19/1989,,53,24,0.02,0,0
9/20/1989,,62,25,0,0,0
9/21/1989,,60,25,0,0,0
9/22/1989,,64,24,0,0,0
9/23/1989,,69,29,0,0,0
9/24/1989,,66,29,0,0,0
9/25/1989,,68,26,0,0,0
9/26/1989,,74,32,0,0,0
9/27/1989,,65,36,0.02,0,0
9/28/1989,,65,37,0.26,0,0
9/29/1989,,69,31,0,0,0
9/30/1989,,73,29,0,0,0
10/1/1989,,72,28,0.23,0,0
10/2/1989,,40,28,0.65,0,0
10/3/1989,,44,28,0,0,0
10/4/1989,,38,31,0.1,0,0
10/5/1989,,38,24,0,0,0
10/6/1989,,49,20,0,0,0
10/7/1989,,48,22,0,0,0
10/8/1989,,53,21,0,0,0
10/9/1989,,48,26,0,0,0
10/10/1989,,59,28,0,0,0
10/11/1989,,57,37,0,0,0
10/12/1989,,,,0,0,0
10/13/1989,,,,0,0,0
10/14/1989,,,,0,0,0
10/15/1989,,60,25,0,0,0
10/16/1989,,43,18,0,0,0
10/17/1989,,47,13,0,0,0
10/18/1989,,48,15,0,0,0
10/19/1989,,56,19,0,0,0
10/20/1989,,57,20,0,0,0
10/21/1989,,60,23,0,0,0
10/22/1989,,50,27,0.15,0,0
10/23/1989,,51,27,0.13,0,0
10/24/1989,,50,35,0.23,0,0
10/25/1989,,48,32,0.03,0,0
10/26/1989,,48,32,0.78,1.5,1
10/27/1989,,45,23,0,0,0
10/28/1989,,43,23,0.4,5.5,5
10/29/1989,,40,0,0.11,1.8,4
10/30/1989,,45,,0,0,3
10/31/1989,,38,19,0.06,1,4
11/1/1989,,38,-15,0,0,4
11/2/1989,,45,-10,0,0,3
11/3/1989,,47,0,0,0,3
11/4/1989,,44,26,0,0,3
11/5/1989,,50,16,0.09,0.5,3
11/6/1989,,43,17,0.02,0.5,4
11/7/1989,,42,20,0.14,2.5,6
11/8/1989,,45,6,0,0,6
11/9/1989,,43,20,0,0,6
11/10/1989,,44,,0.12,0,4
11/11/1989,,52,30,0,0,2
11/12/1989,,61,26,0,0,2
11/13/1989,,57,32,0,0,2
11/14/1989,,36,13,0.21,5,7
11/15/1989,,,,0,0,5
11/16/1989,,29,14,0,0,5
11/17/1989,,33,10,0,0,4
11/18/1989,,39,9,0,0,3
11/19/1989,,32,23,0,0,3
11/20/1989,,39,12,0,0,3
11/21/1989,,51,15,0,0,3
11/22/1989,,43,10,0,0,3
11/23/1989,,38,8,0,0,3
11/24/1989,,39,9,0.36,6.5,10
11/25/1989,,32,19,0.16,3,13
11/26/1989,,29,13,0.31,5,18
11/27/1989,,31,1,0.28,5,20
11/28/1989,,23,-11,0,0,18
11/29/1989,,20,-14,0,0,18
11/30/1989,,25,-14,0,0,15
12/1/1989,,32,-11,0,0,15
12/2/1989,,31,-10,0,0,15
12/3/1989,,37,-2,0,0,14
12/4/1989,,39,6,0,0,14
12/5/1989,,34,29,0.85,1,15
12/6/1989,,42,12,0,0,14
12/7/1989,,31,-11,0.09,1.5,15
12/8/1989,,25,-11,0,0,14
12/9/1989,,33,17,0.05,0.5,14
12/10/1989,,28,-9,0.04,1,15
12/11/1989,,23,-30,0,0,15
12/12/1989,,12,-29,0,0,15
12/13/1989,,18,-3,0,0,15
12/14/1989,,20,-1,0,0,15
12/15/1989,,24,18,0.04,0.5,15
12/16/1989,,29,-16,0,0,15
12/17/1989,,18,,0.01,0.5,15
12/18/1989,,17,-16,0,0,15
12/19/1989,,13,-16,0,0,15
12/20/1989,,19,8,0.13,5,20
12/21/1989,,23,18,0.03,1,20
12/22/1989,,27,-13,0.03,2,20
12/23/1989,,27,4,0,0,18
12/24/1989,,33,2,0,0,17
12/25/1989,,32,-3,0,0,17
12/26/1989,,27,-3,0,0,16
12/27/1989,,37,-4,0,0,16
12/28/1989,,39,-5,0,0,16
12/29/1989,,29,-9,0,0,16
12/30/1989,,25,-11,0,0,16
12/31/1989,,26,-5,0,0,16
1/1/1990,,26,15,0,0,16
1/2/1990,,30,22,0.08,2,18
1/3/1990,,22,-19,0.16,2,20
1/4/1990,,22,-17,0,0.3,19
1/5/1990,,16,-13,0.05,0.3,19
1/6/1990,,25,-8,0,0,19
1/7/1990,,27,12,0,0,18
1/8/1990,,34,22,0.68,7,25
1/9/1990,,35,18,0.24,2,26
1/10/1990,,38,30,0,0,24
1/11/1990,,36,17,0,0,23
1/12/1990,,37,6,0,0,23
1/13/1990,,41,6,0.02,0.5,23
1/14/1990,,38,22,0.07,1,24
1/15/1990,,36,19,0.07,2,26
1/16/1990,,32,19,0.06,1,26
1/17/1990,,30,4,0,0.3,26
1/18/1990,,23,-20,0,0,26
1/19/1990,,25,-21,0,0,25
1/20/1990,,31,-21,0,0,25
1/21/1990,,30,-14,0,0,25
1/22/1990,,27,-6,0,0,25
1/23/1990,,30,14,0,0,24
1/24/1990,,21,-9,0.12,2,26
1/25/1990,,18,-11,0.02,0.5,26
1/26/1990,,26,13,0.04,1,25
1/27/1990,,25,-19,0.14,1,27
1/28/1990,,16,2,0.15,1,28
1/29/1990,,21,11,0.5,7,34
1/30/1990,,24,2,0.18,2,35
1/31/1990,,25,16,0.29,5,38
2/1/1990,,21,15,0.38,4,38
2/2/1990,,26,-9,0.1,2,38
2/3/1990,,23,-5,0.02,0,36
2/4/1990,,28,-1,0,0,35
2/5/1990,,27,3,0.12,4,38
2/6/1990,,25,2,0,0,36
2/7/1990,,23,10,0.39,6,41
2/8/1990,,15,4,0.13,1,39
2/9/1990,,20,5,0.33,4,42
2/10/1990,,26,19,0.32,9,48
2/11/1990,,32,26,0,0,44
2/12/1990,,37,27,0.11,2,44
2/13/1990,,27,-21,0.12,2,44
2/14/1990,,21,-15,0.06,1,43
2/15/1990,,14,-36,0,0,42
2/16/1990,,14,-34,0,0,42
2/17/1990,,18,2,0.62,8,49
2/18/1990,,19,-22,0.05,1,47
2/19/1990,,25,-28,0,0,45
2/20/1990,,35,,0,0,43
2/21/1990,,36,-13,0,0,43
2/22/1990,,31,9,0,0,42
2/23/1990,,39,12,0,0,41
2/24/1990,,39,7,0,0,40
2/25/1990,,41,11,0,0,40
2/26/1990,,44,10,0,0,38
2/27/1990,,45,-2,0,0,38
2/28/1990,,39,-16,0,0,38
3/1/1990,,44,-15,0,0,38
3/2/1990,,45,-12,0,0,38
3/3/1990,,47,3,0,0,37
3/4/1990,,40,25,0.12,1,38
3/5/1990,,37,16,0,0,37
3/6/1990,,38,17,0.19,2.5,40
3/7/1990,,39,5,0,0,40
3/8/1990,,51,5,0,0,38
3/9/1990,,37,14,0.2,2,40
3/10/1990,,42,17,0,0,39
3/11/1990,,50,21,0.02,0.5,38
3/12/1990,,35,11,0,0,38
3/13/1990,,27,-10,0,0,38
3/14/1990,,22,-8,0,0,38
3/15/1990,,34,-3,0,0,38
3/16/1990,,32,-6,0,0,37
3/17/1990,,41,2,0,0,37
3/18/1990,,41,3,0,0,37
3/19/1990,,47,11,0,0,37
3/20/1990,,49,18,0,0,36
3/21/1990,,51,23,0,0,34
3/22/1990,,45,24,0,0,33
3/23/1990,,50,20,0,0,32
3/24/1990,,22,-9,0.33,4,36
3/25/1990,,31,-12,0,0,35
3/26/1990,,45,-1,0,0,34
3/27/1990,,54,3,0,0,33
3/28/1990,,44,24,0,0,32
3/29/1990,,46,4,0,0,32
3/30/1990,,47,5,0,0,31
3/31/1990,,52,12,0,0,30
4/1/1990,,57,20,0,0,29
4/2/1990,,58,19,0,0,28
4/3/1990,,61,21,0,0,26
4/4/1990,,59,18,0,0,25
4/5/1990,,55,19,0,0,24
4/6/1990,,43,7,0,0,23
4/7/1990,,50,10,0,0,22
4/8/1990,,52,22,0,0,21
4/9/1990,,51,29,0.15,2,21
4/10/1990,,49,21,0,0,19
4/11/1990,,48,23,0,0,19
4/12/1990,,52,25,0,0,18
4/13/1990,,46,15,0,0,15
4/14/1990,,47,19,0.02,0,14
4/15/1990,,53,37,0,0,13
4/16/1990,,59,28,0,0,12
4/17/1990,,55,25,0,0,12
4/18/1990,,60,26,0,0,12
4/19/1990,,55,28,0,0,12
4/20/1990,,59,27,0,0,12
4/21/1990,,64,29,0,0,12
4/22/1990,,58,32,0.11,0,10
4/23/1990,,48,33,0.04,0,10
4/24/1990,,45,33,0.05,0,9
4/25/1990,,46,22,0.01,0,9
4/26/1990,,46,21,0.35,1,9
4/27/1990,,36,17,0,0,8
4/28/1990,,36,23,0.52,3,5
4/29/1990,,35,9,0.04,1.5,
4/30/1990,,33,15,0,0,4
5/1/1990,,35,7,0,0,4
5/2/1990,,48,16,0,0,3
5/3/1990,,47,25,0.18,0,1
5/4/1990,,53,29,0,0,0
5/5/1990,,55,24,,0,0
5/6/1990,,64,30,0,0,0
5/7/1990,,66,24,0.03,0,0
5/8/1990,,39,23,0.12,1,1
5/9/1990,,35,14,0,0,0
5/10/1990,,,,0,0,0
5/11/1990,,57,23,0,0,0
5/12/1990,,48,32,0.02,1,1
5/13/1990,,47,32,0,0,0
5/14/1990,,44,25,0.13,0,0
5/15/1990,,49,24,,0.3,0
5/16/1990,,41,14,0.1,0,0
5/17/1990,,45,24,0.06,0,0
5/18/1990,,,,,0,0
5/19/1990,,56,24,0,0,0
5/20/1990,,49,33,0.01,0,0
5/21/1990,,46,33,0.09,0,0
5/22/1990,,51,32,0.03,0,0
5/23/1990,,62,33,0.12,0,0
5/24/1990,,62,34,0.14,0,0
5/25/1990,,52,28,0.35,2.5,3
5/26/1990,,44,28,0.01,0,0
5/27/1990,,57,29,0,0,0
5/28/1990,,63,39,0,0,0
5/29/1990,,62,40,0.01,0,0
5/30/1990,,55,40,0.09,0,0
5/31/1990,,49,29,0.09,0,0
6/1/1990,,54,28,0,0,0
6/2/1990,,42,29,0,0,0
6/3/1990,,49,27,0,0,0
6/4/1990,,53,45,0.01,0,0
6/5/1990,,61,29,0,0,0
6/6/1990,,59,32,0,0,0
6/7/1990,,60,41,0.12,0,0
6/8/1990,,55,31,0.08,0,0
6/9/1990,,62,32,0,0,0
6/10/1990,,72,46,0.01,0,0
6/11/1990,,58,41,0.4,0,0
6/12/1990,,60,30,0,0,0
6/13/1990,,42,23,0.5,5,0
6/14/1990,,50,32,0,0,0
6/15/1990,,57,28,0.23,0,0
6/16/1990,,59,31,0.02,0,0
6/17/1990,,52,29,0.23,0,0
6/18/1990,,64,35,0.02,0,0
6/19/1990,,70,32,0.02,0,0
6/20/1990,,70,30,0,0,0
6/21/1990,,85,40,0.12,0,0
6/22/1990,,70,33,0,0,0
6/23/1990,,75,40,0,0,0
6/24/1990,,80,39,0,0,0
6/25/1990,,81,47,0,0,0
6/26/1990,,83,40,0,0,0
6/27/1990,,85,43,0,0,0
6/28/1990,,76,36,0,0,0
6/29/1990,,76,37,0,0,0
6/30/1990,,83,39,0,0,0
7/1/1990,,85,,0,0,0
7/2/1990,,82,50,0.01,0,0
7/3/1990,,82,42,0.02,0,0
7/4/1990,,70,36,0,0,0
7/5/1990,,76,38,0.05,0,0
7/6/1990,,83,43,0,0,0
7/7/1990,,83,39,0,0,0
7/8/1990,,74,33,0,0,0
7/9/1990,,80,52,0,0,0
7/10/1990,,73,35,0,0,0
7/11/1990,,78,36,0.01,0,0
7/12/1990,,81,34,0,0,0
7/13/1990,,85,41,0,0,0
7/14/1990,,79,38,0.13,0,0
7/15/1990,,80,39,0,0,0
7/16/1990,,79,45,0,0,0
7/17/1990,,78,38,0,0,0
7/18/1990,,80,36,0,0,0
7/19/1990,,76,43,0,0,0
7/20/1990,,75,52,0.01,0,0
7/21/1990,,,43,0.27,0,0
7/22/1990,,68,34,0,0,0
7/23/1990,,72,37,0,0,0
7/24/1990,,72,42,0.19,0,0
7/25/1990,,73,41,0.06,0,0
7/26/1990,,68,40,0.13,0,0
7/27/1990,,63,42,0,0,0
7/28/1990,,68,38,0,0,0
7/29/1990,,67,36,0.24,0,0
7/30/1990,,71,35,0,0,0
7/31/1990,,72,36,0.06,0,0
8/1/1990,,80,37,0,0,0
8/2/1990,,74,39,0,0,0
8/3/1990,,73,34,0,0,0
8/4/1990,,77,43,0,0,0
8/5/1990,,78,36,0.2,0,0
8/6/1990,,79,37,0,0,0
8/7/1990,,85,40,0,0,0
8/8/1990,,86,40,0.02,0,0
8/9/1990,,86,47,0,0,0
8/10/1990,,85,41,0,0,0
8/11/1990,,81,49,0.28,0,0
8/12/1990,,70,46,0.17,0,0
8/13/1990,,70,39,0.06,0,0
8/14/1990,,78,37,0.02,0,0
8/15/1990,,82,40,0,0,0
8/16/1990,,82,50,0,0,0
8/17/1990,,71,46,0.14,0,0
8/18/1990,,70,39,0.25,0,0
8/19/1990,,72,41,0.11,0,0
8/20/1990,,71,41,0.08,0,0
8/21/1990,,67,38,0.02,0,0
8/22/1990,,67,33,0.02,0,0
8/23/1990,,62,34,0.01,0,0
8/24/1990,,68,35,0.14,0,0
8/25/1990,,65,35,0,0,0
8/26/1990,,61,33,0.1,0,0
8/27/1990,,68,29,0,0,0
8/28/1990,,72,32,0,0,0
8/29/1990,,76,36,0,0,0
8/30/1990,,80,35,0.07,0,0
8/31/1990,,70,30,0,0,0
9/1/1990,,70,31,0,0,0
9/2/1990,,80,41,0,0,0
9/3/1990,,75,37,0,0,0
9/4/1990,,78,51,0.09,0,0
9/5/1990,,67,46,0.02,0,0
9/6/1990,,65,36,0.23,0,0
9/7/1990,,76,34,0,0,0
9/8/1990,,78,35,0,0,0
9/9/1990,,78,36,0,0,0
9/10/1990,,75,36,0,0,0
9/11/1990,,75,32,0,0,0
9/12/1990,,80,36,0,0,0
9/13/1990,,79,32,0,0,0
9/14/1990,,75,25,0,0,0
9/15/1990,,82,34,0,0,0
9/16/1990,,81,40,0,0,0
9/17/1990,,72,28,0,0,0
9/18/1990,,71,28,0,0,0
9/19/1990,,65,31,0,0,0
9/20/1990,,50,39,0.4,0,0
9/21/1990,,56,25,0.02,0,0
9/22/1990,,64,23,0,0,0
9/23/1990,,69,27,0,0,0
9/24/1990,,71,26,0,0,0
9/25/1990,,71,32,0,0,0
9/26/1990,,69,35,0.06,0,0
9/27/1990,,55,32,0.04,0,0
9/28/1990,,65,27,0,0,0
9/29/1990,,67,24,0,0,0
9/30/1990,,69,27,0,0,0
10/1/1990,,69,26,0,0,0
10/2/1990,,68,31,0.01,0,0
10/3/1990,,47,20,0,0,0
10/4/1990,,43,30,0.1,0,0
10/5/1990,,61,43,0,0,0
10/6/1990,,58,27,0.9,5,4
10/7/1990,,57,1,0.12,0,2
10/8/1990,,35,3,0,0,0
10/9/1990,,35,8,0,0,0
10/10/1990,,46,,0,0,0
10/11/1990,,47,27,,0,0
10/12/1990,,41,23,0,0,0
10/13/1990,,45,,,0,0
10/14/1990,,42,24,,0,0
10/15/1990,,42,22,0.1,0,0
10/16/1990,,44,21,0.05,0,0
10/17/1990,,,,0.28,0,0
10/18/1990,,35,12,0,0,0
10/19/1990,,48,22,0.15,0,0
10/20/1990,,47,2,0,0,0
10/21/1990,,32,1,0,0,0
10/22/1990,,33,24,0.06,0,0
10/23/1990,,41,24,0.03,0,0
10/24/1990,,42,18,0,0,0
10/25/1990,,51,20,0,0,0
10/26/1990,,58,25,0,0,0
10/27/1990,,57,21,0,0,0
10/28/1990,,57,22,0,0,0
10/29/1990,,59,20,0,0,0
10/30/1990,,53,23,0,0,0
10/31/1990,,55,25,,0,0
11/1/1990,,55,24,0.09,2,0
11/2/1990,,35,18,0.01,0,0
11/3/1990,,30,-2,0,0,0
11/4/1990,,37,4,0,0,0
11/5/1990,,31,19,0.19,4.5,5
11/6/1990,,35,-2,0.02,0.5,4
11/7/1990,,26,-16,0,0,4
11/8/1990,,26,-8,0.01,0,3
11/9/1990,,32,21,0.03,0,3
11/10/1990,,37,29,0,0,2
11/11/1990,,42,21,0,0,2
11/12/1990,,54,10,0,0,2
11/13/1990,,54,,0,0,2
11/14/1990,,53,18,0,0,1
11/15/1990,,51,20,0.07,2.5,4
11/16/1990,,33,-1,0,0,3
11/17/1990,,45,1,0,0,3
11/18/1990,,45,12,0.04,0.5,3
11/19/1990,,40,26,0,0,2
11/20/1990,,38,27,0.47,9,11
11/21/1990,,33,5,0.32,5,14
11/22/1990,,24,15,0.33,4,14
11/23/1990,,29,23,0.02,0,13
11/24/1990,,35,23,0,0,12
11/25/1990,,42,24,0,0,11
11/26/1990,,45,22,0,0,11
11/27/1990,,26,-6,0,0,11
11/28/1990,,17,-1,0.07,0.5,11
11/29/1990,,22,9,0,0,11
11/30/1990,,31,13,0.11,1,12
12/1/1990,,32,4,0.02,0.5,10
12/2/1990,,23,9,0.12,3,14
12/3/1990,,17,-3,0,0,14
12/4/1990,,23,-3,0,0,13
12/5/1990,,32,5,0,0,13
12/6/1990,,26,-8,0,0,13
12/7/1990,,29,-10,0,0,13
12/8/1990,,34,-6,0,0,12
12/9/1990,,33,-3,0,0,12
12/10/1990,,46,-4,0,0,12
12/11/1990,,47,,0.04,0.5,12
12/12/1990,,32,5,0.79,9.5,21
12/13/1990,,25,-7,0.02,1.5,20
12/14/1990,,28,11,0.35,7,25
12/15/1990,,20,-11,,0,22
12/16/1990,,22,-15,0,0,21
12/17/1990,,23,-24,0,0,21
12/18/1990,,20,-14,0.14,7,26
12/19/1990,,24,-32,0.04,2,25
12/20/1990,,-9,-45,0.02,1,24
12/21/1990,,-9,-46,0,0.5,24
12/22/1990,,-12,-46,0,0,23
12/23/1990,,-11,-44,0,0,23
12/24/1990,,-3,-41,0,0,23
12/25/1990,,4,-28,0,0,22
12/26/1990,,7,-30,0,0,22
12/27/1990,,13,-19,0.03,0.5,22
12/28/1990,,16,10,0.09,4,26
12/29/1990,,16,-36,0.23,3,26
12/30/1990,,-3,-31,0.03,0.5,26
12/31/1990,,11,-13,0.02,0,26
1/1/1991,,20,10,0,0,26
1/2/1991,,27,8,0,0,25
1/3/1991,,30,-9,0,0,24
1/4/1991,,26,-13,0,0,24
1/5/1991,,31,-14,0,0,24
1/6/1991,,25,-9,0,0,23
1/7/1991,,33,0,0,0,23
1/8/1991,,25,13,0.11,3,26
1/9/1991,,25,-2,0.03,1,26
1/10/1991,,31,-4,0.02,0.5,26
1/11/1991,,30,17,0,0,26
1/12/1991,,,22,0.03,0.3,26
1/13/1991,,34,22,0.03,1,26
1/14/1991,,31,20,0.13,2,27
1/15/1991,,29,20,0.08,1.5,28
1/16/1991,,36,-5,0.08,1,28
1/17/1991,,28,2,0,0,26
1/18/1991,,27,18,0,0,26
1/19/1991,,31,22,0.07,1.5,27
1/20/1991,,24,-22,0.02,0.3,27
1/21/1991,,22,-22,0,0,27
1/22/1991,,25,-22,0.01,0.5,28
1/23/1991,,23,-18,0,0,27
1/24/1991,,26,-12,,0.5,27
1/25/1991,,22,-32,0,0,27
1/26/1991,,18,,0,0,27
1/27/1991,,18,-19,0.01,0.3,27
1/28/1991,,19,4,0.03,0.3,27
1/29/1991,,16,-34,0.07,1,27
1/30/1991,,11,-31,0,0,27
1/31/1991,,19,-9,0,0,27
2/1/1991,,37,2,0,0,27
2/2/1991,,45,-1,0,0,26
2/3/1991,,46,-1,0,0,26
2/4/1991,,34,13,0,0,26
2/5/1991,,36,6,0,0,26
2/6/1991,,49,6,0,0,26
2/7/1991,,50,6,0,0,26
2/8/1991,,52,1,0,0,25
2/9/1991,,49,1,0,0,25
2/10/1991,,52,4,0,0,25
2/11/1991,,50,-2,0,0,25
2/12/1991,,49,-1,0,0,25
2/13/1991,,35,17,0,0,25
2/14/1991,,36,12,0,0,25
2/15/1991,,40,18,0,0,25
2/16/1991,,43,32,0.03,0.3,25
2/17/1991,,39,5,0.26,2,28
2/18/1991,,31,-9,0,0,27
2/19/1991,,36,-8,0.01,0.5,27
2/20/1991,,30,19,0.05,0.5,27
2/21/1991,,36,25,0,0,27
2/22/1991,,42,15,0,0,26
2/23/1991,,47,9,0,0,26
2/24/1991,,42,4,0.01,0.3,26
2/25/1991,,36,-1,0,0,26
2/26/1991,,36,-4,0,0,26
2/27/1991,,43,0,0,0,26
2/28/1991,,35,1,0,0,26
3/1/1991,,46,3,0.1,2,28
3/2/1991,,41,24,0.23,3,30
3/3/1991,,39,21,0.06,3.5,33
3/4/1991,,35,25,0.54,6,39
3/5/1991,,39,26,0.07,9,45
3/6/1991,,35,-16,0.47,6,49
3/7/1991,,22,-15,0.02,0.5,48
3/8/1991,,26,-6,0.13,3,48
3/9/1991,,35,-6,0,0,46
3/10/1991,,43,1,0,0,44
3/11/1991,,42,24,0.07,1.5,44
3/12/1991,,34,17,0.09,2,45
3/13/1991,,30,9,0.01,0.5,44
3/14/1991,,39,-4,0,0,42
3/15/1991,,45,-1,0.03,0.5,42
3/16/1991,,41,9,0.01,0.3,41
3/17/1991,,37,4,0.07,2.5,43
3/18/1991,,33,0,0.2,3.5,45
3/19/1991,,49,4,0,0,41
3/20/1991,,51,6,0,0,40
3/21/1991,,35,5,0,0,39
3/22/1991,,47,8,0,0,39
3/23/1991,,42,19,0.02,0.5,39
3/24/1991,,43,21,0.07,7,45
3/25/1991,,39,9,0.2,2.5,45
3/26/1991,,46,17,0.04,2,44
3/27/1991,,40,15,0.8,1.5,43
3/28/1991,,36,8,0,0,41
3/29/1991,,39,1,0.09,0.5,42
3/30/1991,,42,5,0,0,42
3/31/1991,,47,9,0,0,40
4/1/1991,,55,11,0,0,36
4/2/1991,,58,9,0,0,35
4/3/1991,,54,20,0,0,31
4/4/1991,,46,27,0,0,30
4/5/1991,,53,35,0,0,29
4/6/1991,,56,34,0.16,0,29
4/7/1991,,43,25,0.03,0.3,28
4/8/1991,,35,3,0.13,1.5,28
4/9/1991,,38,4,0.09,0.2,26
4/10/1991,,37,17,0.52,7.5,33
4/11/1991,,35,5,0,0,32
4/12/1991,,34,16,0,0,31
4/13/1991,,39,4,0,0,31
4/14/1991,,32,10,0.06,1,32
4/15/1991,,45,21,0.03,0.5,31
4/16/1991,,45,26,0.36,7.5,39
4/17/1991,,45,20,0.11,0.5,32
4/18/1991,,51,21,0.07,2,32
4/19/1991,,38,23,0.21,1.5,33
4/20/1991,,50,11,0,0,30
4/21/1991,,57,17,0,0,29
4/22/1991,,57,13,0,0,27
4/23/1991,,54,21,0,0,25
4/24/1991,,51,23,0.09,0.5,25
4/25/1991,,47,31,0.45,2.5,26
4/26/1991,,38,23,0.04,2,27
4/27/1991,,37,6,0.03,0,27
4/28/1991,,37,22,0,0,27
4/29/1991,,41,14,0,0,27
4/30/1991,,41,11,0,0,25
5/1/1991,,48,9,0,0,24
5/2/1991,,49,9,0.05,1.3,25
5/3/1991,,48,24,0.03,2,25
5/4/1991,,36,11,0,0,23
5/5/1991,,41,13,0,0,23
5/6/1991,,47,23,0,0,21
5/7/1991,,49,32,0.19,0,19
5/8/1991,,49,33,0,0,18
5/9/1991,,57,32,0.64,2,16
5/10/1991,,46,30,0.73,2,15
5/11/1991,,48,32,0.57,0,14
5/12/1991,,53,27,0,0,12
5/13/1991,,40,30,0.81,3,16
5/14/1991,,51,33,0,0,13
5/15/1991,,59,36,0.61,0,11
5/16/1991,,61,24,0,0,6
5/17/1991,,61,33,0.1,0,0
5/18/1991,,60,26,0.11,0,0
5/19/1991,,,,0,0,0
5/20/1991,,62,25,0,0,0
5/21/1991,,60,27,0,0,0
5/22/1991,,66,28,0,0,0
5/23/1991,,68,30,0,0,0
5/24/1991,,63,33,0,0,0
5/25/1991,,63,36,0,0,0
5/26/1991,,59,31,0.07,0.5,1
5/27/1991,,49,26,0,0,0
5/28/1991,,48,24,0,0,0
5/29/1991,,52,25,0,0,0
5/30/1991,,55,33,0.2,0,0
5/31/1991,,50,35,0.1,0,0
6/1/1991,,59,28,0,0,0
6/2/1991,,67,26,0,0,0
6/3/1991,,66,41,0.6,0,0
6/4/1991,,62,35,0.02,0,0
6/5/1991,,66,38,0.11,0,0
6/6/1991,,66,35,0.1,0,0
6/7/1991,,66,36,0.16,0,0
6/8/1991,,59,30,0,0,0
6/9/1991,,61,37,0.01,0,0
6/10/1991,,65,32,0,0,0
6/11/1991,,71,38,0,0,0
6/12/1991,,75,38,0,0,0
6/13/1991,,68,41,0.2,0,0
6/14/1991,,61,37,0,0,0
6/15/1991,,53,37,0,0,0
6/16/1991,,60,31,0,0,0
6/17/1991,,67,45,0,0,0
6/18/1991,,60,29,0,0,0
6/19/1991,,70,39,0,0,0
6/20/1991,,75,37,0,0,0
6/21/1991,,69,34,0,0,0
6/22/1991,,71,46,0,0,0
6/23/1991,,69,35,0,0,0
6/24/1991,,73,34,0,0,0
6/25/1991,,73,32,0,0,0
6/26/1991,,73,32,0.06,0,0
6/27/1991,,59,29,0,0,0
6/28/1991,,68,40,0.17,0,0
6/29/1991,,60,38,0,0,0
6/30/1991,,69,39,0.13,0,0
7/1/1991,,55,31,0.33,0,0
7/2/1991,,66,32,0,0,0
7/3/1991,,73,31,0,0,0
7/4/1991,,79,39,0,0,0
7/5/1991,,78,40,0,0,0
7/6/1991,,78,41,0,0,0
7/7/1991,,77,38,0,0,0
7/8/1991,,75,37,0,0,0
7/9/1991,,77,41,0,0,0
7/10/1991,,77,37,0.13,0,0
7/11/1991,,68,35,0.09,0,0
7/12/1991,,72,34,0,0,0
7/13/1991,,78,37,0,0,0
7/14/1991,,83,48,0,0,0
7/15/1991,,82,43,0,0,0
7/16/1991,,81,44,0.05,0,0
7/17/1991,,81,40,0,0,0
7/18/1991,,79,37,0,0,0
7/19/1991,,72,35,0,0,0
7/20/1991,,74,39,0,0,0
7/21/1991,,71,37,0,0,0
7/22/1991,,78,40,0,0,0
7/23/1991,,78,37,0.05,0,0
7/24/1991,,70,39,0.16,0,0
7/25/1991,,69,44,0.24,0,0
7/26/1991,,73,45,0.06,0,0
7/27/1991,,70,39,0,0,0
7/28/1991,,74,38,0,0,0
7/29/1991,,79,38,0,0,0
7/30/1991,,81,39,0,0,0
7/31/1991,,80,38,0,0,0
8/1/1991,,82,48,0.18,0,0
8/2/1991,,73,33,0,0,0
8/3/1991,,74,33,0,0,0
8/4/1991,,79,45,0,0,0
8/5/1991,,74,40,0.37,0,0
8/6/1991,,72,37,0.02,0,0
8/7/1991,,72,35,0,0,0
8/8/1991,,80,37,0,0,0
8/9/1991,,82,39,0,0,0
8/10/1991,,85,41,0,0,0
8/11/1991,,80,40,0,0,0
8/12/1991,,78,43,0,0,0
8/13/1991,,79,52,0,0,0
8/14/1991,,77,48,0,0,0
8/15/1991,,,,,0,0
8/16/1991,,68,36,,0,0
8/17/1991,,72,46,0.03,0,0
8/18/1991,,73,33,0.02,0,0
8/19/1991,,78,41,0,0,0
8/20/1991,,76,38,0.3,0,0
8/21/1991,,75,40,0,0,0
8/22/1991,,79,36,0,0,0
8/23/1991,,80,46,0,0,0
8/24/1991,,80,44,0,0,0
8/25/1991,,79,43,0.08,0,0
8/26/1991,,79,44,0,0,0
8/27/1991,,74,41,0,0,0
8/28/1991,,75,48,0.14,0,0
8/29/1991,,74,31,0,0,0
8/30/1991,,73,31,0,0,0
8/31/1991,,80,33,0,0,0
9/1/1991,,82,,0,0,0
9/2/1991,,74,40,0,0,0
9/3/1991,,72,32,0,0,0
9/4/1991,,75,30,0,0,0
9/5/1991,,77,32,0,0,0
9/6/1991,,78,31,0,0,0
9/7/1991,,79,,0,0,0
9/8/1991,,64,44,0.44,0,0
9/9/1991,,55,39,0.1,0,0
9/10/1991,,59,36,0.12,0,0
9/11/1991,,65,30,0.55,0,0
9/12/1991,,55,31,0,0,0
9/13/1991,,62,30,0,0,0
9/14/1991,,60,31,0.44,1.5,0
9/15/1991,,44,30,0.03,0,0
9/16/1991,,52,27,0,0,0
9/17/1991,,59,28,0,0,0
9/18/1991,,53,17,0,0,0
9/19/1991,,59,,0,0,0
9/20/1991,,68,27,0,0,0
9/21/1991,,70,,0,0,0
9/22/1991,,52,19,0,0,0
9/23/1991,,51,,0,0,0
9/24/1991,,55,21,0,0,0
9/25/1991,,70,21,0,0,0
9/26/1991,,73,24,0,0,0
9/27/1991,,74,27,0,0,0
9/28/1991,,74,26,0,0,0
9/29/1991,,58,38,0.04,0,0
9/30/1991,,60,24,0.06,0,0
10/1/1991,,62,,0,0,0
10/2/1991,,64,27,0,0,0
10/3/1991,,62,22,0,0,0
10/4/1991,,51,10,0,0,0
10/5/1991,,,,0,0,0
10/6/1991,,,,0,0,0
10/7/1991,,65,12,0,0,0
10/8/1991,,68,12,0,0,0
10/9/1991,,62,23,0,0,0
10/10/1991,,65,22,0,0,0
10/11/1991,,72,24,0,0,0
10/12/1991,,74,24,0,0,0
10/13/1991,,66,20,0,0,0
10/14/1991,,58,24,0,0,0
10/15/1991,,64,21,0,0,0
10/16/1991,,64,26,0,0,0
10/17/1991,,65,26,0,0,0
10/18/1991,,50,10,0,0,0
10/19/1991,,44,15,0,0,0
10/20/1991,,44,14,0,0,0
10/21/1991,,54,16,0,0,0
10/22/1991,,50,32,0.08,0,0
10/23/1991,,39,30,0.3,2,2
10/24/1991,,33,5,0.82,7.5,2
10/25/1991,,27,20,0.05,1.5,5
10/26/1991,,31,23,0.35,5,10
10/27/1991,,36,27,1.02,4.5,10
10/28/1991,,32,8,0.27,3.5,12
10/29/1991,,24,-10,0,0,7
10/30/1991,,23,,0,0,7
10/31/1991,,28,0,0.01,0.3,7
11/1/1991,,26,8,0.1,2,8
11/2/1991,,20,-25,0,0,8
11/3/1991,,22,-22,0,0,7
11/4/1991,,29,,0,0,7
11/5/1991,,29,12,0.06,1,8
11/6/1991,,35,26,0.14,2,10
11/7/1991,,39,3,0,0,9
11/8/1991,,44,8,0,0,7
11/9/1991,,44,35,0.29,0,6
11/10/1991,,47,15,0,0,5
11/11/1991,,39,12,0,0,5
11/12/1991,,46,18,0,0,4
11/13/1991,,46,24,0.25,3.5,12
11/14/1991,,36,16,0.2,4,10
11/15/1991,,29,-4,0,0,10
11/16/1991,,36,-6,0,0,10
11/17/1991,,40,,0,0,10
11/18/1991,,33,22,0.2,5,12
11/19/1991,,35,2,0,0,12
11/20/1991,,26,8,0,0,12
11/21/1991,,32,13,0.15,2.5,14
11/22/1991,,29,-9,0,0,14
11/23/1991,,23,-19,0,0,13
11/24/1991,,25,,0,0,13
11/25/1991,,26,17,0,0,13
11/26/1991,,31,14,0.18,2.5,15
11/27/1991,,32,14,0.09,8,22
11/28/1991,,34,-8,0.04,1,22
11/29/1991,,27,-9,0,0,21
11/30/1991,,31,-31,0,0,20
12/1/1991,,15,,0,0,21
12/2/1991,,15,-24,0.13,2,21
12/3/1991,,25,6,0,0,20
12/4/1991,,25,12,0,0,19
12/5/1991,,30,12,0,0,18
12/6/1991,,39,10,0.13,1.5,19
12/7/1991,,35,28,0.63,10,23
12/8/1991,,32,-9,0.13,5,31
12/9/1991,,24,16,0.05,0,29
12/10/1991,,26,18,0,0,28
12/11/1991,,28,-18,0,0,28
12/12/1991,,24,-14,0,0,26
12/13/1991,,23,3,0.33,5,29
12/14/1991,,20,5,0,0,28
12/15/1991,,26,-12,0,0,27
12/16/1991,,32,-9,0,0,26
12/17/1991,,37,-9,0,0,25
12/18/1991,,31,-7,0,0,25
12/19/1991,,31,7,0.13,1.5,26
12/20/1991,,32,-18,0,0,25
12/21/1991,,22,-19,0,0,25
12/22/1991,,25,-10,0,0,25
12/23/1991,,27,-11,0,0,25
12/24/1991,,28,-10,0,0,25
12/25/1991,,33,-7,0,0,25
12/26/1991,,33,-7,0,0,24
12/27/1991,,29,-8,0,0,24
12/28/1991,,30,-10,0,0,24
12/29/1991,,33,-10,0.02,1,25
12/30/1991,,33,2,0,0,25
12/31/1991,,27,4,0,0,25
1/1/1992,,29,-8,0,0,25
1/2/1992,,25,-8,0,0,25
1/3/1992,,28,-10,0,0,25
1/4/1992,,35,-10,0,0,24
1/5/1992,,29,9,0.05,0.5,24
1/6/1992,,33,10,0,0,25
1/7/1992,,37,11,0.03,0,25
1/8/1992,,32,11,0,0,25
1/9/1992,,25,-5,0,0,25
1/10/1992,,27,-6,0,0,24
1/11/1992,,38,-3,0,0,24
1/12/1992,,26,-7,0,0,24
1/13/1992,,19,-2,0.02,0.5,25
1/14/1992,,,,,,
1/15/1992,,22,-22,,1.5,26
1/16/1992,,21,-18,0,0,26
1/17/1992,,25,-10,0.02,0.5,26
1/18/1992,,23,-19,0,0,26
1/19/1992,,28,-17,0,0,26
1/20/1992,,32,-11,0,0,26
1/21/1992,,36,-19,0,0,26
1/22/1992,,32,-19,0,0,26
1/23/1992,,23,2,0.02,0.5,26
1/24/1992,,28,18,0.07,1,26
1/25/1992,,34,22,0,0,26
1/26/1992,,42,8,0,0,26
1/27/1992,,38,3,0,0,26
1/28/1992,,36,3,0,0,25
1/29/1992,,42,8,0,0,25
1/30/1992,,39,10,0,0,25
1/31/1992,,43,-6,0,0,25
2/1/1992,,51,-3,0,0,25
2/2/1992,,49,-4,0,0,25
2/3/1992,,40,-5,0,0,25
2/4/1992,,43,-10,0,0,25
2/5/1992,,48,-11,0,0,25
2/6/1992,,46,-19,0,0,25
2/7/1992,,41,,0,0,25
2/8/1992,,43,-7,0,0,25
2/9/1992,,38,22,0.1,2,27
2/10/1992,,39,11,0,0,27
2/11/1992,,38,22,0.14,4,31
2/12/1992,,39,11,0.12,2,32
2/13/1992,,39,12,0.15,3,33
2/14/1992,,40,22,0.08,1,33
2/15/1992,,36,19,,0.5,32
2/16/1992,,38,17,0.1,3,35
2/17/1992,,35,7,0,0,34
2/18/1992,,35,-1,0.05,1,33
2/19/1992,,30,15,0.24,5,37
2/20/1992,,34,25,0.53,7,41
2/21/1992,,39,27,0.27,2,40
2/22/1992,,,27,0.26,4,42
2/23/1992,,42,2,0,0,39
2/24/1992,,38,10,0,0,39
2/25/1992,,39,2,0,0,39
2/26/1992,,44,0,0,0,37
2/27/1992,,52,1,0,0,36
2/28/1992,,56,4,0,0,34
2/29/1992,,,,,0,
3/1/1992,,51,12,0,0,32
3/2/1992,,52,15,0,0,32
3/3/1992,,49,12,0,0,30
3/4/1992,,56,15,0,0,28
3/5/1992,,56,22,0,0,27
3/6/1992,,50,23,0,0,26
3/7/1992,,49,21,0,0,24
3/8/1992,,46,23,0,0,24
3/9/1992,,45,11,0,0,23
3/10/1992,,,,0,0,
3/11/1992,,47,8,0,0,23
3/12/1992,,53,8,0,0,21
3/13/1992,,57,10,0,0,19
3/14/1992,,56,13,0,0,18
3/15/1992,,57,16,0,0,18
3/16/1992,,52,15,0.05,,18
3/17/1992,,50,23,0.06,0.5,17
3/18/1992,,43,26,0.4,6,23
3/19/1992,,43,4,0,0,19
3/20/1992,,40,14,0,0,17
3/21/1992,,44,6,0,0,18
3/22/1992,,45,-4,0,0,18
3/23/1992,,50,5,0,0,17
3/24/1992,,46,11,0,0,17
3/25/1992,,49,16,0,0,15
3/26/1992,,51,9,0,0,15
3/27/1992,,53,12,0.14,3,16
3/28/1992,,45,24,0.25,1,15
3/29/1992,,49,13,0,0,14
3/30/1992,,53,24,0,0,14
3/31/1992,,51,15,0,0,13
4/1/1992,,52,12,0,0,12
4/2/1992,,57,18,0,0,10
4/3/1992,,62,19,0,0,9
4/4/1992,,61,25,0,0,7
4/5/1992,,,,,,7
4/6/1992,,,,,,7
4/7/1992,,,,,,7
4/8/1992,,,,,,8
4/9/1992,,45,27,0.17,0,6
4/10/1992,,44,33,0.49,1,6
4/11/1992,,47,21,0.52,4,8
4/12/1992,,48,26,0,0,5
4/13/1992,,60,24,0,0,1
4/14/1992,,59,22,0,0,0
4/15/1992,,60,25,0,0,0
4/16/1992,,53,25,0.09,0,0
4/17/1992,,57,32,0.41,0,0
4/18/1992,,41,25,0.55,1,1
4/19/1992,,42,20,0,0,0
4/20/1992,,37,16,0,0,0
4/21/1992,,54,21,0,0,0
4/22/1992,,53,29,0.29,0,0
4/23/1992,,46,19,0.19,2,2
4/24/1992,,37,12,0,0,0
4/25/1992,,48,16,0,0,0
4/26/1992,,58,17,0,0,0
4/27/1992,,67,25,0,0,0
4/28/1992,,68,28,0,0,0
4/29/1992,,64,30,0,0,0
4/30/1992,,72,36,0,0,0
5/1/1992,,55,33,0,0,0
5/2/1992,,52,19,0,0,0
5/3/1992,,58,24,0,0,0
5/4/1992,,63,24,0,0,0
5/5/1992,,67,25,0,0,0
5/6/1992,,,,0,0,0
5/7/1992,,73,32,0,0,0
5/8/1992,,71,36,0,0,0
5/9/1992,,63,32,0.3,0,0
5/10/1992,,41,27,0,0,0
5/11/1992,,51,33,0,0,0
5/12/1992,,52,19,0,0,0
5/13/1992,,60,25,0,0,0
5/14/1992,,60,25,0,0,0
5/15/1992,,64,34,0.18,0,0
5/16/1992,,56,36,0.32,0,0
5/17/1992,,58,27,0,0,0
5/18/1992,,69,34,0.02,0,0
5/19/1992,,73,34,0,0,0
5/20/1992,,74,44,0,0,0
5/21/1992,,59,40,0,0,0
5/22/1992,,63,43,0,0,0
5/23/1992,,56,39,0,0,0
5/24/1992,,69,36,0,0,0
5/25/1992,,70,32,0,0,0
5/26/1992,,72,35,0.69,0,0
5/27/1992,,70,30,,0,0
5/28/1992,,70,27,,0,0
5/29/1992,,62,32,0,0,0
5/30/1992,,58,32,0,0,0
5/31/1992,,61,27,0,0,0
6/1/1992,,59,25,0,0,0
6/2/1992,,71,33,0,0,0
6/3/1992,,71,32,0.1,0,0
6/4/1992,,63,28,0,0,0
6/5/1992,,64,37,0.09,0,0
6/6/1992,,55,34,0.01,0,0
6/7/1992,,63,34,0,0,0
6/8/1992,,68,33,0,0,0
6/9/1992,,67,31,0.13,0,0
6/10/1992,,77,31,0,0,0
6/11/1992,,72,39,0.05,0,0
6/12/1992,,68,34,0.03,0,0
6/13/1992,,75,34,0.12,0,0
6/14/1992,,53,35,0.01,0,0
6/15/1992,,61,36,0.5,0,0
6/16/1992,,61,31,0.82,0,0
6/17/1992,,52,35,0.14,0,0
6/18/1992,,59,34,0.01,0,0
6/19/1992,,69,32,0,0,0
6/20/1992,,68,34,0.15,0,0
6/21/1992,,72,35,0,0,0
6/22/1992,,76,39,0,0,0
6/23/1992,,77,37,0,0,0
6/24/1992,,81,43,0,0,0
6/25/1992,,71,41,0.42,0,0
6/26/1992,,56,39,0.07,0,0
6/27/1992,,60,42,0.08,0,0
6/28/1992,,64,37,0.05,0,0
6/29/1992,,74,42,0,0,0
6/30/1992,,69,42,0.1,0,0
7/1/1992,,51,33,0.12,0,0
7/2/1992,,53,38,0.15,0,0
7/3/1992,,55,35,0.11,0,0
7/4/1992,,65,40,0.08,0,0
7/5/1992,,71,35,0,0,0
7/6/1992,,73,50,0,0,0
7/7/1992,,67,47,0,0,0
7/8/1992,,64,31,0,0,0
7/9/1992,,65,30,0.01,0,0
7/10/1992,,63,43,0,0,0
7/11/1992,,67,43,0.08,0,0
7/12/1992,,67,41,0.59,0,0
7/13/1992,,52,37,0.15,0,0
7/14/1992,,80,43,0.01,0,0
7/15/1992,,71,33,0,0,0
7/16/1992,,69,31,0,0,0
7/17/1992,,71,33,0,0,0
7/18/1992,,75,29,0,0,0
7/19/1992,,79,46,0,0,0
7/20/1992,,69,39,0,0,0
7/21/1992,,71,36,0.3,0,0
7/22/1992,,61,37,0,0,0
7/23/1992,,75,43,0,0,0
7/24/1992,,69,36,0.01,0,0
7/25/1992,,67,31,0,0,0
7/26/1992,,71,33,0,0,0
7/27/1992,,72,35,0,0,0
7/28/1992,,75,35,0,0,0
7/29/1992,,76,34,0,0,0
7/30/1992,,72,33,0,0,0
7/31/1992,,78,39,0,0,0
8/1/1992,,81,39,0,0,0
8/2/1992,,82,38,0,0,0
8/3/1992,,82,36,0,0,0
8/4/1992,,78,36,0.06,0,0
8/5/1992,,79,38,0,0,0
8/6/1992,,79,38,0,0,0
8/7/1992,,76,42,0,0,0
8/8/1992,,78,48,0,0,0
8/9/1992,,77,39,0,0,0
8/10/1992,,77,34,0,0,0
8/11/1992,,81,34,0,0,0
8/12/1992,,80,31,0,0,0
8/13/1992,,82,35,0,0,0
8/14/1992,,84,42,0,0,0
8/15/1992,,84,38,0,0,0
8/16/1992,,84,51,0,0,0
8/17/1992,,70,38,0.3,0,0
8/18/1992,,71,41,0.01,0,0
8/19/1992,,75,35,0,0,0
8/20/1992,,81,31,0.01,0,0
8/21/1992,,77,38,0.01,0,0
8/22/1992,,77,37,0.05,0,0
8/23/1992,,,38,0,0,0
8/24/1992,,54,23,0,0,0
8/25/1992,,52,15,0,0,0
8/26/1992,,56,14,0,0,0
8/27/1992,,61,25,0,0,0
8/28/1992,,69,37,0,0,0
8/29/1992,,72,25,0,0,0
8/30/1992,,67,24,0,0,0
8/31/1992,,71,34,0,0,0
9/1/1992,,72,32,0.74,0,0
9/2/1992,,63,35,0.17,0,0
9/3/1992,,67,34,0,0,0
9/4/1992,,71,43,0.16,0,0
9/5/1992,,53,32,0.54,0,0
9/6/1992,,53,32,0.41,0,0
9/7/1992,,49,14,0.38,0,0
9/8/1992,,50,23,0,0,0
9/9/1992,,58,28,0,0,0
9/10/1992,,61,25,0,0,0
9/11/1992,,68,32,0,0,0
9/12/1992,,70,36,0.02,0,0
9/13/1992,,60,29,0.15,0,0
9/14/1992,,47,19,0,0,0
9/15/1992,,61,26,0,0,0
9/16/1992,,63,28,0,0,0
9/17/1992,,65,40,0,0,0
9/18/1992,,64,20,0,0,0
9/19/1992,,65,18,0,0,0
9/20/1992,,64,,0,0,0
9/21/1992,,61,26,0.07,0,0
9/22/1992,,69,26,0.06,0,0
9/23/1992,,72,28,0,0,0
9/24/1992,,73,,0.01,0,0
9/25/1992,,,28,0.46,0,0
9/26/1992,,44,22,0.04,0,0
9/27/1992,,51,,0,0,0
9/28/1992,,59,21,0,0,0
9/29/1992,,63,,0,0,0
9/30/1992,,72,23,0,0,0
10/1/1992,,74,24,0,0,0
10/2/1992,,75,26,0,0,0
10/3/1992,,72,28,0,0,0
10/4/1992,,65,27,0.03,0,0
10/5/1992,,43,28,0.09,0,0
10/6/1992,,54,22,0.14,1,0
10/7/1992,,29,9,0,0,0
10/8/1992,,42,19,0,0,0
10/9/1992,,,,0,0,0
10/10/1992,,51,22,0,0,0
10/11/1992,,53,28,0,0,0
10/12/1992,,60,29,0,0,0
10/13/1992,,61,39,0,0,0
10/14/1992,,54,24,0.16,0,0
10/15/1992,,42,15,0,0,0
10/16/1992,,39,22,0,0,0
10/17/1992,,49,27,0,0,0
10/18/1992,,51,21,0,0,0
10/19/1992,,54,25,0,0,0
10/20/1992,,56,23,0,0,0
10/21/1992,,62,21,0,0,0
10/22/1992,,64,23,0.01,0,0
10/23/1992,,50,18,0,0,0
10/24/1992,,61,19,0,0,0
10/25/1992,,63,20,0,0,0
10/26/1992,,63,22,0,0,0
10/27/1992,,54,24,0,0,0
10/28/1992,,55,16,0,0,0
10/29/1992,,48,19,0,0,0
10/30/1992,,41,32,0.8,1,
10/31/1992,,39,22,0.17,0,0
11/1/1992,,36,26,0,0,0
11/2/1992,,34,13,0.17,2,
11/3/1992,,28,6,0.02,1,
11/4/1992,,28,-7,0,0,
11/5/1992,,32,,0.03,1,3
11/6/1992,,31,19,0,0,3
11/7/1992,,41,22,0.02,0.5,3
11/8/1992,,29,24,0.03,1,3
11/9/1992,,27,18,0.31,6,9
11/10/1992,,28,5,0.14,2,9
11/11/1992,,24,5,0,0,8
11/12/1992,,28,12,0,0,7
11/13/1992,,33,18,0,0,6
11/14/1992,,47,23,0,0,6
11/15/1992,,48,10,0,0,5
11/16/1992,,47,11,0,0,5
11/17/1992,,43,10,0,0,5
11/18/1992,,38,11,0.02,0,5
11/19/1992,,29,19,0.03,0,5
11/20/1992,,30,11,0.02,0.5,6
11/21/1992,,27,-7,0,0,5
11/22/1992,,30,-8,0.02,0.5,6
11/23/1992,,22,7,0.1,1,7
11/24/1992,,18,-10,0,0,7
11/25/1992,,22,-19,0,0,7
11/26/1992,,25,,0,0,7
11/27/1992,,32,-13,0,0,7
11/28/1992,,29,-10,,0.5,7
11/29/1992,,26,-14,0,0,7
11/30/1992,,23,-13,,0.5,8
12/1/1992,,27,-2,0.08,2,9
12/2/1992,,26,-6,0.12,2,11
12/3/1992,,16,1,0.48,8,17
12/4/1992,,10,-36,0,0,16
12/5/1992,,19,-31,0,0,15
12/6/1992,,20,-26,0,0,15
12/7/1992,,27,-17,0,0,14
12/8/1992,,27,,0.45,9.5,23
12/9/1992,,29,21,0.48,12,31
12/10/1992,,40,6,0.12,1.5,27
12/11/1992,,31,17,0.12,2.5,27
12/12/1992,,,10,0.08,1,22
12/13/1992,,21,-17,0,0,22
12/14/1992,,20,-20,0,0,22
12/15/1992,,20,-12,0.03,1,22
12/16/1992,,12,-20,0,0,22
12/17/1992,,17,-20,0.01,1,22
12/18/1992,,17,-1,0.05,0.5,22
12/19/1992,,12,-7,0.01,0.3,21
12/20/1992,,18,0,0.01,0.3,21
12/21/1992,,20,8,0.15,3,23
12/22/1992,,21,12,0.32,6,28
12/23/1992,,30,12,0.17,2,28
12/24/1992,,25,8,0.02,0,26
12/25/1992,,22,-3,0.02,0.8,26
12/26/1992,,24,-3,0,0,25
12/27/1992,,27,16,0.3,2,26
12/28/1992,,23,0,0.22,4,29
12/29/1992,,30,4,0.42,10,38
12/30/1992,,,7,0.9,15,44
12/31/1992,,23,5,0.1,1.5,40
1/1/1993,,33,7,0.15,3,39
1/2/1993,,20,15,0.47,9,46
1/3/1993,,,-15,0,0,42
1/4/1993,,14,-8,0,0,40
1/5/1993,,18,-14,0.03,0.5,38
1/6/1993,,21,-22,0.01,0.3,37
1/7/1993,,17,-28,0,0,36
1/8/1993,,22,-29,0.06,1,36
1/9/1993,,20,-9,0.13,2,36
1/10/1993,,24,-15,0.01,0.5,36
1/11/1993,,22,-11,0.07,1.5,37
1/12/1993,,13,-7,0.08,1.5,37
1/13/1993,,20,-29,0,0,36
1/14/1993,,33,-23,0.12,2,37
1/15/1993,,27,12,0.09,1.5,37
1/16/1993,,34,-4,0.02,0.5,37
1/17/1993,,32,6,0.02,0.5,37
1/18/1993,,32,-19,0,0,36
1/19/1993,,34,-17,0.05,1,36
1/20/1993,,34,18,0.01,0.5,36
1/21/1993,,30,15,0.31,3,37
1/22/1993,,29,13,0.56,8,45
1/23/1993,,,0,0.35,3,46
1/24/1993,,24,3,0.02,0.5,44
1/25/1993,,29,9,0,0,42
1/26/1993,,39,0,0,0,41
1/27/1993,,41,0,0,0,40
1/28/1993,,36,-5,0,0,39
1/29/1993,,40,-5,0,0,39
1/30/1993,,41,-11,0,0,38
1/31/1993,,43,-10,0,0,38
2/1/1993,,42,-9,0,0,37
2/2/1993,,36,-5,0.02,1,38
2/3/1993,,44,-9,0,0,37
2/4/1993,,46,-12,0,0,37
2/5/1993,,48,-13,0,0,37
2/6/1993,,31,-10,0,0,36
2/7/1993,,39,-10,0,0,36
2/8/1993,,46,-5,0,0,36
2/9/1993,,38,-6,0,0,36
2/10/1993,,30,20,0.31,2.5,38
2/11/1993,,30,14,0.09,1,38
2/12/1993,,32,12,0.04,1,39
2/13/1993,,29,11,0,0,38
2/14/1993,,30,8,0,0,38
2/15/1993,,,-5,0.03,0.5,38
2/16/1993,,10,-23,0.06,0.5,39
2/17/1993,,25,-30,0.02,0,39
2/18/1993,,31,-28,0.1,2,40
2/19/1993,,35,21,0.29,4,44
2/20/1993,,36,18,0.8,11,53
2/21/1993,,,10,0.15,2,50
2/22/1993,,24,6,0.13,2,51
2/23/1993,,27,0,0.03,0,50
2/24/1993,,38,-1,0.15,2,50
2/25/1993,,35,-10,0,0,48
2/26/1993,,29,-12,0,0,47
2/27/1993,,40,-25,0,0,47
2/28/1993,,50,,0,0,46
3/1/1993,,50,-10,0,0,45
3/2/1993,,38,-5,0.04,1,45
3/3/1993,,43,-8,0,0,44
3/4/1993,,42,-11,0,0,44
3/5/1993,,38,-5,0,0,44
3/6/1993,,49,18,0,0,44
3/7/1993,,46,13,0,0,43
3/8/1993,,42,12,0,0,42
3/9/1993,,42,14,,1,42
3/10/1993,,45,9,0,0,41
3/11/1993,,30,1,0,0,41
3/12/1993,,32,-25,0,0,41
3/13/1993,,44,-23,0,0,41
3/14/1993,,38,1,0.05,0.5,41
3/15/1993,,36,22,0.12,2,42
3/16/1993,,41,22,0.26,3,44
3/17/1993,,40,22,0.1,1.5,44
3/18/1993,,46,26,0.01,0.3,43
3/19/1993,,44,27,0,0,41
3/20/1993,,42,23,0.11,2,43
3/21/1993,,44,7,0.12,0.5,41
3/22/1993,,50,9,0,0,40
3/23/1993,,57,11,0,0,39
3/24/1993,,58,15,0,0,37
3/25/1993,,49,24,0.32,0.5,36
3/26/1993,,56,32,0.28,0,32
3/27/1993,,51,20,0,0,30
3/28/1993,,54,27,0,0,30
3/29/1993,,43,30,0,0,30
3/30/1993,,47,18,0,0,30
3/31/1993,,48,19,0,0,27
4/1/1993,,55,10,0,0,25
4/2/1993,,41,21,0,0,24
4/3/1993,,48,27,0,0,24
4/4/1993,,43,29,0,0,24
4/5/1993,,43,24,,1,24
4/6/1993,,47,2,0,0,24
4/7/1993,,46,3,0,0,19
4/8/1993,,,28,0.14,2.5,22
4/9/1993,,41,,0,0,
4/10/1993,,42,9,0.37,3,25
4/11/1993,,36,18,0.2,4,27
4/12/1993,,34,14,0,0,25
4/13/1993,,46,13,0.19,4,27
4/14/1993,,49,7,0,0,24
4/15/1993,,47,6,0,0,24
4/16/1993,,49,21,,1,24
4/17/1993,,48,22,0.18,1,24
4/18/1993,,38,30,,1,24
4/19/1993,,44,23,0.52,5,29
4/20/1993,,48,11,0.01,0.5,26
4/21/1993,,55,18,0,0,25
4/22/1993,,47,25,0,0,23
4/23/1993,,45,26,0.35,4,26
4/24/1993,,47,25,0.03,1,23
4/25/1993,,46,26,0.01,0,22
4/26/1993,,49,29,0.02,0,20
4/27/1993,,47,11,0.37,5.5,25
4/28/1993,,49,15,0,0,21
4/29/1993,,44,25,0,0,19
4/30/1993,,50,26,0,0,19
5/1/1993,,50,19,0.04,0,17
5/2/1993,,53,22,0,0,14
5/3/1993,,56,24,0,0,12
5/4/1993,,48,30,0.58,2,14
5/5/1993,,51,29,0.01,0,12
5/6/1993,,48,32,0.09,0,9
5/7/1993,,44,31,0,0,9
5/8/1993,,47,22,0.09,1.5,10
5/9/1993,,47,15,0.02,0.3,9
5/10/1993,,66,19,0,0,9
5/11/1993,,71,23,0,0,4
5/12/1993,,72,24,0,0,0
5/13/1993,,72,29,0,0,0
5/14/1993,,69,32,0,0,0
5/15/1993,,65,36,0.13,0,0
5/16/1993,,64,31,0.11,0,0
5/17/1993,,63,34,0,0,0
5/18/1993,,65,27,0.07,0,0
5/19/1993,,,32,0,0,0
5/20/1993,,69,35,0.01,0,0
5/21/1993,,52,37,0.28,0,0
5/22/1993,,50,32,0.88,0.5,1
5/23/1993,,55,33,0.08,0,0
5/24/1993,,58,35,0.02,0,0
5/25/1993,,67,27,0.03,0,0
5/26/1993,,67,39,0,0,0
5/27/1993,,69,31,0,0,0
5/28/1993,,69,31,0,0,0
5/29/1993,,61,39,0.08,0,0
5/30/1993,,66,29,0.06,0,0
5/31/1993,,,34,0,0,0
6/1/1993,,,41,0,0,0
6/2/1993,,63,,0,0,0
6/3/1993,,48,29,0.55,0,0
6/4/1993,,51,35,0.06,0,0
6/5/1993,,47,35,0,0,0
6/6/1993,,52,37,0.63,0,0
6/7/1993,,51,33,0.63,0,0
6/8/1993,,51,34,0.05,0,0
6/9/1993,,52,35,0.04,0,0
6/10/1993,,62,40,0,0,0
6/11/1993,,58,40,0.21,0,0
6/12/1993,,,27,0.26,0,0
6/13/1993,,58,25,0.1,1.3,1
6/14/1993,,63,26,0,0,0
6/15/1993,,68,38,0.6,0,0
6/16/1993,,72,40,0.2,0,0
6/17/1993,,56,32,0.34,0.3,0
6/18/1993,,68,31,0.01,0,0
6/19/1993,,69,,0,0,0
6/20/1993,,76,36,0,0,0
6/21/1993,,72,41,0,0,0
6/22/1993,,,38,0.58,0,0
6/23/1993,,44,31,,0.3,0
6/24/1993,,52,35,0,0,0
6/25/1993,,64,28,0.01,0,0
6/26/1993,,73,33,0,0,0
6/27/1993,,73,33,0,0,0
6/28/1993,,,37,0,0,0
6/29/1993,,60,26,0,0,0
6/30/1993,,65,32,0,0,0
7/1/1993,,65,32,0,0,0
7/2/1993,,69,32,0,0,0
7/3/1993,,,35,0.31,0,0
7/4/1993,,50,,0.17,0,1
7/5/1993,,55,34,0.43,0,0
7/6/1993,,54,34,0.08,0,0
7/7/1993,,58,29,0.04,0,0
7/8/1993,,60,40,0.09,0,0
7/9/1993,,67,39,0,0,0
7/10/1993,,66,38,0,0,0
7/11/1993,,66,30,0.22,0,0
7/12/1993,,62,33,0,0,0
7/13/1993,,65,29,0,0,0
7/14/1993,,66,31,0,0,0
7/15/1993,,68,40,0,0,0
7/16/1993,,59,38,0.02,0,0
7/17/1993,,68,37,0,0,0
7/18/1993,,64,39,0.02,0,0
7/19/1993,,75,29,0,0,0
7/20/1993,,69,38,0,0,0
7/21/1993,,55,37,0,0,0
7/22/1993,,52,34,0.05,0,0
7/23/1993,,51,41,0.21,0,0
7/24/1993,,55,42,0.31,0,0
7/25/1993,,63,34,0.13,0,0
7/26/1993,,54,39,0.01,0,0
7/27/1993,,65,38,0,0,0
7/28/1993,,76,30,0,0,0
7/29/1993,,79,39,0,0,0
7/30/1993,,74,42,0,0,0
7/31/1993,,70,38,0,0,0
8/1/1993,,76,32,0,0,0
8/2/1993,,83,36,0,0,0
8/3/1993,,72,30,0,0,0
8/4/1993,,74,39,0,0,0
8/5/1993,,70,36,0.02,0,0
8/6/1993,,69,36,0.09,0,0
8/7/1993,,72,38,0,0,0
8/8/1993,,68,39,0.21,0,0
8/9/1993,,76,33,0,0,0
8/10/1993,,76,45,0,0,0
8/11/1993,,68,43,0,0,0
8/12/1993,,72,39,0.09,0,0
8/13/1993,,66,37,0,0,0
8/14/1993,,73,32,0,0,0
8/15/1993,,73,34,0,0,0
8/16/1993,,50,28,0.09,0,0
8/17/1993,,70,26,0,0,0
8/18/1993,,72,,0,0,0
8/19/1993,,75,31,0,0,0
8/20/1993,,70,47,0.31,0,0
8/21/1993,,62,47,0.37,0,0
8/22/1993,,60,36,0.08,0,0
8/23/1993,,71,32,0.07,0,0
8/24/1993,,71,35,0,0,0
8/25/1993,,68,41,0,0,0
8/26/1993,,58,30,0.02,0,0
8/27/1993,,65,23,0,0,0
8/28/1993,,67,23,0,0,0
8/29/1993,,55,33,0,0,0
8/30/1993,,62,25,0,0,0
8/31/1993,,66,20,0,0,0
9/1/1993,,66,,0,0,0
9/2/1993,,67,29,0.02,0,0
9/3/1993,,69,27,0,0,0
9/4/1993,,67,26,0,0,0
9/5/1993,,,32,0.32,0,0
9/6/1993,,69,,0,0,0
9/7/1993,,,32,0,0,0
9/8/1993,,71,,0,0,0
9/9/1993,,74,29,0,0,0
9/10/1993,,74,30,0,0,0
9/11/1993,,71,28,0,0,0
9/12/1993,,50,42,0,0.5,0
9/13/1993,,49,23,0,0,0
9/14/1993,,51,19,0,0,0
9/15/1993,,50,23,0,0,0
9/16/1993,,62,30,0.02,0,0
9/17/1993,,62,29,0,0,0
9/18/1993,,52,28,0,0,0
9/19/1993,,55,,0.38,0,0
9/20/1993,,60,29,0.03,0,0
9/21/1993,,59,25,0.01,0,0
9/22/1993,,58,16,0,0,0
9/23/1993,,65,15,0,0,0
9/24/1993,,65,16,0,0,0
9/25/1993,,64,30,0,0,0
9/26/1993,,59,14,0,0,0
9/27/1993,,68,21,0,0,0
9/28/1993,,69,13,0,0,0
9/29/1993,,69,22,0,0,0
9/30/1993,,65,,0,0,0
10/1/1993,,62,28,0,0,0
10/2/1993,,69,21,0,0,0
10/3/1993,,70,21,0,0,0
10/4/1993,,70,24,0,0,0
10/5/1993,,71,22,0,0,0
10/6/1993,,59,29,0.1,0,0
10/7/1993,,61,40,0.3,0,0
10/8/1993,,,25,0.51,0.3,
10/9/1993,,38,20,0.1,0,0
10/10/1993,,39,21,0,0,0
10/11/1993,,55,23,0,0,0
10/12/1993,,46,26,0.08,0,0
10/13/1993,,48,35,0.06,0,0
10/14/1993,,44,33,0.33,0,0
10/15/1993,,44,30,0.17,0,0
10/16/1993,,45,31,0.04,0,0
10/17/1993,,47,25,0,0,0
10/18/1993,,46,16,0,0,0
10/19/1993,,41,17,0,0,0
10/20/1993,,43,12,0,0,0
10/21/1993,,51,18,0,0,0
10/22/1993,,53,20,0,0,0
10/23/1993,,55,22,0,0,0
10/24/1993,,53,25,0,0,0
10/25/1993,,43,22,0,0,0
10/26/1993,,45,14,0,0,0
10/27/1993,,35,22,0,0,0
10/28/1993,,35,30,0,0,0
10/29/1993,,31,-1,0.05,0.5,1
10/30/1993,,44,1,0,0,0
10/31/1993,,,6,0,0,0
11/1/1993,,32,10,0,0,0
11/2/1993,,34,7,0,0,0
11/3/1993,,41,22,0,0,0
11/4/1993,,33,19,0,0,
11/5/1993,,29,9,0.01,0.5,
11/6/1993,,30,4,0,0,
11/7/1993,,35,7,0,0.3,
11/8/1993,,35,9,0,0,
11/9/1993,,38,5,0,0,
11/10/1993,,47,6,0,0,
11/11/1993,,48,3,0,0,0
11/12/1993,,40,3,0,0,0
11/13/1993,,27,2,0,0,0
11/14/1993,,33,3,0,0,0
11/15/1993,,33,4,0,0,0
11/16/1993,,33,3,0,0,0
11/17/1993,,40,3,0,0,0
11/18/1993,,26,12,0.01,0.3,0
11/19/1993,,28,-8,0.07,2.5,1
11/20/1993,,32,-8,0,0,1
11/21/1993,,40,2,0,0,1
11/22/1993,,33,4,0.13,2.5,3
11/23/1993,,,-8,0.65,8,11
11/24/1993,,5,-15,0.04,1,9
11/25/1993,,5,-32,0,0,8
11/26/1993,,13,-27,0,0,8
11/27/1993,,20,-25,0,0,7
11/28/1993,,34,-22,0,0,7
11/29/1993,,35,7,0.05,1.5,8
11/30/1993,,35,18,0,0,7
12/1/1993,,27,17,0.13,2,9
12/2/1993,,28,17,0.38,9,16
12/3/1993,,30,8,0,0,13
12/4/1993,,29,,0,0,12
12/5/1993,,,-5,0.37,7,17
12/6/1993,,25,-17,0,0,15
12/7/1993,,28,-6,0,0,15
12/8/1993,,33,11,0.15,4,17
12/9/1993,,34,23,0.66,7,21
12/10/1993,,42,20,0,0,18
12/11/1993,,45,0,0,0,17
12/12/1993,,30,0,0.08,2,19
12/13/1993,,28,-9,0.01,0.5,18
12/14/1993,,38,-15,0,0,17
12/15/1993,,34,6,0,0,16
12/16/1993,,25,9,0,0,16
12/17/1993,,24,0,0,0.3,15
12/18/1993,,23,-4,0,0,13
12/19/1993,,21,-8,0,0,12
12/20/1993,,19,-8,0,0,12
12/21/1993,,21,0,0,0,12
12/22/1993,,17,-15,0.01,0.3,13
12/23/1993,,12,-13,0.03,1,14
12/24/1993,,23,-12,0,1,15
12/25/1993,,27,-7,0,0,15
12/26/1993,,36,-5,0,0,15
12/27/1993,,32,5,0,0,15
12/28/1993,,28,5,0,0,15
12/29/1993,,25,-8,0,0,15
12/30/1993,,33,-4,0,0,15
12/31/1993,,27,-9,0.13,3,18
1/1/1994,,30,12,,1,18
1/2/1994,,28,5,0.29,6,23
1/3/1994,,34,3,0.13,1.5,22
1/4/1994,,38,13,0,0,22
1/5/1994,,,20,0.78,8,26
1/6/1994,,21,7,0.01,1,26
1/7/1994,,19,-6,0.03,1,26
1/8/1994,,26,12,0.16,2,26
1/9/1994,,28,11,0.05,0.5,26
1/10/1994,,27,10,0,0,25
1/11/1994,,28,13,0,0,25
1/12/1994,,26,15,0.01,0.5,25
1/13/1994,,30,18,0,0,24
1/14/1994,,34,22,0,0,23
1/15/1994,,34,25,0,0,23
1/16/1994,,,8,0.02,0,23
1/17/1994,,23,8,0.03,0.5,23
1/18/1994,,31,15,0,0,23
1/19/1994,,36,12,0,0,22
1/20/1994,,41,-3,0,0,21
1/21/1994,,43,-3,0,0,21
1/22/1994,,46,-3,0,0,21
1/23/1994,,46,-3,0,0,21
1/24/1994,,40,-2,0.04,1,22
1/25/1994,,43,4,0.01,0,23
1/26/1994,,38,-3,0,0,23
1/27/1994,,26,-3,0.01,0.3,22
1/28/1994,,30,-15,0,0.3,22
1/29/1994,,26,-14,0.03,2,23
1/30/1994,,17,-16,0.02,0.5,24
1/31/1994,,15,-25,0,0,24
2/1/1994,,20,-27,0,0,23
2/2/1994,,28,-13,0,0,23
2/3/1994,,26,-13,0,0,23
2/4/1994,,28,-6,0,0,23
2/5/1994,,26,-8,0,0,22
2/6/1994,,29,1,0,0,22
2/7/1994,,28,12,0.4,9,31
2/8/1994,,28,7,0.75,13,40
2/9/1994,,17,-15,0.01,0.3,37
2/10/1994,,28,-2,0.18,3.5,38
2/11/1994,,24,10,0.27,4,39
2/12/1994,,23,-20,0,0,37
2/13/1994,,31,-19,0,0,36
2/14/1994,,35,-2,0,0,35
2/15/1994,,44,-5,0,0,35
2/16/1994,,49,-3,0,0,33
2/17/1994,,41,11,0,0,32
2/18/1994,,29,15,0.25,3,35
2/19/1994,,29,15,0.22,4,38
2/20/1994,,29,6,0.05,1,37
2/21/1994,,31,5,0,0,36
2/22/1994,,32,0,0.1,2,37
2/23/1994,,25,0,0.03,1.2,37
2/24/1994,,26,11,0.74,7,44
2/25/1994,,36,9,0.3,4,45
2/26/1994,,41,10,0.46,4.5,47
2/27/1994,,45,26,0.14,2,47
2/28/1994,,37,6,0.1,1,45
3/1/1994,,49,8,0,0,42
3/2/1994,,50,23,0,0,41
3/3/1994,,53,21,0,0,38
3/4/1994,,50,19,0,0,35
3/5/1994,,43,20,0.23,1,33
3/6/1994,,45,2,0,0,33
3/7/1994,,43,0,0,0,33
3/8/1994,,45,4,0,0,33
3/9/1994,,47,-3,0,0,33
3/10/1994,,50,1,0,0,33
3/11/1994,,43,4,0.15,4,37
3/12/1994,,53,0,0,0,34
3/13/1994,,54,5,0,0,32
3/14/1994,,54,10,0,0,32
3/15/1994,,60,17,0,0,31
3/16/1994,,55,20,0,0,30
3/17/1994,,41,21,0,0,27
3/18/1994,,48,14,0,0,27
3/19/1994,,30,22,0.14,3,30
3/20/1994,,34,-12,0.22,4.5,33
3/21/1994,,40,0,0,0,30
3/22/1994,,38,28,0,0,29
3/23/1994,,,13,0.43,4,34
3/24/1994,,42,-15,0.03,1,34
3/25/1994,,44,-8,0,0,33
3/26/1994,,37,-7,0,0,31
3/27/1994,,40,0,0.01,0.5,31
3/28/1994,,39,6,0,0,31
3/29/1994,,43,-6,0,0,31
3/30/1994,,58,,0,0,30
3/31/1994,,59,,0,0,28
4/1/1994,,57,,0,0,26
4/2/1994,,54,19,0,0,25
4/3/1994,,43,,0,0,24
4/4/1994,,33,24,0.2,2,26
4/5/1994,,35,-5,0,0,25
4/6/1994,,41,,0,0,24
4/7/1994,,38,25,0.43,6,30
4/8/1994,,39,6,0.15,2,30
4/9/1994,,50,5,0,0,28
4/10/1994,,45,14,0,0,25
4/11/1994,,56,9,0,0,24
4/12/1994,,52,,0,0,23
4/13/1994,,46,13,0,0,23
4/14/1994,,43,26,0,0,20
4/15/1994,,53,15,0,0,19
4/16/1994,,65,19,0,0,18
4/17/1994,,68,23,0,0,17
4/18/1994,,67,28,0,0,12
4/19/1994,,67,27,0,0,12
4/20/1994,,67,25,0,0,6
4/21/1994,,68,22,0,0,0
4/22/1994,,61,31,0,0,0
4/23/1994,,57,25,0.03,0,0
4/24/1994,,48,27,0.02,0.2,0
4/25/1994,,47,28,0.52,1.5,1
4/26/1994,,35,19,0.06,3,2
4/27/1994,,39,12,0,0,0
4/28/1994,,34,17,0.03,0.5,0
4/29/1994,,48,4,0,0,0
4/30/1994,,48,9,0,0,0
5/1/1994,,52,25,0,0,0
5/2/1994,,50,23,0,0,0
5/3/1994,,56,38,0.03,0,0
5/4/1994,,57,34,0,0,0
5/5/1994,,61,36,0.49,0,0
5/6/1994,,66,28,0,0,0
5/7/1994,,69,22,0,0,0
5/8/1994,,67,39,0,0,0
5/9/1994,,73,27,0,0,0
5/10/1994,,71,32,0,0,0
5/11/1994,,72,31,0,0,0
5/12/1994,,66,30,0,0,0
5/13/1994,,57,29,0.33,0,0
5/14/1994,,60,32,0,0,0
5/15/1994,,58,37,0,0,0
5/16/1994,,62,30,0.28,0,0
5/17/1994,,45,32,0.47,0,0
5/18/1994,,54,31,0.22,0,0
5/19/1994,,58,35,0.02,0,0
5/20/1994,,48,27,0.02,0,0
5/21/1994,,57,33,0.2,0,0
5/22/1994,,63,22,0,0,0
5/23/1994,,67,36,0,0,0
5/24/1994,,70,28,0.01,0,0
5/25/1994,,73,28,0,0,0
5/26/1994,,73,33,0,0,0
5/27/1994,,66,38,0,0,0
5/28/1994,,61,37,0.7,0,0
5/29/1994,,60,40,0.1,0,0
5/30/1994,,66,44,0.01,0,0
5/31/1994,,72,33,0,0,0
6/1/1994,,64,37,0.3,0,0
6/2/1994,,66,34,0,0,0
6/3/1994,,71,33,0,0,0
6/4/1994,,67,38,0.08,0,0
6/5/1994,,72,32,0,0,0
6/6/1994,,72,34,0,0,0
6/7/1994,,51,30,0,0,0
6/8/1994,,46,28,0.08,1,1
6/9/1994,,55,27,0.19,0,0
6/10/1994,,67,28,0.01,0,0
6/11/1994,,73,26,0,0,0
6/12/1994,,67,45,0.09,0,0
6/13/1994,,60,50,0.25,0,0
6/14/1994,,,33,0.75,0,0
6/15/1994,,55,25,0.15,0,0
6/16/1994,,54,30,0,0,0
6/17/1994,,68,22,0,0,0
6/18/1994,,75,30,0,0,0
6/19/1994,,79,28,0,0,0
6/20/1994,,86,38,0,0,0
6/21/1994,,81,46,0,0,0
6/22/1994,,74,42,0.32,0,0
6/23/1994,,79,38,0.05,0,0
6/24/1994,,77,33,0.02,0,0
6/25/1994,,82,38,0,0,0
6/26/1994,,67,42,0,0,0
6/27/1994,,69,29,0,0,0
6/28/1994,,69,30,0,0,0
6/29/1994,,72,38,0,0,0
6/30/1994,,79,35,0,0,0
7/1/1994,,77,40,0,0,0
7/2/1994,,71,37,0,0,0
7/3/1994,,66,36,0,0,0
7/4/1994,,68,31,0,0,0
7/5/1994,,76,30,0.17,0,0
7/6/1994,,74,30,0,0,
7/7/1994,,67,29,0.14,0,0
7/8/1994,,76,32,0,0,0
7/9/1994,,80,36,0,0,0
7/10/1994,,78,40,1.3,0,0
7/11/1994,,,29,0,0,0
7/12/1994,,76,27,0,0,0
7/13/1994,,72,36,0,0,0
7/14/1994,,70,33,0,0,0
7/15/1994,,76,34,0.01,0,0
7/16/1994,,79,28,0.01,0,0
7/17/1994,,82,36,0,0,0
7/18/1994,,82,37,0,0,0
7/19/1994,,72,35,0,0,0
7/20/1994,,75,31,0,0,0
7/21/1994,,85,31,0,0,0
7/22/1994,,87,36,0,0,0
7/23/1994,,73,50,0.01,0,0
7/24/1994,,80,42,0.01,0,0
7/25/1994,,81,43,0.03,0,0
7/26/1994,,83,38,0,0,0
7/27/1994,,87,37,0,0,0
7/28/1994,,83,41,0,0,0
7/29/1994,,86,38,0,0,0
7/30/1994,,82,43,0,0,0
7/31/1994,,83,44,0.02,0,0
8/1/1994,,83,49,0,0,0
8/2/1994,,81,42,0.02,0,0
8/3/1994,,73,38,0,0,0
8/4/1994,,89,42,0.01,0,0
8/5/1994,,88,41,0,0,0
8/6/1994,,81,36,0,0,0
8/7/1994,,81,35,0,0,0
8/8/1994,,79,32,0,0,0
8/9/1994,,73,,0.35,0,0
8/10/1994,,79,37,0,0,0
8/11/1994,,82,51,0.05,0,0
8/12/1994,,82,39,0.04,0,0
8/13/1994,,81,35,0.12,0,0
8/14/1994,,85,36,0,0,0
8/15/1994,,86,38,0.08,0,0
8/16/1994,,83,34,0,0,0
8/17/1994,,79,30,0,0,0
8/18/1994,,82,32,0,0,0
8/19/1994,,82,33,0,0,0
8/20/1994,,83,35,0,0,0
8/21/1994,,78,38,0,0,0
8/22/1994,,73,38,0.02,0,0
8/23/1994,,76,37,0,0,0
8/24/1994,,81,34,0,0,0
8/25/1994,,78,28,0,0,0
8/26/1994,,80,34,0,0,0
8/27/1994,,75,38,0,0,0
8/28/1994,,74,35,0,0,0
8/29/1994,,75,34,0.2,0,0
8/30/1994,,76,,0,0,0
8/31/1994,,74,30,0,0,0
9/1/1994,,77,26,0,0,0
9/2/1994,,77,29,0.02,0,0
9/3/1994,,67,37,0,0,0
9/4/1994,,64,28,0,0,0
9/5/1994,,71,21,0,0,0
9/6/1994,,77,18,0,0,0
9/7/1994,,78,29,0,0,0
9/8/1994,,80,31,0,0,0
9/9/1994,,75,34,0,0,0
9/10/1994,,75,27,0,0,0
9/11/1994,,70,26,0.04,0,0
9/12/1994,,70,32,0.02,0,0
9/13/1994,,65,34,0,0,0
9/14/1994,,60,34,0.02,0,0
9/15/1994,,59,29,0.04,0,0
9/16/1994,,70,25,0,0,0
9/17/1994,,71,29,0,0,0
9/18/1994,,72,32,0,0,0
9/19/1994,,69,24,0.02,0,0
9/20/1994,,70,24,0,0,0
9/21/1994,,64,29,0,0,0
9/22/1994,,64,32,0,0,0
9/23/1994,,76,26,0,0,0
9/24/1994,,77,21,0,0,0
9/25/1994,,77,22,0,0,0
9/26/1994,,74,26,0,0,0
9/27/1994,,78,26,0,0,0
9/28/1994,,77,25,0,0,0
9/29/1994,,62,27,0,0,0
9/30/1994,,57,39,0.18,0,0
10/1/1994,,59,39,0.11,0,0
10/2/1994,,,26,0.45,1,1
10/3/1994,,36,22,,8,8
10/4/1994,,42,10,0,0,1
10/5/1994,,47,,0.08,0,
10/6/1994,,45,32,0.44,0,0
10/7/1994,,52,26,0,0,0
10/8/1994,,54,23,0,0,0
10/9/1994,,60,22,0,0,0
10/10/1994,,64,23,0,0,0
10/11/1994,,50,23,0,0,0
10/12/1994,,56,27,0.12,0,0
10/13/1994,,58,27,0,0,0
10/14/1994,,46,26,0.03,0,0
10/15/1994,,43,28,0.06,1,1
10/16/1994,,46,23,0.42,0,0
10/17/1994,,43,26,0,0,0
10/18/1994,,47,23,0,0,0
10/19/1994,,45,24,0,0,0
10/20/1994,,46,24,0,0,0
10/21/1994,,43,22,0,0,0
10/22/1994,,41,14,0,0,0
10/23/1994,,46,11,0.1,0,0
10/24/1994,,55,16,0,0,0
10/25/1994,,57,14,0,0,0
10/26/1994,,52,14,0,0,0
10/27/1994,,41,18,0,0,0
10/28/1994,,,16,0,0,0
10/29/1994,,52,10,0,0,0
10/30/1994,,34,15,0,0,0
10/31/1994,,43,,0,0,0
11/1/1994,,43,25,0.13,1,1
11/2/1994,,33,-4,0.4,5,5
11/3/1994,,33,-18,0,0,3
11/4/1994,,29,-19,0,0,4
11/5/1994,,27,13,,1.5,5
11/6/1994,,34,20,,6,10
11/7/1994,,46,27,0.86,6,16
11/8/1994,,32,-14,0.05,1,14
11/9/1994,,33,-13,0,0,13
11/10/1994,,47,16,0.2,3,15
11/11/1994,,27,5,0.05,1,12
11/12/1994,,27,17,0.04,1,12
11/13/1994,,28,10,0,0,12
11/14/1994,,24,-10,0,,13
11/15/1994,,31,-17,0.09,0.5,13
11/16/1994,,26,-13,0.18,4,17
11/17/1994,,23,3,0.13,3,17
11/18/1994,,25,-8,0,0,16
11/19/1994,,26,-19,0,0,15
11/20/1994,,24,-17,0,0,15
11/21/1994,,20,-8,0.07,2.1,16
11/22/1994,,19,-26,0,0,16
11/23/1994,,33,-23,0,0,15
11/24/1994,,35,-11,0,0,15
11/25/1994,,39,6,0.01,0.4,
11/26/1994,,22,7,0.3,,
11/27/1994,,14,-5,0.02,0,18
11/28/1994,,18,-5,0.02,3,17
11/29/1994,,27,-5,0,0,17
11/30/1994,,37,,0.16,3,20
12/1/1994,,37,26,0.08,0.5,19
12/2/1994,,31,27,0.32,4,22
12/3/1994,,31,24,0.49,11,32
12/4/1994,,28,25,0.93,17,41
12/5/1994,,32,18,0.4,6,41
12/6/1994,,31,17,0.08,3,39
12/7/1994,,22,-3,0.26,3.5,39
12/8/1994,,14,-15,0,0,35
12/9/1994,,16,-12,0,0.3,33
12/10/1994,,21,-14,0.02,0.3,31
12/11/1994,,23,-14,0,0,30
12/12/1994,,30,-14,0.01,1,30
12/13/1994,,28,10,0.2,2,32
12/14/1994,,19,-2,0.01,1,30
12/15/1994,,22,-1,0.02,0.3,29
12/16/1994,,29,-2,0.14,3.5,33
12/17/1994,,31,19,0.3,6.5,36
12/18/1994,,41,2,0,0,33
12/19/1994,,25,4,0.11,2,33
12/20/1994,,33,0,0,0,32
12/21/1994,,40,-3,0,0,31
12/22/1994,,32,-7,0,0,31
12/23/1994,,41,-8,0,0,30
12/24/1994,,37,12,0,0,29
12/25/1994,,34,25,0.07,1,29
12/26/1994,,32,20,0.13,2,30
12/27/1994,,36,24,0,0,30
12/28/1994,,41,18,0,0,29
12/29/1994,,25,11,0.17,4,32
12/30/1994,,16,-12,0,0,30
12/31/1994,,11,-23,0,0,29
1/1/1995,,11,-27,0,0,29
1/2/1995,,16,-27,0,0,29
1/3/1995,,11,-31,0,0,29
1/4/1995,,23,-28,0,0,29
1/5/1995,,24,-27,0,0,29
1/6/1995,,24,-4,0.03,2,30
1/7/1995,,24,-3,0.07,3,32
1/8/1995,,32,18,0.51,7,36
1/9/1995,,39,25,0.29,4,39
1/10/1995,,40,30,0.19,1,36
1/11/1995,,33,31,0.5,6,37
1/12/1995,,33,22,0.1,2,38
1/13/1995,,35,22,0.55,4,39
1/14/1995,,38,23,0.18,3,41
1/15/1995,,33,23,0.53,9,45
1/16/1995,,25,16,0.07,2,45
1/17/1995,,24,-4,0.09,2,44
1/18/1995,,25,-1,0.01,1,43
1/19/1995,,31,14,0.01,0.5,42
1/20/1995,,31,6,0,0,42
1/21/1995,,29,-16,0,0,42
1/22/1995,,29,-16,0,0,41
1/23/1995,,32,-15,0,0,40
1/24/1995,,35,-16,0,0,38
1/25/1995,,41,-5,0,0,38
1/26/1995,,40,24,0.01,0.5,38
1/27/1995,,33,23,0.02,0.5,38
1/28/1995,,32,10,0,0,38
1/29/1995,,33,-14,0,0,38
1/30/1995,,33,-1,0,0,38
1/31/1995,,36,20,0.08,1,38
2/1/1995,,39,28,0.08,1.5,37
2/2/1995,,38,18,0.29,2,39
2/3/1995,,44,1,0,0,38
2/4/1995,,42,12,0,0,37
2/5/1995,,44,11,,0.5,37
2/6/1995,,48,11,0,0,37
2/7/1995,,42,8,0,0,36
2/8/1995,,45,11,0,0,35
2/9/1995,,34,-1,0,0,35
2/10/1995,,22,0,0.3,2,37
2/11/1995,,18,-27,0,0,36
2/12/1995,,14,-22,0,0,36
2/13/1995,,25,,0.19,2,38
2/14/1995,,25,0,0.4,9,45
2/15/1995,,16,2,0.02,0.5,43
2/16/1995,,33,6,0.08,3,45
2/17/1995,,38,,0,0,41
2/18/1995,,41,22,0.67,10,49
2/19/1995,,44,22,0,0,47
2/20/1995,,54,31,0,0,43
2/21/1995,,56,10,0,0,38
2/22/1995,,48,13,0,0,38
2/23/1995,,52,13,0,0,37
2/24/1995,,54,11,0,0,37
2/25/1995,,54,13,0,0,35
2/26/1995,,44,24,0,0,35
2/27/1995,,45,21,0,0.3,35
2/28/1995,,38,2,0,0.3,35
3/1/1995,,36,-7,0,0,35
3/2/1995,,41,-13,0,0,34
3/3/1995,,38,-11,0.15,3,37
3/4/1995,,34,20,0.25,4,41
3/5/1995,,26,20,0.22,5,44
3/6/1995,,29,-14,0.52,8,48
3/7/1995,,31,,0.05,2,48
3/8/1995,,44,8,0,0,45
3/9/1995,,51,11,0,0.2,43
3/10/1995,,52,32,0.13,1,41
3/11/1995,,42,33,1.4,0,37
3/12/1995,,42,28,1.06,3,40
3/13/1995,,39,22,0.08,1,
3/14/1995,,46,,0.12,,
3/15/1995,,46,25,0.03,0,37
3/16/1995,,44,17,0,0,37
3/17/1995,,54,10,0.1,0,36
3/18/1995,,45,14,0,0,36
3/19/1995,,44,24,0.39,0.5,36
3/20/1995,,45,9,0,0,35
3/21/1995,,42,22,0.64,5,40
3/22/1995,,35,19,0.15,2,39
3/23/1995,,43,7,0,0,37
3/24/1995,,27,17,0.02,1,37
3/25/1995,,32,13,0.23,2,40
3/26/1995,,33,-6,0,0,40
3/27/1995,,34,-3,0.03,0.3,38
3/28/1995,,39,2,0,0,39
3/29/1995,,,,,0,
3/30/1995,,45,-6,0,0,37
3/31/1995,,51,10,0,0,36
4/1/1995,,49,15,0,0,35
4/2/1995,,46,13,0.1,1,35
4/3/1995,,52,13,0,0,33
4/4/1995,,54,14,0,0,32
4/5/1995,,50,28,0,0,31
4/6/1995,,52,31,0.28,0,28
4/7/1995,,41,31,0.28,0,26
4/8/1995,,39,31,0.15,0.3,26
4/9/1995,,34,18,0.2,2,28
4/10/1995,,39,10,0.03,1,28
4/11/1995,,44,2,0,0,24
4/12/1995,,50,,0.2,2,25
4/13/1995,,58,29,0,0,23
4/14/1995,,40,27,0,0,22
4/15/1995,,42,10,0.01,0,20
4/16/1995,,48,17,0,0,19
4/17/1995,,46,17,0.03,1,20
4/18/1995,,45,14,0,0,19
4/19/1995,,50,10,0,0,17
4/20/1995,,43,15,0,0,17
4/21/1995,,49,15,0.11,0,15
4/22/1995,,34,15,0,0,14
4/23/1995,,46,15,0,0,12
4/24/1995,,45,9,0.04,0.5,12
4/25/1995,,41,18,0.67,8.8,20
4/26/1995,,48,7,0.15,1.3,17
4/27/1995,,57,15,0,0,15
4/28/1995,,49,20,0.19,4,17
4/29/1995,,40,26,0.1,0.5,16
4/30/1995,,44,26,0.76,8.3,22
5/1/1995,,49,3,0,0,17
5/2/1995,,52,,0.12,0.5,16
5/3/1995,,52,29,0.02,0,15
5/4/1995,,56,23,0.03,0,15
5/5/1995,,59,27,0,0,13
5/6/1995,,44,31,0.28,3.5,16
5/7/1995,,53,29,0.05,0.3,12
5/8/1995,,53,26,0,0,11
5/9/1995,,54,26,0,0,11
5/10/1995,,57,28,0,0,11
5/11/1995,,,34,0.03,0,11
5/12/1995,,46,31,0.06,0,4
5/13/1995,,43,25,0.12,2,4
5/14/1995,,56,17,0.05,0.5,3
5/15/1995,,60,21,0,0,2
5/16/1995,,61,28,0,0,0
5/17/1995,,62,25,0,0,0
5/18/1995,,53,32,0,0,0
5/19/1995,,56,31,0.2,0,0
5/20/1995,,58,28,0,0,0
5/21/1995,,59,30,0,0,0
5/22/1995,,46,32,0.1,0,0
5/23/1995,,51,25,0.01,0,0
5/24/1995,,53,21,0,0,0
5/25/1995,,50,27,0,0,0
5/26/1995,,42,32,0.82,0,0
5/27/1995,,50,31,0.09,0,0
5/28/1995,,58,23,0.03,0,0
5/29/1995,,65,26,0,0,0
5/30/1995,,69,34,0.01,0,0
5/31/1995,,68,35,0.01,0,0
6/1/1995,,66,35,0,0,0
6/2/1995,,70,35,0.03,0,0
6/3/1995,,64,41,0.1,0,0
6/4/1995,,62,36,0,0,0
6/5/1995,,67,31,0,0,0
6/6/1995,,,28,0.23,0,0
6/7/1995,,55,24,0.01,0,0
6/8/1995,,52,22,0.02,0,0
6/9/1995,,52,33,0.07,0,0
6/10/1995,,55,30,0.13,0,0
6/11/1995,,69,32,0,0,0
6/12/1995,,73,35,0,0,0
6/13/1995,,75,37,0,0,0
6/14/1995,,76,38,0,0,0
6/15/1995,,74,37,0,0,0
6/16/1995,,74,34,0,0,0
6/17/1995,,59,38,0,0,0
6/18/1995,,53,33,0.02,0,0
6/19/1995,,49,35,0.3,0,0
6/20/1995,,61,30,0.1,0,0
6/21/1995,,50,30,0.18,0,0
6/22/1995,,52,29,0.02,0,0
6/23/1995,,63,28,0.14,0,0
6/24/1995,,69,30,0,0,0
6/25/1995,,73,39,0,0,0
6/26/1995,,76,38,0,0,0
6/27/1995,,66,46,0.06,0,0
6/28/1995,,55,42,0.73,0,0
6/29/1995,,64,28,0.61,0,0
6/30/1995,,69,29,0,0,0
7/1/1995,,70,32,0,0,0
7/2/1995,,66,37,0,0,0
7/3/1995,,59,39,0.72,0,0
7/4/1995,,61,38,0.73,0,0
7/5/1995,,68,36,0.01,0,0
7/6/1995,,76,38,0,0,0
7/7/1995,,79,39,0.08,0,0
7/8/1995,,82,40,0,0,0
7/9/1995,,84,45,0,0,0
7/10/1995,,79,44,0.02,0,0
7/11/1995,,76,45,0.13,0,0
7/12/1995,,71,44,0.2,0,0
7/13/1995,,72,43,0.35,0,0
7/14/1995,,70,32,0,0,0
7/15/1995,,70,34,0,0,0
7/16/1995,,75,35,0.22,0,0
7/17/1995,,78,37,0,0,0
7/18/1995,,77,39,0,0,0
7/19/1995,,72,41,0,0,0
7/20/1995,,72,45,0.09,0,0
7/21/1995,,69,45,0.02,0,0
7/22/1995,,68,44,0.33,0,0
7/23/1995,,69,43,0.01,0,0
7/24/1995,,73,40,0,0,0
7/25/1995,,74,33,0.05,0,0
7/26/1995,,72,40,0,0,0
7/27/1995,,77,41,0,0,0
7/28/1995,,84,40,0,0,0
7/29/1995,,83,47,0,0,0
7/30/1995,,,44,0.18,0,0
7/31/1995,,69,25,0,0,0
8/1/1995,,75,28,0,0,0
8/2/1995,,79,36,0,0,0
8/3/1995,,80,42,0,0,0
8/4/1995,,75,38,0,0,0
8/5/1995,,76,36,0,0,0
8/6/1995,,85,42,0,0,0
8/7/1995,,79,33,0,0,0
8/8/1995,,57,38,0.45,0,0
8/9/1995,,74,26,0.01,0,0
8/10/1995,,81,30,0,0,0
8/11/1995,,81,45,0,0,0
8/12/1995,,73,32,0,0,0
8/13/1995,,75,44,0,0,0
8/14/1995,,72,36,0,0,0
8/15/1995,,79,33,0,0,0
8/16/1995,,81,40,0,0,0
8/17/1995,,65,47,0.61,0,0
8/18/1995,,62,36,0.22,0,0
8/19/1995,,72,25,0,0,0
8/20/1995,,80,28,0,0,0
8/21/1995,,81,36,0,0,0
8/22/1995,,82,37,0,0,0
8/23/1995,,73,,0.34,0,0
8/24/1995,,71,46,0.1,0,0
8/25/1995,,70,42,0.36,0,0
8/26/1995,,76,35,0.4,0,0
8/27/1995,,79,34,0,0,0
8/28/1995,,81,33,0,0,0
8/29/1995,,73,33,0,0,0
8/30/1995,,72,28,0,0,0
8/31/1995,,77,30,0,0,0
9/1/1995,,82,32,0,0,0
9/2/1995,,81,25,0,0,0
9/3/1995,,80,43,0.02,0,0
9/4/1995,,67,42,0.09,0,0
9/5/1995,,69,44,0.01,0,0
9/6/1995,,72,29,0,0,0
9/7/1995,,72,28,0,0,0
9/8/1995,,60,30,0.01,0,0
9/9/1995,,65,27,0,0,0
9/10/1995,,65,24,0,0,0
9/11/1995,,66,22,0.1,0,0
9/12/1995,,71,28,0,0,0
9/13/1995,,77,28,0,0,0
9/14/1995,,75,30,0,0,0
9/15/1995,,74,33,0,0,0
9/16/1995,,79,31,0,0,0
9/17/1995,,68,30,0,0,0
9/18/1995,,67,30,0,0,0
9/19/1995,,59,35,0.09,0,0
9/20/1995,,41,29,0.12,0,0
9/21/1995,,50,13,0,0,0
9/22/1995,,54,17,0,0,0
9/23/1995,,54,17,0,0,0
9/24/1995,,62,14,0,0,0
9/25/1995,,65,18,0,0,0
9/26/1995,,65,21,0,0,0
9/27/1995,,59,21,0.02,0,0
9/28/1995,,62,28,0.01,0,0
9/29/1995,,44,28,0,0,0
9/30/1995,,45,22,0,0,0
10/1/1995,,48,26,0,0,0
10/2/1995,,49,11,0,0,0
10/3/1995,,42,,0.04,0,0
10/4/1995,,,30,0.37,6,6
10/5/1995,,40,12,0,0,2
10/6/1995,,42,8,0,0,0
10/7/1995,,49,,0,0,0
10/8/1995,,41,18,0,0,0
10/9/1995,,50,,0,0,0
10/10/1995,,58,31,0,0,0
10/11/1995,,65,34,0,0,0
10/12/1995,,,32,0.1,2.5,3
10/13/1995,,67,6,0,0,2
10/14/1995,,53,,0,0,1
10/15/1995,,59,,0,0,0
10/16/1995,,62,29,0,0,0
10/17/1995,,54,3,0,0,0
10/18/1995,,45,34,0.33,0,0
10/19/1995,,47,22,0,0,0
10/20/1995,,50,24,0,0,0
10/21/1995,,53,20,0,0,0
10/22/1995,,32,22,0.35,3.5,3
10/23/1995,,36,-7,0,0,1
10/24/1995,,40,,0,0,1
10/25/1995,,45,13,0,0,0
10/26/1995,,46,29,0.5,1.5,2
10/27/1995,,40,17,0,0,0
10/28/1995,,44,11,0,0,0
10/29/1995,,48,25,0.02,0.3,0
10/30/1995,,36,25,0,0,0
10/31/1995,,34,21,0,0,0
11/1/1995,,,3,0.02,0.3,0
11/2/1995,,26,-8,0,0,0
11/3/1995,,33,-7,0,0,0
11/4/1995,,34,-3,0,0,0
11/5/1995,,32,3,0,0,0
11/6/1995,,30,7,0.7,9,9
11/7/1995,,35,6,0.02,2,9
11/8/1995,,43,24,0.06,3,9
11/9/1995,,38,26,0.62,1,6
11/10/1995,,26,3,0,0,4
11/11/1995,,37,3,0,3,7
11/12/1995,,38,11,0.68,7,7
11/13/1995,,41,26,0.12,0.5,8
11/14/1995,,46,31,0,0,6
11/15/1995,,51,25,0,0,6
11/16/1995,,49,22,0,0,5
11/17/1995,,45,23,0,0,5
11/18/1995,,47,19,0,0,4
11/19/1995,,42,17,0.14,0,4
11/20/1995,,47,7,0,0,4
11/21/1995,,47,8,0,0,4
11/22/1995,,42,7,0,0,4
11/23/1995,,40,24,0,0,4
11/24/1995,,43,30,0,0,4
11/25/1995,,42,34,0,0,3
11/26/1995,,,28,0.13,5.5,8
11/27/1995,,,5,0.03,2,10
11/28/1995,,33,9,0.05,5,13
11/29/1995,,35,18,0.04,2,13
11/30/1995,,38,30,0.02,0,10
12/1/1995,,38,33,0.01,0,6
12/2/1995,,38,25,1.36,2,7
12/3/1995,,30,6,0,0,7
12/4/1995,,22,5,0.56,8,15
12/5/1995,,27,-5,0.11,4,14
12/6/1995,,29,-6,0.27,7,20
12/7/1995,,30,-4,0,0.1,18
12/8/1995,,20,-15,0.03,1,17
12/9/1995,,35,-14,0,0,16
12/10/1995,,37,3,0.06,2,17
12/11/1995,,39,31,0.02,0.3,16
12/12/1995,,38,31,0.18,3,18
12/13/1995,,32,22,1.07,3.5,20
12/14/1995,,31,17,0.17,2,20
12/15/1995,,39,21,0,0,19
12/16/1995,,33,12,0,0,19
12/17/1995,,27,2,0.03,0.5,19
12/18/1995,,26,-12,0,0,19
12/19/1995,,25,-17,0,0,19
12/20/1995,,24,-17,0,0,19
12/21/1995,,28,-17,0.02,0.2,17
12/22/1995,,24,-20,0,0,17
12/23/1995,,25,-17,0,0,17
12/24/1995,,23,-17,0,0,17
12/25/1995,,30,-16,0,0,17
12/26/1995,,28,-16,0,0,17
12/27/1995,,22,-20,0,0,17
12/28/1995,,26,-18,0,0,17
12/29/1995,,26,-15,0,0,17
12/30/1995,,29,12,0.02,0.5,18
12/31/1995,,33,22,0.08,2,20
1/1/1996,,24,-3,0.03,0.7,21
1/2/1996,,24,-8,0.01,0.3,21
1/3/1996,,33,-1,0.17,3.5,24
1/4/1996,,22,-11,0.03,1,24
1/5/1996,,24,-11,0.09,1.5,25
1/6/1996,,28,-16,0,0,24
1/7/1996,,36,2,0.01,0,23
1/8/1996,,37,17,0,0,23
1/9/1996,,39,24,0,0,23
1/10/1996,,34,22,0.23,4,27
1/11/1996,,38,18,0,0,26
1/12/1996,,39,-5,0,0,24
1/13/1996,,45,-1,0,0,24
1/14/1996,,39,0,0,0,24
1/15/1996,,34,23,0.02,0.5,24
1/16/1996,,31,22,0.33,4.5,27
1/17/1996,,,13,0.39,5,31
1/18/1996,,15,-32,0,0,31
1/19/1996,,21,-32,0.08,1,30
1/20/1996,,22,13,0.09,5,32
1/21/1996,,25,15,0.65,19,49
1/22/1996,,24,-14,0.19,0.8,45
1/23/1996,,15,-13,0,0,45
1/24/1996,,22,3,0.13,3,41
1/25/1996,,23,-24,0.13,5,42
1/26/1996,,13,-23,0,0,39
1/27/1996,,23,-11,0,0.5,37
1/28/1996,,18,8,0.7,15,50
1/29/1996,,21,9,0.2,6,56
1/30/1996,,15,-10,0.12,3,47
1/31/1996,,10,-38,0,0,46
2/1/1996,,9,-39,0,0,45
2/2/1996,,9,-44,0,0,44
2/3/1996,,15,,0,0,44
2/4/1996,,28,-34,0,0,43
2/5/1996,,36,-2,0.02,0,42
2/6/1996,,36,22,0.23,2,42
2/7/1996,,35,29,0.3,3,42
2/8/1996,,45,30,0.11,0.5,42
2/9/1996,,42,32,0,0,41
2/10/1996,,39,-8,0,0,40
2/11/1996,,43,-16,0,0,39
2/12/1996,,49,-20,0,0,39
2/13/1996,,52,-9,0,0,39
2/14/1996,,46,,0,0,39
2/15/1996,,46,3,0,0,38
2/16/1996,,46,-6,0,0,38
2/17/1996,,41,-3,0,0,38
2/18/1996,,38,10,0.14,2,40
2/19/1996,,34,28,0.21,4,42
2/20/1996,,34,12,0.22,2,43
2/21/1996,,36,18,0.03,1,41
2/22/1996,,36,19,0.19,5,45
2/23/1996,,23,-3,0.15,3,47
2/24/1996,,28,12,0.21,8,54
2/25/1996,,25,-3,0.15,5,52
2/26/1996,,6,-2,0.08,1,52
2/27/1996,,16,-26,0.11,1,49
2/28/1996,,22,-33,0.01,0.5,48
2/29/1996,,24,-26,0,0,48
3/1/1996,,27,,0,0,46
3/2/1996,,32,-18,0,0,45
3/3/1996,,30,3,0,0,44
3/4/1996,,36,23,0.48,8,52
3/5/1996,,32,24,0.48,8,58
3/6/1996,,29,-20,0.05,1,54
3/7/1996,,33,-14,0.03,2,53
3/8/1996,,39,22,0,0,51
3/9/1996,,47,16,0,0,49
3/10/1996,,48,14,0,0,46
3/11/1996,,42,26,0,0.3,45
3/12/1996,,43,19,0,0,43
3/13/1996,,42,16,0,0,41
3/14/1996,,46,3,0,0,41
3/15/1996,,42,9,0,0,41
3/16/1996,,35,4,0.01,0.5,40
3/17/1996,,36,5,0.08,4,43
3/18/1996,,32,-6,0,0,40
3/19/1996,,43,-9,0,0,40
3/20/1996,,45,7,0,0,39
3/21/1996,,47,21,0,0,38
3/22/1996,,46,29,0,0,37
3/23/1996,,,20,0,0,36
3/24/1996,,22,-2,0.03,1,37
3/25/1996,,31,-14,0,0,37
3/26/1996,,30,-8,0,0,37
3/27/1996,,36,7,0,0,36
3/28/1996,,38,19,0.67,9,46
3/29/1996,,,20,0.52,7,50
3/30/1996,,33,18,0.17,4,50
3/31/1996,,43,19,0,0,44
4/1/1996,,49,23,0,0,43
4/2/1996,,40,26,0,0.2,40
4/3/1996,,41,6,0.15,2,42
4/4/1996,,36,21,0,0.2,39
4/5/1996,,48,0,0,0,39
4/6/1996,,51,18,0,0,39
4/7/1996,,55,22,0,0,38
4/8/1996,,61,7,0,0,36
4/9/1996,,63,22,0,0,34
4/10/1996,,55,22,0,0,30
4/11/1996,,42,31,0,0,28
4/12/1996,,36,21,,2,27
4/13/1996,,36,5,,5,30
4/14/1996,,42,0,,0,28
4/15/1996,,51,,,0,28
4/16/1996,,50,19,,0,24
4/17/1996,,44,29,,0.5,24
4/18/1996,,34,3,0.65,3,27
4/19/1996,,35,12,0.7,4,29
4/20/1996,,33,9,0,0,25
4/21/1996,,35,11,0.1,4,28
4/22/1996,,,19,0.05,1.5,27
4/23/1996,,44,25,0.36,0,26
4/24/1996,,42,33,0.52,,22
4/25/1996,,42,24,0.35,,21
4/26/1996,,46,24,0.04,0,21
4/27/1996,,34,20,0,0.4,20
4/28/1996,,38,3,0,0,18
4/29/1996,,40,10,0,0,18
4/30/1996,,42,19,0,0,17
5/1/1996,,46,23,0.04,1,17
5/2/1996,,40,22,0,0,15
5/3/1996,,39,18,0.09,0,13
5/4/1996,,36,24,0.08,2.5,12
5/5/1996,,46,14,0,0,12
5/6/1996,,47,25,0,0,11
5/7/1996,,49,27,0,0,9
5/8/1996,,50,28,0.09,0,8
5/9/1996,,50,17,0,0,6
5/10/1996,,52,25,0,0,3
5/11/1996,,59,30,0,0,
5/12/1996,,61,29,0.02,0,
5/13/1996,,67,29,0,0,0
5/14/1996,,63,35,0.04,0,0
5/15/1996,,50,37,0.28,0,0
5/16/1996,,47,30,0.6,0,0
5/17/1996,,46,37,1.07,0,0
5/18/1996,,41,,0.66,3.8,0
5/19/1996,,42,29,0.64,,1
5/20/1996,,44,25,0.04,0,0
5/21/1996,,54,25,0.01,0,0
5/22/1996,,51,34,0.02,0,0
5/23/1996,,36,27,0,0,0
5/24/1996,,47,28,0.38,0.3,0
5/25/1996,,58,31,0,0,0
5/26/1996,,46,33,0.07,0,0
5/27/1996,,49,34,0.23,0,0
5/28/1996,,,39,0.04,0,0
5/29/1996,,50,29,0.16,0,0
5/30/1996,,50,34,0.42,0,0
5/31/1996,,51,30,0.17,0,0
6/1/1996,,58,28,0,0,0
6/2/1996,,64,28,0,0,0
6/3/1996,,68,32,0,0,0
6/4/1996,,68,38,0,0,0
6/5/1996,,72,32,0.01,0,0
6/6/1996,,65,26,0,0,0
6/7/1996,,71,29,0,0,0
6/8/1996,,81,39,0,0,0
6/9/1996,,79,49,0,0,0
6/10/1996,,81,49,0,0,0
6/11/1996,,81,36,0,0,0
6/12/1996,,77,34,0,0,0
6/13/1996,,76,33,0,0,0
6/14/1996,,79,39,0,0,0
6/15/1996,,77,38,0,0,0
6/16/1996,,75,39,0.15,0,0
6/17/1996,,72,40,0,0,0
6/18/1996,,,42,0,0,0
6/19/1996,,56,25,0,0,0
6/20/1996,,71,31,0,0,0
6/21/1996,,71,28,0.3,0,0
6/22/1996,,58,39,0.1,0,0
6/23/1996,,62,35,0,0,0
6/24/1996,,68,38,0,0,0
6/25/1996,,70,29,0,0,0
6/26/1996,,73,31,0,0,0
6/27/1996,,65,41,0.05,0,0
6/28/1996,,57,40,0,0,0
6/29/1996,,64,35,0.05,0,0
6/30/1996,,72,30,0,0,0
7/1/1996,,76,38,0,0,0
7/2/1996,,82,40,0,0,0
7/3/1996,,82,42,0,0,0
7/4/1996,,79,49,0,0,0
7/5/1996,,74,41,0,0,0
7/6/1996,,73,31,0,0,0
7/7/1996,,76,34,0,0,0
7/8/1996,,79,34,0,0,0
7/9/1996,,76,43,0.02,0,0
7/10/1996,,77,39,0,0,0
7/11/1996,,75,35,0,0,0
7/12/1996,,78,34,0,0,0
7/13/1996,,76,37,0,0,0
7/14/1996,,79,33,0,0,0
7/15/1996,,76,40,0,0,0
7/16/1996,,70,48,0,0,0
7/17/1996,,79,42,0.2,0,0
7/18/1996,,72,40,0.1,0,0
7/19/1996,,72,31,0,0,0
7/20/1996,,68,37,0,0,0
7/21/1996,,72,31,0,0,0
7/22/1996,,77,34,0,0,0
7/23/1996,,78,36,0,0,0
7/24/1996,,78,31,0,0,0
7/25/1996,,81,31,0,0,0
7/26/1996,,79,32,0,0,0
7/27/1996,,82,37,0,0,0
7/28/1996,,81,37,0,0,0
7/29/1996,,72,42,0,0,0
7/30/1996,,71,47,0.67,0,0
7/31/1996,,72,39,0.01,0,0
8/1/1996,,82,42,0,0,0
8/2/1996,,74,39,0,0,0
8/3/1996,,61,48,0,0,0
8/4/1996,,59,32,0,0,0
8/5/1996,,66,35,0,0,0
8/6/1996,,58,35,0.13,0,0
8/7/1996,,71,28,0,0,0
8/8/1996,,80,30,0,0,0
8/9/1996,,79,32,0,0,0
8/10/1996,,82,32,0,0,0
8/11/1996,,84,35,0,0,0
8/12/1996,,81,42,0,0,0
8/13/1996,,80,42,0,0,0
8/14/1996,,74,37,0,0,0
8/15/1996,,76,43,0.11,0,0
8/16/1996,,79,38,0,0,0
8/17/1996,,77,40,0,0,0
8/18/1996,,66,42,0,0,0
8/19/1996,,71,24,0,0,0
8/20/1996,,74,29,0,0,0
8/21/1996,,69,32,0,0,0
8/22/1996,,75,25,0,0,0
8/23/1996,,80,,0,0,0
8/24/1996,,82,30,0,0,0
8/25/1996,,78,32,0,0,0
8/26/1996,,78,30,0,0,0
8/27/1996,,78,34,0,0,0
8/28/1996,,67,38,0.25,0,0
8/29/1996,,70,34,0.08,0,0
8/30/1996,,76,29,0,0,0
8/31/1996,,75,36,0,0,0
9/1/1996,,66,32,0,0,0
9/2/1996,,67,27,0,0,0
9/3/1996,,72,28,0,0,0
9/4/1996,,74,31,0,0,0
9/5/1996,,52,38,0.14,0,0
9/6/1996,,58,20,0,0,0
9/7/1996,,64,25,0,0,0
9/8/1996,,68,32,0,0,0
9/9/1996,,71,29,0,0,0
9/10/1996,,77,29,0,0,0
9/11/1996,,73,35,0,0,0
9/12/1996,,71,38,0.18,0,0
9/13/1996,,62,38,0,0,0
9/14/1996,,55,33,0.01,0,0
9/15/1996,,58,30,0,0,0
9/16/1996,,,28,0.01,0,0
9/17/1996,,43,30,0.05,0.3,
9/18/1996,,46,23,0.15,,0
9/19/1996,,44,26,0.01,1,
9/20/1996,,49,28,0,0,
9/21/1996,,53,,0,0,0
9/22/1996,,45,31,0.03,0,0
9/23/1996,,53,14,0,0,0
9/24/1996,,53,18,0,0,0
9/25/1996,,44,21,0.01,0.3,0
9/26/1996,,39,19,0,0,0
9/27/1996,,50,13,0.05,0,0
9/28/1996,,62,27,0,0,0
9/29/1996,,65,31,0,0,0
9/30/1996,,67,31,0,0,0
10/1/1996,,,,,,
10/2/1996,,,,,,
10/3/1996,,,,,,
10/4/1996,,,,,,
10/5/1996,,,,,,
10/6/1996,,,,,,
10/7/1996,,,,,,
10/8/1996,,,,,,
10/9/1996,,,,,,
10/10/1996,,,,,,
10/11/1996,,,,,,
10/12/1996,,,,,,
10/13/1996,,,,,,
10/14/1996,,,,,,
10/15/1996,,,,,,
10/16/1996,,,,,,
10/17/1996,,,,,,
10/18/1996,,,,,,
10/19/1996,,,,,,
10/20/1996,,,,,,
10/21/1996,,,,,,
10/22/1996,,,,,,
10/23/1996,,,,,,
10/24/1996,,,,,,
10/25/1996,,,,,,
10/26/1996,,,,,,
10/27/1996,,,,,,
10/28/1996,,,,,,
10/29/1996,,,,,,
10/30/1996,,,,,,
10/31/1996,,,,,,
11/1/1996,,45,0,0,0,4
11/2/1996,,49,3,0,0,4
11/3/1996,,49,6,0,0,4
11/4/1996,,40,12,0,0,3
11/5/1996,,30,19,0.09,2,5
11/6/1996,,25,-4,0,0.5,5
11/7/1996,,32,9,0.03,2,5
11/8/1996,,39,11,0,0,5
11/9/1996,,47,17,0,0,5
11/10/1996,,47,15,0,0,4
11/11/1996,,48,11,0,0,3
11/12/1996,,53,13,0,0,3
11/13/1996,,49,13,0,0,3
11/14/1996,,,19,0.68,7,9
11/15/1996,,31,9,0.68,13,20
11/16/1996,,30,-2,0.1,5,20
11/17/1996,,27,7,0.03,2,18
11/18/1996,,41,15,0.22,4,20
11/19/1996,,39,,1.56,0,11
11/20/1996,,38,32,1.53,0,10
11/21/1996,,41,29,0,0,10
11/22/1996,,37,23,0.01,0.5,10
11/23/1996,,38,11,0.68,8,17
11/24/1996,,33,5,0,0,16
11/25/1996,,32,1,0.1,1.5,16
11/26/1996,,26,-10,0,0,16
11/27/1996,,28,-5,0,0,14
11/28/1996,,32,17,0,0,14
11/29/1996,,26,19,0.11,2,15
11/30/1996,,22,-17,0,0.3,15
12/1/1996,,25,-15,0.1,2,17
12/2/1996,,,-14,0.09,1.5,18
12/3/1996,,18,-1,0.05,0,18
12/4/1996,,23,-14,0.19,3,19
12/5/1996,,27,0,0.18,3,22
12/6/1996,,23,11,0.04,2,22
12/7/1996,,32,11,0,0,22
12/8/1996,,36,14,0.21,2.6,22
12/9/1996,,39,31,0.12,1.5,22
12/10/1996,,35,13,0.42,6.5,25
12/11/1996,,,20,0.83,10,32
12/12/1996,,31,12,0.08,2,30
12/13/1996,,32,6,0,0,28
12/14/1996,,24,-10,0.4,6,32
12/15/1996,,27,-9,0,0,30
12/16/1996,,12,-8,0.19,6,35
12/17/1996,,,-35,0,0,31
12/18/1996,,13,-26,0,0,31
12/19/1996,,23,-4,0,0,30
12/20/1996,,22,4,0.03,2,30
12/21/1996,,24,11,0.19,3,32
12/22/1996,,26,,0.2,3,33
12/23/1996,,25,6,0.12,1,33
12/24/1996,,24,13,0.18,6,36
12/25/1996,,26,14,0.42,14,42
12/26/1996,,31,1,0.21,2,37
12/27/1996,,29,24,1,12,48
12/28/1996,,30,23,0.67,10,47
12/29/1996,,34,23,0.71,6,49
12/30/1996,,36,28,1.15,7,52
12/31/1996,,39,15,0.3,1,55
1/1/1997,,43,33,0.47,0,44
1/2/1997,,36,31,2.06,2,39
1/3/1997,,36,29,0.35,7,45
1/4/1997,,,-17,0.49,8,50
1/5/1997,,22,-19,0,0,48
1/6/1997,,13,-31,0,0.2,46
1/7/1997,,19,-27,0,0,45
1/8/1997,,23,-9,0,0,45
1/9/1997,,28,9,0,0.3,43
1/10/1997,,32,17,0.03,1,40
1/11/1997,,,11,0.04,2,43
1/12/1997,,,-24,0,0,43
1/13/1997,,17,-24,0,0,42
1/14/1997,,31,-20,0,0,42
1/15/1997,,21,-12,0,,41
1/16/1997,,21,-16,0,0,41
1/17/1997,,25,,0,0,41
1/18/1997,,31,-8,,0,41
1/19/1997,,44,6,0,0,41
1/20/1997,,40,5,0,0,41
1/21/1997,,29,5,0.34,8,49
1/22/1997,,25,17,0.14,4,51
1/23/1997,,20,-7,0.39,6,55
1/24/1997,,16,-10,0,0,51
1/25/1997,,30,6,0.01,0.3,50
1/26/1997,,32,12,0.24,4,52
1/27/1997,,29,-25,0.18,2,53
1/28/1997,,32,-23,0.02,0.5,53
1/29/1997,,27,-8,0.04,1,52
1/30/1997,,30,-8,0,0,51
1/31/1997,,34,22,0,0.3,50
2/1/1997,,35,26,0.5,8,57
2/2/1997,,32,3,0.06,1,56
2/3/1997,,27,4,0,0.5,54
2/4/1997,,24,-25,0,0,54
2/5/1997,,24,-24,0,0,53
2/6/1997,,26,-28,0,0,52
2/7/1997,,28,-26,0,0,51
2/8/1997,,33,-26,0,0,51
2/9/1997,,33,-26,0,0,51
2/10/1997,,29,-20,0,0,51
2/11/1997,,33,2,0.02,1,51
2/12/1997,,29,6,0.15,3,53
2/13/1997,,26,-6,0.08,2,54
2/14/1997,,28,,0.05,0,54
2/15/1997,,35,19,0.13,3,56
2/16/1997,,42,25,0,1,53
2/17/1997,,40,8,0,0,51
2/18/1997,,31,-11,0.16,2.5,53
2/19/1997,,36,-5,0,0.5,53
2/20/1997,,27,-10,0.09,3,54
2/21/1997,,29,-15,0,0,53
2/22/1997,,25,-13,0,0,53
2/23/1997,,22,-25,,0,52
2/24/1997,,35,-20,0,0,51
2/25/1997,,39,-15,0,0,51
2/26/1997,,32,-6,0.01,1,52
2/27/1997,,27,15,0.26,6,57
2/28/1997,,21,-1,0.21,6,61
3/1/1997,,24,-22,0,0,58
3/2/1997,,29,0,0.19,5,62
3/3/1997,,25,-2,0.53,10,67
3/4/1997,,24,-1,0.05,0.5,63
3/5/1997,,24,2,0.06,1,63
3/6/1997,,36,2,0,1,62
3/7/1997,,32,7,,1,60
3/8/1997,,31,22,0.15,2,61
3/9/1997,,32,-7,,0,60
3/10/1997,,39,20,0,0,58
3/11/1997,,45,29,0,0,56
3/12/1997,,40,15,0,0,55
3/13/1997,,,-4,0.01,1,55
3/14/1997,,22,-3,,1.5,55
3/15/1997,,35,-16,0,0,55
3/16/1997,,40,-1,0.38,3.5,57
3/17/1997,,46,30,0.22,3,56
3/18/1997,,43,12,0,0,54
3/19/1997,,52,21,0,0,54
3/20/1997,,51,21,0,0,51
3/21/1997,,44,31,0,0,48
3/22/1997,,49,16,0,0,47
3/23/1997,,45,15,0,0,45
3/24/1997,,32,18,0,0,44
3/25/1997,,43,8,0,0,44
3/26/1997,,50,12,0,0,43
3/27/1997,,36,25,0.23,1,43
3/28/1997,,32,12,0,0,43
3/29/1997,,33,0,0,0,43
3/30/1997,,48,9,0,0,42
3/31/1997,,48,20,0,0,40
4/1/1997,,,0,0.16,3,43
4/2/1997,,37,-5,0.02,0.2,43
4/3/1997,,44,1,0,0,42
4/4/1997,,33,21,,0,41
4/5/1997,,,9,0,0,41
4/6/1997,,29,-15,0.01,0,41
4/7/1997,,38,-7,0.04,1,42
4/8/1997,,40,12,0.07,0.8,41
4/9/1997,,36,11,0,0,40
4/10/1997,,30,7,0,0,40
4/11/1997,,31,-5,0,0,40
4/12/1997,,36,-12,0,0,39
4/13/1997,,22,-5,0,0,39
4/14/1997,,40,10,0,0,38
4/15/1997,,44,19,0.06,0.3,38
4/16/1997,,53,15,0,0,37
4/17/1997,,55,19,0,0,35
4/18/1997,,52,19,0.05,0,33
4/19/1997,,45,22,0.07,0,31
4/20/1997,,42,33,0.28,0,29
4/21/1997,,39,15,0.58,0,28
4/22/1997,,44,12,0,0,28
4/23/1997,,41,16,0,0,27
4/24/1997,,47,27,0,0,25
4/25/1997,,42,26,0,0.1,23
4/26/1997,,50,15,0.13,0,18
4/27/1997,,54,26,0,0,17
4/28/1997,,,30,0.12,0,17
4/29/1997,,41,29,0.07,1.7,17
4/30/1997,,43,20,0.09,0.3,16
5/1/1997,,36,24,0.75,8,24
5/2/1997,,39,21,0,0,15
5/3/1997,,51,14,0,0,14
5/4/1997,,52,22,0,0,11
5/5/1997,,52,23,0,0,11
5/6/1997,,,27,0,0,6
5/7/1997,,48,23,0.47,0.3,6
5/8/1997,,54,15,0,0,4
5/9/1997,,62,16,0,0,0
5/10/1997,,64,22,0,0,0
5/11/1997,,58,25,0,0,0
5/12/1997,,63,21,0,0,0
5/13/1997,,63,30,0,0,0
5/14/1997,,64,31,0,0,0
5/15/1997,,69,28,0,0,0
5/16/1997,,68,31,0,0,0
5/17/1997,,58,32,0.16,0,0
5/18/1997,,53,30,0.48,0,0
5/19/1997,,59,22,0,0,0
5/20/1997,,65,27,0,0,0
5/21/1997,,58,33,0.16,0,0
5/22/1997,,63,30,0,0,0
5/23/1997,,49,30,0.34,0,0
5/24/1997,,49,34,0,0,0
5/25/1997,,45,35,0.08,0,0
5/26/1997,,48,33,0,0,0
5/27/1997,,58,35,0,0,0
5/28/1997,,57,32,0,0,0
5/29/1997,,59,39,0.16,0,0
5/30/1997,,64,34,0.01,0,0
5/31/1997,,70,35,0,0,0
6/1/1997,,63,,0.2,0,0
6/2/1997,,63,33,0,0,0
6/3/1997,,71,31,0,0,0
6/4/1997,,75,43,0,0,0
6/5/1997,,70,42,0,0,0
6/6/1997,,69,35,0,0,0
6/7/1997,,74,44,0,0,0
6/8/1997,,69,41,0.1,0,0
6/9/1997,,65,47,0.2,0,0
6/10/1997,,61,46,0.13,0,0
6/11/1997,,57,44,0.08,0,0
6/12/1997,,63,40,0.3,0,0
6/13/1997,,63,35,0,0,0
6/14/1997,,63,35,0.1,0,0
6/15/1997,,66,37,0.01,0,0
6/16/1997,,64,40,0.2,0,0
6/17/1997,,67,37,0.05,0,0
6/18/1997,,65,42,0.48,0,0
6/19/1997,,62,45,0.3,0,0
6/20/1997,,59,42,0,0,0
6/21/1997,,69,33,0,0,0
6/22/1997,,66,42,0.02,0,0
6/23/1997,,63,42,0,0,0
6/24/1997,,56,29,,0,0
6/25/1997,,65,27,0,0,0
6/26/1997,,76,27,0,0,0
6/27/1997,,76,41,0,0,0
6/28/1997,,75,40,0.03,0,0
6/29/1997,,70,33,0.02,0,0
6/30/1997,,73,41,0,0,0
7/1/1997,,52,34,0.17,0,0
7/2/1997,,64,31,0.11,0,0
7/3/1997,,64,32,0.06,0,0
7/4/1997,,71,30,0,0,0
7/5/1997,,74,35,0.05,0,0
7/6/1997,,74,34,0,0,0
7/7/1997,,71,33,0,0,0
7/8/1997,,75,30,0,0,0
7/9/1997,,80,39,0,0,0
7/10/1997,,69,50,0.08,0,0
7/11/1997,,61,41,0.27,0,0
7/12/1997,,53,38,0.04,0,0
7/13/1997,,63,34,0.3,0,0
7/14/1997,,73,33,0,0,0
7/15/1997,,81,39,0,0,0
7/16/1997,,81,45,0,0,0
7/17/1997,,81,44,0,0,0
7/18/1997,,75,50,0,0,0
7/19/1997,,67,40,0.01,0,0
7/20/1997,,71,39,0.05,0,0
7/21/1997,,77,37,0,0,0
7/22/1997,,81,38,0.02,0,0
7/23/1997,,81,45,0,0,0
7/24/1997,,81,44,0.02,0,0
7/25/1997,,73,42,0.03,0,0
7/26/1997,,74,35,0.09,0,0
7/27/1997,,76,39,0,0,0
7/28/1997,,78,38,0,0,0
7/29/1997,,69,45,0.24,0,0
7/30/1997,,73,37,0.04,0,0
7/31/1997,,77,40,0,0,0
8/1/1997,,77,37,0,0,
8/2/1997,,82,42,0.02,0,0
8/3/1997,,86,37,0,0,0
8/4/1997,,86,48,0,0,0
8/5/1997,,55,50,0.5,0,0
8/6/1997,,75,40,0.26,0,0
8/7/1997,,75,40,0,0,0
8/8/1997,,73,50,0,0,0
8/9/1997,,72,34,0,0,0
8/10/1997,,59,42,0.08,0,0
8/11/1997,,61,39,0.19,0,0
8/12/1997,,67,29,0.06,0,0
8/13/1997,,60,40,0.05,0,0
8/14/1997,,66,,0.27,0,0
8/15/1997,,71,39,0,0,0
8/16/1997,,68,38,0.01,0,0
8/17/1997,,73,31,0,0,0
8/18/1997,,72,39,0,0,0
8/19/1997,,74,34,0,0,0
8/20/1997,,79,34,0,0,0
8/21/1997,,78,30,0.01,0,0
8/22/1997,,78,37,0,0,0
8/23/1997,,80,40,0.01,0,0
8/24/1997,,62,39,0.26,0,0
8/25/1997,,77,35,0.05,0,0
8/26/1997,,80,39,0,0,0
8/27/1997,,77,37,0.05,0,0
8/28/1997,,78,36,0,0,0
8/29/1997,,72,39,0.02,0,0
8/30/1997,,75,31,0,0,0
8/31/1997,,79,39,0,0,0
9/1/1997,,78,36,0,0,0
9/2/1997,,70,35,0,0,0
9/3/1997,,69,38,0.01,0,0
9/4/1997,,70,43,0.13,0,0
9/5/1997,,72,34,0,0,0
9/6/1997,,72,32,0.02,0,0
9/7/1997,,71,33,1.2,0,0
9/8/1997,,73,34,0,0,0
9/9/1997,,80,33,0,0,0
9/10/1997,,71,40,0.02,0,0
9/11/1997,,59,43,0.33,0,0
9/12/1997,,60,42,0.7,0,0
9/13/1997,,70,33,0.02,0,0
9/14/1997,,71,40,0,0,0
9/15/1997,,59,37,0,0,0
9/16/1997,,,36,0.05,,
9/17/1997,,65,27,0,0,
9/18/1997,,47,31,0.05,0,
9/19/1997,,55,33,0.16,0,0
9/20/1997,,57,26,0,0,0
9/21/1997,,43,26,0.07,0,0
9/22/1997,,55,36,0.45,0,0
9/23/1997,,65,25,0,0,0
9/24/1997,,71,25,0,0,0
9/25/1997,,69,28,0.01,0,0
9/26/1997,,59,24,0.06,0,0
9/27/1997,,49,34,0.12,0,0
9/28/1997,,56,25,0,0,0
9/29/1997,,64,25,0,0,0
9/30/1997,,70,26,0,0,0
10/1/1997,,72,31,0,0,0
10/2/1997,,60,34,0,0,0
10/3/1997,,,35,0.28,0,0
10/4/1997,,59,34,0,0,0
10/5/1997,,51,26,0,0,0
10/6/1997,,63,22,0,0,0
10/7/1997,,41,27,0.02,0,0
10/8/1997,,,24,0.15,0,0
10/9/1997,,41,25,0,0,0
10/10/1997,,52,29,0.39,0.3,0
10/11/1997,,35,33,0.37,0,0
10/12/1997,,,18,0.07,1,1
10/13/1997,,37,18,0,0,0
10/14/1997,,45,22,0,0,0
10/15/1997,,57,22,0,0,0
10/16/1997,,64,22,0,0,0
10/17/1997,,61,21,0,0,0
10/18/1997,,56,22,0,0,0
10/19/1997,,55,20,0,0,0
10/20/1997,,52,24,0,0,0
10/21/1997,,55,15,0,0,0
10/22/1997,,47,18,0,0,0
10/23/1997,,34,,0,0,0
10/24/1997,,,21,0.87,13,13
10/25/1997,,38,-11,0.01,0,10
10/26/1997,,40,-12,0,0,8
10/27/1997,,42,11,0,0,7
10/28/1997,,42,12,0,0,7
10/29/1997,,40,17,0,0,6
10/30/1997,,41,31,0.11,0,6
10/31/1997,,41,31,0.83,0,0
11/1/1997,,36,18,0,0,0
11/2/1997,,41,6,0,0,0
11/3/1997,,40,12,0,0,0
11/4/1997,,47,26,0,0,0
11/5/1997,,57,15,0,0,0
11/6/1997,,57,17,0,0,0
11/7/1997,,52,17,0,0,0
11/8/1997,,40,16,0,0,0
11/9/1997,,40,12,0,0,0
11/10/1997,,38,8,0,0,0
11/11/1997,,37,7,0,0,0
11/12/1997,,36,1,0,0,0
11/13/1997,,37,4,0,0,0
11/14/1997,,34,-3,0,0,0
11/15/1997,,32,-7,0,0,0
11/16/1997,,33,-5,0,0,0
11/17/1997,,29,0,,,0
11/18/1997,,33,19,0.06,0.5,1
11/19/1997,,33,12,0.09,1.5,1
11/20/1997,,32,24,0.18,4,5
11/21/1997,,32,22,0.19,4,9
11/22/1997,,28,5,0,0,8
11/23/1997,,33,-5,0.02,0,7
11/24/1997,,37,9,0,0,7
11/25/1997,,31,20,0,0,7
11/26/1997,,36,-7,0.27,4,11
11/27/1997,,40,-3,0.28,4,13
11/28/1997,,36,7,0,0,12
11/29/1997,,40,0,0,0,11
11/30/1997,,41,-3,0,0,11
12/1/1997,,28,4,0.02,0.5,11
12/2/1997,,27,1,,2,12
12/3/1997,,31,-18,0,0,12
12/4/1997,,28,-17,0,0,12
12/5/1997,,30,-13,0,0,12
12/6/1997,,35,-14,0,0,12
12/7/1997,,33,0,0,0.2,12
12/8/1997,,32,21,0.05,1,13
12/9/1997,,23,17,0.07,1.3,13
12/10/1997,,,-16,0,0,13
12/11/1997,,18,-24,0,0,13
12/12/1997,,18,-20,0,0,13
12/13/1997,,26,-16,0,0,13
12/14/1997,,45,-13,0,0,13
12/15/1997,,33,-2,0.09,2,14
12/16/1997,,30,21,0,0.5,14
12/17/1997,,31,23,0.01,0.4,14
12/18/1997,,,23,0.27,7.5,21
12/19/1997,,25,-16,0.24,4,21
12/20/1997,,28,-18,0,0,20
12/21/1997,,24,-11,0,0,19
12/22/1997,,26,-10,0.09,2.5,20
12/23/1997,,14,-16,0,0,20
12/24/1997,,9,-14,0,0.2,20
12/25/1997,,17,-26,0,0,18
12/26/1997,,26,-26,0,0,18
12/27/1997,,22,-15,0.04,1,18
12/28/1997,,25,-12,0,0.2,18
12/29/1997,,29,10,0.04,0.7,18
12/30/1997,,36,24,0,0,18
12/31/1997,,38,9,0,0,18
1/1/1998,,39,8,0,0,18
1/2/1998,,32,21,0.26,3,20
1/3/1998,,32,27,0.36,5.5,25
1/4/1998,,31,24,0.3,7,30
1/5/1998,,31,13,0.17,5,31
1/6/1998,,23,2,0.01,0,31
1/7/1998,,25,0,0,0,31
1/8/1998,,25,-10,0.17,4,31
1/9/1998,,22,-20,0,0,28
1/10/1998,,29,-11,0.01,0.5,28
1/11/1998,,30,20,0.42,7.1,32
1/12/1998,,27,11,0.52,10,32
1/13/1998,,30,18,0.25,5,34
1/14/1998,,27,,0.13,2,34
1/15/1998,,27,20,0.16,5,36
1/16/1998,,29,-8,0.06,2,34
1/17/1998,,34,13,0.15,3,35
1/18/1998,,36,21,0.02,1,34
1/19/1998,,33,9,0.04,2,34
1/20/1998,,33,9,0.13,3,34
1/21/1998,,33,7,0,0,33
1/22/1998,,22,7,0.01,1,31
1/23/1998,,29,-5,0,0.5,31
1/24/1998,,29,8,0.09,1,31
1/25/1998,,33,5,0.1,2.5,31
1/26/1998,,35,4,0,0,30
1/27/1998,,34,11,0,0,30
1/28/1998,,37,6,0.1,3,32
1/29/1998,,41,-7,0,0,31
1/30/1998,,34,-7,0.01,1,30
1/31/1998,,36,-3,,0,30
2/1/1998,,36,-6,0,0,29
2/2/1998,,33,-3,0.02,0.5,29
2/3/1998,,42,1,0,0,29
2/4/1998,,42,9,0,0,28
2/5/1998,,35,8,0,0,28
2/6/1998,,35,0,0,0,28
2/7/1998,,36,8,0.02,0.5,28
2/8/1998,,37,23,0.07,2,29
2/9/1998,,30,22,0.01,0.3,28
2/10/1998,,26,-4,0,0.2,28
2/11/1998,,30,4,0,0.2,27
2/12/1998,,29,10,0.01,0.4,27
2/13/1998,,33,15,0,0,27
2/14/1998,,28,12,0.13,2,29
2/15/1998,,38,15,0.1,3,30
2/16/1998,,38,15,0,0,29
2/17/1998,,36,8,0,0.3,28
2/18/1998,,35,7,0,0,27
2/19/1998,,33,2,0,0,27
2/20/1998,,42,-10,0,0,27
2/21/1998,,32,-6,0.02,2,28
2/22/1998,,30,21,0.33,4,33
2/23/1998,,30,0,0.01,1.7,32
2/24/1998,,33,7,0.08,1.7,31
2/25/1998,,25,1,0.05,1,31
2/26/1998,,25,-10,0.02,1,31
2/27/1998,,25,-19,0,0.3,30
2/28/1998,,26,-23,0,0,30
3/1/1998,,33,-15,0,0,29
3/2/1998,,39,5,0,0,29
3/3/1998,,31,19,0,0.5,28
3/4/1998,,24,0,0.09,1,29
3/5/1998,,25,-2,0,0.2,29
3/6/1998,,16,-10,0.02,0.3,29
3/7/1998,,25,-17,0.05,1.5,30
3/8/1998,,25,-22,0,0,29
3/9/1998,,29,-11,0,0,29
3/10/1998,,30,,0.15,2,29
3/11/1998,,40,,0,0,30
3/12/1998,,42,10,0,0,28
3/13/1998,,50,2,0,0,27
3/14/1998,,51,5,0,0,26
3/15/1998,,47,7,0,0,25
3/16/1998,,41,19,0,0,25
3/17/1998,,34,17,0.23,4,29
3/18/1998,,38,6,0.02,0.2,26
3/19/1998,,37,5,0.02,1,26
3/20/1998,,42,-6,0,0,25
3/21/1998,,49,8,0,0,24
3/22/1998,,42,,0,0,23
3/23/1998,,41,34,0,0,22
3/24/1998,,39,35,0.1,0,18
3/25/1998,,43,34,0.05,0,18
3/26/1998,,41,31,0.06,2.5,21
3/27/1998,,37,25,0.09,1,18
3/28/1998,,36,15,0.04,0.5,19
3/29/1998,,32,17,0.21,3,21
3/30/1998,,40,16,0,0,19
3/31/1998,,42,,0,0,19
4/1/1998,,51,7,0,0,19
4/2/1998,,46,16,0,0,19
4/3/1998,,45,22,0.23,1.3,19
4/4/1998,,45,19,0.03,0,17
4/5/1998,,37,26,0,0,
4/6/1998,,41,20,0,,
4/7/1998,,40,13,0,0,17
4/8/1998,,36,16,0.25,5,21
4/9/1998,,40,13,0.02,0.6,18
4/10/1998,,44,21,0,0.2,18
4/11/1998,,48,25,0,0,16
4/12/1998,,,25,0.22,3.2,15
4/13/1998,,37,10,0.2,4,19
4/14/1998,,37,17,0,0.5,17
4/15/1998,,36,21,0.84,12,27
4/16/1998,,39,23,0.3,4,26
4/17/1998,,37,9,0.02,0.5,23
4/18/1998,,39,-4,0.05,0.5,22
4/19/1998,,41,-2,0,0,21
4/20/1998,,47,20,0.03,0.7,20
4/21/1998,,54,11,0,0,19
4/22/1998,,61,15,0,0,18
4/23/1998,,62,26,0,0,15
4/24/1998,,42,30,0.04,0,14
4/25/1998,,40,21,0,0,13
4/26/1998,,44,10,0,0,12
4/27/1998,,53,11,0,0,7
4/28/1998,,57,21,0,0,7
4/29/1998,,60,20,0,0,5
4/30/1998,,62,22,0,0,0
5/1/1998,,63,23,0,0,0
5/2/1998,,58,24,0,0,0
5/3/1998,,62,28,0,0,0
5/4/1998,,65,26,0,0,0
5/5/1998,,62,22,0,0,0
5/6/1998,,63,28,0,0,0
5/7/1998,,61,33,0,0,0
5/8/1998,,58,27,0,0,0
5/9/1998,,59,35,0,0,0
5/10/1998,,56,34,0.05,0,0
5/11/1998,,47,32,0.07,0,0
5/12/1998,,56,27,0.09,0,0
5/13/1998,,46,30,0.08,0,0
5/14/1998,,41,29,0.21,0.4,0
5/15/1998,,47,31,0.23,0.2,0
5/16/1998,,45,26,0,0.1,0
5/17/1998,,45,27,0.09,0,0
5/18/1998,,48,22,0.43,0,0
5/19/1998,,65,23,0,0,0
5/20/1998,,67,32,0,0,0
5/21/1998,,46,30,0.21,0,0
5/22/1998,,40,30,0.08,0,0
5/23/1998,,47,31,0.04,0,0
5/24/1998,,57,29,0.03,0,0
5/25/1998,,65,28,0,0,0
5/26/1998,,65,32,0.03,0,0
5/27/1998,,52,28,0.19,0,0
5/28/1998,,61,21,0,0,0
5/29/1998,,66,32,0,0,0
5/30/1998,,50,32,0.15,0,0
5/31/1998,,59,26,0.01,0,0
6/1/1998,,58,36,0,0,0
6/2/1998,,61,36,0,0,0
6/3/1998,,,32,0.27,0.2,0
6/4/1998,,41,29,0.29,0.3,0
6/5/1998,,54,22,0.12,0,0
6/6/1998,,52,28,0,0,0
6/7/1998,,59,32,0.6,0,0
6/8/1998,,58,33,0,0,0
6/9/1998,,56,34,0.02,0,0
6/10/1998,,55,35,0.1,0,0
6/11/1998,,62,37,0.02,0,0
6/12/1998,,63,38,0.03,0,0
6/13/1998,,60,33,0,0,0
6/14/1998,,54,31,0.27,0,0
6/15/1998,,48,32,0,0,0
6/16/1998,,48,28,0.77,0,0
6/17/1998,,52,31,0.12,0,0
6/18/1998,,57,28,0.3,0,0
6/19/1998,,53,36,0.57,0,0
6/20/1998,,71,30,0.26,0,0
6/21/1998,,64,27,0.06,0,0
6/22/1998,,68,31,0,0,0
6/23/1998,,55,39,0.13,0,0
6/24/1998,,58,35,0.25,0,0
6/25/1998,,55,44,0.07,0,0
6/26/1998,,47,38,0.8,0,0
6/27/1998,,54,30,0.27,0,0
6/28/1998,,65,28,0.01,0,0
6/29/1998,,71,33,0,0,0
6/30/1998,,77,32,0,0,0
7/1/1998,,77,45,0.18,0,0
7/2/1998,,82,39,0,0,0
7/3/1998,,83,38,0,0,0
7/4/1998,,82,39,0,0,0
7/5/1998,,76,40,0,0,0
7/6/1998,,74,41,0,0,0
7/7/1998,,76,39,0,0,0
7/8/1998,,77,39,0,0,0
7/9/1998,,78,39,0,0,0
7/10/1998,,79,41,0,0,0
7/11/1998,,75,39,0,0,0
7/12/1998,,73,41,0,0,0
7/13/1998,,80,41,0,0,0
7/14/1998,,78,40,0,0,0
7/15/1998,,80,36,0,0,0
7/16/1998,,85,36,0,0,0
7/17/1998,,87,38,0,0,0
7/18/1998,,86,46,0,0,0
7/19/1998,,85,46,0,0,0
7/20/1998,,85,55,0,0,0
7/21/1998,,87,44,0,0,0
7/22/1998,,86,38,0,0,0
7/23/1998,,67,48,0,0,0
7/24/1998,,84,47,0.21,0,0
7/25/1998,,83,44,0.24,0,0
7/26/1998,,75,41,0,0,0
7/27/1998,,77,46,0,0,0
7/28/1998,,73,45,1.15,0,0
7/29/1998,,57,50,0.83,0,0
7/30/1998,,70,43,0.08,0,0
7/31/1998,,60,46,0.07,0,0
8/1/1998,,65,41,0.02,0,0
8/2/1998,,53,45,0.22,0,0
8/3/1998,,69,40,0.02,0,0
8/4/1998,,55,38,0,0,0
8/5/1998,,79,39,0,0,0
8/6/1998,,80,41,0,0,0
8/7/1998,,81,45,0,0,0
8/8/1998,,79,43,0,0,0
8/9/1998,,64,42,0,0,0
8/10/1998,,74,37,0,0,0
8/11/1998,,81,41,0,0,0
8/12/1998,,72,42,0,0,0
8/13/1998,,84,42,0,0,0
8/14/1998,,84,49,0,0,0
8/15/1998,,82,42,0,0,0
8/16/1998,,75,42,0,0,0
8/17/1998,,74,44,0.05,0,0
8/18/1998,,77,48,0.35,0,0
8/19/1998,,72,38,0,0,0
8/20/1998,,75,36,0,0,0
8/21/1998,,74,37,0,0,0
8/22/1998,,74,34,0.19,0,0
8/23/1998,,74,31,0,0,0
8/24/1998,,68,31,0,0,0
8/25/1998,,78,28,0,0,0
8/26/1998,,70,38,0,0,0
8/27/1998,,70,34,0,0,0
8/28/1998,,81,29,0.04,0,0
8/29/1998,,82,32,0,0,0
8/30/1998,,80,39,0,0,0
8/31/1998,,78,37,0,0,0
9/1/1998,,80,33,0,0,0
9/2/1998,,82,31,0,0,0
9/3/1998,,85,32,0,0,0
9/4/1998,,81,38,0,0,0
9/5/1998,,83,42,0,0,0
9/6/1998,,84,40,0.33,0,0
9/7/1998,,79,38,0,0,0
9/8/1998,,72,42,0.09,0,0
9/9/1998,,72,43,0.06,0,0
9/10/1998,,62,45,0.22,0,0
9/11/1998,,68,40,0.14,0,0
9/12/1998,,68,44,0.28,0,0
9/13/1998,,67,37,0.05,0,0
9/14/1998,,73,36,0,0,0
9/15/1998,,77,32,0,0,0
9/16/1998,,76,27,0,0,0
9/17/1998,,76,32,0,0,0
9/18/1998,,68,37,0,0,0
9/19/1998,,51,33,0,0,0
9/20/1998,,50,31,0.2,0,0
9/21/1998,,54,28,0,0,0
9/22/1998,,52,,0.17,0,0
9/23/1998,,60,24,0.01,0,0
9/24/1998,,61,23,0,0,0
9/25/1998,,58,29,0.04,0,0
9/26/1998,,51,33,0.23,0,0
9/27/1998,,64,30,0.2,0,0
9/28/1998,,65,27,0,0,0
9/29/1998,,71,27,0,0,0
9/30/1998,,70,26,0,0,0
10/1/1998,,63,29,0,0,
10/2/1998,,52,32,0.02,0,
10/3/1998,,49,30,0.22,0,
10/4/1998,,,26,0.01,,
10/5/1998,,,16,0,0,
10/6/1998,,39,,0,0,
10/7/1998,,57,24,0,0,
10/8/1998,,61,21,0,0,
10/9/1998,,61,21,0,0,
10/10/1998,,56,22,0,0,
10/11/1998,,65,16,0,0,
10/12/1998,,49,9,0,0,
10/13/1998,,62,11,0,0,
10/14/1998,,62,22,0,0,
10/15/1998,,52,19,0,0,
10/16/1998,,45,16,0.3,,5
10/17/1998,,45,9,0.3,0,
10/18/1998,,48,8,0,0,
10/19/1998,,46,14,0,0,0
10/20/1998,,57,12,0,0,
10/21/1998,,65,15,0,0,
10/22/1998,,50,19,0,0,
10/23/1998,,50,24,0.11,0,
10/24/1998,,50,31,0.15,0,0
10/25/1998,,52,29,0,0,0
10/26/1998,,61,18,0,0,
10/27/1998,,56,19,0,0,
10/28/1998,,49,27,0,0,
10/29/1998,,41,22,0.07,0,
10/30/1998,,37,25,0.26,4,4
10/31/1998,,47,24,0,0.5,1
11/1/1998,,45,16,0,0,0
11/2/1998,,38,24,0.02,0,0
11/3/1998,,34,24,0.1,0,0
11/4/1998,,37,12,0,0,0
11/5/1998,,36,17,0,0,0
11/6/1998,,30,20,0.08,1.5,2
11/7/1998,,32,16,0.09,2,3
11/8/1998,,,20,0.25,6,8
11/9/1998,,24,1,0.14,4.5,9
11/10/1998,,22,-7,0,0,7
11/11/1998,,30,9,0.03,1,6
11/12/1998,,29,13,0.01,1,6
11/13/1998,,36,16,0,0,5
11/14/1998,,43,20,0,0,4
11/15/1998,,40,29,0,0,3
11/16/1998,,39,29,0,0,2
11/17/1998,,40,25,0,0,1
11/18/1998,,30,20,0.33,5,6
11/19/1998,,30,7,0.03,1,6
11/20/1998,,32,19,,0.2,5
11/21/1998,,49,23,0.06,1,5
11/22/1998,,34,29,1.37,17,18
11/23/1998,,40,24,0.37,3,20
11/24/1998,,29,25,0.53,3,21
11/25/1998,,33,23,0.2,2.5,21
11/26/1998,,49,6,0,0.5,20
11/27/1998,,45,7,0,0,19
11/28/1998,,36,10,0.1,0.3,18
11/29/1998,,,24,0.52,4,20
11/30/1998,,40,24,0.29,4,24
12/1/1998,,34,20,0.07,0.3,22
12/2/1998,,36,28,0.16,0.3,21
12/3/1998,,39,30,0.07,1,20
12/4/1998,,,20,0.53,3,23
12/5/1998,,,-7,0.1,2,24
12/6/1998,,18,-12,0,0.5,22
12/7/1998,,16,-10,0,0,21
12/8/1998,,26,-8,0,0.8,21
12/9/1998,,20,-21,0,0.2,21
12/10/1998,,14,-21,0,0,21
12/11/1998,,32,,0,0,21
12/12/1998,,33,-4,0,0,20
12/13/1998,,44,22,0,0,20
12/14/1998,,43,2,0,0,20
12/15/1998,,30,12,0,0,20
12/16/1998,,47,20,0,0,20
12/17/1998,,37,13,0,0,20
12/18/1998,,,8,0.1,2,21
12/19/1998,,,-24,0.01,0,20
12/20/1998,,-6,-29,0.06,1,21
12/21/1998,,-1,-45,0,0.5,21
12/22/1998,,6,-45,,0,21
12/23/1998,,5,-33,0,0,21
12/24/1998,,15,-22,0,0,21
12/25/1998,,24,1,0.04,1,22
12/26/1998,,25,12,0.22,5,24
12/27/1998,,30,14,0,0,23
12/28/1998,,32,16,0.55,10,31
12/29/1998,,34,25,0.02,0.5,28
12/30/1998,,35,29,0.03,0.5,28
12/31/1998,,32,7,0,0,26
1/1/1999,,28,19,0.03,0.5,26
1/2/1999,,,-8,0,0,26
1/3/1999,,18,-15,0,0,26
1/4/1999,,24,-8,0,0.5,26
1/5/1999,,28,14,0.04,0.5,25
1/6/1999,,30,20,0,0,25
1/7/1999,,30,24,0.09,1.5,26
1/8/1999,,28,9,0.01,0.5,25
1/9/1999,,24,5,0.03,1,25
1/10/1999,,32,16,0.02,0.5,25
1/11/1999,,36,21,0.07,0,25
1/12/1999,,33,7,0,0,25
1/13/1999,,30,7,0.06,1.5,25
1/14/1999,,32,10,0,0,24
1/15/1999,,36,22,0.25,2,26
1/16/1999,,32,22,0.28,6,32
1/17/1999,,32,-3,0.25,4,31
1/18/1999,,32,-2,0.1,1,31
1/19/1999,,33,22,0.19,3,31
1/20/1999,,44,23,0.37,6.5,35
1/21/1999,,30,8,0.09,3,35
1/22/1999,,25,13,0.1,3,36
1/23/1999,,26,19,0.33,6,39
1/24/1999,,25,-9,0.32,6,44
1/25/1999,,20,-25,0,0,41
1/26/1999,,38,-26,0.11,3,41
1/27/1999,,27,-3,0,1,39
1/28/1999,,22,-9,0,0,38
1/29/1999,,32,-11,0,0,36
1/30/1999,,36,-20,0,0,35
1/31/1999,,34,-21,0,0,34
2/1/1999,,24,-8,0.05,2,36
2/2/1999,,22,5,0,1,35
2/3/1999,,29,5,0.2,4,39
2/4/1999,,37,3,0,0,36
2/5/1999,,29,-10,0.02,0,36
2/6/1999,,30,-9,0.02,0.7,35
2/7/1999,,34,24,0.69,7,42
2/8/1999,,29,8,0.66,3,45
2/9/1999,,35,11,0.2,2,46
2/10/1999,,,10,1.15,12,54
2/11/1999,,18,-27,0.01,0.5,53
2/12/1999,,31,-25,0,0,51
2/13/1999,,42,-9,0,0,49
2/14/1999,,31,-6,0,0,48
2/15/1999,,30,7,0.25,2,50
2/16/1999,,31,15,0,1,49
2/17/1999,,31,19,0.2,3,50
2/18/1999,,26,-2,0.01,5,49
2/19/1999,,30,6,0.16,2,54
2/20/1999,,35,-19,0,0,47
2/21/1999,,28,-12,0,0,46
2/22/1999,,25,1,0.22,5,51
2/23/1999,,30,10,0.12,2,50
2/24/1999,,38,22,0.18,1,48
2/25/1999,,44,15,0,0,48
2/26/1999,,27,14,0.17,3,49
2/27/1999,,30,-5,0.02,1,49
2/28/1999,,39,0,0.04,1,48
3/1/1999,,36,28,0.17,3,49
3/2/1999,,30,-18,0.05,0.5,47
3/3/1999,,35,-12,0,0,46
3/4/1999,,31,-13,0.11,1,46
3/5/1999,,25,-18,0.18,4,49
3/6/1999,,27,-28,0,0,48
3/7/1999,,37,-18,0.05,0.1,47
3/8/1999,,30,-1,0.01,0,47
3/9/1999,,35,4,0.02,0.1,47
3/10/1999,,38,6,0.74,3,49
3/11/1999,,36,-7,0,0,47
3/12/1999,,39,-10,0,0,47
3/13/1999,,44,0,0,0,45
3/14/1999,,50,1,0,0,44
3/15/1999,,48,7,0,0,43
3/16/1999,,37,11,0,0,41
3/17/1999,,46,-11,0,0,41
3/18/1999,,54,0,0,0,41
3/19/1999,,54,5,0,0,39
3/20/1999,,60,6,0,0,38
3/21/1999,,43,20,0,0,36
3/22/1999,,40,29,0,0,36
3/23/1999,,44,9,0,0,36
3/24/1999,,52,10,0,0,33
3/25/1999,,54,,0,0,33
3/26/1999,,37,19,0,0,32
3/27/1999,,,21,0.4,4,36
3/28/1999,,31,-11,0.2,3.5,38
3/29/1999,,44,-1,0,0,36
3/30/1999,,51,15,0.06,1,36
3/31/1999,,37,10,0.03,1,36
4/1/1999,,27,,0.08,1.5,35
4/2/1999,,32,-5,0,0,35
4/3/1999,,35,-7,0,0,35
4/4/1999,,37,-2,0,0,35
4/5/1999,,35,0,0.09,2,36
4/6/1999,,37,17,0.27,4,39
4/7/1999,,47,19,0.08,0,37
4/8/1999,,40,11,0,0,36
4/9/1999,,37,15,0.09,0.7,36
4/10/1999,,30,14,0.04,0.5,36
4/11/1999,,44,-6,0,0,35
4/12/1999,,49,1,0,0,35
4/13/1999,,47,,0,0,33
4/14/1999,,36,12,0,0,32
4/15/1999,,35,-5,0,0,32
4/16/1999,,43,0,0,0,32
4/17/1999,,53,10,0,0,30
4/18/1999,,58,23,0,0,27
4/19/1999,,52,27,0,0,24
4/20/1999,,42,31,0.09,0,24
4/21/1999,,42,19,0.3,2,24
4/22/1999,,39,18,0.07,0.5,24
4/23/1999,,40,23,0,0,23
4/24/1999,,53,19,0,0,22
4/25/1999,,54,18,0,0,21
4/26/1999,,46,22,0,0,21
4/27/1999,,52,30,0.02,0,19
4/28/1999,,52,30,0.01,0.3,17
4/29/1999,,50,31,0.05,0,15
4/30/1999,,56,29,0,0,11
5/1/1999,,53,31,0.1,0,9
5/2/1999,,45,32,0.02,0,7
5/3/1999,,42,25,0.17,0.2,7
5/4/1999,,38,24,0.34,6,11
5/5/1999,,40,10,0.07,1,8
5/6/1999,,52,7,0,0,7
5/7/1999,,54,19,0,0,2
5/8/1999,,49,23,0,0,0
5/9/1999,,37,25,0,0,0
5/10/1999,,37,13,0,0,0
5/11/1999,,41,9,0.13,0.7,1
5/12/1999,,48,23,0,0,0
5/13/1999,,41,32,0.66,8,8
5/14/1999,,42,10,0.33,4,8
5/15/1999,,36,15,0,0,2
5/16/1999,,45,22,0.63,8,11
5/17/1999,,48,20,0,0,4
5/18/1999,,55,25,0,0,2
5/19/1999,,58,27,0.03,0,0
5/20/1999,,65,25,0,0,0
5/21/1999,,64,29,0,0,0
5/22/1999,,64,28,0,0,0
5/23/1999,,74,25,0,0,0
5/24/1999,,73,27,0,0,0
5/25/1999,,69,30,0,0,0
5/26/1999,,70,33,0.01,0,0
5/27/1999,,67,29,0,0,0
5/28/1999,,69,31,0,0,0
5/29/1999,,54,36,0.1,0,0
5/30/1999,,54,39,0.34,0,0
5/31/1999,,46,32,0.66,0,0
6/1/1999,,59,34,0,0,0
6/2/1999,,60,31,0.02,0,0
6/3/1999,,60,32,0.41,0,0
6/4/1999,,71,27,0.18,0,0
6/5/1999,,58,29,0.01,0,0
6/6/1999,,52,30,0,0,0
6/7/1999,,52,35,0.2,0,0
6/8/1999,,52,33,0.3,0,0
6/9/1999,,50,25,0.06,0,0
6/10/1999,,58,23,0,0,0
6/11/1999,,61,22,0,0,0
6/12/1999,,64,28,0,0,0
6/13/1999,,70,30,0,0,0
6/14/1999,,82,38,0.01,0,0
6/15/1999,,84,34,0,0,0
6/16/1999,,72,34,0,0,0
6/17/1999,,73,30,0.09,0,0
6/18/1999,,72,34,0.16,0,0
6/19/1999,,71,28,0.01,0,0
6/20/1999,,76,37,0,0,0
6/21/1999,,73,41,0,0,0
6/22/1999,,63,44,0.06,0,0
6/23/1999,,64,38,0,0,0
6/24/1999,,75,35,0,0,0
6/25/1999,,59,49,0.25,0,0
6/26/1999,,61,29,0,0,0
6/27/1999,,61,16,0,0,0
6/28/1999,,63,,0.09,0,0
6/29/1999,,63,35,0,0,0
6/30/1999,,63,42,0.26,0,0
7/1/1999,,66,29,0.07,0,0
7/2/1999,,67,31,0,0,0
7/3/1999,,69,44,0,0,0
7/4/1999,,64,44,0.05,0,0
7/5/1999,,69,28,0,0,0
7/6/1999,,61,22,0,0,0
7/7/1999,,80,30,0,0,0
7/8/1999,,69,41,0,0,0
7/9/1999,,71,30,0,0,0
7/10/1999,,79,33,0,0,0
7/11/1999,,80,38,0,0,0
7/12/1999,,81,34,0,0,0
7/13/1999,,81,42,0,0,0
7/14/1999,,74,41,0,0,0
7/15/1999,,75,43,0.15,0,0
7/16/1999,,75,23,0,0,0
7/17/1999,,69,33,0,0,0
7/18/1999,,74,36,0.22,0,0
7/19/1999,,79,36,0,0,0
7/20/1999,,79,35,0,0,0
7/21/1999,,79,34,0.31,0,0
7/22/1999,,80,33,0,0,0
7/23/1999,,82,35,0,0,0
7/24/1999,,79,44,0,0,0
7/25/1999,,79,36,0,0,0
7/26/1999,,79,30,0,0,0
7/27/1999,,85,35,0,0,0
7/28/1999,,86,27,0,0,0
7/29/1999,,78,26,0,0,0
7/30/1999,,76,27,0.13,0,0
7/31/1999,,76,37,0.01,0,0
8/1/1999,,88,35,0,0,0
8/2/1999,,84,37,0,0,0
8/3/1999,,82,37,0,0,0
8/4/1999,,76,50,0.15,0,0
8/5/1999,,79,42,0,0,0
8/6/1999,,74,46,0.12,0,0
8/7/1999,,76,31,0,0,0
8/8/1999,,76,37,0,0,0
8/9/1999,,79,32,0,0,0
8/10/1999,,81,32,0.08,0,0
8/11/1999,,60,33,0.05,0,0
8/12/1999,,62,44,0.38,0,0
8/13/1999,,72,37,0.55,0,0
8/14/1999,,72,39,0.24,0,0
8/15/1999,,74,43,0.1,0,0
8/16/1999,,71,36,0.03,0,0
8/17/1999,,81,34,0,0,0
8/18/1999,,83,33,0,0,0
8/19/1999,,76,33,0,0,0
8/20/1999,,81,36,0,0,0
8/21/1999,,75,46,0.32,0,0
8/22/1999,,77,38,0.01,0,0
8/23/1999,,81,37,0,0,0
8/24/1999,,76,39,0,0,0
8/25/1999,,76,37,0,0,0
8/26/1999,,82,38,0,0,0
8/27/1999,,80,39,0,0,0
8/28/1999,,65,48,0.21,0,0
8/29/1999,,73,39,0.29,0,0
8/30/1999,,73,35,0,0,0
8/31/1999,,57,36,0.54,0,0
9/1/1999,,64,30,0,0,0
9/2/1999,,56,34,0.22,0,0
9/3/1999,,55,32,0.1,0,0
9/4/1999,,55,32,0,0,0
9/5/1999,,64,28,0,0,0
9/6/1999,,67,31,0,0,0
9/7/1999,,58,24,0,0,0
9/8/1999,,69,21,0,0,0
9/9/1999,,72,25,0,0,0
9/10/1999,,68,30,0,0,0
9/11/1999,,58,25,0,0,0
9/12/1999,,59,12,0,0,0
9/13/1999,,68,19,0,0,0
9/14/1999,,69,22,0,0,0
9/15/1999,,71,23,0,0,0
9/16/1999,,72,27,0,0,0
9/17/1999,,72,27,0,0,0
9/18/1999,,70,29,0,0,0
9/19/1999,,74,32,0.05,0,0
9/20/1999,,66,21,0,0,0
9/21/1999,,71,23,0,0,0
9/22/1999,,71,25,0,0,0
9/23/1999,,70,26,0,0,0
9/24/1999,,80,30,0,0,0
9/25/1999,,65,33,0,0,0
9/26/1999,,,21,0,0,0
9/27/1999,,39,13,0,0,0
9/28/1999,,44,6,0,0,0
9/29/1999,,57,,0,0,0
9/30/1999,,62,20,0,0,0
10/1/1999,,62,33,0,0,0
10/2/1999,,54,18,0,0,0
10/3/1999,,50,11,0,0,0
10/4/1999,,55,16,0,0,0
10/5/1999,,63,12,0,0,0
10/6/1999,,68,24,0,0,0
10/7/1999,,66,18,0,0,0
10/8/1999,,50,19,0,0,0
10/9/1999,,66,24,0,0,0
10/10/1999,,68,30,0,0,0
10/11/1999,,62,28,0,0,0
10/12/1999,,62,30,0,0,0
10/13/1999,,62,29,0,0,0
10/14/1999,,61,36,0,0,0
10/15/1999,,56,10,0,0,0
10/16/1999,,42,11,0,0.3,0
10/17/1999,,45,12,0,0,0
10/18/1999,,46,12,0,0,0
10/19/1999,,46,9,0,0,0
10/20/1999,,50,11,0,0,0
10/21/1999,,56,15,0,0,0
10/22/1999,,61,14,0,0,0
10/23/1999,,63,13,0,0,0
10/24/1999,,64,13,0,0,0
10/25/1999,,58,15,0,0,0
10/26/1999,,58,,0,0,0
10/27/1999,,65,27,0.11,0,0
10/28/1999,,51,26,0.09,0,0
10/29/1999,,39,28,0.5,1,1
10/30/1999,,37,22,0,0,0
10/31/1999,,43,21,0,0,0
11/1/1999,,51,10,0,0,0
11/2/1999,,34,6,0,0,0
11/3/1999,,43,17,0,0,0
11/4/1999,,50,22,0,0,0
11/5/1999,,47,40,0,0,0
11/6/1999,,52,26,0,0,0
11/7/1999,,61,20,0,0,0
11/8/1999,,60,25,0,0,0
11/9/1999,,55,30,0,0.1,0
11/10/1999,,42,20,0,0,0
11/11/1999,,48,25,0,0,0
11/12/1999,,56,24,0,0,0
11/13/1999,,58,22,0,0,0
11/14/1999,,55,16,0,0,0
11/15/1999,,61,11,0,0,0
11/16/1999,,63,16,0,0,0
11/17/1999,,56,18,0,0,0
11/18/1999,,54,24,0,0,0
11/19/1999,,35,11,0,0,0
11/20/1999,,38,15,0.06,1,1
11/21/1999,,32,6,0.49,5,6
11/22/1999,,26,-6,0.05,0.5,6
11/23/1999,,25,-9,0.05,1.5,6
11/24/1999,,25,-9,0,0.5,6
11/25/1999,,25,12,0.14,3,8
11/26/1999,,35,25,0.28,2,8
11/27/1999,,36,28,0.31,0.5,8
11/28/1999,,38,14,0,0,7
11/29/1999,,42,11,0,0,7
11/30/1999,,44,14,0,0,7
12/1/1999,,48,24,0,0,6
12/2/1999,,34,19,0,0,6
12/3/1999,,24,2,0.05,1,7
12/4/1999,,25,-14,0,0,7
12/5/1999,,28,-13,0,0,7
12/6/1999,,29,-13,0,0,7
12/7/1999,,27,7,0.28,6,13
12/8/1999,,25,-18,0,0,13
12/9/1999,,20,-9,0,1,12
12/10/1999,,23,6,0.08,2,12
12/11/1999,,25,-3,0.01,0.8,13
12/12/1999,,21,12,0.03,1.5,13
12/13/1999,,28,21,0.29,6,17
12/14/1999,,28,-15,0.26,5,18
12/15/1999,,13,7,0,6,18
12/16/1999,,24,13,0.05,4,18
12/17/1999,,28,14,0.05,1,18
12/18/1999,,30,18,0.18,2.5,19
12/19/1999,,29,11,0.09,2.5,19
12/20/1999,,22,12,0.05,1,19
12/21/1999,,25,12,0.09,3,20
12/22/1999,,26,9,0,0.3,18
12/23/1999,,34,-6,0,0,17
12/24/1999,,32,-6,0,0,16
12/25/1999,,34,-5,0,0,16
12/26/1999,,34,-5,0,0,15
12/27/1999,,37,-3,0,0,15
12/28/1999,,37,-4,0,0,15
12/29/1999,,35,-7,0,0,15
12/30/1999,,35,-9,0,0,15
12/31/1999,,33,-9,0,0,15
1/1/2000,,32,9,0.04,0.5,16
1/2/2000,,27,9,0.02,0.1,17
1/3/2000,,19,-8,0,0,16
1/4/2000,,18,-1,0,1,16
1/5/2000,,21,4,0.2,2,18
1/6/2000,,20,1,0,0.5,18
1/7/2000,,18,-1,0,0.5,18
1/8/2000,,24,0,0.03,1.5,19
1/9/2000,,20,6,0.08,2,19
1/10/2000,,21,4,0.13,6,22
1/11/2000,,29,10,0.42,3,23
1/12/2000,,29,13,1.01,12,33
1/13/2000,,17,9,0,0.5,30
1/14/2000,,33,8,0,0.5,28
1/15/2000,,41,9,0,0,26
1/16/2000,,35,28,0.06,1.5,26
1/17/2000,,41,-1,0.06,1.5,25
1/18/2000,,32,-2,0,0,25
1/19/2000,,38,5,0.32,4,28
1/20/2000,,30,7,0,0,28
1/21/2000,,37,14,0,0.2,27
1/22/2000,,37,5,0,0.2,26
1/23/2000,,27,9,0,0,26
1/24/2000,,25,10,0.02,0.5,25
1/25/2000,,29,15,0,0,25
1/26/2000,,35,3,0.03,0.1,26
1/27/2000,,35,-8,0.08,2,26
1/28/2000,,21,-8,0,0.2,26
1/29/2000,,20,-23,0,0,25
1/30/2000,,20,-22,0,0,25
1/31/2000,,28,-21,0,0,25
2/1/2000,,28,-18,0,0,24
2/2/2000,,29,16,0,0,24
2/3/2000,,35,16,0,0,24
2/4/2000,,33,-10,0,0,24
2/5/2000,,35,-10,0.03,1,24
2/6/2000,,34,14,0,0,24
2/7/2000,,42,8,0,0,24
2/8/2000,,41,8,0,0,24
2/9/2000,,42,21,0.13,2,25
2/10/2000,,41,8,0.06,0.5,23
2/11/2000,,35,2,0,0,22
2/12/2000,,31,15,0.35,6,28
2/13/2000,,34,20,0.23,6,31
2/14/2000,,28,20,0.21,8,34
2/15/2000,,34,21,0.59,6,37
2/16/2000,,27,11,0.04,1,37
2/17/2000,,30,10,0.01,0.2,36
2/18/2000,,33,-10,0,0,35
2/19/2000,,33,-10,0,0,34
2/20/2000,,29,-15,0,0,34
2/21/2000,,44,-10,0.07,2,34
2/22/2000,,43,17,0.01,0.3,31
2/23/2000,,43,10,0,0,31
2/24/2000,,32,18,0,0,30
2/25/2000,,39,19,0.17,2,33
2/26/2000,,39,-2,0.04,1.3,33
2/27/2000,,29,15,0.02,1,32
2/28/2000,,41,28,0.08,2,34
2/29/2000,,38,21,0,0,31
3/1/2000,,33,12,0,0.2,31
3/2/2000,,41,17,0,0,30
3/3/2000,,41,3,0,0,28
3/4/2000,,46,5,0,0,28
3/5/2000,,46,8,0,0,27
3/6/2000,,52,15,0,0.2,27
3/7/2000,,45,18,0,0,27
3/8/2000,,36,19,0.19,2,27
3/9/2000,,28,13,0.02,1,27
3/10/2000,,35,19,0.05,1,27
3/11/2000,,32,21,0.02,1,27
3/12/2000,,32,-6,0.05,1,27
3/13/2000,,30,12,0,0,26
3/14/2000,,33,12,0.04,1,27
3/15/2000,,37,9,0,0,26
3/16/2000,,35,-1,0,0,26
3/17/2000,,38,12,0.2,4,30
3/18/2000,,29,-1,0.15,4,31
3/19/2000,,31,16,0.06,1,29
3/20/2000,,31,-5,0.22,3,32
3/21/2000,,28,-20,0,0,31
3/22/2000,,40,-2,0,0,30
3/23/2000,,51,6,0,0,28
3/24/2000,,41,-3,0.05,1,28
3/25/2000,,34,-2,0,0,27
3/26/2000,,46,16,0,0,27
3/27/2000,,46,16,0,0,24
3/28/2000,,52,31,0.12,1,23
3/29/2000,,38,9,0,0,22
3/30/2000,,32,6,0,0,22
3/31/2000,,36,-1,0,0,22
4/1/2000,,39,3,0,0,21
4/2/2000,,38,17,0.03,0.5,22
4/3/2000,,34,-1,0,0,21
4/4/2000,,43,6,0,0,20
4/5/2000,,55,26,0,0,16
4/6/2000,,46,27,0.02,0.5,17
4/7/2000,,46,13,0,0,17
4/8/2000,,46,9,0,0,15
4/9/2000,,53,18,0,0,13
4/10/2000,,45,,0,0,12
4/11/2000,,49,19,0,0,12
4/12/2000,,52,20,0,0,11
4/13/2000,,56,20,0,0,8
4/14/2000,,57,32,0.14,0.5,4
4/15/2000,,45,22,0,0,2
4/16/2000,,48,25,0,0,0
4/17/2000,,49,25,0.11,0,0
4/18/2000,,47,27,0,0,0
4/19/2000,,44,32,0.22,0,0
4/20/2000,,51,34,0,0,0
4/21/2000,,51,25,0,0,0
4/22/2000,,59,25,0,0,0
4/23/2000,,56,34,0.51,0,0
4/24/2000,,42,26,0.13,2,2
4/25/2000,,40,22,0.03,0,0
4/26/2000,,46,30,0.34,0.5,1
4/27/2000,,51,25,0,0,0
4/28/2000,,64,32,0,0,0
4/29/2000,,62,30,0,0,0
4/30/2000,,42,17,0,0,0
5/1/2000,,55,17,0,0,0
5/2/2000,,64,17,0,0,0
5/3/2000,,63,28,0,0,0
5/4/2000,,64,42,0,0,0
5/5/2000,,56,40,0,0,0
5/6/2000,,44,32,0.07,0,0
5/7/2000,,43,32,0.47,,2
5/8/2000,,39,31,0.46,,2
5/9/2000,,43,30,0.34,0,2
5/10/2000,,42,30,0.4,0,0
5/11/2000,,47,20,0.06,0,0
5/12/2000,,33,16,0.06,0.2,0
5/13/2000,,38,22,0.4,0,0
5/14/2000,,49,29,0,0,0
5/15/2000,,57,32,0,0,0
5/16/2000,,57,34,0,0,0
5/17/2000,,43,31,0.7,0,0
5/18/2000,,46,27,0.04,0,0
5/19/2000,,58,34,0,0,0
5/20/2000,,55,27,0.1,0,0
5/21/2000,,58,40,0,0,0
5/22/2000,,63,46,0,0,0
5/23/2000,,62,34,0,0,0
5/24/2000,,58,43,0,0,0
5/25/2000,,61,37,0.12,0,0
5/26/2000,,49,39,0.72,0,0
5/27/2000,,52,32,0.25,0,0
5/28/2000,,61,44,0.26,0,0
5/29/2000,,58,39,0.01,0,0
5/30/2000,,60,29,0,0,0
5/31/2000,,62,33,0,0,0
6/1/2000,,47,25,0,0,0
6/2/2000,,60,25,0,0,0
6/3/2000,,71,33,0,0,0
6/4/2000,,69,32,0,0,0
6/5/2000,,72,32,0,0,0
6/6/2000,,79,40,0,0,0
6/7/2000,,73,36,0,0,0
6/8/2000,,78,40,0,0,0
6/9/2000,,72,42,0,0,0
6/10/2000,,72,35,0.04,0,0
6/11/2000,,55,38,0.1,0,0
6/12/2000,,78,40,0.08,0,0
6/13/2000,,60,37,0.82,0,0
6/14/2000,,56,37,0,0,0
6/15/2000,,62,49,0,0,0
6/16/2000,,56,33,0.04,0,0
6/17/2000,,53,26,0.01,0,0
6/18/2000,,60,32,0.02,0,0
6/19/2000,,70,35,0.35,0,0
6/20/2000,,47,31,0.21,0,0
6/21/2000,,56,33,0,0,0
6/22/2000,,70,41,0,0,0
6/23/2000,,74,37,0,0,0
6/24/2000,,72,38,0,0,0
6/25/2000,,71,38,0,0,0
6/26/2000,,71,31,0,0,0
6/27/2000,,71,31,0,0,0
6/28/2000,,66,31,0,0,0
6/29/2000,,72,35,0,0,0
6/30/2000,,72,37,0,0,0
7/1/2000,,77,45,0,0,0
7/2/2000,,73,38,0,0,0
7/3/2000,,75,37,0,0,0
7/4/2000,,72,38,0.05,0,0
7/5/2000,,63,33,0,0,0
7/6/2000,,75,36,0,0,0
7/7/2000,,68,34,0,0,0
7/8/2000,,74,34,0,0,0
7/9/2000,,77,45,0,0,0
7/10/2000,,72,39,0,0,0
7/11/2000,,66,37,0,0,0
7/12/2000,,74,37,0,0,0
7/13/2000,,82,38,0,0,0
7/14/2000,,85,41,0,0,0
7/15/2000,,84,42,0,0,0
7/16/2000,,80,52,0,0,0
7/17/2000,,80,46,0.1,0,0
7/18/2000,,69,40,0.2,0,0
7/19/2000,,67,35,0,0,0
7/20/2000,,69,34,0.05,0,0
7/21/2000,,72,33,0,0,0
7/22/2000,,76,35,0,0,0
7/23/2000,,84,50,0,0,0
7/24/2000,,81,36,0,0,0
7/25/2000,,74,33,0,0,0
7/26/2000,,79,42,0,0,0
7/27/2000,,78,44,0,0,0
7/28/2000,,82,40,0,0,0
7/29/2000,,84,42,0,0,0
7/30/2000,,85,40,0,0,0
7/31/2000,,85,45,0,0,0
8/1/2000,,88,43,0,0,0
8/2/2000,,88,43,0,0,0
8/3/2000,,83,43,0,0,0
8/4/2000,,83,52,0,0,0
8/5/2000,,71,47,0.57,0,0
8/6/2000,,70,36,0.51,0,0
8/7/2000,,73,46,0,0,0
8/8/2000,,77,38,0,0,0
8/9/2000,,80,41,0,0,0
8/10/2000,,83,41,0,0,0
8/11/2000,,77,47,0.2,0,0
8/12/2000,,71,29,0,0,0
8/13/2000,,76,35,0,0,0
8/14/2000,,79,33,0,0,0
8/15/2000,,77,35,0,0,0
8/16/2000,,80,39,0.03,0,0
8/17/2000,,80,30,0,0,0
8/18/2000,,79,42,0.01,0,0
8/19/2000,,68,32,0.19,0,0
8/20/2000,,72,40,0,0,0
8/21/2000,,65,30,0,0,0
8/22/2000,,70,29,0,0,0
8/23/2000,,76,35,0,0,0
8/24/2000,,80,48,0,0,0
8/25/2000,,75,37,0,0,0
8/26/2000,,78,41,0,0,0
8/27/2000,,74,40,0.01,0,0
8/28/2000,,72,41,0,0,0
8/29/2000,,71,33,0,0,0
8/30/2000,,74,42,0,0,0
8/31/2000,,61,33,0,0,0
9/1/2000,,65,33,0.2,0,0
9/2/2000,,59,34,0.37,0,0
9/3/2000,,56,29,0.03,0,0
9/4/2000,,64,29,0.02,0,0
9/5/2000,,71,31,0,0,0
9/6/2000,,66,30,0.5,0.5,0
9/7/2000,,49,25,0.05,0,0
9/8/2000,,61,30,0,0,0
9/9/2000,,66,30,0,0,0
9/10/2000,,52,32,0,0,0
9/11/2000,,60,38,0.07,0,0
9/12/2000,,61,32,0,0,0
9/13/2000,,68,38,0,0,0
9/14/2000,,74,33,0,0,0
9/15/2000,,78,33,0,0,0
9/16/2000,,82,33,0,0,0
9/17/2000,,79,38,0.07,0,0
9/18/2000,,69,35,0.1,0,0
9/19/2000,,64,35,0.06,0,0
9/20/2000,,64,18,0,0,0
9/21/2000,,55,24,0.02,0,0
9/22/2000,,38,20,,4.5,4
9/23/2000,,25,17,,5,6
9/24/2000,,37,3,0,0,
9/25/2000,,50,12,0,0,0
9/26/2000,,57,17,0,0,0
9/27/2000,,60,21,0,0,0
9/28/2000,,65,24,0,0,0
9/29/2000,,68,31,0,0,0
9/30/2000,,64,31,0,0,0
10/1/2000,,59,43,0.11,0,0
10/2/2000,,49,33,0.3,0,0
10/3/2000,,53,26,0,0,0
10/4/2000,,52,26,0,0,0
10/5/2000,,50,16,0,0,0
10/6/2000,,45,11,0,0,0
10/7/2000,,49,8,0,0,0
10/8/2000,,56,11,0,0,0
10/9/2000,,63,15,0,0,0
10/10/2000,,64,24,0,0,0
10/11/2000,,60,25,0.23,0,0
10/12/2000,,43,31,0.32,0.5,5
10/13/2000,,36,28,0.52,7,7
10/14/2000,,38,25,0.02,2.5,1
10/15/2000,,39,27,0.02,0,0
10/16/2000,,43,22,0,0,0
10/17/2000,,47,22,0,0,0
10/18/2000,,56,22,0,0,0
10/19/2000,,57,22,0,0,0
10/20/2000,,49,25,0,0,0
10/21/2000,,54,24,0.06,0,0
10/22/2000,,38,27,0,0,0
10/23/2000,,47,21,0,0,0
10/24/2000,,57,23,0,0,0
10/25/2000,,46,29,0,0,0
10/26/2000,,47,28,0,0,0
10/27/2000,,50,26,0,0,0
10/28/2000,,48,29,0.04,0,0
10/29/2000,,44,28,0,0,0
10/30/2000,,43,31,0,0,0
10/31/2000,,45,26,0,0,0
11/1/2000,,37,17,0,0,0
11/2/2000,,31,0,0.12,1,1
11/3/2000,,34,3,0,0,0
11/4/2000,,34,,0,0,0
11/5/2000,,36,10,0.12,2,2
11/6/2000,,29,15,0.04,1,1
11/7/2000,,29,1,0,0,0
11/8/2000,,32,4,0,0,0
11/9/2000,,22,,0.08,2,2
11/10/2000,,26,-9,0.01,0.5,3
11/11/2000,,17,-6,0.01,0.5,3
11/12/2000,,20,-5,0,0,3
11/13/2000,,17,-8,0,0,3
11/14/2000,,21,-13,0,0,3
11/15/2000,,26,2,0,0.5,4
11/16/2000,,20,-2,0,0,4
11/17/2000,,21,-4,0,0,4
11/18/2000,,20,-2,0,1,4
11/19/2000,,19,-4,0,0,4
11/20/2000,,25,-12,0,0,4
11/21/2000,,36,-10,0,0,4
11/22/2000,,44,-2,0,0,4
11/23/2000,,44,-6,0,0,4
11/24/2000,,40,-4,0,0.2,4
11/25/2000,,30,0,0.02,0.5,4
11/26/2000,,29,13,0.02,0.2,4
11/27/2000,,28,23,0.04,0.5,5
11/28/2000,,29,-15,0.14,2.5,7
11/29/2000,,24,-13,0,0,6
11/30/2000,,34,7,0.21,3.5,7
12/1/2000,,29,-5,,,9
12/2/2000,,31,-8,0,0,8
12/3/2000,,33,-4,0,0,7
12/4/2000,,31,-5,0,0,7
12/5/2000,,36,-5,0,0,7
12/6/2000,,28,-4,0,0.3,7
12/7/2000,,37,-1,0,0,7
12/8/2000,,37,3,0,0,7
12/9/2000,,32,23,0.06,0.5,7
12/10/2000,,27,20,0.38,5,12
12/11/2000,,23,-11,0.05,1,12
12/12/2000,,23,-16,0,0,11
12/13/2000,,20,-14,0,0,10
12/14/2000,,23,12,0.21,5,15
12/15/2000,,27,21,0.44,6,21
12/16/2000,,21,-14,0.06,2,18
12/17/2000,,24,7,0.21,5,21
12/18/2000,,22,-4,0,0,21
12/19/2000,,18,0,0,0,19
12/20/2000,,24,-18,0,0.3,18
12/21/2000,,18,-21,0,0,17
12/22/2000,,26,-21,0.06,2,18
12/23/2000,,27,21,,0.2,17
12/24/2000,,30,12,0.04,2,18
12/25/2000,,25,5,0.09,3,20
12/26/2000,,28,-7,0,0,18
12/27/2000,,29,1,0,0,18
12/28/2000,,32,-1,0,0,18
12/29/2000,,27,-13,0,0,18
12/30/2000,,17,-12,,0.1,17
12/31/2000,,28,3,0,0,17
1/1/2001,,31,3,0,0,17
1/2/2001,,27,-12,0,0,17
1/3/2001,,31,-12,0,0,17
1/4/2001,,39,5,0,0,16
1/5/2001,,37,3,0,0,16
1/6/2001,,40,3,0,0,16
1/7/2001,,32,-15,0,0,16
1/8/2001,,28,-16,0,0,16
1/9/2001,,42,-15,0,0,16
1/10/2001,,42,2,0.05,3,19
1/11/2001,,42,-4,0.02,0.5,18
1/12/2001,,31,2,0.31,1,18
1/13/2001,,28,11,0.01,0.5,19
1/14/2001,,23,-5,0,0,19
1/15/2001,,21,1,0,0,19
1/16/2001,,21,-9,0,0,18
1/17/2001,,19,-20,0,0,18
1/18/2001,,16,-16,0,0,18
1/19/2001,,29,3,0,0,17
1/20/2001,,26,9,0.05,1,18
1/21/2001,,27,-9,0,0,18
1/22/2001,,30,0,0,0,18
1/23/2001,,31,-7,0,0,18
1/24/2001,,37,-7,0,0,18
1/25/2001,,38,-5,0,0,18
1/26/2001,,29,-3,0.01,0.5,19
1/27/2001,,30,-17,0,0,18
1/28/2001,,32,-20,0,0,18
1/29/2001,,36,-20,0,0,18
1/30/2001,,36,-20,0,0,18
1/31/2001,,21,-9,0,0,18
2/1/2001,,16,4,0.02,0.5,18
2/2/2001,,22,13,0,0,18
2/3/2001,,25,13,0.09,2,20
2/4/2001,,28,18,0,0,20
2/5/2001,,33,19,0.1,2,20
2/6/2001,,32,3,0.08,2,21
2/7/2001,,26,1,0.12,2,23
2/8/2001,,11,-35,0,0,22
2/9/2001,,12,-32,0,0,21
2/10/2001,,18,,0.08,1,21
2/11/2001,,22,-2,,0.8,22
2/12/2001,,24,-12,0.06,1,23
2/13/2001,,29,-2,0.04,1,22
2/14/2001,,29,-26,0,0,22
2/15/2001,,25,4,,1,23
2/16/2001,,21,11,0.15,3,25
2/17/2001,,33,17,0,0,23
2/18/2001,,34,7,0,0,22
2/19/2001,,34,13,0,0,22
2/20/2001,,34,18,0.02,0.5,22
2/21/2001,,33,20,0.21,0.5,26
2/22/2001,,33,19,0.15,4,28
2/23/2001,,34,4,0,0,27
2/24/2001,,33,11,0.05,1.5,26
2/25/2001,,33,5,0.02,1,26
2/26/2001,,26,11,0,0,25
2/27/2001,,29,-5,0,0,25
2/28/2001,,30,-22,0,0,23
3/1/2001,,41,-13,0,0,23
3/2/2001,,38,-11,0,0,23
3/3/2001,,31,2,0.05,1,23
3/4/2001,,31,-6,0,0,23
3/5/2001,,39,6,0,0,23
3/6/2001,,43,5,0,0,21
3/7/2001,,49,4,0,0,20
3/8/2001,,51,5,0,0,19
3/9/2001,,46,6,0,0,18
3/10/2001,,46,,0.15,1.5,19
3/11/2001,,43,16,0,0,19
3/12/2001,,34,20,0,0,18
3/13/2001,,28,20,0,0,18
3/14/2001,,33,18,0.17,3,21
3/15/2001,,29,-10,0.02,0.5,21
3/16/2001,,31,1,0,0,20
3/17/2001,,40,6,0,0,20
3/18/2001,,30,19,0,0,19
3/19/2001,,37,18,0,0,19
3/20/2001,,39,32,0.45,0,17
3/21/2001,,42,33,0.1,0,16
3/22/2001,,42,24,0,0,12
3/23/2001,,45,19,0,0,12
3/24/2001,,50,21,0,0,9
3/25/2001,,50,25,0,0,9
3/26/2001,,50,25,0,0,8
3/27/2001,,39,4,0.24,0.2,9
3/28/2001,,33,19,0.06,1.5,9
3/29/2001,,39,,0,0,7
3/30/2001,,40,25,0.13,2,8
3/31/2001,,36,7,0,0,6
4/1/2001,,37,17,0.11,2,8
4/2/2001,,41,17,0.13,2,8
4/3/2001,,40,17,0.08,0,7
4/4/2001,,29,20,0.19,4,9
4/5/2001,,38,20,0,0,7
4/6/2001,,42,24,0,0,6
4/7/2001,,41,28,0,0,6
4/8/2001,,41,23,0.25,3,8
4/9/2001,,27,15,0,0,7
4/10/2001,,26,13,0,0,7
4/11/2001,,29,,0,0,6
4/12/2001,,32,16,0,0,5
4/13/2001,,31,13,0.22,4,9
4/14/2001,,31,13,0.28,5,12
4/15/2001,,31,-2,0,0,10
4/16/2001,,40,8,0,0,10
4/17/2001,,51,20,0,0,6
4/18/2001,,59,26,0,0,2
4/19/2001,,56,32,0.14,0.2,0
4/20/2001,,43,30,0.02,0,0
4/21/2001,,43,26,0.2,1,1
4/22/2001,,43,,0,0,0
4/23/2001,,41,18,0,0,0
4/24/2001,,46,25,0,0,0
4/25/2001,,53,23,0,0,0
4/26/2001,,60,25,0,0,0
4/27/2001,,64,31,0,0,0
4/28/2001,,64,32,0,0,0
4/29/2001,,61,32,0,0.2,0
4/30/2001,,46,34,0,0,0
5/1/2001,,47,32,0.37,0,0
5/2/2001,,38,14,0,0,0
5/3/2001,,39,20,0,0,0
5/4/2001,,45,17,0,0,0
5/5/2001,,57,27,0,0,0
5/6/2001,,54,19,0,0,0
5/7/2001,,46,19,0,0,0
5/8/2001,,55,29,0,0,0
5/9/2001,,64,41,0,0,0
5/10/2001,,63,26,0,0,0
5/11/2001,,60,26,0,0,0
5/12/2001,,64,29,0,0,0
5/13/2001,,,,0,0,0
5/14/2001,,73,34,0,0,0
5/15/2001,,,,,0,0
5/16/2001,,45,37,1.23,0,0
5/17/2001,,49,28,0,0,0
5/18/2001,,57,33,0,0,0
5/19/2001,,58,31,0,0,0
5/20/2001,,58,39,0,0,0
5/21/2001,,42,17,0,0,0
5/22/2001,,58,27,0,0,0
5/23/2001,,68,30,0,0,0
5/24/2001,,,30,0,0,0
5/25/2001,,75,35,0,0,0
5/26/2001,,,35,0.19,,
5/27/2001,,70,38,0,0,
5/28/2001,,65,33,0.06,0,0
5/29/2001,,67,33,0,0,0
5/30/2001,,60,27,0,0,0
5/31/2001,,60,32,0,0,0
6/1/2001,,65,32,0,0,0
6/2/2001,,72,44,0.1,0,0
6/3/2001,,62,33,0.25,0,0
6/4/2001,,42,28,,2,
6/5/2001,,41,29,3,0,
6/6/2001,,49,29,0.01,0,0
6/7/2001,,55,28,0,0,0
6/8/2001,,66,28,0,0,0
6/9/2001,,74,40,0,0,0
6/10/2001,,70,36,0,0,0
6/11/2001,,71,41,0,0,0
6/12/2001,,63,41,0.36,0,0
6/13/2001,,48,27,,3,
6/14/2001,,37,28,0.25,0,
6/15/2001,,49,30,0,0,
6/16/2001,,58,28,0,0,
6/17/2001,,69,34,0,0,0
6/18/2001,,65,40,0,0,0
6/19/2001,,57,27,0,0,0
6/20/2001,,65,30,0,0,0
6/21/2001,,76,33,0,0,0
6/22/2001,,76,33,0,0,0
6/23/2001,,79,50,0,0,0
6/24/2001,,78,49,0.01,0,0
6/25/2001,,78,44,0,0,0
6/26/2001,,69,38,0,0,0
6/27/2001,,74,49,0.01,0,0
6/28/2001,,74,47,0,0,0
6/29/2001,,74,39,0,0,0
6/30/2001,,80,39,0,0,0
7/1/2001,,81,44,0,0,0
7/2/2001,,83,42,0,0,0
7/3/2001,,83,39,0,0,0
7/4/2001,,85,44,0,0,0
7/5/2001,,83,51,0.01,0,0
7/6/2001,,83,51,0.07,0,0
7/7/2001,,83,54,0,0,0
7/8/2001,,74,50,0,0,0
7/9/2001,,70,43,0.1,0,0
7/10/2001,,74,43,0.7,0,0
7/11/2001,,70,43,0.1,0,0
7/12/2001,,73,43,0,0,0
7/13/2001,,77,40,0,0,0
7/14/2001,,,,0,0,0
7/15/2001,,76,42,0.01,0,0
7/16/2001,,,,0,0,0
7/17/2001,,78,42,0,0,0
7/18/2001,,69,42,0,0,0
7/19/2001,,67,42,0,0,0
7/20/2001,,70,37,0,0,0
7/21/2001,,75,37,0,0,0
7/22/2001,,72,37,0,0,0
7/23/2001,,76,33,0,0,0
7/24/2001,,76,36,0,0,0
7/25/2001,,73,37,0,0,0
7/26/2001,,76,34,0,0,0
7/27/2001,,76,34,0,0,0
7/28/2001,,78,41,0,0,0
7/29/2001,,77,40,0,0,0
7/30/2001,,72,33,0,0,0
7/31/2001,,78,32,0.1,0,0
8/1/2001,,,,,,
8/2/2001,,,,,,
8/3/2001,,,,,,
8/4/2001,,,,,,
8/5/2001,,,,,,
8/6/2001,,,,,,
8/7/2001,,,,,,
8/8/2001,,,,,,
8/9/2001,,,,,,
8/10/2001,,,,,,
8/11/2001,,,,,,
8/12/2001,,,,,,
8/13/2001,,,,,,
8/14/2001,,,,,,
8/15/2001,,,,,,
8/16/2001,,,,,,
8/17/2001,,,,,,
8/18/2001,,,,,,
8/19/2001,,,,,,
8/20/2001,,,,,,
8/21/2001,,,,,,
8/22/2001,,,,,,
8/23/2001,,,,,,
8/24/2001,,,,,,
8/25/2001,,,,,,
8/26/2001,,,,,,
8/27/2001,,,,,,
8/28/2001,,,,,,
8/29/2001,,,,,,
8/30/2001,,,,,,
8/31/2001,,,,,,
9/1/2001,,71,37,0,0,
9/2/2001,,75,37,0,0,0
9/3/2001,,76,38,0,0,0
9/4/2001,,78,37,0,0,0
9/5/2001,,79,38,0,0,0
9/6/2001,,47,34,0.02,0,0
9/7/2001,,47,23,0.04,0,0
9/8/2001,,53,29,0,0,0
9/9/2001,,62,27,0,0,0
9/10/2001,,69,26,0,0,0
9/11/2001,,75,31,0,0,0
9/12/2001,,64,,0,0,0
9/13/2001,,69,35,0,0,0
9/14/2001,,59,26,0.12,0,0
9/15/2001,,64,31,0,0,0
9/16/2001,,62,32,0.01,0,0
9/17/2001,,64,31,0.03,0,0
9/18/2001,,63,37,0,0,0
9/19/2001,,65,22,0,0,0
9/20/2001,,64,26,0,0,0
9/21/2001,,71,26,0,0,0
9/22/2001,,70,26,0,0,0
9/23/2001,,74,28,0,0,0
9/24/2001,,79,30,0,0,0
9/25/2001,,76,33,0,0,0
9/26/2001,,68,28,0,0,0
9/27/2001,,75,31,0,0,0
9/28/2001,,,,,0,0
9/29/2001,,71,35,0.02,0,0
9/30/2001,,66,23,0,0,0
10/1/2001,,,,,,
10/2/2001,,,,,,
10/3/2001,,,,,,
10/4/2001,,,,,,
10/5/2001,,,,,,
10/6/2001,,,,,,
10/7/2001,,,,,,
10/8/2001,,,,,,
10/9/2001,,,,,,
10/10/2001,,,,,,
10/11/2001,,,,,,
10/12/2001,,,,,,
10/13/2001,,,,,,
10/14/2001,,,,,,
10/15/2001,,,,,,
10/16/2001,,,,,,
10/17/2001,,,,,,
10/18/2001,,,,,,
10/19/2001,,,,,,
10/20/2001,,,,,,
10/21/2001,,,,,,
10/22/2001,,,,,,
10/23/2001,,,,,,
10/24/2001,,,,,,
10/25/2001,,,,,,
10/26/2001,,,,,,
10/27/2001,,,,,,
10/28/2001,,,,,,
10/29/2001,,,,,,
10/30/2001,,,,,,
10/31/2001,,,,,,
11/1/2001,,39,31,0.27,0.3,0
11/2/2001,,38,31,0.02,0,0
11/3/2001,,44,22,0,0,0
11/4/2001,,50,20,0,0,0
11/5/2001,,58,21,0,0,0
11/6/2001,,53,26,0,0,0
11/7/2001,,53,27,0.59,0,0
11/8/2001,,40,15,0,0,0
11/9/2001,,52,12,0,0,0
11/10/2001,,51,16,0,0,0
11/11/2001,,51,17,0,0,0
11/12/2001,,47,22,0,0,0
11/13/2001,,50,23,0,0,0
11/14/2001,,47,26,0,0,0
11/15/2001,,35,28,0,0,0
11/16/2001,,54,24,0,0,0
11/17/2001,,52,25,0,0,0
11/18/2001,,48,26,0.1,0.5,1
11/19/2001,,36,17,0,0,0
11/20/2001,,,,,,
11/21/2001,,42,16,0.08,1.5,2
11/22/2001,,33,27,0.38,5,6
11/23/2001,,35,25,0.04,0.5,6
11/24/2001,,31,16,0.02,0.5,6
11/25/2001,,26,18,0.05,1.5,7
11/26/2001,,28,16,0.04,1,6
11/27/2001,,22,-1,0.02,0.2,5
11/28/2001,,21,-2,0,0,5
11/29/2001,,20,10,0.06,1,6
11/30/2001,,28,17,0.13,3,8
12/1/2001,,20,14,0.03,2,9
12/2/2001,,26,17,0.34,5.5,12
12/3/2001,,30,23,0.61,9,18
12/4/2001,,24,17,0.05,2,18
12/5/2001,,24,9,0.01,1,17
12/6/2001,,20,13,0.06,7,22
12/7/2001,,25,6,0.02,0.5,20
12/8/2001,,22,1,0,0,18
12/9/2001,,28,-3,0,0,17
12/10/2001,,33,-13,0,0,17
12/11/2001,,28,-8,0,0,16
12/12/2001,,15,-14,0,0.1,16
12/13/2001,,18,3,0.02,0.5,16
12/14/2001,,25,3,0.18,4,20
12/15/2001,,31,8,0.05,0.8,18
12/16/2001,,18,-4,0.01,0.5,18
12/17/2001,,24,9,0.01,0.5,17
12/18/2001,,27,11,0.07,2,18
12/19/2001,,23,15,0.1,4,21
12/20/2001,,26,4,0.01,0.5,19
12/21/2001,,32,4,,0,19
12/22/2001,,32,4,0,0,18
12/23/2001,,21,-8,0,0,17
12/24/2001,,28,-20,0,0,17
12/25/2001,,24,-19,0,0,16
12/26/2001,,27,-15,0,0,16
12/27/2001,,26,-19,0,0,16
12/28/2001,,25,-18,0.01,0,16
12/29/2001,,26,16,0.06,1.5,18
12/30/2001,,29,-4,0,0,17
12/31/2001,,24,-4,0,0,17
1/1/2002,,28,-14,0.01,0.5,17
1/2/2002,,22,-15,0,0,17
1/3/2002,,30,,0,0,16
1/4/2002,,32,4,0.04,0,17
1/5/2002,,24,4,0.01,0,17
1/6/2002,,21,14,0.01,0,17
1/7/2002,,32,17,0,0,17
1/8/2002,,37,32,0,0,16
1/9/2002,,38,13,0.07,1,17
1/10/2002,,33,-10,0,0,17
1/11/2002,,31,-8,0,0,16
1/12/2002,,36,7,0,0,16
1/13/2002,,39,17,0,0,16
1/14/2002,,24,-1,0,0,16
1/15/2002,,19,8,0.01,0.5,16
1/16/2002,,18,-20,0.05,1,17
1/17/2002,,14,-4,0.01,0.3,17
1/18/2002,,17,-7,0.01,0,17
1/19/2002,,15,-5,0.01,0,17
1/20/2002,,17,1,,0,17
1/21/2002,,24,9,0.28,4,19
1/22/2002,,27,12,0.82,6,26
1/23/2002,,14,-5,0.02,1,24
1/24/2002,,12,0,0.05,1,24
1/25/2002,,24,11,0.04,0,24
1/26/2002,,29,23,,0,22
1/27/2002,,29,22,0.02,5,28
1/28/2002,,22,14,0.26,3,29
1/29/2002,,17,-9,0.02,1,27
1/30/2002,,10,-23,0,0,26
1/31/2002,,9,-22,0,0,26
2/1/2002,,19,0,0,0,25
2/2/2002,,20,-1,,0,24
2/3/2002,,25,-15,0,0,24
2/4/2002,,29,-11,,0,24
2/5/2002,,24,-13,0,0,24
2/6/2002,,38,-14,0,0,24
2/7/2002,,33,-12,0,0,23
2/8/2002,,36,20,0.05,5,28
2/9/2002,,22,-4,0.09,2,28
2/10/2002,,28,-12,0,0,27
2/11/2002,,30,-8,0,0,26
2/12/2002,,27,-8,0,0,26
2/13/2002,,25,-16,0,0,25
2/14/2002,,29,-11,0,0,25
2/15/2002,,28,-15,0,0,25
2/16/2002,,36,-15,0,0,24
2/17/2002,,42,-13,,0.5,25
2/18/2002,,41,2,0,0,24
2/19/2002,,38,5,0,0,24
2/20/2002,,28,11,0.14,2.5,27
2/21/2002,,29,-11,0,0,26
2/22/2002,,33,-8,0,0,25
2/23/2002,,37,24,0,0,24
2/24/2002,,42,24,0.1,1,25
2/25/2002,,31,-31,0.18,3,29
2/26/2002,,8,-34,0,0,29
2/27/2002,,18,-26,0,0,27
2/28/2002,,22,,0.04,0.5,27
3/1/2002,,22,-17,0,0,28
3/2/2002,,17,-32,0,0,27
3/3/2002,,14,-27,0,0,27
3/4/2002,,16,-26,0,0,26
3/5/2002,,25,11,0,0,26
3/6/2002,,33,22,0.16,2,28
3/7/2002,,33,22,0.6,7,34
3/8/2002,,30,5,0.57,8,34
3/9/2002,,15,-1,0.03,1,36
3/10/2002,,26,,0,0,36
3/11/2002,,31,21,0.15,1,35
3/12/2002,,31,22,0.22,0,35
3/13/2002,,35,19,0.19,2.5,37
3/14/2002,,29,,0.01,0,36
3/15/2002,,29,-15,0,0,35
3/16/2002,,25,-16,0,0,35
3/17/2002,,25,-13,0.01,0,35
3/18/2002,,22,-9,0.01,0.2,34
3/19/2002,,19,10,0.02,0.5,34
3/20/2002,,27,15,0.15,1,33
3/21/2002,,35,22,0,0,32
3/22/2002,,47,10,0,0,30
3/23/2002,,53,19,0,0,28
3/24/2002,,47,,0,0,28
3/25/2002,,40,22,0.21,7,32
3/26/2002,,36,27,0,0,32
3/27/2002,,36,27,0.07,2,29
3/28/2002,,38,23,0,0,27
3/29/2002,,,11,0,0,27
3/30/2002,,38,23,0,0,27
3/31/2002,,42,27,0,0,25
4/1/2002,,43,31,0,0,24
4/2/2002,,49,10,0,0,23
4/3/2002,,32,6,0,0,22
4/4/2002,,41,6,0,0,21
4/5/2002,,47,15,0,0,20
4/6/2002,,56,28,0,0,17
4/7/2002,,53,29,0.15,0,16
4/8/2002,,53,26,0,0,14
4/9/2002,,51,25,0,0,12
4/10/2002,,44,33,0.35,0,11
4/11/2002,,41,14,0.4,4,13
4/12/2002,,42,23,0,0,11
4/13/2002,,46,33,0,0,10
4/14/2002,,54,38,0.15,0,7
4/15/2002,,50,30,0.49,0,4
4/16/2002,,39,22,0.85,8,11
4/17/2002,,30,10,0.05,0,8
4/18/2002,,35,20,0.22,3,9
4/19/2002,,36,18,0.03,0,9
4/20/2002,,35,1,0,0,6
4/21/2002,,32,5,0.01,0,6
4/22/2002,,39,26,0.07,3,8
4/23/2002,,47,30,0,0,3
4/24/2002,,43,8,0,0,0
4/25/2002,,36,13,0,0,0
4/26/2002,,48,21,0,0,0
4/27/2002,,47,28,,1,1
4/28/2002,,42,26,0.02,1,0
4/29/2002,,44,24,0,0,0
4/30/2002,,53,24,0,0,0
5/1/2002,,50,25,0.06,0,0
5/2/2002,,43,16,0,0,0
5/3/2002,,,,,0,0
5/4/2002,,49,17,0.13,0,0
5/5/2002,,49,32,0,0,0
5/6/2002,,49,33,0,0,0
5/7/2002,,46,34,0.03,0,0
5/8/2002,,46,18,0.14,0.5,1
5/9/2002,,31,10,0,0,0
5/10/2002,,41,24,0,0,0
5/11/2002,,49,25,0,0,0
5/12/2002,,54,20,0,0,0
5/13/2002,,52,22,0,0,0
5/14/2002,,61,30,0,0,0
5/15/2002,,56,27,0.01,0,0
5/16/2002,,53,32,0,0,0
5/17/2002,,52,26,0,0,0
5/18/2002,,59,,0,0,0
5/19/2002,,69,30,0,0,0
5/20/2002,,73,,0,0,0
5/21/2002,,74,32,0,0,0
5/22/2002,,45,29,0.37,3,3
5/23/2002,,38,28,0,0,0
5/24/2002,,44,31,0.05,0,0
5/25/2002,,47,28,0.05,0,0
5/26/2002,,56,32,0.01,0,0
5/27/2002,,57,38,0.1,0,0
5/28/2002,,61,35,0.11,0,0
5/29/2002,,64,46,0,0,0
5/30/2002,,67,44,0,0,0
5/31/2002,,74,44,0,0,0
6/1/2002,,73,42,0.05,0,0
6/2/2002,,73,45,0.14,0,0
6/3/2002,,46,32,0.47,0,0
6/4/2002,,57,28,0,0,0
6/5/2002,,60,38,0,0,0
6/6/2002,,64,38,0,0,0
6/7/2002,,65,38,0,0,0
6/8/2002,,64,38,0.02,0,0
6/9/2002,,49,32,,,1
6/10/2002,,49,28,0.55,,1
6/11/2002,,41,30,0.2,0,0
6/12/2002,,51,30,0,0,0
6/13/2002,,57,29,0,0,0
6/14/2002,,65,30,0,0,0
6/15/2002,,72,37,0,0,0
6/16/2002,,72,33,0.04,0,0
6/17/2002,,73,36,0,0,0
6/18/2002,,67,46,0.41,0,0
6/19/2002,,57,30,0.27,0,0
6/20/2002,,57,28,0,0,0
6/21/2002,,67,36,0,0,0
6/22/2002,,76,36,0,0,0
6/23/2002,,64,47,0.1,0,0
6/24/2002,,68,37,0.01,0,0
6/25/2002,,76,40,0,0,0
6/26/2002,,,,0,0,0
6/27/2002,,84,42,0,0,0
6/28/2002,,83,43,0,0,0
6/29/2002,,79,44,0,0,0
6/30/2002,,74,44,0,0,0
7/1/2002,,75,42,0,0,0
7/2/2002,,75,40,0,0,0
7/3/2002,,75,42,0,0,0
7/4/2002,,77,43,0.03,0,0
7/5/2002,,77,38,0,0,0
7/6/2002,,81,43,0.03,0,0
7/7/2002,,81,44,0,0,0
7/8/2002,,84,43,0,0,0
7/9/2002,,82,34,0,0,0
7/10/2002,,82,,0,0,0
7/11/2002,,86,34,0,0,0
7/12/2002,,90,40,0,0,0
7/13/2002,,90,44,0,0,0
7/14/2002,,91,44,0,0,0
7/15/2002,,90,55,0,0,0
7/16/2002,,90,50,0,0,0
7/17/2002,,80,49,0.01,0,0
7/18/2002,,81,49,0,0,0
7/19/2002,,77,49,0.24,0,0
7/20/2002,,77,43,0,0,0
7/21/2002,,73,46,0,0,0
7/22/2002,,75,42,0,0,0
7/23/2002,,79,40,0.07,0,0
7/24/2002,,78,38,0,0,0
7/25/2002,,83,52,0,0,0
7/26/2002,,74,38,0.11,0,0
7/27/2002,,65,39,0.14,0,0
7/28/2002,,68,34,0.48,0,0
7/29/2002,,66,38,0,0,0
7/30/2002,,74,37,0,0,0
7/31/2002,,76,43,0,0,0
8/1/2002,,76,29,0,0,0
8/2/2002,,75,42,0,0,0
8/3/2002,,75,40,0.06,0,0
8/4/2002,,72,45,0.51,0,0
8/5/2002,,75,37,0,0,0
8/6/2002,,75,37,0,0,0
8/7/2002,,73,40,0,0,0
8/8/2002,,73,42,0.03,0,0
8/9/2002,,55,27,0.03,0,0
8/10/2002,,64,30,0,0,0
8/11/2002,,71,30,0,0,0
8/12/2002,,73,47,0,0,0
8/13/2002,,65,29,0,0,0
8/14/2002,,72,39,0,0,0
8/15/2002,,76,35,0,0,0
8/16/2002,,74,44,0,0,0
8/17/2002,,77,28,0,0,0
8/18/2002,,72,31,0,0,0
8/19/2002,,70,27,0,0,0
8/20/2002,,74,26,0,0,0
8/21/2002,,73,41,0,0,0
8/22/2002,,68,30,0,0,0
8/23/2002,,70,31,0,0,0
8/24/2002,,61,30,0,0,0
8/25/2002,,,,,0,0
8/26/2002,,72,29,0,0,0
8/27/2002,,72,36,0.1,0,0
8/28/2002,,64,30,0.03,0,0
8/29/2002,,69,31,0,0,0
8/30/2002,,70,35,0,0,0
8/31/2002,,70,38,0,0,0
9/1/2002,,69,36,0,0,0
9/2/2002,,71,35,0,0,0
9/3/2002,,71,32,0,0,0
9/4/2002,,78,37,0,0,0
9/5/2002,,74,38,0,0,0
9/6/2002,,72,39,0.14,0,0
9/7/2002,,54,45,0.84,0,0
9/8/2002,,58,42,0.15,0,0
9/9/2002,,55,28,0,0,0
9/10/2002,,61,26,0,0,0
9/11/2002,,69,29,0,0,0
9/12/2002,,71,34,0,0,0
9/13/2002,,65,27,0,0,0
9/14/2002,,71,26,0,0,0
9/15/2002,,72,35,0,0,0
9/16/2002,,74,34,0,0,0
9/17/2002,,70,43,0,0,0
9/18/2002,,53,31,0.22,0,0
9/19/2002,,52,26,0,0,0
9/20/2002,,59,34,0,0,0
9/21/2002,,59,19,0.02,0,0
9/22/2002,,51,19,0,0,0
9/23/2002,,62,23,0,0,0
9/24/2002,,65,23,0,0,0
9/25/2002,,62,27,0,0,0
9/26/2002,,59,18,0,0,0
9/27/2002,,56,,0,0,0
9/28/2002,,53,27,0.02,0,0
9/29/2002,,57,31,0,0,0
9/30/2002,,54,30,0.32,0,0
10/1/2002,,41,19,0,0,0
10/2/2002,,41,19,0.23,,3
10/3/2002,,42,18,0,0,
10/4/2002,,40,,0.1,0,
10/5/2002,,43,33,0.75,0,0
10/6/2002,,44,28,0,0.9,
10/7/2002,,52,34,0,0,
10/8/2002,,55,23,0,0,0
10/9/2002,,55,22,0,0,0
10/10/2002,,53,25,0,0,0
10/11/2002,,54,,0.17,0.3,0
10/12/2002,,37,6,0.1,0,0
10/13/2002,,42,8,0,0,0
10/14/2002,,52,15,0,0,0
10/15/2002,,54,17,0,0,0
10/16/2002,,51,17,0,0,0
10/17/2002,,56,19,0,0,0
10/18/2002,,,,0,0,0
10/19/2002,,56,14,0,0,0
10/20/2002,,,22,0,0,0
10/21/2002,,54,21,0,0,0
10/22/2002,,51,22,0,0,0
10/23/2002,,34,21,0.12,2,2
10/24/2002,,35,22,0.43,6,6
10/25/2002,,37,7,0,0,3
10/26/2002,,40,3,0,0,2
10/27/2002,,44,,0,0,2
10/28/2002,,43,26,0.3,1,1
10/29/2002,,43,9,0.28,0,1
10/30/2002,,24,6,0.08,5,5
10/31/2002,,23,-6,,1.5,5
11/1/2002,,26,-16,0,0,5
11/2/2002,,30,-7,0,0,5
11/3/2002,,21,-12,0,0,5
11/4/2002,,39,-12,0,0,5
11/5/2002,,32,1,0,0,5
11/6/2002,,39,1,0,0,4
11/7/2002,,45,7,0,0,4
11/8/2002,,46,17,0.06,1,5
11/9/2002,,35,25,0.26,2,7
11/10/2002,,33,23,0.12,2,8
11/11/2002,,30,11,,1.5,8
11/12/2002,,27,21,0.05,0,8
11/13/2002,,29,26,0,0,8
11/14/2002,,35,10,0,0,7
11/15/2002,,29,7,0.01,0,7
11/16/2002,,29,11,0,0,7
11/17/2002,,34,16,0,0,7
11/18/2002,,33,6,0,0,7
11/19/2002,,28,16,0.01,0.2,7
11/20/2002,,34,22,0,0,7
11/21/2002,,40,29,0,0,6
11/22/2002,,50,20,0,0,5
11/23/2002,,47,27,0.41,1,6
11/24/2002,,33,11,0.36,3,8
11/25/2002,,26,-14,0,0,8
11/26/2002,,32,-8,0,0,8
11/27/2002,,28,-5,0,0,7
11/28/2002,,30,4,0.01,0.5,7
11/29/2002,,31,15,0,0,7
11/30/2002,,23,9,0,0,7
12/1/2002,,37,5,0,0,7
12/2/2002,,40,,0,0,7
12/3/2002,,33,12,0,0,7
12/4/2002,,33,14,0,0,7
12/5/2002,,31,6,0,0,7
12/6/2002,,31,6,0,0,7
12/7/2002,,34,9,0,0,7
12/8/2002,,33,-3,0,0,7
12/9/2002,,40,-5,0,0,7
12/10/2002,,35,-5,0,0,7
12/11/2002,,28,1,0.08,1,8
12/12/2002,,26,5,,1,8
12/13/2002,,31,24,0,0,8
12/14/2002,,32,28,0,0,8
12/15/2002,,36,21,0.09,2,10
12/16/2002,,32,15,0.15,3,12
12/17/2002,,30,21,,6,17
12/18/2002,,29,-14,0.02,1,17
12/19/2002,,21,-12,0,0,15
12/20/2002,,20,-7,0,0,15
12/21/2002,,22,1,0.1,0.5,16
12/22/2002,,24,,0,0,14
12/23/2002,,26,-13,0,0,14
12/24/2002,,26,-21,0,0,14
12/25/2002,,17,-26,0,0,14
12/26/2002,,12,-24,0,0,14
12/27/2002,,26,-24,0.03,1,15
12/28/2002,,34,26,0.37,3,17
12/29/2002,,35,22,0.12,3,18
12/30/2002,,26,11,0.16,4,22
12/31/2002,,25,16,0.05,2,22
1/1/2003,,32,1,0.01,1,21
1/2/2003,,26,,0,0,20
1/3/2003,,31,22,0,0,20
1/4/2003,,34,21,0,0,20
1/5/2003,,37,21,0,1,20
1/6/2003,,35,-2,0,0,20
1/7/2003,,35,-3,0,0,20
1/8/2003,,38,-8,0,0,20
1/9/2003,,38,-9,0,0,20
1/10/2003,,27,-14,0,0,20
1/11/2003,,27,-14,0,0,20
1/12/2003,,29,15,0,0,20
1/13/2003,,32,27,0.06,1.5,21
1/14/2003,,33,29,0.12,2,23
1/15/2003,,38,22,0.27,6,27
1/16/2003,,28,4,0,0,24
1/17/2003,,28,-8,0,0,24
1/18/2003,,28,-7,0,0,23
1/19/2003,,29,-3,0,0,23
1/20/2003,,35,22,0,0,23
1/21/2003,,32,23,0,0,23
1/22/2003,,29,23,0.05,1,22
1/23/2003,,32,25,0.04,3,23
1/24/2003,,34,5,1,0,23
1/25/2003,,34,12,0,0,22
1/26/2003,,36,26,0,0,22
1/27/2003,,38,26,0.16,1,22
1/28/2003,,34,2,0.54,6,26
1/29/2003,,34,2,0,0,
1/30/2003,,30,23,0.29,5,29
1/31/2003,,37,,0.06,0.5,27
2/1/2003,,40,,0.15,0,23
2/2/2003,,40,,0.37,3.5,24
2/3/2003,,26,-11,0,0,24
2/4/2003,,23,-9,0.01,0,24
2/5/2003,,22,,0,0,23
2/6/2003,,22,-22,0,0,23
2/7/2003,,22,-22,0,0,23
2/8/2003,,25,,0.04,2,24
2/9/2003,,25,-10,0.05,0,24
2/10/2003,,21,,0.07,3,25
2/11/2003,,26,,,1,25
2/12/2003,,33,-4,0,0,25
2/13/2003,,40,-4,0,0,24
2/14/2003,,39,11,0.02,0.5,24
2/15/2003,,37,25,,0,24
2/16/2003,,33,7,0,0,23
2/17/2003,,30,14,0.4,7,29
2/18/2003,,26,4,,1.5,29
2/19/2003,,30,1,0,0,28
2/20/2003,,30,-5,0,0,27
2/21/2003,,29,7,0.07,2,27
2/22/2003,,30,23,0.09,3,29
2/23/2003,,26,3,0.14,2.5,31
2/24/2003,,15,-42,0,0,30
2/25/2003,,21,-34,0,0,30
2/26/2003,,32,-28,0,0,28
2/27/2003,,36,,0,0,28
2/28/2003,,34,-10,0,0,28
3/1/2003,,27,,,1,28
3/2/2003,,27,-12,0,0,28
3/3/2003,,22,12,0.64,1,28
3/4/2003,,30,1,0.07,2,29
3/5/2003,,24,-10,0.02,0.5,29
3/6/2003,,24,-10,0.19,2,26
3/7/2003,,29,21,0.08,0,
3/8/2003,,30,24,0.16,,
3/9/2003,,33,25,0.07,0.3,29
3/10/2003,,38,29,0,0.3,29
3/11/2003,,37,28,0,0,28
3/12/2003,,39,30,0,0,26
3/13/2003,,43,27,0,0,25
3/14/2003,,53,27,0,0,22
3/15/2003,,43,14,0.01,0,22
3/16/2003,,48,,,1,21
3/17/2003,,37,14,,0,21
3/18/2003,,35,22,0,0,21
3/19/2003,,32,12,0.03,1,21
3/20/2003,,45,4,0,0,20
3/21/2003,,42,,0,0,19
3/22/2003,,36,29,0,0,19
3/23/2003,,34,28,0.55,1,19
3/24/2003,,32,2,0.16,4,22
3/25/2003,,32,16,0,0,20
3/26/2003,,37,17,0.24,4,23
3/27/2003,,35,18,0.5,6,24
3/28/2003,,27,4,0.01,0.5,
3/29/2003,,33,-3,0,,
3/30/2003,,37,14,0,0,24
3/31/2003,,46,30,0,0,21
4/1/2003,,50,41,0,0,19
4/2/2003,,44,28,0.18,2,21
4/3/2003,,44,18,0.05,1,18
4/4/2003,,44,8,0.25,4,22
4/5/2003,,29,-4,0.01,0,20
4/6/2003,,36,,0.25,2,21
4/7/2003,,31,4,0.01,0,20
4/8/2003,,36,10,0,0,18
4/9/2003,,48,12,0,0,17
4/10/2003,,54,21,0,0,16
4/11/2003,,60,22,0,0,13
4/12/2003,,58,23,0,0,11
4/13/2003,,57,32,0,0,9
4/14/2003,,57,34,0,0,6
4/15/2003,,,32,0.23,,4
4/16/2003,,37,19,0,0,2
4/17/2003,,40,23,0,0,0
4/18/2003,,45,29,0.24,1.5,2
4/19/2003,,41,18,,1,1
4/20/2003,,47,17,0,0,0
4/21/2003,,50,19,0,0,0
4/22/2003,,56,26,0,0,0
4/23/2003,,53,32,0.4,0,0
4/24/2003,,44,35,0,0,0
4/25/2003,,49,28,0.02,0,0
4/26/2003,,51,28,0.26,5,5
4/27/2003,,32,12,0.7,6,8
4/28/2003,,41,18,0,0,
4/29/2003,,44,22,0.45,1,1
4/30/2003,,42,29,0.11,1,1
5/1/2003,,45,29,0,0,0
5/2/2003,,39,25,0,0,0
5/3/2003,,46,28,0,0,0
5/4/2003,,44,32,0.62,1,1
5/5/2003,,44,28,0.3,1,1
5/6/2003,,38,23,0.3,2,2
5/7/2003,,37,26,0.3,0.3,0
5/8/2003,,45,26,0,0,0
5/9/2003,,44,23,0,0,0
5/10/2003,,40,28,0,0,0
5/11/2003,,43,26,0,0,0
5/12/2003,,45,32,0.16,0,0
5/13/2003,,45,28,0.41,0,0
5/14/2003,,51,26,0,0,0
5/15/2003,,62,31,0,0,0
5/16/2003,,60,39,0.06,0,0
5/17/2003,,50,28,0,0,0
5/18/2003,,53,28,0,0,0
5/19/2003,,36,16,0.06,0,0
5/20/2003,,42,17,0,0,0
5/21/2003,,52,17,0,0,0
5/22/2003,,60,33,0,0,0
5/23/2003,,64,33,0,0,0
5/24/2003,,73,33,0,0,0
5/25/2003,,75,33,0,0,0
5/26/2003,,75,34,0,0,0
5/27/2003,,69,36,0,0,0
5/28/2003,,73,34,0,0,0
5/29/2003,,78,46,0,0,0
5/30/2003,,80,42,0.06,0,0
5/31/2003,,73,40,0.17,0,0
6/1/2003,,64,39,0.08,0,0
6/2/2003,,60,33,0,0,0
6/3/2003,,62,26,0.02,0,0
6/4/2003,,61,27,0,0,0
6/5/2003,,56,26,0,0,0
6/6/2003,,60,28,0,0,0
6/7/2003,,56,24,0,0,0
6/8/2003,,62,28,0,0,0
6/9/2003,,67,37,0,0,0
6/10/2003,,68,33,0,0,0
6/11/2003,,68,30,0,0,0
6/12/2003,,68,29,0,0,0
6/13/2003,,68,29,0,0,0
6/14/2003,,68,29,0.25,0,0
6/15/2003,,70,37,0.13,0,0
6/16/2003,,73,37,0.02,0,0
6/17/2003,,75,37,0.01,0,0
6/18/2003,,75,37,0,0,0
6/19/2003,,77,42,0,0,0
6/20/2003,,76,47,0,0,0
6/21/2003,,66,39,0.06,0,0
6/22/2003,,54,38,0,0,0
6/23/2003,,52,26,0.01,0,0
6/24/2003,,58,25,0,0,0
6/25/2003,,48,25,0,0,0
6/26/2003,,57,25,0,0,0
6/27/2003,,65,36,0,0,0
6/28/2003,,70,42,0,0,0
6/29/2003,,72,34,0,0,0
6/30/2003,,76,42,0,0,0
7/1/2003,,79,37,0,0,
7/2/2003,,79,39,0,0,0
7/3/2003,,73,37,0,0,0
7/4/2003,,74,35,0,0,0
7/5/2003,,71,44,0,0,0
7/6/2003,,74,35,0,0,0
7/7/2003,,74,33,0,0,0
7/8/2003,,76,33,0,0,0
7/9/2003,,69,35,0,0,0
7/10/2003,,75,34,0,0,0
7/11/2003,,83,37,0,0,0
7/12/2003,,83,39,0,0,0
7/13/2003,,84,41,0,0,0
7/14/2003,,79,37,0,0,0
7/15/2003,,78,37,0,0,0
7/16/2003,,85,40,0,0,0
7/17/2003,,87,45,0,0,0
7/18/2003,,85,48,0,0,0
7/19/2003,,88,44,0,0,0
7/20/2003,,85,45,0.01,0,0
7/21/2003,,87,46,0,0,0
7/22/2003,,85,40,0,0,0
7/23/2003,,89,41,0,0,0
7/24/2003,,89,56,0,0,0
7/25/2003,,88,56,0.12,0,0
7/26/2003,,77,49,0,0,0
7/27/2003,,76,45,0.1,0,0
7/28/2003,,77,40,0,0,0
7/29/2003,,81,37,0,0,0
7/30/2003,,82,37,0,0,0
7/31/2003,,84,47,0,0,0
8/1/2003,,83,37,0,0,0
8/2/2003,,84,41,0,0,0
8/3/2003,,86,53,0,0,0
8/4/2003,,71,51,0.04,0,0
8/5/2003,,64,36,0.2,0,0
8/6/2003,,78,38,0,0,0
8/7/2003,,80,36,0,0,0
8/8/2003,,81,35,0,0,0
8/9/2003,,73,,0,0,0
8/10/2003,,77,38,0,0,0
8/11/2003,,83,48,0,0,0
8/12/2003,,85,48,0,0,0
8/13/2003,,85,44,0,0,0
8/14/2003,,85,41,0,0,0
8/15/2003,,88,41,0,0,0
8/16/2003,,88,39,0,0,0
8/17/2003,,75,37,0,0,0
8/18/2003,,62,30,0.03,0,0
8/19/2003,,75,36,0,0,0
8/20/2003,,77,41,0,0,0
8/21/2003,,81,44,0,0,0
8/22/2003,,80,43,0,0,0
8/23/2003,,72,44,0.2,0,0
8/24/2003,,72,38,0,0,0
8/25/2003,,77,38,0,0,0
8/26/2003,,79,32,0,0,0
8/27/2003,,81,48,0,0,0
8/28/2003,,66,44,0.05,0,0
8/29/2003,,72,34,0,0,0
8/30/2003,,72,34,0.15,0,0
8/31/2003,,65,30,0.17,0,0
9/1/2003,,72,34,0,0,0
9/2/2003,,75,33,0,0,0
9/3/2003,,76,34,0.17,0,0
9/4/2003,,76,37,0,0,0
9/5/2003,,78,38,0,0,0
9/6/2003,,64,35,0.08,0,0
9/7/2003,,60,37,0.42,0,0
9/8/2003,,69,39,0.16,0,0
9/9/2003,,51,24,0.03,0,0
9/10/2003,,57,29,0.19,0,0
9/11/2003,,44,33,0.12,0,0
9/12/2003,,51,39,0.01,0,0
9/13/2003,,48,20,0.1,0,0
9/14/2003,,53,20,0,0,0
9/15/2003,,57,25,0,0,0
9/16/2003,,63,37,0,0,0
9/17/2003,,52,23,0.02,0,0
9/18/2003,,44,16,0,0,0
9/19/2003,,47,20,0,0,0
9/20/2003,,56,25,0,0,0
9/21/2003,,58,25,0.02,0,0
9/22/2003,,62,25,0,0,0
9/23/2003,,65,32,0,0,0
9/24/2003,,67,24,0,0,0
9/25/2003,,68,24,0,0,0
9/26/2003,,69,33,0,0,0
9/27/2003,,72,25,0,0,0
9/28/2003,,70,24,0,0,0
9/29/2003,,72,24,0,0,0
9/30/2003,,67,19,0,0,0
10/1/2003,,70,23,0,0,0
10/2/2003,,71,29,0,0,0
10/3/2003,,69,19,0,0,0
10/4/2003,,68,19,0,0,0
10/5/2003,,68,24,0,0,0
10/6/2003,,69,25,0,0,0
10/7/2003,,67,29,0,0,0
10/8/2003,,64,32,0.02,0,0
10/9/2003,,61,41,0,0,0
10/10/2003,,63,32,0.45,0,0
10/11/2003,,37,20,0.04,0,0
10/12/2003,,43,31,0,0,0
10/13/2003,,45,28,0,0,0
10/14/2003,,,,0,0,0
10/15/2003,,45,25,0,0,0
10/16/2003,,44,25,0.03,0,0
10/17/2003,,46,,0,0,0
10/18/2003,,61,26,0,0,0
10/19/2003,,68,25,0,0,0
10/20/2003,,64,38,0,0,0
10/21/2003,,65,33,0,0,0
10/22/2003,,71,22,0,0,0
10/23/2003,,72,27,0,0,0
10/24/2003,,55,20,0,0,0
10/25/2003,,46,6,0,0,0
10/26/2003,,45,,0,0,0
10/27/2003,,51,26,0,0,0
10/28/2003,,46,,0,0,0
10/29/2003,,47,26,0.35,1,1
10/30/2003,,33,11,0.05,1,1
10/31/2003,,15,7,0.01,2,3
11/1/2003,,25,-10,0,0,2
11/2/2003,,25,,0,0,2
11/3/2003,,30,,0,0,2
11/4/2003,,29,10,0.25,3.4,6
11/5/2003,,16,-17,0.04,1.5,5
11/6/2003,,19,-16,0,0,5
11/7/2003,,,,0,0,5
11/8/2003,,36,,0,0,4
11/9/2003,,38,3,0,0,4
11/10/2003,,34,11,0.15,2,6
11/11/2003,,32,26,0.25,6,12
11/12/2003,,31,4,0.2,2,14
11/13/2003,,34,-8,0,0,11
11/14/2003,,34,11,0.09,2,12
11/15/2003,,32,17,0,0,11
11/16/2003,,33,20,0.07,2,12
11/17/2003,,33,21,0.29,7,17
11/18/2003,,29,3,0,0,15
11/19/2003,,34,23,0,1,11
11/20/2003,,43,26,0.03,1,11
11/21/2003,,27,8,0.22,3,14
11/22/2003,,22,-6,0.1,2,14
11/23/2003,,13,-20,0,0,14
11/24/2003,,13,4,0,0.5,13
11/25/2003,,16,1,0.07,1.5,14
11/26/2003,,16,4,0.01,1.5,14
11/27/2003,,23,-3,0,0,13
11/28/2003,,23,,0,0,12
11/29/2003,,32,14,0,0,12
11/30/2003,,35,29,0,0,12
12/1/2003,,38,24,0,0,12
12/2/2003,,43,7,0,0,11
12/3/2003,,37,22,0,0,11
12/4/2003,,33,0,0.08,1.5,12
12/5/2003,,26,,0,0,11
12/6/2003,,40,8,0.8,1.5,12
12/7/2003,,,,0.44,5.5,16
12/8/2003,,32,20,0.2,3.5,18
12/9/2003,,27,-4,0,0,18
12/10/2003,,20,4,0.01,0.5,18
12/11/2003,,25,11,0.02,1,18
12/12/2003,,25,8,0.02,1,18
12/13/2003,,25,20,0.02,4,20
12/14/2003,,32,24,1.37,7,24
12/15/2003,,31,-2,0.23,4.5,28
12/16/2003,,18,4,0.02,2,27
12/17/2003,,21,12,0,0,26
12/18/2003,,30,-10,0,0,24
12/19/2003,,29,-7,0,0,23
12/20/2003,,37,-4,0,0,22
12/21/2003,,39,1,0.03,0.5,21
12/22/2003,,32,-8,0,0,21
12/23/2003,,28,-14,0,0,21
12/24/2003,,27,-11,0,0,21
12/25/2003,,37,,0.05,2,21
12/26/2003,,29,18,0.33,5.5,25
12/27/2003,,24,11,0.23,3.5,27
12/28/2003,,13,-3,,0,27
12/29/2003,,16,5,0.13,1.5,26
12/30/2003,,22,6,0.45,9.5,35
12/31/2003,,22,5,0.06,3,34
1/1/2004,,25,20,0.38,9,39
1/2/2004,,24,14,1.83,10,43
1/3/2004,,16,-1,0.77,2,39
1/4/2004,,18,-3,0.02,0.5,37
1/5/2004,,9,-29,0.06,1,35
1/6/2004,,1,-31,0,0,35
1/7/2004,,19,,0,0,33
1/8/2004,,22,17,0.05,0.8,32
1/9/2004,,30,22,0,0,31
1/10/2004,,40,3,0,0,30
1/11/2004,,36,8,0,0,30
1/12/2004,,39,-3,0,0,30
1/13/2004,,40,-2,0,0,29
1/14/2004,,38,2,0,0,29
1/15/2004,,42,-6,0,0,29
1/16/2004,,35,-6,0.02,0.3,29
1/17/2004,,34,-7,0,0,29
1/18/2004,,34,-9,0,0,29
1/19/2004,,32,-10,0,0,29
1/20/2004,,28,10,0,0,28
1/21/2004,,31,-10,0,0,28
1/22/2004,,24,-8,0,0,28
1/23/2004,,27,-3,0,0,28
1/24/2004,,29,10,0,0,28
1/25/2004,,30,11,0.24,4,32
1/26/2004,,18,-7,0.02,0.5,31
1/27/2004,,16,8,,1.5,30
1/28/2004,,23,15,0.02,0.5,30
1/29/2004,,26,15,0.12,3,29
1/30/2004,,31,24,0.1,1,30
1/31/2004,,31,-4,0.3,3.5,34
2/1/2004,,18,-4,0,0,33
2/2/2004,,20,-11,0,0,33
2/3/2004,,20,-5,0.01,0.5,32
2/4/2004,,33,-6,0,0,32
2/5/2004,,27,-3,0,0,31
2/6/2004,,26,1,0,0,31
2/7/2004,,20,4,0.02,0,31
2/8/2004,,23,3,0.09,1.5,31
2/9/2004,,23,-1,0,0,31
2/10/2004,,26,-4,0,0,31
2/11/2004,,21,-11,0,0.5,31
2/12/2004,,18,-23,0,0,31
2/13/2004,,34,,0,0,30
2/14/2004,,39,-16,0,0,30
2/15/2004,,23,,0,0,30
2/16/2004,,27,12,0,0,30
2/17/2004,,31,19,0.12,1,30
2/18/2004,,37,19,0.13,1,31
2/19/2004,,41,15,0.25,2.5,33
2/20/2004,,34,6,0,0,32
2/21/2004,,31,-16,0,0,32
2/22/2004,,37,-16,0,0,31
2/23/2004,,39,-15,0,0,31
2/24/2004,,39,2,0,0,31
2/25/2004,,38,3,0.13,7.5,32
2/26/2004,,35,11,0.02,0.3,32
2/27/2004,,32,21,0.15,4,36
2/28/2004,,37,17,0.09,2,34
2/29/2004,,30,6,0.07,2,35
3/1/2004,,31,6,0.11,1,35
3/2/2004,,31,-7,0,0,34
3/3/2004,,29,4,0.02,0.5,34
3/4/2004,,25,8,0.03,0.3,34
3/5/2004,,27,9,0,0,34
3/6/2004,,20,10,0.27,4,37
3/7/2004,,24,12,0,0,36
3/8/2004,,37,11,0,0,35
3/9/2004,,52,10,0,0,34
3/10/2004,,47,12,0,0.3,30
3/11/2004,,41,7,0,0,29
3/12/2004,,46,9,0,0,29
3/13/2004,,44,19,0,0,29
3/14/2004,,40,11,0,0,27
3/15/2004,,37,15,0,0,27
3/16/2004,,37,26,0,0,27
3/17/2004,,40,29,0,0,26
3/18/2004,,42,28,0,0,26
3/19/2004,,47,37,0,0,24
3/20/2004,,46,17,0,0,21
3/21/2004,,52,21,0,0,18
3/22/2004,,59,20,0,0,18
3/23/2004,,57,26,0,0,16
3/24/2004,,55,26,0,0,14
3/25/2004,,52,23,0,0,11
3/26/2004,,48,31,0.03,0,11
3/27/2004,,35,22,0.04,0.3,11
3/28/2004,,36,10,0,0,11
3/29/2004,,38,14,0,0,10
3/30/2004,,51,13,0,0,9
3/31/2004,,57,26,0,0,7
4/1/2004,,56,32,0,0,6
4/2/2004,,56,31,0,0,3
4/3/2004,,50,21,0,0,3
4/4/2004,,56,26,0,0,0
4/5/2004,,,,0,0,0
4/6/2004,,57,22,0,0,0
4/7/2004,,57,30,0,0,0
4/8/2004,,57,32,0.01,0,0
4/9/2004,,51,29,0.5,6,6
4/10/2004,,35,4,0,0,2
4/11/2004,,42,12,0,0,0
4/12/2004,,50,19,0,0,0
4/13/2004,,54,24,0,0,0
4/14/2004,,58,33,0,0,0
4/15/2004,,47,28,0,0,0
4/16/2004,,41,26,0,0,0
4/17/2004,,46,29,0.21,1.5,1
4/18/2004,,44,30,0.33,0,0
4/19/2004,,40,24,0,0,0
4/20/2004,,40,27,0.1,1,1
4/21/2004,,37,9,0.45,3,3
4/22/2004,,35,20,0,0,0
4/23/2004,,45,18,0,0,0
4/24/2004,,51,25,0,0,0
4/25/2004,,47,17,0,0,0
4/26/2004,,53,26,0,0,0
4/27/2004,,58,30,0,0,0
4/28/2004,,58,29,0,0,0
4/29/2004,,,16,0.33,3,3
4/30/2004,,43,20,0,0,0
5/1/2004,,52,21,0,0,0
5/2/2004,,58,27,0,0,0
5/3/2004,,61,33,0,0,0
5/4/2004,,62,30,0,0,0
5/5/2004,,65,33,0,0,0
5/6/2004,,64,39,0,0,0
5/7/2004,,65,34,0,0,0
5/8/2004,,65,31,0,0,0
5/9/2004,,,,,,
5/10/2004,,60,28,0,0,0
5/11/2004,,66,31,0.03,0,0
5/12/2004,,38,23,0.5,,
5/13/2004,,38,22,0,0,
5/14/2004,,40,26,0.05,0,0
5/15/2004,,46,26,0.05,0,0
5/16/2004,,52,34,0.34,0,0
5/17/2004,,41,26,0.3,0,0
5/18/2004,,55,35,0.05,0,0
5/19/2004,,52,33,0.55,0,0
5/20/2004,,53,29,0,0,0
5/21/2004,,53,28,0.17,0,0
5/22/2004,,50,33,0.65,0,0
5/23/2004,,42,33,0.64,,
5/24/2004,,,,,,
5/25/2004,,,,,,
5/26/2004,,46,26,,,
5/27/2004,,46,33,0.33,0,0
5/28/2004,,55,40,0.18,0,0
5/29/2004,,,,,,
5/30/2004,,39,24,,,
5/31/2004,,41,29,0,0,
6/1/2004,,51,29,0,0,0
6/2/2004,,60,30,0,0,0
6/3/2004,,73,31,0,0,0
6/4/2004,,71,35,0,0,0
6/5/2004,,,,0,0,0
6/6/2004,,72,42,0,0,0
6/7/2004,,61,35,0,0,0
6/8/2004,,63,46,0,0,0
6/9/2004,,,,0.02,,0
6/10/2004,,72,38,0.27,0,0
6/11/2004,,48,37,0.14,0,0
6/12/2004,,50,34,0.21,0,0
6/13/2004,,54,34,0.04,0,0
6/14/2004,,58,35,0.02,0,0
6/15/2004,,63,33,0,0,0
6/16/2004,,60,32,0.2,0,0
6/17/2004,,55,26,0.01,0,0
6/18/2004,,62,35,0.01,0,0
6/19/2004,,54,37,0.19,0,0
6/20/2004,,63,38,0.14,0,0
6/21/2004,,55,28,0.11,0,0
6/22/2004,,63,29,0,0,0
6/23/2004,,66,36,0.14,0,0
6/24/2004,,71,38,0.1,0,0
6/25/2004,,73,41,0,0,0
6/26/2004,,66,34,0.66,0,0
6/27/2004,,68,38,0,0,0
6/28/2004,,68,38,0.15,0,0
6/29/2004,,69,40,0.57,0,0
6/30/2004,,70,49,0.33,0,0
7/1/2004,,68,38,0.02,0,0
7/2/2004,,72,37,0.02,0,0
7/3/2004,,70,34,0.01,0,0
7/4/2004,,69,45,0.23,0,0
7/5/2004,,62,36,0.23,0,0
7/6/2004,,63,38,0,0,0
7/7/2004,,60,45,0,0,0
7/8/2004,,71,37,0,0,0
7/9/2004,,64,31,0,0,0
7/10/2004,,72,39,0.01,0,0
7/11/2004,,75,42,0.02,0,0
7/12/2004,,73,34,0,0,0
7/13/2004,,80,36,0,0,0
7/14/2004,,78,42,0.15,0,0
7/15/2004,,84,54,0,0,0
7/16/2004,,78,41,0,0,0
7/17/2004,,82,40,0,0,0
7/18/2004,,79,46,0.04,0,0
7/19/2004,,76,54,0.03,0,0
7/20/2004,,72,49,0.76,0,0
7/21/2004,,72,45,0.22,0,0
7/22/2004,,72,47,0.1,0,0
7/23/2004,,68,41,0.13,0,0
7/24/2004,,70,34,0,0,0
7/25/2004,,73,39,0,0,0
7/26/2004,,78,49,0,0,0
7/27/2004,,74,42,0,0,0
7/28/2004,,73,41,0,0,0
7/29/2004,,70,39,0,0,0
7/30/2004,,72,36,0,0,0
7/31/2004,,74,36,0,0,0
8/1/2004,,78,37,0,0,0
8/2/2004,,80,46,0,0,0
8/3/2004,,75,45,0.24,0,0
8/4/2004,,73,42,0,0,0
8/5/2004,,76,44,0.08,0,0
8/6/2004,,,,0,0,0
8/7/2004,,75,36,0,0,0
8/8/2004,,75,29,0.02,0,0
8/9/2004,,73,31,0,0,0
8/10/2004,,75,31,0,0,0
8/11/2004,,75,33,0,0,0
8/12/2004,,75,,0,0,0
8/13/2004,,78,35,0,0,0
8/14/2004,,79,33,0,0,0
8/15/2004,,81,35,0,0,0
8/16/2004,,76,35,0,0,0
8/17/2004,,71,47,0.11,0,0
8/18/2004,,70,48,0.23,0,0
8/19/2004,,64,45,0.05,0,0
8/20/2004,,63,36,0.13,0,0
8/21/2004,,68,36,0,0,0
8/22/2004,,70,36,0.71,0,0
8/23/2004,,65,38,0.96,0,0
8/24/2004,,51,33,0.07,0,0
8/25/2004,,57,44,0.31,0,0
8/26/2004,,53,34,0.52,0,0
8/27/2004,,50,32,0.1,0,0
8/28/2004,,57,31,0,0,0
8/29/2004,,55,35,0,0,0
8/30/2004,,66,35,0,0,0
8/31/2004,,77,32,0,0,0
9/1/2004,,74,35,0,0,0
9/2/2004,,75,35,0.17,0,0
9/3/2004,,75,33,0.08,0,0
9/4/2004,,49,26,0,0,0
9/5/2004,,59,,0,0,0
9/6/2004,,55,26,0,0,0
9/7/2004,,62,27,0,0,0
9/8/2004,,66,30,0,0,0
9/9/2004,,71,31,0,0,0
9/10/2004,,69,35,0,0,0
9/11/2004,,72,35,0,0,0
9/12/2004,,,38,0,0,0
9/13/2004,,63,36,0.32,0,0
9/14/2004,,51,32,0.3,0,0
9/15/2004,,51,30,0.09,0,0
9/16/2004,,51,34,0.11,0,0
9/17/2004,,55,34,0,0,0
9/18/2004,,68,34,0.03,0,0
9/19/2004,,64,33,0,0,0
9/20/2004,,63,33,0.57,0,0
9/21/2004,,42,22,0.05,0,0
9/22/2004,,45,22,0,0,0
9/23/2004,,38,29,0.03,0,0
9/24/2004,,52,29,0,0,0
9/25/2004,,62,27,0,0,0
9/26/2004,,67,27,0,0,0
9/27/2004,,,,0,0,0
9/28/2004,,,,0,0,0
9/29/2004,,66,28,0.01,0,0
9/30/2004,,64,32,0.03,0,0
10/1/2004,,64,29,0,0,0
10/2/2004,,58,29,0,0,0
10/3/2004,,59,26,0,0,0
10/4/2004,,63,27,0,0,0
10/5/2004,,63,27,0,0,0
10/6/2004,,62,25,0,0,0
10/7/2004,,62,25,0,0,0
10/8/2004,,58,26,0,0,0
10/9/2004,,64,28,0,0,0
10/10/2004,,62,33,0.05,0,0
10/11/2004,,,,0,0,0
10/12/2004,,59,28,0,0,0
10/13/2004,,,,0,0,0
10/14/2004,,,,0,0,0
10/15/2004,,59,20,0,0,0
10/16/2004,,,,0,0,0
10/17/2004,,59,21,0,0,0
10/18/2004,,53,28,0.48,1,1
10/19/2004,,34,26,0.32,3,3
10/20/2004,,38,28,0.22,0.5,1
10/21/2004,,37,32,0.14,0.5,1
10/22/2004,,,,0,0,0
10/23/2004,,34,,0.08,2,2
10/24/2004,,34,20,0.73,7,7
10/25/2004,,32,5,,1,7
10/26/2004,,38,9,0,0,5
10/27/2004,,39,22,0,0.3,3
10/28/2004,,48,26,0,0.3,2
10/29/2004,,39,27,0.01,0.3,2
10/30/2004,,39,26,0.13,0.5,2
10/31/2004,,35,8,0.22,3,4
11/1/2004,,35,-10,0.01,0.3,4
11/2/2004,,28,3,0,0,4
11/3/2004,,35,16,0,0,4
11/4/2004,,39,17,0.04,0.5,2
11/5/2004,,49,18,0,0,2
11/6/2004,,47,22,0,0,2
11/7/2004,,48,21,0,0,2
11/8/2004,,55,12,0,0,2
11/9/2004,,52,20,0,0,2
11/10/2004,,55,26,0,0,2
11/11/2004,,46,20,0,0,0
11/12/2004,,49,12,0,0,0
11/13/2004,,46,10,0,0,0
11/14/2004,,46,8,0,0,0
11/15/2004,,44,9,0,0,0
11/16/2004,,44,11,0,0,0
11/17/2004,,43,17,0,0,0
11/18/2004,,42,9,0,0,0
11/19/2004,,42,16,0.07,2,2
11/20/2004,,28,14,0.01,0.3,1
11/21/2004,,26,-9,0,0,1
11/22/2004,,33,-2,0,0,1
11/23/2004,,33,13,0,0,1
11/24/2004,,27,15,0,0,1
11/25/2004,,31,,0.05,0.5,2
11/26/2004,,34,7,0.05,1,3
11/27/2004,,25,5,0,0,3
11/28/2004,,20,9,0.12,2,5
11/29/2004,,18,-23,0,0,4
11/30/2004,,19,-21,0,0,4
12/1/2004,,14,7,0,0,4
12/2/2004,,16,10,0,0,4
12/3/2004,,22,10,0,0,4
12/4/2004,,22,-1,0,0,4
12/5/2004,,34,-4,0,0,4
12/6/2004,,28,0,0.01,1,5
12/7/2004,,22,16,0.24,5,10
12/8/2004,,25,22,0.31,6,15
12/9/2004,,28,14,0.3,5,17
12/10/2004,,34,16,0,0,14
12/11/2004,,39,34,0,0,11
12/12/2004,,41,31,0.02,1,10
12/13/2004,,37,3,0,0,10
12/14/2004,,34,10,0,0,10
12/15/2004,,36,23,0.02,0,10
12/16/2004,,34,2,0,0,10
12/17/2004,,31,6,0,0,10
12/18/2004,,28,10,0,0,10
12/19/2004,,32,12,0,0,9
12/20/2004,,33,15,0,0,9
12/21/2004,,33,-2,,0,9
12/22/2004,,19,-14,0,0,10
12/23/2004,,18,-30,0,0,10
12/24/2004,,11,,0,0,9
12/25/2004,,21,6,0.05,0.5,10
12/26/2004,,27,2,0,0,10
12/27/2004,,36,2,0,0,10
12/28/2004,,39,24,0.01,0,10
12/29/2004,,33,15,0.03,0,10
12/30/2004,,35,15,0.45,13,21
12/31/2004,,26,16,0.24,4,23
1/1/2005,,26,15,0.58,12,30
1/2/2005,,23,3,0.11,3,30
1/3/2005,,26,4,0.1,1.5,27
1/4/2005,,27,8,0.1,1.2,27
1/5/2005,,16,-4,0.01,1,26
1/6/2005,,23,5,,0.5,25
1/7/2005,,14,10,0,,25
1/8/2005,,23,14,0.42,12,35
1/9/2005,,26,17,0.51,11,38
1/10/2005,,23,18,0.13,3,36
1/11/2005,,29,7,0.02,0.5,34
1/12/2005,,27,-14,0,0,33
1/13/2005,,14,9,0.06,1.5,30
1/14/2005,,15,10,0.05,1,32
1/15/2005,,17,0,0,0,29
1/16/2005,,23,3,0.01,1,29
1/17/2005,,29,,0,0,29
1/18/2005,,29,21,0,0,27
1/19/2005,,35,29,0,0,26
1/20/2005,,42,23,0,0,25
1/21/2005,,48,24,0,0,24
1/22/2005,,42,10,0,0,24
1/23/2005,,34,10,0,0,24
1/24/2005,,47,0,0,0,24
1/25/2005,,49,0,0,0,24
1/26/2005,,41,3,0,0,24
1/27/2005,,41,6,0,0,23
1/28/2005,,35,13,0,0,23
1/29/2005,,36,12,0,0,23
1/30/2005,,35,12,0,0,23
1/31/2005,,30,-7,0,0,23
2/1/2005,,35,,0,0,23
2/2/2005,,37,0,0,0,23
2/3/2005,,36,-3,0,0,23
2/4/2005,,49,1,0,0,23
2/5/2005,,43,8,0,0,22
2/6/2005,,25,-1,0.07,1.5,24
2/7/2005,,26,0,0.01,0.1,24
2/8/2005,,27,8,0,0,24
2/9/2005,,23,13,0,0,24
2/10/2005,,25,-10,0,0,24
2/11/2005,,38,-11,0,0,24
2/12/2005,,45,-8,0,0,23
2/13/2005,,34,25,0.01,0,23
2/14/2005,,28,20,0.46,6,31
2/15/2005,,23,-25,0.05,4,31
2/16/2005,,19,-25,0,0,29
2/17/2005,,27,-25,0,0,29
2/18/2005,,34,-15,0,0,27
2/19/2005,,37,3,0,0,26
2/20/2005,,34,22,0.08,0.8,26
2/21/2005,,35,25,0.11,1.5,28
2/22/2005,,33,-2,0,0,27
2/23/2005,,38,-12,0,0,27
2/24/2005,,42,-11,0,0,26
2/25/2005,,47,-5,0,0,26
2/26/2005,,46,-7,0,0,25
2/27/2005,,44,-6,0,0,25
2/28/2005,,41,-3,0,0,25
3/1/2005,,39,6,0.01,0,25
3/2/2005,,35,8,0,0,25
3/3/2005,,44,-2,0,0,25
3/4/2005,,46,8,0,0,24
3/5/2005,,43,1,0,0,24
3/6/2005,,44,10,0,0,24
3/7/2005,,41,10,0,0,23
3/8/2005,,38,20,0,0,23
3/9/2005,,47,,0,0,22
3/10/2005,,48,20,0,0,21
3/11/2005,,45,14,0,0,20
3/12/2005,,46,29,0,0,20
3/13/2005,,41,-1,0,0,20
3/14/2005,,30,-7,0.02,0,20
3/15/2005,,27,4,0,0,20
3/16/2005,,29,16,0.03,0.5,20
3/17/2005,,35,21,0.16,1.5,20
3/18/2005,,35,-8,0,0,19
3/19/2005,,30,5,0.18,3,22
3/20/2005,,39,29,0.08,2,22
3/21/2005,,36,25,0.07,0.5,20
3/22/2005,,40,20,0.04,1,21
3/23/2005,,33,26,0.04,1,21
3/24/2005,,38,12,0.62,8.5,28
3/25/2005,,32,1,0,0,27
3/26/2005,,33,-3,0,0,26
3/27/2005,,31,12,0,0,25
3/28/2005,,38,27,0.11,3,26
3/29/2005,,37,12,0.68,7,30
3/30/2005,,31,6,0.22,3,31
3/31/2005,,30,-8,0.03,0.5,29
4/1/2005,,31,6,0,0,29
4/2/2005,,42,20,0,0,27
4/3/2005,,46,22,0,0,24
4/4/2005,,44,30,0.45,6,30
4/5/2005,,36,25,0.05,1,28
4/6/2005,,35,10,0,0,27
4/7/2005,,56,19,0,0,23
4/8/2005,,58,25,0,0,20
4/9/2005,,36,26,0.05,1,21
4/10/2005,,36,15,0,0,20
4/11/2005,,41,10,0,0,20
4/12/2005,,43,21,0,0,19
4/13/2005,,47,28,0,0,18
4/14/2005,,55,18,0.13,0,16
4/15/2005,,31,4,0.06,0.5,16
4/16/2005,,42,12,0,0,15
4/17/2005,,53,20,0,0,13
4/18/2005,,55,30,0,0,10
4/19/2005,,55,24,0.14,0,10
4/20/2005,,,,0,0,9
4/21/2005,,42,22,0,0,9
4/22/2005,,38,21,0,0,9
4/23/2005,,52,22,0,0,0
4/24/2005,,55,27,0,0,0
4/25/2005,,56,23,0,0,0
4/26/2005,,52,20,0,0,0
4/27/2005,,51,29,0.06,1,1
4/28/2005,,35,15,0,0,0
4/29/2005,,37,7,0,0,0
4/30/2005,,36,14,0.04,0.5,1
5/1/2005,,,,,,
5/2/2005,,,,,,
5/3/2005,,,,,,
5/4/2005,,,,,,
5/5/2005,,,,,,
5/6/2005,,,,,,
5/7/2005,,,,,,
5/8/2005,,,,,,
5/9/2005,,,,,,
5/10/2005,,,,,,
5/11/2005,,,,,,
5/12/2005,,,,,,
5/13/2005,,,,,,
5/14/2005,,,,,,
5/15/2005,,,,,,
5/16/2005,,,,,,
5/17/2005,,,,,,
5/18/2005,,,,,,
5/19/2005,,,,,,
5/20/2005,,,,,,
5/21/2005,,,,,,
5/22/2005,,,,,,
5/23/2005,,,,,,
5/24/2005,,,,,,
5/25/2005,,,,,,
5/26/2005,,,,,,
5/27/2005,,,,,,
5/28/2005,,,,,,
5/29/2005,,,,,,
5/30/2005,,,,,,
5/31/2005,,,,,,
6/1/2005,,55,39,0.45,0,
6/2/2005,,41,31,0.41,0,0
6/3/2005,,45,32,0.04,0,0
6/4/2005,,54,32,0.03,0,0
6/5/2005,,57,31,0.11,0,0
6/6/2005,,55,37,0.35,0,0
6/7/2005,,55,29,0.14,0,0
6/8/2005,,41,31,0.09,0,0
6/9/2005,,45,29,0.25,0,0
6/10/2005,,46,31,0.04,0,0
6/11/2005,,53,30,0.01,0,0
6/12/2005,,57,34,0.31,0,0
6/13/2005,,47,33,0.22,0,0
6/14/2005,,53,30,0.03,0,0
6/15/2005,,67,38,0,0,0
6/16/2005,,68,36,0,0,0
6/17/2005,,71,36,0.05,0,0
6/18/2005,,70,36,0.01,0,0
6/19/2005,,71,31,0,0,0
6/20/2005,,70,35,0,0,0
6/21/2005,,76,38,0,0,0
6/22/2005,,81,42,0.03,0,0
6/23/2005,,81,42,0.42,0,0
6/24/2005,,81,40,0.15,0,0
6/25/2005,,71,38,0,0,0
6/26/2005,,71,38,0,0,0
6/27/2005,,65,36,0.3,0,0
6/28/2005,,66,38,0.14,0,0
6/29/2005,,61,35,0.11,0,0
6/30/2005,,58,40,0.01,0,0
7/1/2005,,66,38,0,0,0
7/2/2005,,71,45,0.05,0,0
7/3/2005,,69,31,0,0,0
7/4/2005,,64,32,0,0,0
7/5/2005,,70,35,0,0,0
7/6/2005,,74,38,0,0,0
7/7/2005,,77,41,0,0,0
7/8/2005,,78,44,0,0,0
7/9/2005,,82,42,0,0,0
7/10/2005,,78,49,0.09,0,0
7/11/2005,,67,40,0.14,0,0
7/12/2005,,72,38,0,0,0
7/13/2005,,82,45,0,0,0
7/14/2005,,86,45,0,0,0
7/15/2005,,78,42,0,0,0
7/16/2005,,82,51,0,0,0
7/17/2005,,80,35,0,0,0
7/18/2005,,70,33,0,0,0
7/19/2005,,74,33,0,0,0
7/20/2005,,80,41,0,0,0
7/21/2005,,81,41,0,0,0
7/22/2005,,87,56,0,0,0
7/23/2005,,80,50,0,0,0
7/24/2005,,77,38,0,0,0
7/25/2005,,78,45,0,0,0
7/26/2005,,72,38,0.1,0,0
7/27/2005,,69,31,0,0,0
7/28/2005,,75,31,0,0,0
7/29/2005,,77,42,0,0,0
7/30/2005,,71,44,0,0,0
7/31/2005,,71,42,0.32,0,0
8/1/2005,,73,42,0.95,0,0
8/2/2005,,76,42,0.1,0,0
8/3/2005,,74,42,0.1,0,0
8/4/2005,,74,35,0,0,0
8/5/2005,,76,40,0,0,0
8/6/2005,,80,39,0,0,0
8/7/2005,,82,40,0,0,0
8/8/2005,,82,43,0,0,0
8/9/2005,,82,40,0.01,0,0
8/10/2005,,78,47,0.5,0,0
8/11/2005,,75,39,1.3,0,0
8/12/2005,,70,34,0.17,0,0
8/13/2005,,68,40,0,0,0
8/14/2005,,64,28,0,0,0
8/15/2005,,69,28,0,0,0
8/16/2005,,77,35,0,0,0
8/17/2005,,74,35,0.01,0,0
8/18/2005,,66,43,0.4,0,0
8/19/2005,,67,36,0.81,0,0
8/20/2005,,65,35,0.02,0,0
8/21/2005,,73,34,0,0,0
8/22/2005,,78,39,0,0,0
8/23/2005,,77,45,0,0,0
8/24/2005,,77,48,0,0,0
8/25/2005,,63,26,0,0,0
8/26/2005,,65,26,0,0,0
8/27/2005,,70,31,0,0,0
8/28/2005,,74,31,0,0,0
8/29/2005,,76,33,0,0,0
8/30/2005,,80,33,0,0,0
8/31/2005,,51,35,0,0,0
9/1/2005,,64,26,0,0,0
9/2/2005,,69,29,0,0,0
9/3/2005,,75,36,0,0,0
9/4/2005,,75,38,0,0,0
9/5/2005,,75,31,0,0,0
9/6/2005,,67,30,0,0,0
9/7/2005,,74,29,0,0,0
9/8/2005,,76,32,0,0,0
9/9/2005,,76,36,0,0,0
9/10/2005,,76,36,0.22,0,0
9/11/2005,,43,33,0.07,0,0
9/12/2005,,48,31,0.07,0,0
9/13/2005,,48,28,0.02,0,0
9/14/2005,,51,26,0,0,0
9/15/2005,,57,26,0,0,0
9/16/2005,,61,28,0,0,0
9/17/2005,,66,32,0.17,0,0
9/18/2005,,47,29,0.16,0,0
9/19/2005,,50,27,0,0,0
9/20/2005,,60,27,0,0,0
9/21/2005,,68,33,0,0,0
9/22/2005,,54,32,0.01,0,0
9/23/2005,,60,38,0.19,0,0
9/24/2005,,53,38,0.31,0,0
9/25/2005,,44,29,0.11,0,0
9/26/2005,,42,25,0,0,0
9/27/2005,,58,,0,0,0
9/28/2005,,57,25,0,0,0
9/29/2005,,63,24,0,0,0
9/30/2005,,63,29,0,0,0
10/1/2005,,64,32,0,0,0
10/2/2005,,66,32,0.31,0,0
10/3/2005,,41,32,0.51,3,3
10/4/2005,,41,30,0.04,0,
10/5/2005,,34,12,0.42,5,
10/6/2005,,40,12,0,0,
10/7/2005,,47,16,0,0,
10/8/2005,,55,26,0,0,
10/9/2005,,50,32,0.09,0,0
10/10/2005,,43,18,0,0,0
10/11/2005,,53,19,0,0,0
10/12/2005,,54,23,0.06,0,0
10/13/2005,,46,29,0,0,0
10/14/2005,,61,29,0,0,0
10/15/2005,,62,24,0,0,0
10/16/2005,,64,27,0,0,0
10/17/2005,,52,33,0,0,0
10/18/2005,,53,33,0,0,0
10/19/2005,,62,24,0,0,0
10/20/2005,,58,28,0,0,0
10/21/2005,,,24,0,0,0
10/22/2005,,52,21,0,0,0
10/23/2005,,59,21,0,0,0
10/24/2005,,64,23,0,0,0
10/25/2005,,65,25,0,0,0
10/26/2005,,64,26,0,0,0
10/27/2005,,55,28,0.02,0,0
10/28/2005,,47,35,0.24,0,0
10/29/2005,,39,28,0,0,0
10/30/2005,,36,22,0.2,0.8,1
10/31/2005,,35,21,0,0,0
11/1/2005,,37,27,0,0,0
11/2/2005,,45,37,0.27,0,0
11/3/2005,,43,23,0.71,2,2
11/4/2005,,27,23,0.2,2,4
11/5/2005,,32,21,0.1,2,4
11/6/2005,,32,11,0.05,3.5,6
11/7/2005,,37,32,0.93,3,5
11/8/2005,,42,34,1.4,0,3
11/9/2005,,35,-1,0.21,3,4
11/10/2005,,37,7,,,5
11/11/2005,,51,18,0,0,4
11/12/2005,,52,18,0.03,1.5,5
11/13/2005,,30,9,0,0.1,5
11/14/2005,,28,20,0.25,5.5,8
11/15/2005,,27,-16,0.01,0.3,8
11/16/2005,,21,-8,0,0.3,8
11/17/2005,,23,11,0.1,0.5,8
11/18/2005,,35,1,0,0,8
11/19/2005,,29,4,0,0,7
11/20/2005,,44,1,0,0,7
11/21/2005,,46,2,0,0,7
11/22/2005,,46,3,0,0,7
11/23/2005,,49,2,0,0,7
11/24/2005,,49,0,0,0,7
11/25/2005,,42,2,0,0,6
11/26/2005,,38,6,0.1,1,8
11/27/2005,,27,0,0.12,4,11
11/28/2005,,17,-5,0.01,0,10
11/29/2005,,21,-5,0,0,10
11/30/2005,,20,5,0.09,3.5,13
12/1/2005,,18,11,0,0.5,11
12/2/2005,,31,14,0.65,7,18
12/3/2005,,,9,0.18,3.5,20
12/4/2005,,26,-4,0,0.5,20
12/5/2005,,14,0,0,0,17
12/6/2005,,11,-10,0.7,1,16
12/7/2005,,,-34,0,0,16
12/8/2005,,11,-30,0,0,16
12/9/2005,,16,-27,0,0,16
12/10/2005,,22,-14,0,0,16
12/11/2005,,23,-12,0,0,16
12/12/2005,,31,-7,0,0,16
12/13/2005,,38,-6,0,0,16
12/14/2005,,19,-8,0.02,3,16
12/15/2005,,15,-12,0,0,16
12/16/2005,,13,-21,0,0,16
12/17/2005,,17,-19,0.2,0.9,17
12/18/2005,,11,-24,0.01,0.2,16
12/19/2005,,19,-23,0.04,1,17
12/20/2005,,28,10,0,0,16
12/21/2005,,36,27,0,0,17
12/22/2005,,38,32,0.24,1.5,16
12/23/2005,,35,30,,0,15
12/24/2005,,34,20,0,0,15
12/25/2005,,35,16,0,0,15
12/26/2005,,44,17,0,0,14
12/27/2005,,34,24,0.04,0.4,15
12/28/2005,,32,24,0.06,0.7,15
12/29/2005,,35,24,0.05,2,16
12/30/2005,,35,14,0.01,2,17
12/31/2005,,32,20,0.15,2,20
1/1/2006,,33,24,0.25,4,23
1/2/2006,,28,9,0.12,3,25
1/3/2006,,32,23,0.62,11,34
1/4/2006,,31,22,,2,31
1/5/2006,,28,1,0,0,30
1/6/2006,,28,-2,,0.1,30
1/7/2006,,27,3,0,0,29
1/8/2006,,30,3,0.11,2,29
1/9/2006,,22,3,0.06,0.6,30
1/10/2006,,21,12,0,0,29
1/11/2006,,31,21,0.2,1.5,28
1/12/2006,,,6,0.22,1.5,29
1/13/2006,,28,6,0,0,29
1/14/2006,,31,8,0,0,29
1/15/2006,,42,11,0.15,3,31
1/16/2006,,25,-10,0.1,2.5,31
1/17/2006,,16,-9,0.02,0.5,30
1/18/2006,,26,15,0.13,2,32
1/19/2006,,27,-14,0.06,1,31
1/20/2006,,24,-13,0,0,30
1/21/2006,,19,13,0.17,2,31
1/22/2006,,24,1,0.01,0.2,30
1/23/2006,,17,11,0,0.5,30
1/24/2006,,25,-10,0,0,29
1/25/2006,,30,-7,0,0,29
1/26/2006,,43,,0,0,28
1/27/2006,,27,10,0.21,5,32
1/28/2006,,24,10,0.05,1,32
1/29/2006,,21,1,0.09,1,32
1/30/2006,,25,13,0.03,1.5,32
1/31/2006,,32,4,0.2,4,35
2/1/2006,,26,3,0.09,4,36
2/2/2006,,29,10,0,0,34
2/3/2006,,26,8,0.08,0.5,34
2/4/2006,,29,8,0,0,34
2/5/2006,,34,0,0.17,4,35
2/6/2006,,26,6,,0.5,34
2/7/2006,,24,0,0,0,33
2/8/2006,,33,-3,0,0,33
2/9/2006,,38,,0,0,32
2/10/2006,,30,-19,0,0,31
2/11/2006,,16,-24,0,0,31
2/12/2006,,30,-21,0,0,31
2/13/2006,,37,-7,0,0,30
2/14/2006,,30,4,0.03,1.8,31
2/15/2006,,30,3,,0.8,31
2/16/2006,,12,-20,0.03,0.5,31
2/17/2006,,11,-20,0.01,0.3,31
2/18/2006,,7,-35,0,0,31
2/19/2006,,21,-27,0.01,0.1,30
2/20/2006,,19,-14,0,0,30
2/21/2006,,14,-1,0.01,0.1,30
2/22/2006,,15,8,0,0,29
2/23/2006,,20,14,0.04,1,29
2/24/2006,,25,14,0.1,0,31
2/25/2006,,28,14,0,0,31
2/26/2006,,33,8,0,0,31
2/27/2006,,43,13,0,0,30
2/28/2006,,44,31,0.14,0.4,29
3/1/2006,,38,22,0.7,3,31
3/2/2006,,31,-7,0,0,30
3/3/2006,,,,0,0,
3/4/2006,,44,18,0.04,1,30
3/5/2006,,22,-2,0.11,1.3,33
3/6/2006,,36,5,0,0,33
3/7/2006,,47,24,0.28,4,35
3/8/2006,,30,4,0,0,33
3/9/2006,,31,11,0.17,4,35
3/10/2006,,31,-15,0.08,1,35
3/11/2006,,22,-25,0,0,35
3/12/2006,,26,-18,0,0,34
3/13/2006,,26,-16,0.02,1,35
3/14/2006,,22,2,0.02,0.3,34
3/15/2006,,27,14,0.13,3,36
3/16/2006,,26,13,0.14,2.5,37
3/17/2006,,31,2,0.1,1,36
3/18/2006,,37,9,0.08,2.5,39
3/19/2006,,33,21,0.08,1,36
3/20/2006,,37,3,0,0,35
3/21/2006,,33,-1,0.02,0.5,35
3/22/2006,,34,15,0.02,0.5,35
3/23/2006,,38,5,0,0,33
3/24/2006,,40,7,0,0,32
3/25/2006,,44,17,0,0,31
3/26/2006,,48,20,0.03,0,29
3/27/2006,,35,6,0,0.3,29
3/28/2006,,43,11,0,0,29
3/29/2006,,43,29,0,0,28
3/30/2006,,44,27,0,1,28
3/31/2006,,40,22,0,0,26
4/1/2006,,37,28,0.2,4.5,31
4/2/2006,,39,18,0.12,0.9,29
4/3/2006,,35,21,0,0,29
4/4/2006,,50,25,0,0,25
4/5/2006,,46,31,0.17,0.2,22
4/6/2006,,54,26,0.34,3,22
4/7/2006,,53,26,0,0,21
4/8/2006,,46,22,0,0,17
4/9/2006,,46,28,0.18,3,19
4/10/2006,,44,28,0.02,0.9,15
4/11/2006,,41,18,0,0,13
4/12/2006,,42,27,0.16,3,16
4/13/2006,,48,33,0.11,0,12
4/14/2006,,44,34,0.74,0.7,10
4/15/2006,,47,34,0.09,0,8
4/16/2006,,45,33,0.53,0,8
4/17/2006,,45,27,0.45,4,11
4/18/2006,,32,12,0.16,2,12
4/19/2006,,34,3,0,0,12
4/20/2006,,38,10,0,0,12
4/21/2006,,51,17,0,0,11
4/22/2006,,56,17,0,0,9
4/23/2006,,67,29,0,0,0
4/24/2006,,47,22,0.1,2.5,3
4/25/2006,,44,27,0,0,0
4/26/2006,,48,22,0,0,0
4/27/2006,,50,32,0,0,0
4/28/2006,,50,18,0,0,0
4/29/2006,,55,21,0,0,0
4/30/2006,,60,35,0.01,0,0
5/1/2006,,55,25,0,0,0
5/2/2006,,51,30,0,0,0
5/3/2006,,42,14,0,0,0
5/4/2006,,50,27,0.01,0,0
5/5/2006,,57,19,0,0,0
5/6/2006,,57,26,0,0,0
5/7/2006,,56,28,0,0,0
5/8/2006,,52,33,0.45,0,0
5/9/2006,,45,15,0.23,1.5,1
5/10/2006,,39,18,0,0,0
5/11/2006,,49,26,0,0,0
5/12/2006,,56,29,0,0,0
5/13/2006,,60,29,0,0,0
5/14/2006,,65,26,0,0,0
5/15/2006,,70,29,0,0,0
5/16/2006,,71,33,0,0,0
5/17/2006,,73,33,0,0,0
5/18/2006,,73,34,0,0,0
5/19/2006,,73,46,0,0,0
5/20/2006,,68,35,0,0,0
5/21/2006,,,,0,0,0
5/22/2006,,67,34,0,0,0
5/23/2006,,67,33,0.21,0,0
5/24/2006,,56,35,0,0,0
5/25/2006,,63,35,0,0,0
5/26/2006,,67,38,0,0,0
5/27/2006,,58,36,0.02,0,0
5/28/2006,,49,30,0.15,0,0
5/29/2006,,49,29,0.39,1.5,2
5/30/2006,,46,27,0.12,0,
5/31/2006,,47,25,0.11,0,
6/1/2006,,60,25,0,0,0
6/2/2006,,68,25,0,0,0
6/3/2006,,74,25,0,0,0
6/4/2006,,64,44,0,0,0
6/5/2006,,68,33,0.05,0,0
6/6/2006,,66,31,0,0,0
6/7/2006,,77,40,0,0,0
6/8/2006,,81,49,0.12,0,0
6/9/2006,,63,41,0.67,0,0
6/10/2006,,61,42,0.25,0,0
6/11/2006,,61,32,0.14,0,0
6/12/2006,,66,38,0.15,0,0
6/13/2006,,67,34,0,0,0
6/14/2006,,77,45,0.15,0,0
6/15/2006,,54,37,0.65,0,0
6/16/2006,,54,38,0.25,0,0
6/17/2006,,58,37,0,0,0
6/18/2006,,63,31,0,0,0
6/19/2006,,65,37,0,0,0
6/20/2006,,69,37,0.05,0,0
6/21/2006,,63,29,0,0,0
6/22/2006,,64,29,0,0,0
6/23/2006,,67,33,0,0,0
6/24/2006,,71,33,0,0,0
6/25/2006,,72,34,0.01,0,0
6/26/2006,,73,36,0.07,0,0
6/27/2006,,76,39,0,0,0
6/28/2006,,69,35,0.05,0,0
6/29/2006,,78,39,0,0,0
6/30/2006,,78,45,0,0,0
7/1/2006,,74,44,0.05,0,0
7/2/2006,,73,46,0,0,0
7/3/2006,,75,47,0.37,0,0
7/4/2006,,75,39,0.02,0,0
7/5/2006,,78,46,0,0,0
7/6/2006,,69,48,0.02,0,0
7/7/2006,,72,50,0.27,0,0
7/8/2006,,72,35,0.04,0,0
7/9/2006,,78,38,0,0,0
7/10/2006,,76,38,0,0,0
7/11/2006,,76,42,0.11,0,0
7/12/2006,,79,44,0,0,0
7/13/2006,,74,38,0.45,0,0
7/14/2006,,71,37,0,0,0
7/15/2006,,80,42,0,0,0
7/16/2006,,85,44,0,0,0
7/17/2006,,83,44,0,0,0
7/18/2006,,81,47,0,0,0
7/19/2006,,83,39,0.14,0,0
7/20/2006,,85,41,0,0,0
7/21/2006,,87,57,0,0,0
7/22/2006,,87,46,0,0,0
7/23/2006,,74,40,0.02,0,0
7/24/2006,,80,43,0,0,0
7/25/2006,,,,0,0,0
7/26/2006,,,,0,0,0
7/27/2006,,81,42,0,0,0
7/28/2006,,82,42,0,0,0
7/29/2006,,85,42,0,0,0
7/30/2006,,84,49,0,0,0
7/31/2006,,74,38,0,0,0
8/1/2006,,67,40,0,0,0
8/2/2006,,69,35,0.22,0,0
8/3/2006,,68,32,0,0,0
8/4/2006,,73,37,0,0,0
8/5/2006,,76,38,0.17,0,0
8/6/2006,,75,38,0.05,0,0
8/7/2006,,78,37,0,0,0
8/8/2006,,78,43,0,0,0
8/9/2006,,79,39,0,0,0
8/10/2006,,72,34,0,0,0
8/11/2006,,76,34,0,0,0
8/12/2006,,74,35,0,0,0
8/13/2006,,69,29,0,0,0
8/14/2006,,73,28,0,0,0
8/15/2006,,76,39,0.05,0,0
8/16/2006,,75,35,0.3,0,0
8/17/2006,,74,34,0,0,0
8/18/2006,,69,29,0,0,0
8/19/2006,,71,28,0,0,0
8/20/2006,,74,31,0,0,0
8/21/2006,,76,31,0,0,0
8/22/2006,,80,31,0,0,0
8/23/2006,,81,35,0,0,0
8/24/2006,,81,35,0,0,0
8/25/2006,,68,38,0,0,0
8/26/2006,,71,37,0,0,0
8/27/2006,,66,30,0,0,0
8/28/2006,,73,33,0,0,0
8/29/2006,,74,33,0,0,0
8/30/2006,,77,35,0,0,0
8/31/2006,,77,22,0,0,0
9/1/2006,,59,19,0,0,0
9/2/2006,,67,20,0,0,0
9/3/2006,,76,26,0,0,0
9/4/2006,,80,28,0,0,0
9/5/2006,,80,28,0,0,0
9/6/2006,,78,36,0,0,0
9/7/2006,,72,34,0,0,0
9/8/2006,,72,34,0.09,0,0
9/9/2006,,66,38,0.01,0,0
9/10/2006,,60,33,0.18,0,0
9/11/2006,,68,29,0,0,0
9/12/2006,,74,28,0,0,0
9/13/2006,,77,35,0,0,0
9/14/2006,,72,37,0,0,0
9/15/2006,,72,36,0.04,0,0
9/16/2006,,50,29,0.22,0,0
9/17/2006,,34,25,0.05,0,0
9/18/2006,,45,28,0,0,0
9/19/2006,,55,23,0,0,0
9/20/2006,,65,,0.01,0,0
9/21/2006,,65,33,0.2,0,0
9/22/2006,,42,31,0.2,0,0
9/23/2006,,41,26,0,0,0
9/24/2006,,49,21,0.03,0,0
9/25/2006,,55,21,0.02,0,0
9/26/2006,,63,27,0,0,0
9/27/2006,,61,28,0,0,0
9/28/2006,,62,28,0,0,0
9/29/2006,,65,30,0,0,0
9/30/2006,,67,29,0,0,0
10/1/2006,,,,0,0,0
10/2/2006,,65,27,0,0,0
10/3/2006,,65,27,0.72,0,0
10/4/2006,,53,28,0.02,0,0
10/5/2006,,55,28,0.12,0,0
10/6/2006,,58,35,0.09,0,0
10/7/2006,,53,35,0.29,0,0
10/8/2006,,53,26,0.25,0,0
10/9/2006,,46,28,0.13,1.2,1
10/10/2006,,34,20,0.06,0,0
10/11/2006,,47,21,0,0,0
10/12/2006,,49,23,0,0,0
10/13/2006,,54,23,0,0,0
10/14/2006,,57,24,0,0,0
10/15/2006,,61,24,0,0,0
10/16/2006,,52,,0.49,0,0
10/17/2006,,41,23,0.02,0,0
10/18/2006,,33,12,0,0,0
10/19/2006,,33,,0.02,0,0
10/20/2006,,40,32,0,0,0
10/21/2006,,39,15,0,0,0
10/22/2006,,36,6,0.14,1,1
10/23/2006,,41,6,0,0,
10/24/2006,,50,17,0,0,
10/25/2006,,52,,0,0,0
10/26/2006,,31,6,,0.5,0
10/27/2006,,37,,0,0,0
10/28/2006,,40,22,0,0,0
10/29/2006,,48,22,0,0,0
10/30/2006,,49,20,0,0,0
10/31/2006,,25,3,0,0,0
11/1/2006,,28,-1,0,0,0
11/2/2006,,33,2,0,0,0
11/3/2006,,41,3,0,0,0
11/4/2006,,41,,,0,0
11/5/2006,,38,32,0.03,1,1
11/6/2006,,38,32,0.04,0,0
11/7/2006,,43,37,0.01,0,0
11/8/2006,,51,43,0.01,0,0
11/9/2006,,44,23,0.92,3,3
11/10/2006,,29,14,0.01,0,3
11/11/2006,,26,21,0.07,1,4
11/12/2006,,29,0,0.24,4.5,7
11/13/2006,,24,9,0.11,2.4,8
11/14/2006,,29,22,0.28,4.2,10
11/15/2006,,29,6,0,0,8
11/16/2006,,31,18,0.07,0.5,8
11/17/2006,,35,21,0.02,0,7
11/18/2006,,39,20,0.05,0.5,8
11/19/2006,,37,6,0,0,6
11/20/2006,,42,10,0,0,6
11/21/2006,,46,28,0,0,5
11/22/2006,,43,33,0,0,5
11/23/2006,,43,27,0,0,5
11/24/2006,,33,14,0.11,2,6
11/25/2006,,30,8,0,0,6
11/26/2006,,30,18,0.04,1,7
11/27/2006,,30,10,0.21,7,14
11/28/2006,,25,8,0.29,4,14
11/29/2006,,13,-22,0.08,1.4,15
11/30/2006,,11,-22,0.08,0.5,14
12/1/2006,,12,1,0.02,0.5,12
12/2/2006,,15,-17,0,0,11
12/3/2006,,18,-11,0,0.2,11
12/4/2006,,19,-1,0,0,11
12/5/2006,,28,2,0,0,10
12/6/2006,,28,1,0,0,10
12/7/2006,,27,3,0,0,10
12/8/2006,,44,2,0,0,10
12/9/2006,,46,2,0,0,10
12/10/2006,,38,4,0,0,10
12/11/2006,,34,17,0.02,1,11
12/12/2006,,29,22,0.02,0.3,11
12/13/2006,,29,24,0.12,1.6,11
12/14/2006,,32,27,0.24,4,15
12/15/2006,,37,27,0.27,1,13
12/16/2006,,35,-4,0.96,13,24
12/17/2006,,12,-30,0,0,22
12/18/2006,,16,-30,0,0,22
12/19/2006,,18,-29,0,0,20
12/20/2006,,14,-16,0,0,20
12/21/2006,,27,-15,0,0,20
12/22/2006,,,-13,0.1,2,20
12/23/2006,,25,-9,0.05,1,20
12/24/2006,,23,5,0,1,21
12/25/2006,,22,1,0,0,20
12/26/2006,,30,,0.16,2.7,22
12/27/2006,,32,,0.19,4,24
12/28/2006,,36,22,0.2,3,24
12/29/2006,,38,,0,0,24
12/30/2006,,38,-11,0,0,24
12/31/2006,,29,-11,0,0,22
1/1/2007,,25,-8,0,0,21
1/2/2007,,28,-7,0,0,21
1/3/2007,,28,15,0,0,20
1/4/2007,,31,18,0.6,6,26
1/5/2007,,25,-6,0.1,0,24
1/6/2007,,25,-6,0.07,0.5,23
1/7/2007,,15,-9,0.07,1.5,24
1/8/2007,,24,-9,0.07,1.5,25
1/9/2007,,29,,0.01,0,24
1/10/2007,,32,26,0,0,23
1/11/2007,,29,-2,0.46,8.5,31
1/12/2007,,1,-42,0.07,1,29
1/13/2007,,8,-42,0,0,28
1/14/2007,,12,-34,0,0,28
1/15/2007,,12,-34,0,0,27
1/16/2007,,14,-29,0,0,27
1/17/2007,,23,-21,0,0,26
1/18/2007,,16,-17,0,0,26
1/19/2007,,15,-15,0,0,26
1/20/2007,,32,-1,0,0,25
1/21/2007,,21,-5,0.1,2,26
1/22/2007,,26,-6,0,0,26
1/23/2007,,20,2,0,0,26
1/24/2007,,32,2,0,0,25
1/25/2007,,42,-3,0,0,25
1/26/2007,,43,-3,0,0,24
1/27/2007,,40,-11,0,0,24
1/28/2007,,29,-17,0,0,24
1/29/2007,,31,-17,0,0,24
1/30/2007,,24,-18,0,0,24
1/31/2007,,28,-18,0.05,0.5,24
2/1/2007,,20,-11,0,0,24
2/2/2007,,10,-29,0.01,0.2,24
2/3/2007,,10,-3,0.01,0.3,24
2/4/2007,,23,9,0,0,24
2/5/2007,,37,22,0,0,23
2/6/2007,,36,27,0,0,22
2/7/2007,,46,22,0,0,20
2/8/2007,,46,24,0,0,19
2/9/2007,,36,26,0.04,0,19
2/10/2007,,35,27,0.05,0.5,22
2/11/2007,,37,26,0.9,1.5,23
2/12/2007,,39,24,0.13,1,23
2/13/2007,,29,18,0.11,3,24
2/14/2007,,31,3,0.18,3.2,26
2/15/2007,,28,14,0.05,1,26
2/16/2007,,31,21,0.06,1,26
2/17/2007,,34,2,0,0,24
2/18/2007,,34,6,0,0,24
2/19/2007,,36,6,0.21,3,27
2/20/2007,,29,14,0.03,1.1,27
2/21/2007,,27,18,0.34,5,31
2/22/2007,,31,10,0.24,4.5,33
2/23/2007,,40,21,0.15,3,32
2/24/2007,,26,-3,0.1,1,31
2/25/2007,,20,7,0,0,31
2/26/2007,,27,15,0.15,3.1,34
2/27/2007,,27,-4,0.11,3.7,32
2/28/2007,,24,5,0.07,2.5,32
3/1/2007,,25,7,0.05,0.8,31
3/2/2007,,19,-21,0.02,0.4,31
3/3/2007,,22,-16,0,0,30
3/4/2007,,20,1,0,0,30
3/5/2007,,35,2,0,0,29
3/6/2007,,44,3,0,0,28
3/7/2007,,48,10,0,0,27
3/8/2007,,46,20,0.15,3,30
3/9/2007,,39,24,0.02,0.1,27
3/10/2007,,37,28,0.15,1.5,28
3/11/2007,,42,28,0,0,26
3/12/2007,,39,28,0,0,25
3/13/2007,,51,33,0,0,23
3/14/2007,,47,33,0,0,20
3/15/2007,,41,15,0,0,19
3/16/2007,,39,21,0,0,19
3/17/2007,,46,23,0,0,19
3/18/2007,,53,26,0,0,19
3/19/2007,,53,19,0,0,16
3/20/2007,,50,27,0,0,13
3/21/2007,,45,28,0.02,0,12
3/22/2007,,46,22,0,0,12
3/23/2007,,46,22,0,0,11
3/24/2007,,47,12,0,0,10
3/25/2007,,54,19,0,0,8
3/26/2007,,50,30,0,0,6
3/27/2007,,52,30,0,0,4
3/28/2007,,46,27,0.29,0.5,4
3/29/2007,,28,15,0,0,3
3/30/2007,,35,12,0,0,3
3/31/2007,,39,17,0,0,2
4/1/2007,,42,28,0.1,3,4
4/2/2007,,39,28,0.79,7,9
4/3/2007,,31,2,0.23,3,11
4/4/2007,,37,13,0,0,9
4/5/2007,,48,28,0.02,0,5
4/6/2007,,50,23,0,0,2
4/7/2007,,52,18,0,0,2
4/8/2007,,53,19,0,0,1
4/9/2007,,44,31,0,0,0
4/10/2007,,44,14,0.35,1.5,2
4/11/2007,,32,18,0,0,
4/12/2007,,34,9,0,0,
4/13/2007,,42,8,0,0,
4/14/2007,,53,,0,0,
4/15/2007,,51,30,0,0,0
4/16/2007,,55,26,0,0,0
4/17/2007,,,,0,0,0
4/18/2007,,53,30,0,0,0
4/19/2007,,47,24,0,0,0
4/20/2007,,47,7,0.08,0.8,1
4/21/2007,,47,,0.23,4.5,5
4/22/2007,,47,22,0,0,0
4/23/2007,,40,30,0.05,0.5,0
4/24/2007,,46,27,0,0,0
4/25/2007,,53,26,0.09,0,0
4/26/2007,,55,30,0,0,0
4/27/2007,,49,28,0,0,0
4/28/2007,,65,27,0,0,0
4/29/2007,,68,37,0,0,0
4/30/2007,,61,28,0,0,0
5/1/2007,,67,32,0,0,0
5/2/2007,,,,,0,0
5/3/2007,,63,33,,0,0
5/4/2007,,38,24,0,0,0
5/5/2007,,44,25,0.15,1.5,2
5/6/2007,,36,27,0,0,
5/7/2007,,52,22,0,0,
5/8/2007,,59,27,0,0,
5/9/2007,,63,27,0,0,0
5/10/2007,,66,32,0,0,0
5/11/2007,,69,30,0,0,0
5/12/2007,,71,34,0,0,0
5/13/2007,,73,30,0,0,0
5/14/2007,,73,29,0,0,0
5/15/2007,,59,24,0,0,0
5/16/2007,,,,0,0,0
5/17/2007,,69,27,0,0,0
5/18/2007,,,,0,0,0
5/19/2007,,71,33,0,0,0
5/20/2007,,70,33,0,0,0
5/21/2007,,65,39,0.31,0,0
5/22/2007,,42,23,0.02,0,0
5/23/2007,,35,,0.04,0,0
5/24/2007,,48,23,0,0,0
5/25/2007,,48,32,0.02,0,0
5/26/2007,,56,26,0,0,0
5/27/2007,,61,34,0,0,0
5/28/2007,,,,0,0,0
5/29/2007,,56,25,0.01,0,0
5/30/2007,,55,22,0.05,0,0
5/31/2007,,59,25,0,0,0
6/1/2007,,64,29,0,0,0
6/2/2007,,70,29,0,0,0
6/3/2007,,73,31,0.15,0,0
6/4/2007,,72,33,0,0,0
6/5/2007,,73,40,0.01,0,0
6/6/2007,,70,40,0.05,0,0
6/7/2007,,49,33,0.56,0,0
6/8/2007,,49,29,0,0,0
6/9/2007,,55,29,0,0,0
6/10/2007,,63,35,0,0,0
6/11/2007,,66,46,0,0,0
6/12/2007,,61,34,0,0,0
6/13/2007,,65,32,0,0,0
6/14/2007,,67,42,0,0,0
6/15/2007,,,,,,
6/16/2007,,71,37,0,0,0
6/17/2007,,76,46,0.05,0,0
6/18/2007,,57,28,0.02,0,0
6/19/2007,,58,33,0,0,0
6/20/2007,,71,34,0,0,0
6/21/2007,,80,39,0,0,0
6/22/2007,,,,,,
6/23/2007,,79,36,0,0,0
6/24/2007,,74,36,0,0,0
6/25/2007,,73,42,0,0,0
6/26/2007,,64,27,0,0,0
6/27/2007,,75,29,0,0,0
6/28/2007,,81,38,0,0,0
6/29/2007,,83,38,0,0,0
6/30/2007,,83,41,0,0,0
7/1/2007,,78,38,0,0,0
7/2/2007,,79,37,0,0,0
7/3/2007,,81,34,0,0,0
7/4/2007,,82,39,0,0,0
7/5/2007,,83,42,0.01,0,0
7/6/2007,,88,47,0,0,0
7/7/2007,,89,47,0,0,0
7/8/2007,,83,42,0.05,0,0
7/9/2007,,77,41,0,0,0
7/10/2007,,80,42,0.03,0,0
7/11/2007,,81,36,0,0,0
7/12/2007,,85,46,0,0,0
7/13/2007,,85,46,0.25,0,0
7/14/2007,,82,49,0.08,0,0
7/15/2007,,81,41,0,0,0
7/16/2007,,87,41,0,0,0
7/17/2007,,87,41,0,0,0
7/18/2007,,78,42,0,0,0
7/19/2007,,78,42,0,0,0
7/20/2007,,86,40,0,0,0
7/21/2007,,84,40,0,0,0
7/22/2007,,85,41,0,0,0
7/23/2007,,89,43,0,0,0
7/24/2007,,,,,,
7/25/2007,,83,56,,0,0
7/26/2007,,83,50,0.45,0,0
7/27/2007,,76,50,0.25,0,0
7/28/2007,,76,41,0.04,0,0
7/29/2007,,,,,,
7/30/2007,,79,40,0,0,0
7/31/2007,,85,48,0,0,0
8/1/2007,,85,43,0.25,0,0
8/2/2007,,79,43,0.14,0,0
8/3/2007,,76,53,0.1,0,0
8/4/2007,,76,42,0.07,0,0
8/5/2007,,76,40,0.02,0,0
8/6/2007,,,,0.15,0,0
8/7/2007,,75,44,0.02,0,0
8/8/2007,,76,35,0,0,0
8/9/2007,,71,37,0,0,0
8/10/2007,,78,39,0,0,0
8/11/2007,,75,34,0,0,0
8/12/2007,,78,37,0,0,0
8/13/2007,,80,37,0,0,0
8/14/2007,,82,42,0,0,0
8/15/2007,,84,39,0,0,0
8/16/2007,,83,38,0,0,0
8/17/2007,,83,38,0.2,0,0
8/18/2007,,66,41,0.21,0,0
8/19/2007,,61,37,0.35,0,0
8/20/2007,,71,37,0.21,0,0
8/21/2007,,63,45,0.06,0,0
8/22/2007,,66,37,0,0,0
8/23/2007,,62,31,0,0,0
8/24/2007,,64,36,0.12,0,0
8/25/2007,,67,33,0,0,0
8/26/2007,,74,39,0,0,0
8/27/2007,,75,42,0,0,0
8/28/2007,,73,37,0,0,0
8/29/2007,,72,31,0,0,0
8/30/2007,,78,31,0,0,0
8/31/2007,,80,,0,0,0
9/1/2007,,72,46,0.32,0,0
9/2/2007,,74,43,0,0,0
9/3/2007,,80,42,0,0,0
9/4/2007,,80,38,0,0,0
9/5/2007,,74,46,0.24,0,0
9/6/2007,,61,39,0.13,0,0
9/7/2007,,57,38,0,0,0
9/8/2007,,64,31,0,0,0
9/9/2007,,62,35,0,0,0
9/10/2007,,51,18,0,0,0
9/11/2007,,68,23,0,0,0
9/12/2007,,70,29,0,0,0
9/13/2007,,71,28,0,0,0
9/14/2007,,69,25,0,0,0
9/15/2007,,73,28,0.01,0,0
9/16/2007,,73,24,0,0,0
9/17/2007,,67,30,0,0,0
9/18/2007,,61,37,0.07,0,0
9/19/2007,,52,29,0.01,0,0
9/20/2007,,61,28,0,0,0
9/21/2007,,64,29,0,0,0
9/22/2007,,63,31,0,0,0
9/23/2007,,70,43,0.43,0,0
9/24/2007,,49,32,0.44,0,0
9/25/2007,,49,32,0.02,0,0
9/26/2007,,46,29,0,0,0
9/27/2007,,53,26,0,0,0
9/28/2007,,60,26,0,0,0
9/29/2007,,61,30,0.05,0,0
9/30/2007,,41,28,0,0,0
10/1/2007,,47,21,0,0,0
10/2/2007,,53,22,0.23,0,0
10/3/2007,,41,27,0.01,0,0
10/4/2007,,48,31,0.06,0,0
10/5/2007,,48,30,0.46,1,1
10/6/2007,,46,31,0.81,3,3
10/7/2007,,46,19,0.07,0,1
10/8/2007,,35,23,0.01,0,
10/9/2007,,45,23,0,0,
10/10/2007,,61,26,0,0,
10/11/2007,,63,25,0,0,0
10/12/2007,,50,22,0,0,0
10/13/2007,,57,,0,0,0
10/14/2007,,57,20,0,0,0
10/15/2007,,50,23,0,0,0
10/16/2007,,,,0,0,0
10/17/2007,,52,30,0.02,0,0
10/18/2007,,38,20,0.02,0,0
10/19/2007,,36,24,0.29,2,2
10/20/2007,,42,29,1.45,3,3
10/21/2007,,42,11,0.13,1,3
10/22/2007,,33,19,0,0,3
10/23/2007,,35,26,0,0,2
10/24/2007,,,,0,0,
10/25/2007,,62,22,0,0,0
10/26/2007,,58,27,0,0,0
10/27/2007,,43,25,0,0,0
10/28/2007,,,,0,0,0
10/29/2007,,55,23,0,0,0
10/30/2007,,56,34,0.08,0,0
10/31/2007,,56,9,0.58,1,1
11/1/2007,,,,0,0,
11/2/2007,,39,18,0,0,
11/3/2007,,39,24,0,0,
11/4/2007,,43,28,0,0,
11/5/2007,,44,22,0,0,
11/6/2007,,49,16,0,0,0
11/7/2007,,50,23,0,0,0
11/8/2007,,49,31,0,0,0
11/9/2007,,50,21,0,0,0
11/10/2007,,52,26,0,0,0
11/11/2007,,48,26,0.2,0.5,1
11/12/2007,,34,14,0.23,2.5,3
11/13/2007,,39,26,0.21,0,2
11/14/2007,,34,-2,0,0,1
11/15/2007,,32,3,0,0,1
11/16/2007,,42,,0.05,,4
11/17/2007,,42,23,0.01,0,2
11/18/2007,,38,34,0.32,0,1
11/19/2007,,42,37,0.05,0,
11/20/2007,,45,19,0.52,6,6
11/21/2007,,27,-15,0.02,,5
11/22/2007,,19,-17,0,0,4
11/23/2007,,24,-16,0,0,4
11/24/2007,,30,-6,0,0,4
11/25/2007,,32,0,0,0,4
11/26/2007,,31,-7,0,0,3
11/27/2007,,30,-1,0.07,0.5,4
11/28/2007,,27,-7,0.1,2,6
11/29/2007,,20,-3,0.08,3,7
11/30/2007,,22,-7,0,3,6
12/1/2007,,19,-1,0.01,0,6
12/2/2007,,20,8,0.08,2.5,7
12/3/2007,,29,15,0.23,3,10
12/4/2007,,33,25,0.38,4,14
12/5/2007,,37,21,0.05,0,12
12/6/2007,,37,21,0.02,1,13
12/7/2007,,29,16,0,0,12
12/8/2007,,26,1,0,0,12
12/9/2007,,22,-14,0,0,12
12/10/2007,,20,-4,0.01,0.5,12
12/11/2007,,20,-24,0.02,0,12
12/12/2007,,20,-25,0,0,12
12/13/2007,,18,-4,0,0,12
12/14/2007,,20,-3,0,0,12
12/15/2007,,18,-12,0.01,0,12
12/16/2007,,,,,,
12/17/2007,,26,9,,,13
12/18/2007,,22,20,0.25,4,16
12/19/2007,,26,21,0.23,5,19
12/20/2007,,28,24,0.45,8.5,24
12/21/2007,,28,-4,0.3,6,26
12/22/2007,,20,-13,0,0,24
12/23/2007,,11,6,0.02,1,23
12/24/2007,,26,10,0.01,1,22
12/25/2007,,,,,,
12/26/2007,,30,-14,,,23
12/27/2007,,15,-16,0,0,22
12/28/2007,,13,-9,0,0,22
12/29/2007,,12,5,0.05,0.5,22
12/30/2007,,16,-8,0.14,2,21
12/31/2007,,20,-8,0,0,21
1/1/2008,,14,-8,0,0,20
1/2/2008,,16,-12,0,0,20
1/3/2008,,37,-9,0,0,19
1/4/2008,,37,-2,0,0,19
1/5/2008,,36,13,0.65,8,27
1/6/2008,,37,13,0.08,1,26
1/7/2008,,22,5,0.14,2,27
1/8/2008,,15,9,0.05,1,26
1/9/2008,,19,9,0.13,4,29
1/10/2008,,24,9,0,0,26
1/11/2008,,20,10,0,1,27
1/12/2008,,23,7,0,0,26
1/13/2008,,23,7,0.01,0,25
1/14/2008,,28,-5,0,0,25
1/15/2008,,25,3,0.11,1,26
1/16/2008,,15,-30,0.03,0.5,25
1/17/2008,,,,,,
1/18/2008,,9,,,,24
1/19/2008,,20,,0.03,2,25
1/20/2008,,21,,0.16,2.5,27
1/21/2008,,22,-20,0.35,6,31
1/22/2008,,6,-35,0,0,29
1/23/2008,,14,,0.02,0,29
1/24/2008,,20,-25,0,0,29
1/25/2008,,26,-23,0.09,3,30
1/26/2008,,20,3,0.07,3,30
1/27/2008,,27,11,0,0,28
1/28/2008,,32,15,1.17,12,40
1/29/2008,,25,-3,0.14,2,39
1/30/2008,,12,2,0.07,2,36
1/31/2008,,14,0,0.03,0.5,36
2/1/2008,,19,8,,1,36
2/2/2008,,18,9,,1,36
2/3/2008,,15,9,0.08,2,37
2/4/2008,,21,-1,0.22,5,40
2/5/2008,,22,-6,0,0,38
2/6/2008,,14,-4,0.02,0.5,38
2/7/2008,,17,4,0.14,1,36
2/8/2008,,23,4,0.08,1,36
2/9/2008,,20,12,0.1,3,38
2/10/2008,,29,20,0.02,0,36
2/11/2008,,33,18,0.05,0,35
2/12/2008,,31,19,0,0,34
2/13/2008,,,-10,0.26,3,36
2/14/2008,,31,-10,0,0,35
2/15/2008,,36,1,0,0,34
2/16/2008,,,,0,0,
2/17/2008,,26,-10,0.08,0.8,34
2/18/2008,,24,-6,0,0,34
2/19/2008,,33,-12,0,0,33
2/20/2008,,41,-9,0,0,32
2/21/2008,,45,-8,0,0,31
2/22/2008,,43,-5,0,0,32
2/23/2008,,36,4,0.01,0,32
2/24/2008,,29,12,0.08,2,33
2/25/2008,,30,15,0.12,2,35
2/26/2008,,34,-7,0.06,0.3,34
2/27/2008,,30,8,0,0,34
2/28/2008,,,,0,0,
2/29/2008,,33,20,0,0,32
3/1/2008,,40,25,0,0,31
3/2/2008,,36,-12,0.25,4,35
3/3/2008,,27,-5,0.02,0.8,36
3/4/2008,,21,14,0.19,4.5,38
3/5/2008,,30,-11,0.17,5,41
3/6/2008,,27,-8,0.01,0,37
3/7/2008,,29,-9,0,0,36
3/8/2008,,29,4,0,0,35
3/9/2008,,37,7,0,0,34
3/10/2008,,37,4,0,0,33
3/11/2008,,37,7,0,0,32
3/12/2008,,40,15,0,0,31
3/13/2008,,33,19,0,0,30
3/14/2008,,35,20,0.15,3,33
3/15/2008,,35,10,0.23,4,36
3/16/2008,,33,-5,0.02,0.5,35
3/17/2008,,37,-10,0,0,33
3/18/2008,,28,9,0,0,33
3/19/2008,,31,12,0.15,1,34
3/20/2008,,35,13,0.55,9,41
3/21/2008,,33,13,0.1,1,39
3/22/2008,,33,-19,0.03,1,38
3/23/2008,,31,-12,0,0,37
3/24/2008,,34,-4,0,0,36
3/25/2008,,36,22,0.1,2,37
3/26/2008,,35,22,0.2,4,38
3/27/2008,,30,7,0.4,7,42
3/28/2008,,22,-5,0.11,2.5,43
3/29/2008,,29,5,0.38,7.5,47
3/30/2008,,20,-17,0.16,6.5,48
3/31/2008,,26,-1,0.18,3,48
4/1/2008,,,,,,
4/2/2008,,,,,,
4/3/2008,,32,-14,,1,43
4/4/2008,,35,-2,0,0,42
4/5/2008,,38,18,0.21,4,44
4/6/2008,,28,-6,0.02,0.5,42
4/7/2008,,34,5,0.03,0.5,40
4/8/2008,,36,10,0.04,1,40
4/9/2008,,31,-4,0,0,38
4/10/2008,,39,-3,0.02,1,37
4/11/2008,,35,0,0,0,36
4/12/2008,,36,10,0,0,35
4/13/2008,,45,14,0,0,34
4/14/2008,,51,21,0,0,31
4/15/2008,,56,24,0.04,1,28
4/16/2008,,34,2,0.07,1,29
4/17/2008,,32,15,0,0,28
4/18/2008,,44,19,0.03,0,27
4/19/2008,,44,19,0,0,27
4/20/2008,,,,,,
4/21/2008,,,,,,
4/22/2008,,25,13,,,26
4/23/2008,,39,19,0,0,26
4/24/2008,,40,26,0,0,23
4/25/2008,,33,14,0.04,1,24
4/26/2008,,35,0,0.29,0.4,24
4/27/2008,,38,11,0,0,24
4/28/2008,,46,24,0,0,22
4/29/2008,,56,24,0,0,19
4/30/2008,,55,25,0.02,0,16
5/1/2008,,35,18,0.12,2,18
5/2/2008,,38,21,0,0,18
5/3/2008,,40,14,0,0,14
5/4/2008,,,,0,0,
5/5/2008,,55,17,0,0,9
5/6/2008,,57,26,0,0,6
5/7/2008,,,,0,0,
5/8/2008,,54,25,0.33,0,3
5/9/2008,,49,27,0,0,3
5/10/2008,,42,12,0.51,5,6
5/11/2008,,46,26,0,0,2
5/12/2008,,50,24,0.81,8,8
5/13/2008,,39,14,0.01,0,
5/14/2008,,46,27,0,0,
5/15/2008,,45,30,0,0,
5/16/2008,,53,25,0,0,
5/17/2008,,66,28,0,0,
5/18/2008,,69,35,0,0,
5/19/2008,,71,35,0,0,0
5/20/2008,,71,29,0,0,0
5/21/2008,,69,34,0.11,0,0
5/22/2008,,36,29,0.7,0,0
5/23/2008,,38,32,0.21,0,0
5/24/2008,,52,30,0.02,0,0
5/25/2008,,45,31,0.51,0,0
5/26/2008,,52,32,0.02,0,0
5/27/2008,,47,31,0,0,0
5/28/2008,,52,29,0,0,0
5/29/2008,,56,27,0.15,0,0
5/30/2008,,49,36,0.62,0,0
5/31/2008,,52,29,0.01,0,0
6/1/2008,,,,0,0,0
6/2/2008,,62,31,0.03,0,0
6/3/2008,,62,31,0.25,0,0
6/4/2008,,51,34,0.24,0,0
6/5/2008,,52,35,0.16,,
6/6/2008,,56,35,0.21,0,
6/7/2008,,44,29,0.66,0,
6/8/2008,,39,28,0.24,0,0
6/9/2008,,44,32,0.02,0,0
6/10/2008,,,,0.73,,
6/11/2008,,46,26,0.14,0,
6/12/2008,,39,28,0.05,0,
6/13/2008,,47,28,0,0,
6/14/2008,,58,39,0,0,
6/15/2008,,66,29,0,0,
6/16/2008,,66,29,0.05,0,
6/17/2008,,70,31,0,0,0
6/18/2008,,73,37,0,0,0
6/19/2008,,70,34,0,0,0
6/20/2008,,70,30,0,0,0
6/21/2008,,70,30,0.06,0,0
6/22/2008,,76,43,0,0,0
6/23/2008,,70,38,0,0,0
6/24/2008,,70,38,0,0,0
6/25/2008,,72,34,0,0,0
6/26/2008,,73,34,0,0,0
6/27/2008,,73,32,0,0,0
6/28/2008,,70,33,0,0,0
6/29/2008,,75,36,0,0,0
6/30/2008,,79,36,0,0,0
7/1/2008,,87,40,0.06,0,0
7/2/2008,,76,40,0,0,0
7/3/2008,,75,37,0,0,0
7/4/2008,,80,40,0,0,0
7/5/2008,,81,39,0,0,0
7/6/2008,,73,39,0,0,0
7/7/2008,,71,38,0.12,0,0
7/8/2008,,74,38,0,0,0
7/9/2008,,75,34,0,0,0
7/10/2008,,77,35,0,0,0
7/11/2008,,78,39,0,0,0
7/12/2008,,68,26,0,0,0
7/13/2008,,75,26,0,0,0
7/14/2008,,75,37,0,0,0
7/15/2008,,75,36,0,0,0
7/16/2008,,78,41,0,0,0
7/17/2008,,76,37,0,0,0
7/18/2008,,,,0,0,0
7/19/2008,,73,31,0,0,0
7/20/2008,,73,38,0,0,0
7/21/2008,,83,45,0.06,0,0
7/22/2008,,80,49,0,0,0
7/23/2008,,88,48,0,0,0
7/24/2008,,74,36,0,0,0
7/25/2008,,76,35,0,0,0
7/26/2008,,82,42,0,0,0
7/27/2008,,82,42,0,0,0
7/28/2008,,78,46,0,0,0
7/29/2008,,76,42,0,0,0
7/30/2008,,78,43,0,0,0
7/31/2008,,73,38,0,0,0
8/1/2008,,76,37,0,0,0
8/2/2008,,80,37,0,0,0
8/3/2008,,78,34,0,0,0
8/4/2008,,75,33,0,0,0
8/5/2008,,76,33,0,0,0
8/6/2008,,,,,,
8/7/2008,,77,46,0,0,0
8/8/2008,,82,49,0,0,0
8/9/2008,,78,40,0.12,0,0
8/10/2008,,79,45,0,0,0
8/11/2008,,74,36,0,0,0
8/12/2008,,70,31,0,0,0
8/13/2008,,72,31,0,0,0
8/14/2008,,74,31,0.01,0,0
8/15/2008,,71,31,0,0,0
8/16/2008,,66,28,0,0,0
8/17/2008,,80,30,0,0,0
8/18/2008,,82,34,0,0,0
8/19/2008,,81,34,0,0,0
8/20/2008,,79,36,0.03,0,0
8/21/2008,,71,36,0.06,0,0
8/22/2008,,66,26,0,0,0
8/23/2008,,67,24,0,0,0
8/24/2008,,78,36,0,0,0
8/25/2008,,82,44,0,0,0
8/26/2008,,82,50,0,0,0
8/27/2008,,63,33,0,0,0
8/28/2008,,66,29,0,0,0
8/29/2008,,70,31,0,0,0
8/30/2008,,74,34,0,0,0
8/31/2008,,78,34,0.01,0,0
9/1/2008,,69,34,0.06,0,0
9/2/2008,,69,27,0.1,0,0
9/3/2008,,53,30,0,0,0
9/4/2008,,56,33,0.03,0,0
9/5/2008,,51,19,0,0,0
9/6/2008,,56,28,0.01,0,0
9/7/2008,,59,28,0,0,0
9/8/2008,,59,19,0,0,0
9/9/2008,,66,26,0,0,0
9/10/2008,,73,33,0.01,0,0
9/11/2008,,58,29,0,0,0
9/12/2008,,58,21,0,0,0
9/13/2008,,67,21,0,0,0
9/14/2008,,65,19,0,0,0
9/15/2008,,71,19,0,0,0
9/16/2008,,74,27,0,0,0
9/17/2008,,76,27,0,0,0
9/18/2008,,77,31,0,0,0
9/19/2008,,76,28,0,0,0
9/20/2008,,76,28,0,0,0
9/21/2008,,54,34,0.61,0,0
9/22/2008,,49,31,0.02,0,0
9/23/2008,,48,27,0,0,0
9/24/2008,,51,26,0,0,0
9/25/2008,,64,26,0,0,0
9/26/2008,,,,,,
9/27/2008,,66,24,0,0,0
9/28/2008,,69,28,0,0,0
9/29/2008,,70,23,0,0,0
9/30/2008,,74,24,0,0,0
10/1/2008,,74,26,0,0,0
10/2/2008,,73,29,0,0,0
10/3/2008,,73,29,0,0,0
10/4/2008,,,,,,
10/5/2008,,,,,,
10/6/2008,,62,33,,0,0
10/7/2008,,46,30,0,0,0
10/8/2008,,55,29,0,0,0
10/9/2008,,48,21,0,0,0
10/10/2008,,40,11,0.01,0,0
10/11/2008,,28,,0.05,1.5,2
10/12/2008,,29,17,0.14,2.5,4
10/13/2008,,30,11,0.04,0.5,3
10/14/2008,,31,11,0,0,2
10/15/2008,,42,27,0,0,0
10/16/2008,,45,30,0.01,0,0
10/17/2008,,46,28,0,0,0
10/18/2008,,55,27,0,0,0
10/19/2008,,59,27,0,0,0
10/20/2008,,55,23,0,0,0
10/21/2008,,56,23,0.07,0.4,0
10/22/2008,,36,9,0,0,0
10/23/2008,,42,13,0,0,0
10/24/2008,,52,13,0,0,0
10/25/2008,,45,30,0,0,0
10/26/2008,,50,20,0,0,0
10/27/2008,,52,13,0,0,0
10/28/2008,,60,13,0,0,0
10/29/2008,,64,19,0,0,0
10/30/2008,,56,19,0,0,0
10/31/2008,,58,18,0,0,0
11/1/2008,,55,23,0.01,0,0
11/2/2008,,47,31,0.33,0,0
11/3/2008,,44,31,0.73,1,1
11/4/2008,,36,31,0.57,6,6
11/5/2008,,35,20,0.14,1,7
11/6/2008,,29,-7,0,0,6
11/7/2008,,27,-6,0,0,5
11/8/2008,,34,,0,0,5
11/9/2008,,38,28,0.05,0.6,5
11/10/2008,,42,28,0.05,0,5
11/11/2008,,39,27,0,0,4
11/12/2008,,30,27,0.07,1,2
11/13/2008,,38,30,0.32,0,0
11/14/2008,,42,6,0.01,0,0
11/15/2008,,29,6,0,0,0
11/16/2008,,41,19,0,0,0
11/17/2008,,42,21,0,0,0
11/18/2008,,52,18,0,0,0
11/19/2008,,52,25,0,0,0
11/20/2008,,50,25,0,0,0
11/21/2008,,50,23,0.11,1,1
11/22/2008,,31,5,0,0,1
11/23/2008,,36,10,0.12,1,3
11/24/2008,,36,-5,0,0,3
11/25/2008,,39,-2,0,0,2
11/26/2008,,43,3,0,0,2
11/27/2008,,44,1,0,0,2
11/28/2008,,45,1,0,0,1
11/29/2008,,34,15,0,0,1
11/30/2008,,38,22,0.01,0.2,1
12/1/2008,,40,23,0,0,1
12/2/2008,,,32,0,0,1
12/3/2008,,35,18,0,0,1
12/4/2008,,29,-4,0,0,1
12/5/2008,,15,-5,0,0,1
12/6/2008,,26,,0,0,1
12/7/2008,,35,25,0,0,1
12/8/2008,,37,22,0.1,1,2
12/9/2008,,24,-9,0,0,2
12/10/2008,,23,-6,0,0,2
12/11/2008,,31,13,0,0,2
12/12/2008,,31,-3,0,0,2
12/13/2008,,34,-1,0.38,7,7
12/14/2008,,24,-14,0.2,3,9
12/15/2008,,1,-13,0.12,1.3,9
12/16/2008,,16,-3,0.04,2,9
12/17/2008,,18,-1,0.01,0.3,8
12/18/2008,,12,-8,0.01,0.5,8
12/19/2008,,21,0,0.35,6,12
12/20/2008,,16,-12,0.16,3,14
12/21/2008,,4,-21,0.01,0.5,13
12/22/2008,,19,-6,0.36,7,19
12/23/2008,,24,7,0.15,2.5,19
12/24/2008,,12,6,0.02,1,19
12/25/2008,,16,9,0.41,7,24
12/26/2008,,20,8,0.54,10,33
12/27/2008,,13,-13,0.02,1,31
12/28/2008,,18,5,0.06,1,28
12/29/2008,,29,19,0.25,5,26
12/30/2008,,30,3,0.16,5,26
12/31/2008,,24,1,0.01,0,25
1/1/2009,,28,1,0.02,0.3,24
1/2/2009,,30,,0.29,3,26
1/3/2009,,32,-8,0.28,3,26
1/4/2009,,10,-27,0,0,26
1/5/2009,,12,-27,0.04,1,25
1/6/2009,,14,7,0.02,0.5,25
1/7/2009,,27,13,0.14,1,25
1/8/2009,,32,26,0.03,0,25
1/9/2009,,36,8,0.21,3,26
1/10/2009,,29,9,0,0,26
1/11/2009,,20,15,0.02,0.3,26
1/12/2009,,24,13,0.06,1,26
1/13/2009,,31,21,0,0,25
1/14/2009,,30,7,0,0,25
1/15/2009,,30,8,0,0,24
1/16/2009,,35,-6,0,0,24
1/17/2009,,36,-10,0,0,24
1/18/2009,,41,-10,0,0,24
1/19/2009,,37,-10,0,0,24
1/20/2009,,45,-11,0,0,24
1/21/2009,,47,-10,0,0,24
1/22/2009,,42,-3,0,0,23
1/23/2009,,35,13,0.25,1,24
1/24/2009,,37,12,0,0,24
1/25/2009,,34,21,0.07,1,25
1/26/2009,,25,-5,0.25,2.5,27
1/27/2009,,10,-29,0,0,27
1/28/2009,,10,-25,0.07,1,27
1/29/2009,,19,-2,0,0,27
1/30/2009,,21,9,0,0,26
1/31/2009,,26,18,0,0,26
2/1/2009,,25,-9,0,0,26
2/2/2009,,21,-7,0,0,26
2/3/2009,,24,1,0,0,26
2/4/2009,,40,-10,0,0,26
2/5/2009,,44,-7,0,0,25
2/6/2009,,44,7,0.04,1,26
2/7/2009,,31,18,0.06,1,27
2/8/2009,,37,-8,0,0,27
2/9/2009,,42,-3,0.02,5,27
2/10/2009,,30,6,0,0,27
2/11/2009,,23,6,0,0,27
2/12/2009,,21,2,0.01,0,27
2/13/2009,,27,-16,0,0,27
2/14/2009,,27,-16,0,0,27
2/15/2009,,26,,0.02,0.5,27
2/16/2009,,27,-1,0,0,26
2/17/2009,,36,8,0.12,3,28
2/18/2009,,38,13,0,0,28
2/19/2009,,29,12,0,0,27
2/20/2009,,26,19,0.02,0.3,26
2/21/2009,,32,-7,0,0,26
2/22/2009,,36,-1,0,0,26
2/23/2009,,37,5,0.03,0.5,26
2/24/2009,,40,29,0.2,2,26
2/25/2009,,33,24,0.16,0.5,27
2/26/2009,,38,23,0.02,0.5,29
2/27/2009,,38,3,0.28,3,33
2/28/2009,,22,-22,0,0,33
3/1/2009,,32,-15,0,0,31
3/2/2009,,48,11,0,0,30
3/3/2009,,49,24,0.27,2,30
3/4/2009,,42,27,0.38,6,35
3/5/2009,,30,17,0.09,1,32
3/6/2009,,21,17,0.29,4,36
3/7/2009,,24,-4,0.08,1,36
3/8/2009,,20,9,0.15,4,40
3/9/2009,,22,-2,0.19,5.5,40
3/10/2009,,24,-9,0.01,0.3,39
3/11/2009,,16,5,0.06,1,37
3/12/2009,,27,-19,0,0,36
3/13/2009,,40,-16,0,0,35
3/14/2009,,,,,,
3/15/2009,,39,2,,3,37
3/16/2009,,34,25,0.25,4,40
3/17/2009,,37,31,0.35,2,40
3/18/2009,,37,12,0,0,38
3/19/2009,,39,8,0,0,38
3/20/2009,,47,8,0,0,38
3/21/2009,,50,17,0,0,32
3/22/2009,,55,24,0.11,2.5,32
3/23/2009,,43,23,0.15,2,31
3/24/2009,,32,7,0,0,30
3/25/2009,,30,17,0.08,2,32
3/26/2009,,31,5,0.02,0.5,31
3/27/2009,,29,-11,0,0,30
3/28/2009,,28,3,0,0,30
3/29/2009,,32,23,0.46,6,38
3/30/2009,,28,1,0.04,3,38
3/31/2009,,31,8,0.05,2,37
4/1/2009,,28,6,0.46,6,42
4/2/2009,,33,18,0.09,1.5,41
4/3/2009,,35,20,0.48,8,45
4/4/2009,,34,1,0.19,2,44
4/5/2009,,33,-15,0,0,41
4/6/2009,,38,-7,0,0,40
4/7/2009,,48,5,0,0,40
4/8/2009,,50,6,0,0,35
4/9/2009,,46,27,0.03,0.5,35
4/10/2009,,42,24,0.01,0.3,34
4/11/2009,,46,18,0,0,32
4/12/2009,,50,18,0,0,30
4/13/2009,,46,27,0,0,30
4/14/2009,,46,24,1.07,13,41
4/15/2009,,40,22,0.22,2,34
4/16/2009,,,,,,
4/17/2009,,,,,,
4/18/2009,,,,,,
4/19/2009,,,,,,
4/20/2009,,,,,,
4/21/2009,,56,20,0,0,20
4/22/2009,,60,20,0,0,17
4/23/2009,,60,33,0,0,14
4/24/2009,,50,25,0.24,3,14
4/25/2009,,38,4,0.04,1,14
4/26/2009,,44,3,0.17,2,13
4/27/2009,,35,17,0.11,1,14
4/28/2009,,,,,,
4/29/2009,,41,23,,,14
4/30/2009,,38,19,0,0,13
5/1/2009,,38,7,0,0,13
5/2/2009,,45,20,0,0,12
5/3/2009,,,,,,
5/4/2009,,47,20,,1,12
5/5/2009,,47,20,0.38,4,6
5/6/2009,,44,34,0.12,1,
5/7/2009,,,,,,
5/8/2009,,,,,,
5/9/2009,,,,,,
5/10/2009,,,,,,
5/11/2009,,,,,,
5/12/2009,,56,14,0.02,0,0
5/13/2009,,45,18,0.01,0,0
5/14/2009,,41,25,0,0,0
5/15/2009,,,,,,
5/16/2009,,,,,,
5/17/2009,,,,,,
5/18/2009,,67,25,0,0,0
5/19/2009,,73,35,0,0,0
5/20/2009,,67,41,0,0,0
5/21/2009,,56,23,0,0,0
5/22/2009,,61,23,0,0,0
5/23/2009,,68,30,0,0,0
5/24/2009,,,36,0.01,0,0
5/25/2009,,58,34,0.17,0,0
5/26/2009,,58,36,0.01,0,0
5/27/2009,,62,35,0,0,0
5/28/2009,,65,31,0,0,0
5/29/2009,,70,31,0,0,0
5/30/2009,,72,34,0,0,0
5/31/2009,,70,35,0.05,0,0
6/1/2009,,70,35,0,0,0
6/2/2009,,64,36,0.18,0,0
6/3/2009,,64,36,0.1,0,0
6/4/2009,,61,34,0.06,0,0
6/5/2009,,65,41,0.12,0,0
6/6/2009,,65,33,0.23,0,0
6/7/2009,,49,30,0.45,0.5,0
6/8/2009,,45,30,0.19,0,0
6/9/2009,,50,32,0.55,0,0
6/10/2009,,55,32,0.17,0,0
6/11/2009,,52,38,0.18,0,0
6/12/2009,,56,34,0.02,0,0
6/13/2009,,54,31,0.03,0,0
6/14/2009,,58,40,0.16,0,0
6/15/2009,,58,39,0,0,0
6/16/2009,,57,44,0.07,0,0
6/17/2009,,59,40,0.02,0,0
6/18/2009,,62,40,0.21,0,0
6/19/2009,,59,31,0.04,0,0
6/20/2009,,63,31,0,0,0
6/21/2009,,51,31,0.58,0,0
6/22/2009,,56,36,0.28,0,0
6/23/2009,,56,28,0,0,0
6/24/2009,,66,31,0,0,0
6/25/2009,,71,38,0,0,0
6/26/2009,,76,38,0,0,0
6/27/2009,,63,31,0.41,0,0
6/28/2009,,64,32,0,0,0
6/29/2009,,70,33,0,0,0
6/30/2009,,76,41,0.04,0,0
7/1/2009,,76,40,0.07,0,0
7/2/2009,,72,42,0,0,0
7/3/2009,,74,52,0,0,0
7/4/2009,,70,40,0.22,0,0
7/5/2009,,67,34,0.04,0,0
7/6/2009,,74,40,0,0,0
7/7/2009,,72,35,0,0,0
7/8/2009,,72,35,0,0,0
7/9/2009,,63,29,0,0,0
7/10/2009,,57,31,0,0,0
7/11/2009,,72,37,0,0,0
7/12/2009,,70,34,0,0,0
7/13/2009,,79,41,0.18,0,0
7/14/2009,,62,40,0.02,0,0
7/15/2009,,62,34,0,0,0
7/16/2009,,65,34,0,0,0
7/17/2009,,78,34,0,0,0
7/18/2009,,79,40,0,0,0
7/19/2009,,83,51,0,0,0
7/20/2009,,77,37,0.02,0,0
7/21/2009,,75,34,0,0,0
7/22/2009,,78,35,0,0,0
7/23/2009,,83,40,0,0,0
7/24/2009,,83,52,0,0,0
7/25/2009,,73,40,0.02,0,0
7/26/2009,,78,41,0.15,0,0
7/27/2009,,80,37,0.02,0,0
7/28/2009,,67,36,0.1,0,0
7/29/2009,,72,41,0,0,0
7/30/2009,,77,28,0,0,0
7/31/2009,,71,34,0,0,0
8/1/2009,,68,33,0,0,0
8/2/2009,,,32,0,0,0
8/3/2009,,79,38,0,0,0
8/4/2009,,75,40,0.07,0,0
8/5/2009,,77,39,0,0,0
8/6/2009,,79,39,0.28,0,0
8/7/2009,,75,40,0.12,0,0
8/8/2009,,75,31,0.05,0,0
8/9/2009,,59,,0.25,0,0
8/10/2009,,63,32,0.01,0,0
8/11/2009,,68,34,0,0,0
8/12/2009,,74,39,0,0,0
8/13/2009,,78,38,0,0,0
8/14/2009,,78,37,0,0,0
8/15/2009,,70,35,0,0,0
8/16/2009,,56,28,0.02,0,0
8/17/2009,,57,24,0.02,0,0
8/18/2009,,65,31,0,0,0
8/19/2009,,74,32,0,0,0
8/20/2009,,80,37,0,0,0
8/21/2009,,84,32,0.02,0,0
8/22/2009,,83,44,0,0,0
8/23/2009,,,,,0,0
8/24/2009,,67,48,,0,0
8/25/2009,,64,32,0,0,0
8/26/2009,,71,35,0,0,0
8/27/2009,,70,31,0,0,0
8/28/2009,,80,30,0,0,0
8/29/2009,,80,31,0,0,0
8/30/2009,,76,37,0,0,0
8/31/2009,,73,30,0.07,0,0
9/1/2009,,74,36,0.13,0,0
9/2/2009,,74,36,0.15,0,0
9/3/2009,,77,33,0,0,0
9/4/2009,,77,36,0,0,0
9/5/2009,,77,36,0,0,0
9/6/2009,,76,36,0,0,0
9/7/2009,,72,36,0.05,0,0
9/8/2009,,62,28,0,0,0
9/9/2009,,70,20,0,0,0
9/10/2009,,70,29,0,0,0
9/11/2009,,73,27,0,0,0
9/12/2009,,73,25,0,0,0
9/13/2009,,,,,,
9/14/2009,,70,25,,0,0
9/15/2009,,73,36,0.18,0,0
9/16/2009,,64,34,0.01,0,0
9/17/2009,,76,35,0,0,0
9/18/2009,,76,33,0,0,0
9/19/2009,,76,32,0,0,0
9/20/2009,,,,,,
9/21/2009,,58,24,0,0,0
9/22/2009,,58,19,0,0,0
9/23/2009,,69,26,0,0,0
9/24/2009,,75,24,0,0,0
9/25/2009,,78,26,0,0,0
9/26/2009,,76,30,0,0,0
9/27/2009,,71,31,0,0,0
9/28/2009,,71,19,0,0,0
9/29/2009,,72,21,0,0,0
9/30/2009,,67,32,0.02,0,0
10/1/2009,,67,25,0.12,0,0
10/2/2009,,32,15,0.05,0,0
10/3/2009,,41,12,0,0,0
10/4/2009,,50,,0,0,0
10/5/2009,,37,24,0.05,0,0
10/6/2009,,34,6,0.37,4,4
10/7/2009,,36,,0,0,3
10/8/2009,,40,7,0.05,0,2
10/9/2009,,40,12,0.07,1.5,2
10/10/2009,,31,-5,0.05,,
10/11/2009,,30,,0.06,,
10/12/2009,,27,,0.15,,
10/13/2009,,42,,0.03,,
10/14/2009,,46,32,0.52,,
10/15/2009,,44,35,0.14,,
10/16/2009,,45,28,0.05,,
10/17/2009,,53,26,0,0,0
10/18/2009,,59,27,0,0,0
10/19/2009,,59,33,0,0,0
10/20/2009,,44,33,0.51,0,0
10/21/2009,,40,25,0.01,0,0
10/22/2009,,46,25,0.01,0,0
10/23/2009,,47,23,0,0,0
10/24/2009,,38,32,0.28,0,0
10/25/2009,,39,9,0.1,0,0
10/26/2009,,35,10,0,0,0
10/27/2009,,38,21,0.16,3,3
10/28/2009,,33,9,0,0,1
10/29/2009,,33,3,0,0,1
10/30/2009,,31,7,0.01,0,1
10/31/2009,,36,23,0,0,
11/1/2009,,41,33,0,0,
11/2/2009,,43,29,0,0,
11/3/2009,,40,26,0,0,0
11/4/2009,,44,14,0,0,0
11/5/2009,,56,17,0,0,0
11/6/2009,,,,0,0,0
11/7/2009,,44,31,0.06,0.5,0
11/8/2009,,35,18,0.07,0.5,1
11/9/2009,,33,,0,0,0
11/10/2009,,41,7,0,0,0
11/11/2009,,42,26,0,0,0
11/12/2009,,43,,0,3,3
11/13/2009,,31,9,0.04,4,7
11/14/2009,,23,12,0,0.5,5
11/15/2009,,26,-2,0.06,2,6
11/16/2009,,21,-5,0,0,5
11/17/2009,,35,,0,0,5
11/18/2009,,46,3,0,0,4
11/19/2009,,44,11,0,0,4
11/20/2009,,44,,0,0,4
11/21/2009,,39,4,0.12,0.5,5
11/22/2009,,26,2,0.23,4,8
11/23/2009,,22,10,0.1,1.5,8
11/24/2009,,20,14,0.01,0,
11/25/2009,,25,2,0,0,7
11/26/2009,,37,1,0,0,7
11/27/2009,,42,9,0,0,7
11/28/2009,,40,-5,0,0,7
11/29/2009,,33,-4,0,0,7
11/30/2009,,35,,0,0,7
12/1/2009,,,,,,
12/2/2009,,,,,,
12/3/2009,,,,,,
12/4/2009,,,,,,
12/5/2009,,,,,,
12/6/2009,,,,,,
12/7/2009,,,,,,
12/8/2009,,,,,,
12/9/2009,,,,,,
12/10/2009,,,,,,
12/11/2009,,,,,,
12/12/2009,,21,3,0.02,0.5,9
12/13/2009,,24,17,0.29,6,15
12/14/2009,,,,,,
12/15/2009,,,,,,
12/16/2009,,,,,,
12/17/2009,,,,,,
12/18/2009,,,,,,
12/19/2009,,,,,,
12/20/2009,,,,,,
12/21/2009,,,,,,
12/22/2009,,,,,,
12/23/2009,,,,,,
12/24/2009,,,,,,
12/25/2009,,13,8,0.01,0.2,15
12/26/2009,,12,-12,0,0,15
12/27/2009,,27,-20,0,0,15
12/28/2009,,,,0,0,
12/29/2009,,,,0,0,
12/30/2009,,,,0,0,
12/31/2009,,,,0,0,
1/1/2010,,22,13,0.06,2,17
1/2/2010,,28,13,0.1,1.5,18
1/3/2010,,31,13,0.05,0.5,18
1/4/2010,,28,20,0,0,17
1/5/2010,,29,21,0.02,0.5,17
1/6/2010,,27,9,0.15,2.5,18
1/7/2010,,12,-34,0,0,17
1/8/2010,,17,-34,0,0,17
1/9/2010,,27,-23,0,0,17
1/10/2010,,33,-5,0,0,17
1/11/2010,,36,-4,0,0,16
1/12/2010,,41,-7,0,0,16
1/13/2010,,39,-1,0.04,0.5,17
1/14/2010,,40,18,0.05,1,17
1/15/2010,,33,19,0,0,17
1/16/2010,,28,-1,0,0,17
1/17/2010,,38,4,0,0,16
1/18/2010,,40,7,0,0,16
1/19/2010,,31,14,0.11,3.5,20
1/20/2010,,31,-1,0,0,18
1/21/2010,,26,2,0.05,2,19
1/22/2010,,28,2,0.15,2.5,21
1/23/2010,,31,14,0.45,7,25
1/24/2010,,24,4,0,0,24
1/25/2010,,26,8,0.01,0,22
1/26/2010,,24,16,0,0,21
1/27/2010,,29,16,0.06,1,20
1/28/2010,,34,-10,0,0,19
1/29/2010,,36,-9,0,0,19
1/30/2010,,38,3,0,0,19
1/31/2010,,42,2,0.02,1,19
2/1/2010,,27,11,0,0,18
2/2/2010,,26,9,0,0,18
2/3/2010,,29,13,0,0,18
2/4/2010,,35,14,0.07,1,18
2/5/2010,,30,14,0,0,17
2/6/2010,,31,19,0.01,0.5,17
2/7/2010,,32,-8,0,0,17
2/8/2010,,35,-12,0,0,16
2/9/2010,,33,-14,0,0,16
2/10/2010,,25,-9,0,0,16
2/11/2010,,23,-4,0.01,0,16
2/12/2010,,28,6,0.02,0.5,16
2/13/2010,,33,11,0.03,0.5,16
2/14/2010,,33,-3,0,0,16
2/15/2010,,35,6,0.04,1,16
2/16/2010,,38,1,0,0,16
2/17/2010,,33,9,0,0,16
2/18/2010,,34,0,0.05,1,16
2/19/2010,,28,-4,0,0,16
2/20/2010,,28,-6,0.02,0.3,16
2/21/2010,,21,-22,0,0,16
2/22/2010,,26,-23,0,0,15
2/23/2010,,29,,0,0,
2/24/2010,,30,-21,0,0,15
2/25/2010,,30,6,0,0,15
2/26/2010,,34,17,0,0,15
2/27/2010,,32,12,0,0,15
2/28/2010,,42,8,0,0,15
3/1/2010,,45,1,0,0,13
3/2/2010,,45,0,0,0,13
3/3/2010,,44,13,0,0,13
3/4/2010,,39,11,0,0,13
3/5/2010,,43,11,0.05,1,14
3/6/2010,,42,21,0,0,13
3/7/2010,,44,10,0,0,12
3/8/2010,,46,21,0,0,12
3/9/2010,,36,6,0,0,12
3/10/2010,,42,10,0,0,12
3/11/2010,,31,0,0,0,12
3/12/2010,,28,3,0,0,12
3/13/2010,,46,9,0,0,11
3/14/2010,,40,17,0.1,2,13
3/15/2010,,45,6,0,0,12
3/16/2010,,49,8,0,0,11
3/17/2010,,49,13,0,0,11
3/18/2010,,49,14,0,0,9
3/19/2010,,37,5,0,0,9
3/20/2010,,37,-6,0,0,9
3/21/2010,,35,5,0,0,8
3/22/2010,,44,10,0.03,0.8,8
3/23/2010,,38,6,0.07,1,9
3/24/2010,,40,1,0,0,9
3/25/2010,,39,8,0,0,8
3/26/2010,,42,12,0.05,1,9
3/27/2010,,41,0,0.02,0.3,9
3/28/2010,,37,9,0,0,9
3/29/2010,,40,13,0,0,9
3/30/2010,,36,30,0.45,5,12
3/31/2010,,,15,0.25,2,14
4/1/2010,,31,19,0.08,2,16
4/2/2010,,31,-9,0.24,4,19
4/3/2010,,27,-7,0.23,3,20
4/4/2010,,,0,0.4,6,23
4/5/2010,,28,0,0,0,20
4/6/2010,,38,8,,,22
4/7/2010,,,,0,0,20
4/8/2010,,33,-7,0,0,20
4/9/2010,,41,16,0.09,1,20
4/10/2010,,32,-5,0,0,20
4/11/2010,,45,7,0,0,15
4/12/2010,,51,28,0,0,12
4/13/2010,,53,26,0.25,3,13
4/14/2010,,33,27,0.18,2,15
4/15/2010,,42,12,0,0,15
4/16/2010,,53,15,0,0,10
4/17/2010,,58,28,0,0,8
4/18/2010,,51,21,0,0,7
4/19/2010,,56,20,0,0,5
4/20/2010,,60,20,0,0,0
4/21/2010,,62,29,0,0,0
4/22/2010,,61,31,0.04,0,0
4/23/2010,,,,0.06,0,0
4/24/2010,,51,21,0,0,0
4/25/2010,,48,27,0,0,0
4/26/2010,,41,25,0,0,0
4/27/2010,,48,27,0,0,0
4/28/2010,,55,26,0.93,1,1
4/29/2010,,29,18,0.55,4,5
4/30/2010,,34,20,0.23,0.3,2
5/1/2010,,,,0,0,
5/2/2010,,,,0.25,0.5,5
5/3/2010,,40,9,0.21,0,5
5/4/2010,,39,18,0.43,0.5,1
5/5/2010,,34,6,0,0,0
5/6/2010,,28,18,0.24,0,0
5/7/2010,,34,5,0,0,0
5/8/2010,,37,12,0,0,0
5/9/2010,,46,,0.08,0,0
5/10/2010,,47,23,0,0,0
5/11/2010,,47,30,0.01,0,0
5/12/2010,,45,27,0,0,0
5/13/2010,,46,18,0,0,0
5/14/2010,,51,18,0,0,0
5/15/2010,,57,23,0,0,0
5/16/2010,,60,25,0,0,0
5/17/2010,,62,28,0,0,0
5/18/2010,,67,33,0,0,0
5/19/2010,,57,33,0,0,0
5/20/2010,,57,30,0,0,0
5/21/2010,,57,18,0.09,0,0
5/22/2010,,47,30,0.25,0.5,1
5/23/2010,,47,23,0.3,0,0
5/24/2010,,48,23,0.45,2.5,3
5/25/2010,,42,30,0.1,0,
5/26/2010,,46,27,0,0,
5/27/2010,,58,31,0,0,
5/28/2010,,56,35,0.06,0,0
5/29/2010,,57,32,0.22,0,0
5/30/2010,,57,32,0.06,0,0
5/31/2010,,57,29,0.02,0,0
6/1/2010,,57,29,0.16,0,0
6/2/2010,,57,29,0.5,0,0
6/3/2010,,53,43,0.44,0,0
6/4/2010,,53,41,0.18,0,0
6/5/2010,,52,39,1.28,0,0
6/6/2010,,55,40,0.06,0,0
6/7/2010,,55,39,0.5,0,0
6/8/2010,,55,30,0.37,0,0
6/9/2010,,59,35,0.02,0,0
6/10/2010,,62,38,0.07,0,0
6/11/2010,,57,35,0.12,0,0
6/12/2010,,54,34,0,0,0
6/13/2010,,54,34,0,0,0
6/14/2010,,55,30,0,0,0
6/15/2010,,65,36,0.02,0,0
6/16/2010,,64,42,0.3,0,0
6/17/2010,,64,29,0.16,0,0
6/18/2010,,45,27,0.01,0,0
6/19/2010,,61,31,0,0,0
6/20/2010,,69,32,0,0,0
6/21/2010,,70,32,0.02,0,0
6/22/2010,,61,29,0,0,0
6/23/2010,,63,32,0.15,0,0
6/24/2010,,68,32,0.01,0,0
6/25/2010,,75,41,0,0,0
6/26/2010,,70,41,0.07,0,0
6/27/2010,,66,37,0.01,0,0
6/28/2010,,70,39,0,0,0
6/29/2010,,78,39,0,0,0
6/30/2010,,81,44,0.25,0,0
7/1/2010,,81,43,0.18,0,0
7/2/2010,,76,39,0.03,0,0
7/3/2010,,70,43,0,0,0
7/4/2010,,71,30,0,0,0
7/5/2010,,64,38,0,0,0
7/6/2010,,62,36,0.04,0,0
7/7/2010,,62,28,0,0,0
7/8/2010,,69,28,0,0,0
7/9/2010,,74,34,0,0,0
7/10/2010,,78,34,0.03,0,0
7/11/2010,,78,34,0.03,0,0
7/12/2010,,69,44,0.07,0,0
7/13/2010,,73,52,0,0,0
7/14/2010,,66,31,0,0,0
7/15/2010,,67,32,0,0,0
7/16/2010,,72,32,0,0,0
7/17/2010,,81,32,0.07,0,0
7/18/2010,,81,32,0,0,0
7/19/2010,,81,32,0,0,0
7/20/2010,,75,30,0,0,0
7/21/2010,,76,30,0,0,0
7/22/2010,,76,30,0,0,0
7/23/2010,,71,43,0,0,0
7/24/2010,,73,31,0,0,0
7/25/2010,,77,33,0,0,0
7/26/2010,,81,39,0,0,0
7/27/2010,,81,49,0.02,0,0
7/28/2010,,77,43,0,0,0
7/29/2010,,80,42,0.25,0,0
7/30/2010,,79,39,0,0,0
7/31/2010,,80,46,0.06,0,0
8/1/2010,,79,39,0.05,0,0
8/2/2010,,76,36,0,0,0
8/3/2010,,77,43,0,0,0
8/4/2010,,77,33,0,0,0
8/5/2010,,78,38,0,0,0
8/6/2010,,81,43,0.02,0,0
8/7/2010,,81,43,0.02,0,0
8/8/2010,,81,37,0,0,0
8/9/2010,,81,35,0,0,0
8/10/2010,,,36,0.45,0,0
8/11/2010,,71,38,0,0,0
8/12/2010,,73,34,0,0,0
8/13/2010,,62,47,0,0,0
8/14/2010,,68,35,0.18,0,0
8/15/2010,,66,30,0,0,0
8/16/2010,,75,33,0.01,0,0
8/17/2010,,75,33,0,0,0
8/18/2010,,75,32,0,0,0
8/19/2010,,76,33,0,0,0
8/20/2010,,76,33,0,0,0
8/21/2010,,74,38,0,0,0
8/22/2010,,80,38,0,0,0
8/23/2010,,68,37,0.24,0,0
8/24/2010,,57,28,0,0,0
8/25/2010,,73,,0,0,0
8/26/2010,,79,33,0,0,0
8/27/2010,,82,50,0.06,0,0
8/28/2010,,71,35,0,0,0
8/29/2010,,54,31,0.5,0,0
8/30/2010,,61,36,0.03,0,0
8/31/2010,,51,31,0.09,0,0
9/1/2010,,52,31,0.09,0,0
9/2/2010,,58,27,0,0,0
9/3/2010,,64,24,0,0,0
9/4/2010,,72,24,0,0,0
9/5/2010,,74,39,0,0,0
9/6/2010,,59,23,0.06,0,0
9/7/2010,,51,21,0,0,0
9/8/2010,,69,28,0.03,0,0
9/9/2010,,65,34,0.02,0,0
9/10/2010,,65,34,0.24,0,0
9/11/2010,,65,31,0,0,0
9/12/2010,,65,27,0,0,0
9/13/2010,,66,27,0,0,0
9/14/2010,,71,27,0,0,0
9/15/2010,,71,27,0.06,0,0
9/16/2010,,64,31,0,0,0
9/17/2010,,68,31,0,0,0
9/18/2010,,71,31,0,0,0
9/19/2010,,71,28,0,0,0
9/20/2010,,74,33,0,0,0
9/21/2010,,56,23,0,0,0
9/22/2010,,64,26,0,0,0
9/23/2010,,68,27,0,0,0
9/24/2010,,68,27,0,0,0
9/25/2010,,68,27,0,0,0
9/26/2010,,73,27,0,0,0
9/27/2010,,74,30,0,0,0
9/28/2010,,77,29,0,0,0
9/29/2010,,77,26,0,0,0
9/30/2010,,77,26,0,0,0
10/1/2010,,75,25,0,0,0
10/2/2010,,75,27,0,0,0
10/3/2010,,78,24,0,0,0
10/4/2010,,79,24,0,0,0
10/5/2010,,65,24,0.18,0,0
10/6/2010,,61,29,0,0,0
10/7/2010,,66,29,0,0,0
10/8/2010,,59,34,0,0,0
10/9/2010,,45,39,0.14,0,0
10/10/2010,,54,27,0,0,0
10/11/2010,,56,26,0,0,0
10/12/2010,,55,16,0.19,0,0
10/13/2010,,52,18,0,0,0
10/14/2010,,59,19,0,0,0
10/15/2010,,63,20,0,0,0
10/16/2010,,56,30,0,0,0
10/17/2010,,52,34,0.04,0,0
10/18/2010,,56,21,0,0,0
10/19/2010,,56,20,0,0,0
10/20/2010,,58,17,0,0,0
10/21/2010,,65,17,0,0,0
10/22/2010,,64,18,0,0,0
10/23/2010,,53,27,0,0,0
10/24/2010,,53,26,0.11,0,0
10/25/2010,,41,26,1.05,0,0
10/26/2010,,36,23,0.05,0,0
10/27/2010,,31,17,0,0,0
10/28/2010,,30,13,0,0,0
10/29/2010,,41,12,0,0,0
10/30/2010,,48,13,0,0,0
10/31/2010,,48,27,0.17,0,0
11/1/2010,,37,20,0.34,1.5,2
11/2/2010,,43,23,0,0,0
11/3/2010,,49,19,0,0,0
11/4/2010,,54,19,0,0,0
11/5/2010,,58,19,0,0,0
11/6/2010,,56,,0,0,0
11/7/2010,,58,23,0,0,0
11/8/2010,,51,,0.12,0,0
11/9/2010,,35,24,0.06,0,0
11/10/2010,,28,17,0,0,0
11/11/2010,,29,10,0.1,0,0
11/12/2010,,,9,0,0,0
11/13/2010,,28,,0,0,0
11/14/2010,,28,,0,0,0
11/15/2010,,26,19,0.17,3.5,4
11/16/2010,,32,,0.23,4,5
11/17/2010,,28,9,0.02,0.5,5
11/18/2010,,30,,0.02,0.3,4
11/19/2010,,39,,0,0,3
11/20/2010,,31,25,0.46,8,8
11/21/2010,,29,8,0.72,11,20
11/22/2010,,23,,0.38,4.5,20
11/23/2010,,19,12,0.77,16,34
11/24/2010,,21,-18,0.32,4,30
11/25/2010,,0,,0,0,30
11/26/2010,,10,-4,0,0,24
11/27/2010,,19,,0.25,0,22
11/28/2010,,26,,0.11,1.5,22
11/29/2010,,23,-14,0.09,2,22
11/30/2010,,21,-11,0,0,21
12/1/2010,,17,,0.05,1,19
12/2/2010,,28,15,0.05,1,19
12/3/2010,,32,27,0.58,9,25
12/4/2010,,29,-10,0.05,0.5,24
12/5/2010,,28,-8,0,0,23
12/6/2010,,32,5,0,0,21
12/7/2010,,31,6,0.07,1,21
12/8/2010,,31,23,0,0,21
12/9/2010,,31,23,0.28,2,21
12/10/2010,,30,24,0.27,2,21
12/11/2010,,29,-2,0,1,22
12/12/2010,,27,9,0.07,2,23
12/13/2010,,,27,0,0,20
12/14/2010,,36,30,0.07,1,19
12/15/2010,,36,5,0.62,6,27
12/16/2010,,21,-2,0.02,1,26
12/17/2010,,,-24,0,0,25
12/18/2010,,22,-24,0,0,24
12/19/2010,,28,-3,0.1,1,25
12/20/2010,,30,17,0.46,2,29
12/21/2010,,23,-15,0,0,28
12/22/2010,,29,-15,0,0,27
12/23/2010,,30,17,0.23,3,29
12/24/2010,,34,20,0,0,28
12/25/2010,,32,-5,0,0,27
12/26/2010,,38,0,0,0,27
12/27/2010,,31,3,0.29,5,30
12/28/2010,,22,15,0.09,1,30
12/29/2010,,25,17,0.28,12,42
12/30/2010,,27,6,0.16,5,39
12/31/2010,,7,-16,0.02,1,37
1/1/2011,,5,-17,0.25,2,34
1/2/2011,,6,-14,0,0,33
1/3/2011,,13,-8,0,0,32
1/4/2011,,23,-13,0,0,32
1/5/2011,,15,-3,0.07,0.5,30
1/6/2011,,,,0,0,29
1/7/2011,,28,4,0,0,28
1/8/2011,,35,11,0,0,28
1/9/2011,,26,-14,0.22,4,32
1/10/2011,,14,-14,0,0,30
1/11/2011,,9,-3,0.01,0.5,30
1/12/2011,,13,-9,0,0,29
1/13/2011,,,6,0.04,0.3,28
1/14/2011,,30,24,0.1,2,30
1/15/2011,,32,27,0,0,28
1/16/2011,,31,27,0.13,2,30
1/17/2011,,33,25,0.12,1,30
1/18/2011,,33,20,0.09,1,29
1/19/2011,,24,2,0.08,1,30
1/20/2011,,26,-13,0.02,0,30
1/21/2011,,16,-7,0.09,0,30
1/22/2011,,25,16,0.1,1,30
1/23/2011,,29,2,0.01,0,
1/24/2011,,21,-13,0.08,,
1/25/2011,,26,-13,0.1,1.5,31
1/26/2011,,33,2,0,0,30
1/27/2011,,28,10,0,0,30
1/28/2011,,34,11,0,0,30
1/29/2011,,38,10,0,0,29
1/30/2011,,35,14,0,0,29
1/31/2011,,36,-8,0,0,29
2/1/2011,,13,-28,0,0,28
2/2/2011,,8,-40,0,0,28
2/3/2011,,27,-39,0,0,28
2/4/2011,,36,,0,0,28
2/5/2011,,32,18,0.15,3,31
2/6/2011,,29,-10,0.03,0.5,31
2/7/2011,,22,-2,0.17,1.5,32
2/8/2011,,26,-16,0.08,1,32
2/9/2011,,17,-32,0,0,31
2/10/2011,,17,-32,0.01,0,30
2/11/2011,,19,7,0,0,30
2/12/2011,,25,15,0,0,30
2/13/2011,,34,22,0,0,29
2/14/2011,,36,,0,0,29
2/15/2011,,44,15,0,0,28
2/16/2011,,42,17,0,0,28
2/17/2011,,38,10,0.49,7,36
2/18/2011,,18,14,0.16,5,39
2/19/2011,,25,-2,0.13,2,39
2/20/2011,,30,6,0.25,3,40
2/21/2011,,21,10,0.06,1,39
2/22/2011,,22,12,0.12,2,39
2/23/2011,,19,10,0.21,5,42
2/24/2011,,17,8,0.13,2.5,42
2/25/2011,,19,5,0.21,3.5,43
2/26/2011,,18,-15,0.27,0.5,41
2/27/2011,,15,-6,0,0,40
2/28/2011,,19,5,0.01,0,39
3/1/2011,,24,16,0,0,37
3/2/2011,,34,-2,0,0,36
3/3/2011,,37,8,0.06,1,37
3/4/2011,,37,5,0.07,1,37
3/5/2011,,28,14,0.06,1,37
3/6/2011,,30,20,0.15,2,38
3/7/2011,,35,-9,0.01,0,38
3/8/2011,,36,6,0.11,1,38
3/9/2011,,26,10,0.07,1.5,38
3/10/2011,,34,20,0.03,0,38
3/11/2011,,,19,0.4,3,40
3/12/2011,,30,2,0,0,39
3/13/2011,,36,2,0,0,37
3/14/2011,,35,,0.05,1.5,38
3/15/2011,,35,15,0.12,0.5,39
3/16/2011,,39,24,0.53,7,42
3/17/2011,,,16,0.44,6,48
3/18/2011,,29,-1,0.01,0.3,45
3/19/2011,,33,0,0,0,44
3/20/2011,,33,-17,0.05,0.5,43
3/21/2011,,39,-1,0.26,5,47
3/22/2011,,38,23,0.19,2.5,46
3/23/2011,,33,15,0,0,46
3/24/2011,,35,1,0,0,46
3/25/2011,,39,16,0.09,1.5,44
3/26/2011,,34,19,0.04,0.5,43
3/27/2011,,37,21,0.17,2,45
3/28/2011,,29,8,0.03,0.5,45
3/29/2011,,35,,0,0,42
3/30/2011,,25,,0.06,1,43
3/31/2011,,,,0,0,40
4/1/2011,,43,25,0,0,38
4/2/2011,,48,36,0,0,
4/3/2011,,43,9,0.06,1,34
4/4/2011,,35,4,0,0,
4/5/2011,,30,,0.34,,
4/6/2011,,33,2,0.11,1,40
4/7/2011,,31,20,0.61,10,50
4/8/2011,,24,,0.19,5,52
4/9/2011,,34,17,0.21,3,48
4/10/2011,,39,12,0.03,1,44
4/11/2011,,39,18,0,0,42
4/12/2011,,43,27,0.08,1,39
4/13/2011,,46,18,0,0,36
4/14/2011,,46,16,0.05,1,36
4/15/2011,,36,15,0,0,35
4/16/2011,,40,20,0.08,2,34
4/17/2011,,45,25,0,0,33
4/18/2011,,44,29,0.1,1,31
4/19/2011,,,,0,0,
4/20/2011,,38,4,0,0,31
4/21/2011,,39,13,0.16,3.5,33
4/22/2011,,,,0.33,3,34
4/23/2011,,35,0,0,0,32
4/24/2011,,40,6,0,0,31
4/25/2011,,45,15,0.29,9,38
4/26/2011,,38,23,0.16,2,34
4/27/2011,,,,0,0,
4/28/2011,,39,12,0,0,
4/29/2011,,43,14,0.39,,
4/30/2011,,30,19,0,0,31
5/1/2011,,40,11,0,0,29
5/2/2011,,40,12,0,0,28
5/3/2011,,46,25,0.03,0.5,26
5/4/2011,,41,19,0,0,23
5/5/2011,,41,24,0,0,21
5/6/2011,,52,15,0,0,19
5/7/2011,,49,36,0.3,0,16
5/8/2011,,49,32,0.37,0,13
5/9/2011,,49,32,0.14,0,13
5/10/2011,,49,31,0.53,0,13
5/11/2011,,41,27,0.01,0,12
5/12/2011,,54,24,0,0,12
5/13/2011,,57,30,0,0,12
5/14/2011,,53,27,0,0,3
5/15/2011,,51,27,0,0,0
5/16/2011,,56,26,0.01,0,0
5/17/2011,,41,27,0,0,0
5/18/2011,,46,18,0,0,0
5/19/2011,,50,31,0,0,0
5/20/2011,,49,33,0,0,0
5/21/2011,,46,33,0.02,0,0
5/22/2011,,50,27,0,0,0
5/23/2011,,54,34,0.08,0,0
5/24/2011,,56,32,0.62,0,0
5/25/2011,,41,32,0.31,0,0
5/26/2011,,53,29,0.08,0,0
5/27/2011,,53,29,0.05,0.5,0
5/28/2011,,42,30,0.92,4,4
5/29/2011,,44,30,0.06,0.5,1
5/30/2011,,36,31,0.6,3,2
5/31/2011,,41,31,0.19,0,0
6/1/2011,,56,29,0.01,0,0
6/2/2011,,65,29,0,0,0
6/3/2011,,44,29,0.01,0,0
6/4/2011,,48,22,0,0,0
6/5/2011,,66,30,0,0,0
6/6/2011,,72,30,0,0,0
6/7/2011,,72,34,0.44,0,0
6/8/2011,,49,37,0.88,0,0
6/9/2011,,55,31,0.35,0,0
6/10/2011,,45,34,0.01,0,0
6/11/2011,,56,33,0,0,0
6/12/2011,,57,37,0.09,0,0
6/13/2011,,52,34,0.2,0,0
6/14/2011,,57,31,0.46,0,0
6/15/2011,,58,31,0,0,0
6/16/2011,,60,36,0,0,0
6/17/2011,,48,31,0.05,0,0
6/18/2011,,49,33,0.05,0,0
6/19/2011,,56,37,0.21,0,0
6/20/2011,,41,32,0.07,0,0
6/21/2011,,57,31,0,0,0
6/22/2011,,65,34,0,0,0
6/23/2011,,70,43,0,0,0
6/24/2011,,72,37,0,0,0
6/25/2011,,65,34,0,0,0
6/26/2011,,64,40,0,0,0
6/27/2011,,64,28,0,0,0
6/28/2011,,69,37,0,0,0
6/29/2011,,79,38,0,0,0
6/30/2011,,75,38,0.07,0,0
7/1/2011,,65,37,0.01,0,0
7/2/2011,,66,30,0,0,0
7/3/2011,,74,40,0,0,0
7/4/2011,,82,41,0,0,0
7/5/2011,,73,41,0.15,0,0
7/6/2011,,77,46,0.15,0,0
7/7/2011,,76,41,0.01,0,0
7/8/2011,,77,41,0.02,0,0
7/9/2011,,69,35,0.42,0,0
7/10/2011,,70,41,0,0,0
7/11/2011,,74,40,0,0,0
7/12/2011,,76,43,0.15,0,0
7/13/2011,,63,44,0,0,0
7/14/2011,,71,41,0.5,0,0
7/15/2011,,70,37,0.03,0,0
7/16/2011,,73,38,0,0,0
7/17/2011,,76,35,0,0,0
7/18/2011,,81,45,0,0,0
7/19/2011,,79,46,0,0,0
7/20/2011,,72,41,0.03,0,0
7/21/2011,,71,38,0,0,0
7/22/2011,,71,38,0,0,0
7/23/2011,,71,37,0,0,0
7/24/2011,,80,40,0,0,0
7/25/2011,,82,48,0,0,0
7/26/2011,,82,48,0.01,0,0
7/27/2011,,72,43,0,0,0
7/28/2011,,69,35,0,0,0
7/29/2011,,73,33,0,0,0
7/30/2011,,76,40,0,0,0
7/31/2011,,80,37,0,0,0
8/1/2011,,77,49,0.05,0,0
8/2/2011,,69,35,0.14,0,0
8/3/2011,,76,43,0,0,0
8/4/2011,,79,36,0,0,0
8/5/2011,,79,36,0.03,0,0
8/6/2011,,72,36,0.11,0,0
8/7/2011,,74,37,0.01,0,0
8/8/2011,,73,34,0.05,0,0
8/9/2011,,75,40,0.05,0,0
8/10/2011,,73,34,0,0,0
8/11/2011,,71,39,0.05,0,0
8/12/2011,,71,30,0.02,0,0
8/13/2011,,72,30,0,0,0
8/14/2011,,80,40,0,0,0
8/15/2011,,75,44,0.03,0,0
8/16/2011,,68,29,0,0,0
8/17/2011,,68,30,0,0,0
8/18/2011,,67,30,0,0,0
8/19/2011,,74,33,0,0,0
8/20/2011,,74,30,0,0,0
8/21/2011,,79,39,0,0,0
8/22/2011,,82,34,0,0,0
8/23/2011,,81,38,0,0,0
8/24/2011,,78,37,0,0,0
8/25/2011,,82,50,0.02,0,0
8/26/2011,,82,39,0,0,0
8/27/2011,,83,42,0,0,0
8/28/2011,,84,42,0,0,0
8/29/2011,,84,42,0,0,0
8/30/2011,,75,33,0,0,0
8/31/2011,,74,42,0.09,0,0
9/1/2011,,73,37,0,0,0
9/2/2011,,64,32,0,0,0
9/3/2011,,64,26,0,0,0
9/4/2011,,69,23,0,0,0
9/5/2011,,73,26,0,0,0
9/6/2011,,77,36,0,0,0
9/7/2011,,75,29,0,0,0
9/8/2011,,73,29,0,0,0
9/9/2011,,72,28,0,0,0
9/10/2011,,74,27,0,0,0
9/11/2011,,76,30,0,0,0
9/12/2011,,74,37,0,0,0
9/13/2011,,74,34,0,0,0
9/14/2011,,72,40,0.02,0,0
9/15/2011,,64,26,0.03,0,0
9/16/2011,,68,32,0.02,0,0
9/17/2011,,52,39,0.59,0,0
9/18/2011,,55,33,0.03,0,0
9/19/2011,,58,32,0.02,0,0
9/20/2011,,61,26,0.05,0,0
9/21/2011,,61,23,0,0,0
9/22/2011,,67,27,0,0,0
9/23/2011,,69,28,0,0,0
9/24/2011,,73,28,0,0,0
9/25/2011,,77,30,0,0,0
9/26/2011,,77,29,0,0,0
9/27/2011,,67,28,0,0,0
9/28/2011,,70,35,0,0,0
9/29/2011,,69,28,0,0,0
9/30/2011,,72,28,0,0,0
10/1/2011,,75,31,0,0,0
10/2/2011,,74,37,0,0,0
10/3/2011,,66,29,0.07,0,0
10/4/2011,,68,31,0.19,0,0
10/5/2011,,68,35,0.2,0,0
10/6/2011,,47,35,0.47,0,0
10/7/2011,,38,27,0.54,2,2
10/8/2011,,35,29,0.01,0,0
10/9/2011,,44,29,0.03,0,0
10/10/2011,,47,27,0,0,0
10/11/2011,,46,32,0.26,0,0
10/12/2011,,44,28,0.71,0,0
10/13/2011,,45,30,0,0,0
10/14/2011,,45,38,0.01,0,0
10/15/2011,,55,39,0.02,0,0
10/16/2011,,52,43,0,0,0
10/17/2011,,51,24,0.51,0,0
10/18/2011,,45,22,0,0,0
10/19/2011,,51,20,0,0,0
10/20/2011,,55,26,0,0,0
10/21/2011,,49,29,0,0,0
10/22/2011,,52,33,0.07,0,0
10/23/2011,,52,32,0.05,0,0
10/24/2011,,51,30,0.02,0,0
10/25/2011,,50,20,0.32,0,0
10/26/2011,,34,8,0,0,0
10/27/2011,,36,11,0,0,0
10/28/2011,,38,15,0,0,0
10/29/2011,,40,15,0,0,0
10/30/2011,,44,25,0,0,0
10/31/2011,,46,26,0,0,0
11/1/2011,,42,19,0.65,4.5,5
11/2/2011,,30,-9,0,0,3
11/3/2011,,33,-9,0,0,2
11/4/2011,,41,3,0,0,2
11/5/2011,,44,3,0.01,0,1
11/6/2011,,22,15,0.04,0.5,2
11/7/2011,,44,14,0.04,1,3
11/8/2011,,30,7,0.01,0.5,3
11/9/2011,,25,-1,0,0,3
11/10/2011,,28,-3,0,0,3
11/11/2011,,39,4,0,0,3
11/12/2011,,34,25,0.28,6,10
11/13/2011,,27,11,0.48,5.5,11
11/14/2011,,29,12,0.03,0.5,11
11/15/2011,,31,5,0,0,10
11/16/2011,,26,-16,0.06,1,9
11/17/2011,,27,-15,0,0,9
11/18/2011,,32,20,0.79,9,17
11/19/2011,,24,10,0.17,2,18
11/20/2011,,18,-4,0.05,0.5,17
11/21/2011,,28,-4,0.05,0.5,16
11/22/2011,,32,22,0.09,0.5,15
11/23/2011,,35,20,0.11,0.3,15
11/24/2011,,44,14,0,0,14
11/25/2011,,43,26,0.02,0,14
11/26/2011,,28,-14,0.16,1,14
11/27/2011,,42,-14,0,0,14
11/28/2011,,40,5,0,0,14
11/29/2011,,42,17,0,0,13
11/30/2011,,35,27,0.02,0.5,13
12/1/2011,,31,-12,0.08,1.5,14
12/2/2011,,27,-12,0,0,14
12/3/2011,,24,-20,0,0,13
12/4/2011,,23,-17,0,0,13
12/5/2011,,15,-34,0,0,13
12/6/2011,,16,-32,0,0,13
12/7/2011,,18,-18,0,0,13
12/8/2011,,26,0,0,0,13
12/9/2011,,23,-7,0,0,12
12/10/2011,,27,-14,0,0,12
12/11/2011,,38,-13,0.04,1,13
12/12/2011,,33,-9,0,0,13
12/13/2011,,36,-10,0,0,13
12/14/2011,,34,-6,0.03,0.5,14
12/15/2011,,23,18,0,0,13
12/16/2011,,28,1,0,0,13
12/17/2011,,22,2,0,0,13
12/18/2011,,36,-4,0,0,13
12/19/2011,,40,-4,0,0,13
12/20/2011,,36,-5,0,0,13
12/21/2011,,33,2,0.09,2,14
12/22/2011,,20,-19,0.04,1,13
12/23/2011,,21,-19,0,0,13
12/24/2011,,25,-7,0,0,13
12/25/2011,,25,-6,0,0,13
12/26/2011,,39,-4,0,0,13
12/27/2011,,40,11,0,0,15
12/28/2011,,27,20,0.13,1,15
12/29/2011,,33,25,0.49,5,21
12/30/2011,,32,24,0.12,4,23
12/31/2011,,35,7,0.88,11,32
1/1/2012,,20,7,0.01,0.5,30
1/2/2012,,24,-3,0,0,30
1/3/2012,,34,17,0,0,28
1/4/2012,,39,5,0,0,26
1/5/2012,,41,6,0,0,25
1/6/2012,,41,20,0,0,24
1/7/2012,,27,5,0,0,23
1/8/2012,,31,14,0,0,23
1/9/2012,,21,15,0,0,23
1/10/2012,,35,13,0,0,23
1/11/2012,,32,-18,0.11,1,23
1/12/2012,,17,-20,0,0,23
1/13/2012,,20,-12,0,0,23
1/14/2012,,25,7,0,0,23
1/15/2012,,34,18,0,0,22
1/16/2012,,34,7,0.22,1.5,22
1/17/2012,,34,-8,0.02,0,22
1/18/2012,,14,5,0.05,0.5,23
1/19/2012,,27,13,0.38,6.5,29
1/20/2012,,30,26,0.55,4,32
1/21/2012,,32,27,0.22,5,35
1/22/2012,,33,-2,0.11,1,34
1/23/2012,,20,6,0.03,1,34
1/24/2012,,25,-19,0.12,1.5,35
1/25/2012,,24,14,0,0,33
1/26/2012,,28,13,0,0,32
1/27/2012,,30,-7,0.22,3,34
1/28/2012,,18,-3,0.02,1,33
1/29/2012,,20,11,0,0,32
1/30/2012,,30,10,0.02,0,32
1/31/2012,,28,19,0.09,1,31
2/1/2012,,28,7,0.04,0.3,31
2/2/2012,,35,7,0.05,1,31
2/3/2012,,30,-14,0,0,31
2/4/2012,,34,-16,0,0,30
2/5/2012,,38,-14,0,0,30
2/6/2012,,40,-15,0,0,30
2/7/2012,,35,-14,0,0,29
2/8/2012,,29,-13,0,0,29
2/9/2012,,29,-5,0,0,29
2/10/2012,,34,8,0,0,28
2/11/2012,,31,23,0,0,28
2/12/2012,,41,23,0.02,0.5,28
2/13/2012,,37,22,0.03,0.5,28
2/14/2012,,31,19,0.03,0.5,28
2/15/2012,,29,4,0.04,1,29
2/16/2012,,30,-16,0,0,27
2/17/2012,,21,-6,0,0,27
2/18/2012,,32,5,0,0,27
2/19/2012,,29,10,0.24,4,31
2/20/2012,,27,-5,0,0,30
2/21/2012,,20,13,0.14,2,31
2/22/2012,,31,19,0.24,3,32
2/23/2012,,34,-2,0.17,2,33
2/24/2012,,26,-4,0,0,32
2/25/2012,,24,2,0.08,3,34
2/26/2012,,24,3,0.41,5,38
2/27/2012,,19,-10,0.05,0,35
2/28/2012,,27,0,0.1,2,36
2/29/2012,,26,13,0.1,1,36
3/1/2012,,24,3,0.42,6,40
3/2/2012,,21,-19,0.03,0.5,40
3/3/2012,,20,-3,0,0,39
3/4/2012,,27,16,0,0,37
3/5/2012,,37,16,0,0,36
3/6/2012,,42,27,0.01,0,34
3/7/2012,,32,-13,0.21,4,38
3/8/2012,,29,-13,0,0,36
3/9/2012,,44,-13,0,0,34
3/10/2012,,46,-3,0,0,33
3/11/2012,,48,10,0,0,31
3/12/2012,,45,10,0.19,2,33
3/13/2012,,43,26,0,0,30
3/14/2012,,38,32,0.3,4,35
3/15/2012,,39,32,0.49,0.5,31
3/16/2012,,41,35,0.18,0,29
3/17/2012,,37,33,0.9,,29
3/18/2012,,44,28,0.23,,28
3/19/2012,,47,21,0.22,,27
3/20/2012,,31,10,0.11,2,29
3/21/2012,,24,11,0.02,,
3/22/2012,,36,16,,,
3/23/2012,,52,12,,0,
3/24/2012,,51,19,0,0,
3/25/2012,,54,20,0,0,
3/26/2012,,51,19,0,0,
3/27/2012,,54,20,0,0,
3/28/2012,,59,23,0,0,
3/29/2012,,49,25,0.24,3,
3/30/2012,,49,17,0.3,0.5,
3/31/2012,,48,17,0.63,0,
4/1/2012,,56,27,0,0,
4/2/2012,,38,10,0.04,1,
4/3/2012,,42,9,0,0,
4/4/2012,,48,19,0.02,,
4/5/2012,,51,18,0,0,
4/6/2012,,45,25,0.13,1.5,21
4/7/2012,,30,15,0.21,2,24
4/8/2012,,45,12,0,0,
4/9/2012,,53,16,0,0,20
4/10/2012,,59,19,0,0,9
4/11/2012,,64,20,0,0,
4/12/2012,,63,31,0,0,
4/13/2012,,37,27,0.06,,
4/14/2012,,40,11,0,,
4/15/2012,,48,16,0,0,
4/16/2012,,41,14,0.15,0,
4/17/2012,,42,26,0.21,1.5,
4/18/2012,,47,30,0.3,0,
4/19/2012,,41,28,0.3,0,
4/20/2012,,47,33,0.01,,
4/21/2012,,51,30,0,0,
4/22/2012,,62,25,0,0,
4/23/2012,,68,28,0,0,
4/24/2012,,71,31,0,0,
4/25/2012,,65,30,0.5,,
4/26/2012,,64,38,0.62,0,
4/27/2012,,57,24,0.27,,
4/28/2012,,36,25,0.12,,
4/29/2012,,37,26,0.01,,
4/30/2012,,43,28,0,0,
5/1/2012,,45,30,0.44,,
5/2/2012,,44,30,0,,
5/3/2012,,43,32,0.05,,
5/4/2012,,47,30,0.09,,
5/5/2012,,52,29,0,0,0
5/6/2012,,39,17,0.33,2,1
5/7/2012,,46,18,0,0,0
5/8/2012,,56,21,0,0,0
5/9/2012,,60,28,0,0,0
5/10/2012,,64,35,0,0,0
5/11/2012,,50,27,0,0,0
5/12/2012,,64,21,0,0,0
5/13/2012,,61,23,0,0,0
5/14/2012,,65,27,0,0,0
5/15/2012,,70,26,0,0,0
5/16/2012,,74,30,0,0,0
5/17/2012,,71,31,0.01,0,0
5/18/2012,,62,37,0.02,0,0
5/19/2012,,49,29,0.01,0,0
5/20/2012,,55,27,0,0,0
5/21/2012,,63,34,0,0,0
5/22/2012,,58,42,0,0,0
5/23/2012,,53,32,0.42,1,1
5/24/2012,,50,31,0.5,2,2
5/25/2012,,50,27,0.06,0.3,1
5/26/2012,,33,29,0.1,6,6
5/27/2012,,48,31,0.25,0,2
5/28/2012,,40,31,0.07,0,0
5/29/2012,,48,30,0.08,,0
5/30/2012,,59,42,0,0,0
5/31/2012,,56,31,0,0,0
6/1/2012,,60,40,0.02,0,0
6/2/2012,,65,44,0,0,0
6/3/2012,,69,49,0.01,0,0
6/4/2012,,69,40,0,0,0
6/5/2012,,80,42,0,0,
6/6/2012,,72,30,0,0,
6/7/2012,,47,22,0,0,0
6/8/2012,,60,29,0,0,0
6/9/2012,,52,35,0.8,0,0
6/10/2012,,48,30,0,0,
6/11/2012,,44,28,0.03,0,0
6/12/2012,,60,28,0,0,
6/13/2012,,63,35,0,0,0
6/14/2012,,64,28,0,0,
6/15/2012,,63,29,0,0,
6/16/2012,,64,28,0,0,0
6/17/2012,,67,28,0,0,0
6/18/2012,,71,39,0,0,0
6/19/2012,,62,31,0,0,0
6/20/2012,,52,30,0,0,0
6/21/2012,,61,26,0,0,0
6/22/2012,,72,35,0,0,
6/23/2012,,76,35,0,0,0
6/24/2012,,79,33,0,0,0
6/25/2012,,82,37,0,0,0
6/26/2012,,80,44,0,0,0
6/27/2012,,66,28,0,0,0
6/28/2012,,68,28,0,0,0
6/29/2012,,78,28,0,0,0
6/30/2012,,77,33,0,0,0
7/1/2012,,84,49,0,0,0
7/2/2012,,80,36,0,0,0
7/3/2012,,78,42,0,0,0
7/4/2012,,77,40,0,0,0
7/5/2012,,76,38,0,0,0
7/6/2012,,68,41,0.01,0,0
7/7/2012,,77,38,0.02,0,0
7/8/2012,,77,43,0,0,0
7/9/2012,,79,37,0,0,0
7/10/2012,,85,41,0,0,0
7/11/2012,,84,40,0,0,0
7/12/2012,,84,35,0.07,0,0
7/13/2012,,85,48,0.08,0,0
7/14/2012,,83,51,0.02,0,0
7/15/2012,,69,52,0.22,0,0
7/16/2012,,72,46,0.08,0,0
7/17/2012,,68,40,0.29,0,0
7/18/2012,,74,40,0,0,0
7/19/2012,,78,37,0.1,0,0
7/20/2012,,84,54,0,0,0
7/21/2012,,80,47,0,0,0
7/22/2012,,80,44,0,0,0
7/23/2012,,82,41,0.18,0,0
7/24/2012,,77,50,0,0,0
7/25/2012,,73,49,0,0,0
7/26/2012,,79,35,0,0,0
7/27/2012,,80,48,0.14,0,0
7/28/2012,,79,38,0,0,0
7/29/2012,,82,37,0,0,0
7/30/2012,,82,34,0,0,0
7/31/2012,,84,45,0,0,0
8/1/2012,,83,45,0,0,0
8/2/2012,,79,46,0,0,0
8/3/2012,,76,37,0,0,0
8/4/2012,,78,28,0,0,0
8/5/2012,,78,30,0,0,0
8/6/2012,,83,46,0,0,0
8/7/2012,,77,37,0,0,0
8/8/2012,,83,37,0,0,0
8/9/2012,,85,43,0.02,0,0
8/10/2012,,83,45,0,0,0
8/11/2012,,73,45,0.02,0,0
8/12/2012,,76,38,0,0,0
8/13/2012,,79,40,0,0,0
8/14/2012,,82,39,0,0,0
8/15/2012,,79,38,0,0,0
8/16/2012,,76,32,0,0,0
8/17/2012,,78,32,0,0,0
8/18/2012,,81,29,0,0,0
8/19/2012,,81,29,0,0,0
8/20/2012,,76,46,0,0,0
8/21/2012,,74,35,0.37,0,0
8/22/2012,,76,37,0,0,0
8/23/2012,,76,37,0,0,0
8/24/2012,,76,40,0,0,0
8/25/2012,,72,27,0,0,0
8/26/2012,,72,33,0,0,0
8/27/2012,,74,49,0.19,0,0
8/28/2012,,79,38,0,0,0
8/29/2012,,82,38,0,0,0
8/30/2012,,75,32,0,0,0
8/31/2012,,74,37,0,0,0
9/1/2012,,71,45,0.39,0,0
9/2/2012,,60,33,0.7,,
9/3/2012,,66,33,0,0,
9/4/2012,,71,31,0,0,0
9/5/2012,,67,26,0,0,0
9/6/2012,,67,30,0,0,0
9/7/2012,,54,27,0,0,0
9/8/2012,,68,27,0,0,0
9/9/2012,,72,26,0,0,0
9/10/2012,,74,34,0,0,0
9/11/2012,,69,31,0,0,0
9/12/2012,,62,22,0,0,0
9/13/2012,,61,19,0,0,0
9/14/2012,,72,23,0,0,0
9/15/2012,,73,24,0,0,0
9/16/2012,,73,23,0,0,0
9/17/2012,,64,26,0.15,0,0
9/18/2012,,65,27,0,0,0
9/19/2012,,66,27,0,0,0
9/20/2012,,72,27,0,0,0
9/21/2012,,73,27,0,0,0
9/22/2012,,75,27,0,0,0
9/23/2012,,79,28,0,0,0
9/24/2012,,71,33,0,0,0
9/25/2012,,71,33,0.29,0,0
9/26/2012,,60,37,0.1,0,0
9/27/2012,,65,30,0.5,0,0
9/28/2012,,67,30,0,0,0
9/29/2012,,66,32,0,0,0
9/30/2012,,66,30,0,0,0
10/1/2012,,67,26,0,0,0
10/2/2012,,68,37,0,0,0
10/3/2012,,64,33,0,0,0
10/4/2012,,55,15,0,0,0
10/5/2012,,46,13,0,0,0
10/6/2012,,44,6,0,0,0
10/7/2012,,46,11,0,0,0
10/8/2012,,52,20,0,0,0
10/9/2012,,52,21,0,0,0
10/10/2012,,53,20,0,0,0
10/11/2012,,60,26,0,0,0
10/12/2012,,63,22,0,0,0
10/13/2012,,65,23,0,0,0
10/14/2012,,48,27,0,0,0
10/15/2012,,52,30,0,0,0
10/16/2012,,53,35,0.04,0,0
10/17/2012,,47,24,0.92,0,0
10/18/2012,,39,18,0,0,0
10/19/2012,,48,19,0,0,0
10/20/2012,,47,23,0,0,0
10/21/2012,,48,34,0,0,0
10/22/2012,,44,28,0,0,0
10/23/2012,,40,26,0.51,1,1
10/24/2012,,30,14,0.27,4,4
10/25/2012,,34,6,0.06,1,1
10/26/2012,,31,3,0.16,2,3
10/27/2012,,31,18,0.09,3,5
10/28/2012,,32,24,0.15,3,6
10/29/2012,,41,31,0.39,0,1
10/30/2012,,49,33,0.05,0,0
10/31/2012,,52,27,0,0,0
11/1/2012,,58,26,0,0,0
11/2/2012,,48,26,0,0,0
11/3/2012,,45,21,0,0,0
11/4/2012,,46,25,0,0,0
11/5/2012,,48,30,0,0,0
11/6/2012,,48,33,0,0,0
11/7/2012,,53,25,0,0,0
11/8/2012,,50,27,0,0,0
11/9/2012,,44,27,0.18,1,1
11/10/2012,,30,16,0.02,0,0
11/11/2012,,23,-3,0,0,0
11/12/2012,,17,9,0.01,0.5,0
11/13/2012,,23,16,0,0,0
11/14/2012,,31,21,0,0,0
11/15/2012,,34,20,0,0,0
11/16/2012,,36,13,0,0,0
11/17/2012,,42,18,0.04,1,0
11/18/2012,,37,30,0.32,1.5,1
11/19/2012,,35,28,0.09,0.5,1
11/20/2012,,38,32,0,0,0
11/21/2012,,41,30,0.06,0,0
11/22/2012,,35,10,0.31,1,1
11/23/2012,,30,2,0,0,1
11/24/2012,,40,5,0,0,1
11/25/2012,,38,28,0.13,3,4
11/26/2012,,34,-10,0,0,2
11/27/2012,,29,-8,0,0,2
11/28/2012,,36,10,0,0,2
11/29/2012,,43,12,0.14,3,4
11/30/2012,,36,29,0.01,0,4
12/1/2012,,35,31,0.5,3.5,6
12/2/2012,,38,31,0.5,2,7
12/3/2012,,36,13,0.6,1.5,8
12/4/2012,,26,21,0.01,0.5,8
12/5/2012,,35,24,0.23,3,11
12/6/2012,,34,21,0.25,0.5,11
12/7/2012,,30,19,0.15,1,11
12/8/2012,,24,3,0.3,5.5,15
12/9/2012,,15,-22,0,0,14
12/10/2012,,13,-5,0.03,0.5,13
12/11/2012,,22,5,0.03,1,14
12/12/2012,,27,19,0.22,3,16
12/13/2012,,26,12,0.23,6,19
12/14/2012,,31,17,0.09,2,20
12/15/2012,,31,17,0,0,18
12/16/2012,,22,14,0.07,1.5,19
12/17/2012,,27,15,0.37,5,22
12/18/2012,,29,-4,0.17,1,20
12/19/2012,,17,-28,0,0,19
12/20/2012,,11,-3,0,0,18
12/21/2012,,21,-14,0,0,18
12/22/2012,,31,-10,0,0,18
12/23/2012,,29,-6,0.14,2,18
12/24/2012,,23,17,0.22,6,24
12/25/2012,,26,-16,0.09,2.5,25
12/26/2012,,17,-15,0,0,23
12/27/2012,,19,3,0.09,1.5,23
12/28/2012,,21,4,0,0,22
12/29/2012,,18,6,0,0,21
12/30/2012,,22,-3,0,0,21
12/31/2012,,21,-17,0,0,21
1/1/2013,,16,-12,0,0,20
1/2/2013,,19,-19,0,0,20
1/3/2013,,21,-19,0,0,20
1/4/2013,,30,-18,0,0,20
1/5/2013,,30,-18,0,0,20
1/6/2013,,25,-17,0,0,19
1/7/2013,,28,-17,0,0,19
1/8/2013,,21,15,0.07,3,21
1/9/2013,,28,17,0.03,1,20
1/10/2013,,36,25,0.29,11,32
1/11/2013,,26,3,0.36,6,34
1/12/2013,,3,-28,0.12,1.5,32
1/13/2013,,7,-31,0.03,0.5,30
1/14/2013,,6,-31,0,0,30
1/15/2013,,2,-31,0.06,1,29
1/16/2013,,7,-9,0,0,28
1/17/2013,,24,-14,0,0,27
1/18/2013,,30,-10,0,0,27
1/19/2013,,29,-10,0,0,26
1/20/2013,,26,-7,0,0,25
1/21/2013,,33,-6,0,0,25
1/22/2013,,33,-7,0,0,25
1/23/2013,,35,-6,0,0,25
1/24/2013,,41,10,0.03,0.5,25
1/25/2013,,32,27,0.02,0,24
1/26/2013,,33,29,0.1,3,27
1/27/2013,,37,27,0.08,1.5,25
1/28/2013,,28,12,0.44,8,32
1/29/2013,,21,4,0,0,30
1/30/2013,,23,0,0.04,1,30
1/31/2013,,27,12,0.01,0.5,28
2/1/2013,,31,12,0.03,1,29
2/2/2013,,32,21,0,0,26
2/3/2013,,30,-3,0,0,25
2/4/2013,,33,-3,0,0,25
2/5/2013,,30,20,0.02,0,25
2/6/2013,,36,14,0,0,24
2/7/2013,,30,15,0,0,24
2/8/2013,,32,5,0,0,24
2/9/2013,,37,10,0,0,23
2/10/2013,,37,10,0,0,23
2/11/2013,,21,-27,0,0,23
2/12/2013,,23,-8,0.01,0,24
2/13/2013,,21,13,0.01,0,24
2/14/2013,,25,2,0,0,24
2/15/2013,,28,2,0,0,24
2/16/2013,,29,7,0,0,23
2/17/2013,,30,15,0.12,3,25
2/18/2013,,27,0,0,0,25
2/19/2013,,24,-11,0,0,24
2/20/2013,,32,-11,0,0,23
2/21/2013,,34,-2,0.09,1,23
2/22/2013,,28,-3,0,0,23
2/23/2013,,23,8,0.06,2,25
2/24/2013,,24,-11,0.14,2,26
2/25/2013,,25,-2,0,0,26
2/26/2013,,20,-5,0.01,0,25
2/27/2013,,28,-1,0,0,25
2/28/2013,,23,1,0,0,25
3/1/2013,,26,1,0,0,24
3/2/2013,,35,23,0,0,24
3/3/2013,,36,29,0.16,1,24
3/4/2013,,31,-14,0.26,2,26
3/5/2013,,22,-11,0,0,26
3/6/2013,,33,2,0,0,
3/7/2013,,34,1,0.44,7,32
3/8/2013,,35,20,0.12,3,34
3/9/2013,,31,-5,0,0,34
3/10/2013,,34,-8,0,0,29
3/11/2013,,38,4,0,0,27
3/12/2013,,40,1,0,0,27
3/13/2013,,36,13,0,0,27
3/14/2013,,46,26,0,0,24
3/15/2013,,51,25,0,0,22
3/16/2013,,47,26,0,0,19
3/17/2013,,42,18,0.65,8,27
3/18/2013,,25,-5,0,0,26
3/19/2013,,26,0,0,0,24
3/20/2013,,35,5,0,0,24
3/21/2013,,38,21,0.32,5,29
3/22/2013,,28,-12,0.06,1,27
3/23/2013,,27,-22,0,0,26
3/24/2013,,27,-22,0,0,25
3/25/2013,,26,-19,0,0,25
3/26/2013,,31,-19,0,0,25
3/27/2013,,41,-19,0,0,24
3/28/2013,,42,,0,0,23
3/29/2013,,48,12,0,0,21
3/30/2013,,47,27,0,0,20
3/31/2013,,47,19,0,0,18
4/1/2013,,52,14,0,0,16
4/2/2013,,57,13,0,0,14
4/3/2013,,55,22,0,0,13
4/4/2013,,52,28,0,0,12
4/5/2013,,53,30,0.14,0,10
4/6/2013,,42,27,0.35,2,11
4/7/2013,,41,30,0.13,0.5,11
4/8/2013,,39,27,0.65,4.5,13
4/9/2013,,29,10,0,0,12
4/10/2013,,35,-5,0,0,11
4/11/2013,,43,25,0,0,8
4/12/2013,,46,13,0,0,7
4/13/2013,,43,26,0.11,4,11
4/14/2013,,36,7,0.65,4.5,12
4/15/2013,,36,3,0.01,0.5,12
4/16/2013,,30,7,0.04,1,13
4/17/2013,,24,-10,0,0,13
4/18/2013,,30,-10,0,0,12
4/19/2013,,39,-3,0,0,12
4/20/2013,,36,23,0.09,1,12
4/21/2013,,44,25,0.07,0,10
4/22/2013,,42,17,0.22,3,11
4/23/2013,,30,-5,0,0,10
4/24/2013,,37,6,0,0,9
4/25/2013,,44,15,0,0,8
4/26/2013,,51,18,0,0,7
4/27/2013,,55,28,0,0,5
4/28/2013,,57,35,0,0,0
4/29/2013,,51,35,0,0,0
4/30/2013,,45,15,0,0,0
5/1/2013,,38,20,0.05,,
5/2/2013,,40,9,0,0,
5/3/2013,,48,25,0,0,
5/4/2013,,54,33,0,0,
5/5/2013,,49,27,0,0,
5/6/2013,,56,25,0,0,
5/7/2013,,61,26,0,0,0
5/8/2013,,63,27,0,0,0
5/9/2013,,63,26,0,0,0
5/10/2013,,62,26,0,0,0
5/11/2013,,68,26,0,0,0
5/12/2013,,65,31,0,0,0
5/13/2013,,71,30,0,0,0
5/14/2013,,73,33,0,0,0
5/15/2013,,66,29,0,0,0
5/16/2013,,67,37,0.01,0,0
5/17/2013,,60,40,0.1,0,0
5/18/2013,,47,35,0.06,0,0
5/19/2013,,49,34,0.48,0,0
5/20/2013,,44,34,0.33,0,0
5/21/2013,,55,29,0.05,0,0
5/22/2013,,59,31,0,0,0
5/23/2013,,63,31,0,0,0
5/24/2013,,57,28,0.02,0,0
5/25/2013,,55,27,0,0,0
5/26/2013,,61,29,0,0,0
5/27/2013,,61,33,0.12,0,0
5/28/2013,,52,36,0,0,0
5/29/2013,,52,36,0.01,0,0
5/30/2013,,47,36,0.04,0,0
5/31/2013,,51,26,0,0,0
6/1/2013,,55,23,0,0,0
6/2/2013,,60,31,0,0,0
6/3/2013,,54,29,0.11,0,0
6/4/2013,,52,34,0,0,0
6/5/2013,,53,23,0,0,0
6/6/2013,,67,23,0,0,0
6/7/2013,,69,35,0,0,0
6/8/2013,,71,35,0.07,0,0
6/9/2013,,72,36,0,0,0
6/10/2013,,74,49,0,0,0
6/11/2013,,77,35,0,0,0
6/12/2013,,69,41,0.04,0,0
6/13/2013,,62,40,0.04,0,0
6/14/2013,,67,33,0,0,0
6/15/2013,,50,25,0.01,0,0
6/16/2013,,66,27,0,0,0
6/17/2013,,75,31,0,0,0
6/18/2013,,74,33,0,0,0
6/19/2013,,76,41,0,0,0
6/20/2013,,68,33,0.04,0,0
6/21/2013,,55,27,0,0,0
6/22/2013,,59,27,0,0,0
6/23/2013,,59,27,0.09,0,0
6/24/2013,,65,32,0,0,0
6/25/2013,,71,32,0.18,0,0
6/26/2013,,64,34,0.28,0,0
6/27/2013,,67,39,0,0,0
6/28/2013,,79,40,0,0,0
6/29/2013,,86,40,0,0,0
6/30/2013,,83,43,0.12,0,0
7/1/2013,,85,43,0.01,0,0
7/2/2013,,85,40,0,0,0
7/3/2013,,88,46,0,0,0
7/4/2013,,87,47,0,0,0
7/5/2013,,87,59,0.28,0,0
7/6/2013,,88,42,0.07,0,0
7/7/2013,,73,41,0,0,0
7/8/2013,,76,43,0,0,0
7/9/2013,,76,39,0,0,0
7/10/2013,,79,39,0,0,0
7/11/2013,,85,48,0,0,0
7/12/2013,,85,44,0,0,0
7/13/2013,,85,40,0,0,0
7/14/2013,,76,41,0,0,0
7/15/2013,,78,40,0,0,0
7/16/2013,,82,40,0,0,0
7/17/2013,,82,40,0.11,0,0
7/18/2013,,82,44,0,0,0
7/19/2013,,82,38,0,0,0
7/20/2013,,84,35,0,0,0
7/21/2013,,84,35,0,0,0
7/22/2013,,83,35,0,0,0
7/23/2013,,81,32,0,0,0
7/24/2013,,83,37,0,0,0
7/25/2013,,84,36,0,0,0
7/26/2013,,85,39,0.01,0,0
7/27/2013,,83,42,0,0,0
7/28/2013,,69,37,0,0,0
7/29/2013,,74,37,0.09,0,0
7/30/2013,,74,37,0.08,0,0
7/31/2013,,75,34,0,0,0
8/1/2013,,80,34,0.28,0,0
8/2/2013,,78,45,0.32,0,0
8/3/2013,,70,32,0.01,0,0
8/4/2013,,76,32,0,0,0
8/5/2013,,79,33,0,0,0
8/6/2013,,81,33,0,0,0
8/7/2013,,79,32,0,0,0
8/8/2013,,81,32,0,0,0
8/9/2013,,80,40,0.08,0,0
8/10/2013,,80,37,0,0,0
8/11/2013,,80,36,0,0,0
8/12/2013,,79,33,0,0,0
8/13/2013,,78,32,0.01,0,0
8/14/2013,,79,33,0,0,0
8/15/2013,,79,33,0,0,0
8/16/2013,,84,35,0,0,0
8/17/2013,,84,39,0,0,0
8/18/2013,,83,47,0,0,0
8/19/2013,,82,47,0,0,0
8/20/2013,,82,49,0,0,0
8/21/2013,,83,44,0,0,0
8/22/2013,,83,42,0.11,0,0
8/23/2013,,83,42,0,0,0
8/24/2013,,83,42,0,0,0
8/25/2013,,73,41,0.05,0,0
8/26/2013,,77,49,0.01,0,0
8/27/2013,,77,40,0.03,0,0
8/28/2013,,73,41,0,0,0
8/29/2013,,76,37,0.07,0,0
8/30/2013,,77,43,0,0,0
8/31/2013,,79,37,0,0,0
9/1/2013,,81,31,0,0,0
9/2/2013,,82,30,0,0,0
9/3/2013,,66,48,0.07,0,0
9/4/2013,,76,49,0.14,0,0
9/5/2013,,77,41,0.01,0,0
9/6/2013,,77,42,0,0,0
9/7/2013,,77,45,0.1,0,0
9/8/2013,,71,46,0.02,0,0
9/9/2013,,70,46,0.38,0,0
9/10/2013,,66,30,0,0,0
9/11/2013,,74,32,0,0,0
9/12/2013,,74,31,0.08,0,0
9/13/2013,,61,37,0.02,0,0
9/14/2013,,67,37,0.01,0,0
9/15/2013,,56,39,0.07,0,0
9/16/2013,,66,40,0.06,0,0
9/17/2013,,72,44,0.22,0,0
9/18/2013,,63,40,0.2,0,0
9/19/2013,,45,29,0.15,0,0
9/20/2013,,52,25,0,0,0
9/21/2013,,66,25,0,0,0
9/22/2013,,68,25,0,0,0
9/23/2013,,59,33,0.02,0,0
9/24/2013,,61,30,0,0,0
9/25/2013,,61,30,0.22,0,0
9/26/2013,,40,26,0.17,,0
9/27/2013,,,26,0.24,2,2
9/28/2013,,61,26,0.02,0,0
9/29/2013,,45,32,0.01,0,0
9/30/2013,,45,37,1.65,0,0
10/1/2013,,48,30,0.25,0,0
10/2/2013,,51,28,0,0,0
10/3/2013,,49,31,0.41,3,3
10/4/2013,,34,21,0.29,4,4
10/5/2013,,38,5,0,,
10/6/2013,,44,17,0,0,0
10/7/2013,,54,21,0,0,0
10/8/2013,,59,17,0,0,0
10/9/2013,,59,17,0,0,0
10/10/2013,,51,18,0,0,0
10/11/2013,,52,28,0.05,0,0
10/12/2013,,44,23,0,0,0
10/13/2013,,41,23,0.05,0,0
10/14/2013,,37,28,0.01,1,1
10/15/2013,,35,17,0,0,0
10/16/2013,,44,13,0,0,0
10/17/2013,,41,13,0,0,0
10/18/2013,,41,12,0,0,0
10/19/2013,,45,12,0,0,0
10/20/2013,,47,26,0,0,0
10/21/2013,,47,17,0,0,0
10/22/2013,,52,19,0,0,0
10/23/2013,,57,20,0,0,0
10/24/2013,,59,20,0,0,0
10/25/2013,,61,21,0,0,0
10/26/2013,,59,21,0,0,0
10/27/2013,,56,27,0,0,0
10/28/2013,,51,27,0,0,0
10/29/2013,,43,23,0.07,1,1
10/30/2013,,33,26,,0,0
10/31/2013,,34,26,,0,0
11/1/2013,,32,17,0.03,,
11/2/2013,,37,30,0,,
11/3/2013,,43,22,0.63,,
11/4/2013,,32,7,0.1,1,7
11/5/2013,,25,-4,0.05,0.5,5
11/6/2013,,23,9,0.04,1,5
11/7/2013,,31,22,0.06,,
11/8/2013,,39,26,0.12,0,3
11/9/2013,,33,27,0,,
11/10/2013,,39,26,0,0,3
11/11/2013,,46,28,0,0,2
11/12/2013,,49,13,0,0,0
11/13/2013,,57,13,0,0,0
11/14/2013,,40,20,0,0,0
11/15/2013,,32,13,0.05,,
11/16/2013,,27,20,0.42,7,7
11/17/2013,,24,9,0.26,3.5,9
11/18/2013,,31,16,0.01,0.5,7
11/19/2013,,39,31,0.02,,
11/20/2013,,37,30,0.2,,
11/21/2013,,34,6,,,
11/22/2013,,23,-23,,0,12
11/23/2013,,27,-17,0,0,11
11/24/2013,,35,-12,0,0,11
11/25/2013,,34,-6,0,0,11
11/26/2013,,40,-3,0,0,10
11/27/2013,,41,1,0,0,10
11/28/2013,,44,1,0,0,9
11/29/2013,,43,6,0,0,9
11/30/2013,,40,11,0,0,9
12/1/2013,,31,27,0.05,0.5,9
12/2/2013,,32,27,0.32,5,14
12/3/2013,,32,2,0.9,9,21
12/4/2013,,5,-24,0.02,0,19
12/5/2013,,6,-24,0,0,18
12/6/2013,,3,-37,0,0,18
12/7/2013,,1,-28,0.06,0.5,19
12/8/2013,,8,-19,0.1,1,20
12/9/2013,,-1,-27,0,0,20
12/10/2013,,3,-11,0.05,1,18
12/11/2013,,11,-2,0.02,0,17
12/12/2013,,18,-6,0,0,17
12/13/2013,,32,-5,0,0,17
12/14/2013,,27,14,0,0,17
12/15/2013,,26,15,0,0,16
12/16/2013,,29,13,0,0,16
12/17/2013,,32,12,0,0,16
12/18/2013,,37,18,0,0,15
12/19/2013,,37,23,0,0,15
12/20/2013,,23,-14,0,0,15
12/21/2013,,13,-6,0.08,1,
12/22/2013,,25,7,0,,
12/23/2013,,24,8,0.02,1,16
12/24/2013,,29,8,0.37,3,19
12/25/2013,,26,7,0,0,19
12/26/2013,,34,3,0,0,18
12/27/2013,,36,-4,0,0,18
12/28/2013,,39,-5,0,0,17
12/29/2013,,32,-7,0,0,17
12/30/2013,,15,1,0.01,0.5,18
12/31/2013,,26,15,0.05,1,19
1/1/2014,,25,3,0.15,4,22
1/2/2014,,26,1,0,0,20
1/3/2014,,28,15,0,0,20
1/4/2014,,29,-15,0.13,0,20
1/5/2014,,18,-16,0,0,20
1/6/2014,,11,-20,0,0,20
1/7/2014,,22,-10,0,0,20
1/8/2014,,23,6,0,0,19
1/9/2014,,28,18,0.12,3,22
1/10/2014,,26,13,0.32,4,24
1/11/2014,,33,16,0.19,1,24
1/12/2014,,33,16,0.6,4,28
1/13/2014,,23,18,0.11,2,29
1/14/2014,,28,15,0,0,27
1/15/2014,,31,19,0,0,26
1/16/2014,,30,-4,0,0,25
1/17/2014,,31,-5,0,0,25
1/18/2014,,32,-8,0,0,25
1/19/2014,,37,-9,0,0,25
1/20/2014,,35,-3,0,0,25
1/21/2014,,41,-6,0,0,25
1/22/2014,,38,-5,0,0,25
1/23/2014,,27,-4,0.02,0,25
1/24/2014,,37,-3,0,0,25
1/25/2014,,40,-7,0,0,25
1/26/2014,,37,-8,0,0,24
1/27/2014,,37,-8,0.01,0,24
1/28/2014,,22,-25,0,0,24
1/29/2014,,24,-24,0,0,24
1/30/2014,,26,18,0.22,2,25
1/31/2014,,28,-4,0.02,1,25
2/1/2014,,25,7,0,0,25
2/2/2014,,18,-8,0.1,1,25
2/3/2014,,20,-2,0.03,1,26
2/4/2014,,20,-10,0.16,4,29
2/5/2014,,7,-29,0.02,0,28
2/6/2014,,3,-33,0.02,0,27
2/7/2014,,10,-33,0.13,2,28
2/8/2014,,22,6,0.17,5,33
2/9/2014,,26,19,0.41,7.5,36
2/10/2014,,33,4,0.07,2,36
2/11/2014,,33,12,0.02,0,33
2/12/2014,,28,10,0.18,4,36
2/13/2014,,31,24,0.23,4,36
2/14/2014,,34,4,0.02,0,34
2/15/2014,,31,17,0.11,1.5,35
2/16/2014,,37,29,0.16,1,34
2/17/2014,,34,13,0.22,3,35
2/18/2014,,33,13,0.1,2,37
2/19/2014,,32,14,0.19,0.5,37
2/20/2014,,26,-10,0,0,36
2/21/2014,,19,-1,0.33,4,38
2/22/2014,,27,3,0,0,36
2/23/2014,,20,0,0.04,1,36
2/24/2014,,28,0,0.07,0,36
2/25/2014,,35,22,0.1,2,37
2/26/2014,,31,-22,0,0,35
2/27/2014,,42,-5,0,0,35
2/28/2014,,43,12,0.02,0.5,32
3/1/2014,,36,-3,0.3,4,35
3/2/2014,,12,-4,0.18,4,36
3/3/2014,,34,12,,,
3/4/2014,,33,10,,4,39
3/5/2014,,39,12,0,0,37
3/6/2014,,39,26,0.09,1.5,37
3/7/2014,,36,21,1.01,6,40
3/8/2014,,39,5,0,0,36
3/9/2014,,40,5,0,0,35
3/10/2014,,42,32,0.08,0,37
3/11/2014,,39,23,0.51,6,39
3/12/2014,,36,-5,0,0,37
3/13/2014,,41,-4,0,0,35
3/14/2014,,41,-4,0,0,35
3/15/2014,,41,8,0.21,4,37
3/16/2014,,39,10,0,0,34
3/17/2014,,45,26,0,0,34
3/18/2014,,35,3,0.18,4,38
3/19/2014,,32,-8,0,0,37
3/20/2014,,33,1,0,0,35
3/21/2014,,40,-9,0,0,34
3/22/2014,,32,-12,0,0,34
3/23/2014,,34,3,0,0,33
3/24/2014,,36,-6,0,0,33
3/25/2014,,42,1,0,0,32
3/26/2014,,50,19,0,0,30
3/27/2014,,41,17,0.94,14,42
3/28/2014,,32,20,0.5,8,46
3/29/2014,,34,20,0.09,2,44
3/30/2014,,37,27,0.93,12,52
3/31/2014,,34,0,0.66,7,54
4/1/2014,,34,-7,0,0,50
4/2/2014,,42,-1,0.16,2,49
4/3/2014,,33,16,0.03,1,48
4/4/2014,,39,5,0,0,45
4/5/2014,,38,13,0.1,2,45
4/6/2014,,40,19,0,0,42
4/7/2014,,41,12,0,0,42
4/8/2014,,48,11,0,0,38
4/9/2014,,53,27,0,0,35
4/10/2014,,53,21,0,0,32
4/11/2014,,48,22,0,0,30
4/12/2014,,52,26,0,0,29
4/13/2014,,50,18,0.31,4,24
4/14/2014,,33,-5,0,0,28
4/15/2014,,41,11,0,0,27
4/16/2014,,42,14,0.05,1,27
4/17/2014,,42,14,0,0,26
4/18/2014,,49,22,0,0,24
4/19/2014,,42,20,0,0,22
4/20/2014,,52,26,0,0,20
4/21/2014,,52,20,0.73,0,18
4/22/2014,,56,33,0,0,16
4/23/2014,,57,25,0.24,4,19
4/24/2014,,35,25,0.04,0,13
4/25/2014,,38,25,0.34,3,15
4/26/2014,,44,33,0.41,0,12
4/27/2014,,39,28,0.56,2.5,15
4/28/2014,,39,19,0.08,0.5,13
4/29/2014,,39,11,0,0,13
4/30/2014,,43,12,0,0,13
5/1/2014,,49,16,0,0,7
5/2/2014,,59,35,0,0,4
5/3/2014,,62,31,0,0,2
5/4/2014,,58,43,0,0,0
5/5/2014,,55,32,0,0,0
5/6/2014,,51,28,0,0,0
5/7/2014,,46,29,0.31,1.2,1
5/8/2014,,37,14,0.09,0,0
5/9/2014,,45,26,0.11,0,0
5/10/2014,,36,26,0.68,0,0
5/11/2014,,37,23,0.12,0,0
5/12/2014,,39,18,0,0,0
5/13/2014,,47,13,0,0,0
5/14/2014,,51,20,0,0,0
5/15/2014,,56,27,0,0,0
5/16/2014,,64,33,0,0,0
5/17/2014,,61,36,0.11,0,0
5/18/2014,,61,31,0,0,0
5/19/2014,,57,31,0.01,0,0
5/20/2014,,50,27,0,0,0
5/21/2014,,59,30,0,0,0
5/22/2014,,65,29,0,0,0
5/23/2014,,69,30,0,0,0
5/24/2014,,72,30,0,0,0
5/25/2014,,72,30,0.59,0,0
5/26/2014,,66,34,0,0,0
5/27/2014,,69,31,0,0,0
5/28/2014,,69,33,0,0,0
5/29/2014,,73,42,0.1,0,0
5/30/2014,,73,28,0.02,0,0
5/31/2014,,70,34,0.3,0,0
6/1/2014,,61,37,0.05,0,0
6/2/2014,,56,36,0.16,0,0
6/3/2014,,67,38,0,0,0
6/4/2014,,66,31,0.12,0,0
6/5/2014,,61,30,0.13,0,0
6/6/2014,,66,29,0,0,0
6/7/2014,,66,29,0.05,0,0
6/8/2014,,67,35,0.47,0,0
6/9/2014,,56,31,0.02,0,0
6/10/2014,,66,31,0,0,0
6/11/2014,,64,29,0,0,0
6/12/2014,,64,29,0,0,0
6/13/2014,,60,34,0,0,0
6/14/2014,,60,34,0,0,0
6/15/2014,,55,33,0.08,0,0
6/16/2014,,59,32,0.15,0,0
6/17/2014,,59,32,0.58,0,0
6/18/2014,,45,33,0.6,0.6,0
6/19/2014,,46,33,0,0,0
6/20/2014,,49,33,0,0,0
6/21/2014,,71,33,0,0,0
6/22/2014,,72,33,0,0,0
6/23/2014,,67,32,0.03,0,0
6/24/2014,,70,33,0,0,0
6/25/2014,,75,38,0,0,0
6/26/2014,,72,42,0.04,0,0
6/27/2014,,64,47,0.08,0,0
6/28/2014,,55,36,0.46,0,0
6/29/2014,,61,31,0.19,0,0
6/30/2014,,64,31,0,0,0
7/1/2014,,66,29,0,0,0
7/2/2014,,80,33,0,0,0
7/3/2014,,80,39,0,0,0
7/4/2014,,81,42,0,0,0
7/5/2014,,81,42,0,0,0
7/6/2014,,79,38,0,0,0
7/7/2014,,83,41,0,0,0
7/8/2014,,79,37,0,0,0
7/9/2014,,82,40,0,0,0
7/10/2014,,81,54,0,0,0
7/11/2014,,82,42,0,0,0
7/12/2014,,82,49,0,0,0
7/13/2014,,80,39,0,0,0
7/14/2014,,80,42,0,0,0
7/15/2014,,80,42,0,0,0
7/16/2014,,75,38,0.05,0,0
7/17/2014,,76,35,0,0,0
7/18/2014,,77,35,0.01,0,0
7/19/2014,,77,35,0,0,0
7/20/2014,,76,44,0,0,0
7/21/2014,,78,52,0.06,0,0
7/22/2014,,74,42,0.18,0,0
7/23/2014,,78,44,0,0,0
7/24/2014,,83,45,0,0,0
7/25/2014,,83,29,0,0,
7/26/2014,,72,30,0,0,0
7/27/2014,,77,31,0,0,0
7/28/2014,,83,36,0,0,0
7/29/2014,,82,52,0.03,0,0
7/30/2014,,71,40,0.04,0,0
7/31/2014,,74,32,0,0,0
8/1/2014,,76,35,0.18,0,0
8/2/2014,,76,36,0.04,0,0
8/3/2014,,77,36,0.04,0,0
8/4/2014,,81,41,0.01,0,0
8/5/2014,,61,49,0.3,0,0
8/6/2014,,66,51,0.08,0,0
8/7/2014,,64,46,0.08,0,0
8/8/2014,,70,35,0.02,0,0
8/9/2014,,66,34,0.11,0,0
8/10/2014,,73,36,0,0,0
8/11/2014,,78,36,0,0,0
8/12/2014,,81,39,0,0,0
8/13/2014,,80,49,0.25,0,0
8/14/2014,,74,51,0.11,0,0
8/15/2014,,73,40,0.01,0,0
8/16/2014,,74,40,0,0,0
8/17/2014,,71,40,0,0,0
8/18/2014,,74,39,0.06,0,0
8/19/2014,,76,34,0,0,0
8/20/2014,,72,41,0.3,0,0
8/21/2014,,68,45,0.23,0,0
8/22/2014,,68,39,0.31,0,0
8/23/2014,,56,42,0.01,0,0
8/24/2014,,52,35,0.03,0,0
8/25/2014,,55,33,0,0,0
8/26/2014,,61,32,0.03,0,0
8/27/2014,,67,31,0,0,0
8/28/2014,,71,37,0,0,0
8/29/2014,,72,38,0.4,0,0
8/30/2014,,72,38,0.03,0,0
8/31/2014,,59,38,1.37,0,0
9/1/2014,,53,38,0.27,0,0
9/2/2014,,58,34,0,0,0
9/3/2014,,66,34,0,0,0
9/4/2014,,61,25,0,0,0
9/5/2014,,61,23,0,0,0
9/6/2014,,68,26,0,0,0
9/7/2014,,71,32,0,0,0
9/8/2014,,72,34,0,0,0
9/9/2014,,72,38,0,0,0
9/10/2014,,67,38,0.16,0,0
9/11/2014,,53,30,0.42,0,0
9/12/2014,,43,15,0,0,0
9/13/2014,,58,23,0,0,0
9/14/2014,,65,27,0,0,0
9/15/2014,,70,28,0,0,0
9/16/2014,,72,28,0,0,0
9/17/2014,,73,31,0,0,0
9/18/2014,,76,31,0,0,0
9/19/2014,,69,41,0.34,0,0
9/20/2014,,67,32,0,0,0
9/21/2014,,73,30,0,0,0
9/22/2014,,72,42,0.09,0,0
9/23/2014,,61,39,0,0,0
9/24/2014,,66,38,0,0,0
9/25/2014,,73,35,0,0,0
9/26/2014,,76,41,0,0,0
9/27/2014,,71,46,0.3,0,0
9/28/2014,,52,43,0.53,0,0
9/29/2014,,54,33,0.07,0,0
9/30/2014,,48,39,0.02,0,0
10/1/2014,,45,32,0.4,0,0
10/2/2014,,45,28,0.04,,0
10/3/2014,,46,19,0,0,0
10/4/2014,,52,30,0,0,0
10/5/2014,,59,35,0,0,0
10/6/2014,,60,35,0,0,0
10/7/2014,,61,31,0,0,0
10/8/2014,,64,29,0,0,0
10/9/2014,,66,25,0,0,0
10/10/2014,,61,27,0,0,0
10/11/2014,,62,29,0,0,0
10/12/2014,,53,31,0.1,,
10/13/2014,,54,22,0.03,0,0
10/14/2014,,47,26,0,0,0
10/15/2014,,61,26,0,0,0
10/16/2014,,59,23,0.02,,
10/17/2014,,59,19,0,0,0
10/18/2014,,59,21,0,0,0
10/19/2014,,62,23,0,0,0
10/20/2014,,64,22,0,0,0
10/21/2014,,64,22,0.06,,
10/22/2014,,64,22,0.16,0,0
10/23/2014,,43,27,0,0,0
10/24/2014,,51,31,0,0,0
10/25/2014,,56,25,0,0,0
10/26/2014,,64,35,0.47,0,0
10/27/2014,,64,18,0.45,2,2
10/28/2014,,35,13,0,0,1
10/29/2014,,40,13,0,0,0
10/30/2014,,45,27,0,0,0
10/31/2014,,54,26,0,0,0
11/1/2014,,60,26,0,0,0
11/2/2014,,58,29,0.31,0.5,0
11/3/2014,,33,15,0,0,0
11/4/2014,,35,23,0,0,0
11/5/2014,,32,26,0,0,0
11/6/2014,,41,24,0,0,0
11/7/2014,,49,28,0,0,0
11/8/2014,,49,23,0,0,0
11/9/2014,,45,32,0.01,0,0
11/10/2014,,42,17,0.2,1,1
11/11/2014,,23,-5,0.11,,
11/12/2014,,10,-17,0,0,1
11/13/2014,,13,-21,0,0,1
11/14/2014,,25,-20,0.17,4,5
11/15/2014,,26,-2,,,
11/16/2014,,13,-23,,,
11/17/2014,,25,-24,,2,5
11/18/2014,,24,-13,0,0,5
11/19/2014,,26,-4,0,0,5
11/20/2014,,35,9,0,0,5
11/21/2014,,37,14,0,0,5
11/22/2014,,37,26,0.3,4,7
11/23/2014,,32,9,0.2,,
11/24/2014,,27,11,0.11,,
11/25/2014,,28,18,0.18,4.5,12
11/26/2014,,34,23,0.07,1,11
11/27/2014,,36,32,0,0,9
11/28/2014,,42,32,0,0,7
11/29/2014,,42,30,0,0,7
11/30/2014,,33,-1,0.57,3,9
12/1/2014,,22,-21,0,0,9
12/2/2014,,27,-21,0.24,1,11
12/3/2014,,32,5,0,0,11
12/4/2014,,35,10,0.22,3,14
12/5/2014,,36,31,0.18,0.5,11
12/6/2014,,39,24,0,0,11
12/7/2014,,40,25,0,0,10
12/8/2014,,38,21,0,0,10
12/9/2014,,42,14,0,0,10
12/10/2014,,42,15,0,0,9
12/11/2014,,44,16,0,0,9
12/12/2014,,44,21,0,0,9
12/13/2014,,51,26,0.02,1,10
12/14/2014,,34,21,0.21,4,12
12/15/2014,,34,10,0.09,1.8,12
12/16/2014,,34,-6,0,0,12
12/17/2014,,29,12,0.06,1,12
12/18/2014,,29,12,0,0,12
12/19/2014,,28,21,0.04,0.5,12
12/20/2014,,31,25,0.08,0.5,12
12/21/2014,,30,26,0.3,6,17
12/22/2014,,34,21,0.13,2,17
12/23/2014,,29,-14,0.06,1,17
12/24/2014,,24,-14,0,0,16
12/25/2014,,26,16,0.6,10,22
12/26/2014,,20,-20,0.04,1,21
12/27/2014,,17,-19,0.05,1,21
12/28/2014,,13,9,0.06,0,21
12/29/2014,,22,-1,0.07,2,20
12/30/2014,,15,-25,0.01,0,19
12/31/2014,,4,-29,0,0,19
1/1/2015,,17,-30,0,0,19
1/2/2015,,30,-30,0,0,19
1/3/2015,,19,-1,0.02,1,19
1/4/2015,,18,8,0.07,2,19
1/5/2015,,27,15,0.6,12,26
1/6/2015,,31,27,0.14,7,26
1/7/2015,,36,16,0,0,24
1/8/2015,,39,13,0,0,23
1/9/2015,,41,-4,0,0,23
1/10/2015,,33,-3,0,0,23
1/11/2015,,36,-3,0,0,23
1/12/2015,,33,23,0.02,0,24
1/13/2015,,32,-7,0,0,24
1/14/2015,,33,-12,0,0,24
1/15/2015,,34,-12,0,0,21
1/16/2015,,40,-12,0.02,0.5,23
1/17/2015,,29,4,0.14,2,25
1/18/2015,,32,16,0.08,2,26
1/19/2015,,34,11,0,0,24
1/20/2015,,28,0,0,0,24
1/21/2015,,28,-3,0,0,24
1/22/2015,,25,-14,0,0,24
1/23/2015,,30,-14,0,0,24
1/24/2015,,35,-14,0,0,23
1/25/2015,,29,22,0,0,23
1/26/2015,,36,10,0,0,22
1/27/2015,,54,9,0,0,22
1/28/2015,,52,19,0.14,3.5,24
1/29/2015,,39,5,0,0,24
1/30/2015,,39,-5,0,0,23
1/31/2015,,39,-8,0,0,23
2/1/2015,,36,-5,0,0,22
2/2/2015,,27,6,0.05,1,23
2/3/2015,,30,26,0.02,0.5,23
2/4/2015,,31,21,0.1,1.5,24
2/5/2015,,34,21,0,0,23
2/6/2015,,42,34,0,0,23
2/7/2015,,48,32,0.16,1,20
2/8/2015,,42,32,0,0,20
2/9/2015,,43,25,0,0,19
2/10/2015,,37,28,0.33,1,20
2/11/2015,,38,19,0,0,19
2/12/2015,,38,22,0,0,18
2/13/2015,,42,12,0,0,18
2/14/2015,,51,12,0,0,17
2/15/2015,,46,17,0,0,17
2/16/2015,,36,6,0,0,17
2/17/2015,,30,-12,0,0,17
2/18/2015,,31,5,0,0,17
2/19/2015,,40,5,0,0,17
2/20/2015,,41,17,0.02,0,17
2/21/2015,,38,17,0.05,1,18
2/22/2015,,38,-20,0,0,18
2/23/2015,,22,-29,0,0,18
2/24/2015,,40,-27,0,0,18
2/25/2015,,43,3,0,0,18
2/26/2015,,34,-11,0.02,0,18
2/27/2015,,27,-9,0,0,18
2/28/2015,,29,-11,0,0,18
3/1/2015,,31,-21,0,0,18
3/2/2015,,33,-11,0,0,18
3/3/2015,,36,4,0.11,1,19
3/4/2015,,22,-24,0,0,19
3/5/2015,,25,-24,0,0,19
3/6/2015,,34,12,0,0,19
3/7/2015,,44,19,0,0,19
3/8/2015,,45,5,0,0,19
3/9/2015,,46,5,0,0,18
3/10/2015,,46,5,0,0,18
3/11/2015,,48,18,0,0,15
3/12/2015,,51,32,0.02,,11
3/13/2015,,46,13,0,0,9
3/14/2015,,54,22,0.07,,8
3/15/2015,,48,39,0,0,7
3/16/2015,,53,35,0,0,7
3/17/2015,,50,31,0,0,6
3/18/2015,,55,28,0,0,5
3/19/2015,,45,13,0,0,5
3/20/2015,,48,23,0,0,3
3/21/2015,,52,24,0,0,3
3/22/2015,,51,19,0.01,0,2
3/23/2015,,49,20,0,0,1
3/24/2015,,37,19,0.36,,1
3/25/2015,,34,14,0.2,,0
3/26/2015,,35,23,0,0,0
3/27/2015,,47,22,0,0,0
3/28/2015,,54,26,0,0,0
3/29/2015,,50,15,0,0,0
3/30/2015,,48,24,0,0,0
3/31/2015,,55,26,0,0,0
4/1/2015,,54,23,0.06,,
4/2/2015,,58,2,0.16,1.5,1
4/3/2015,,31,3,0,0,0
4/4/2015,,37,17,0,0,0
4/5/2015,,40,26,0,0,0
4/6/2015,,37,26,0,0,0
4/7/2015,,37,9,0,0,0
4/8/2015,,35,19,0,0,0
4/9/2015,,46,9,0,0,0
4/10/2015,,46,15,0.1,2,2
4/11/2015,,48,26,0,0,0
4/12/2015,,48,19,0,0,0
4/13/2015,,37,24,0,0,0
4/14/2015,,52,26,0,0,0
4/15/2015,,55,21,0.14,,
4/16/2015,,34,18,0.05,,
4/17/2015,,48,18,0,0,0
4/18/2015,,61,21,0,0,0
4/19/2015,,58,18,0,0,0
4/20/2015,,48,19,0,0,0
4/21/2015,,55,23,0,0,0
4/22/2015,,59,24,0,0,0
4/23/2015,,62,30,0,0,0
4/24/2015,,51,27,0,0,0
4/25/2015,,50,29,0.1,,
4/26/2015,,43,31,0.14,,
4/27/2015,,51,26,0.14,,
4/28/2015,,53,21,0,0,0
4/29/2015,,60,27,0,0,0
4/30/2015,,64,35,0.05,0,0
5/1/2015,,54,,0,0,0
5/2/2015,,61,30,0,0,0
5/3/2015,,65,26,0,0,0
5/4/2015,,60,28,0.06,0,0
5/5/2015,,63,30,0.01,0,0
5/6/2015,,62,36,0.07,0,0
5/7/2015,,58,32,0,0,0
5/8/2015,,42,32,0.7,0,0
5/9/2015,,45,30,0.07,0,0
5/10/2015,,45,23,0,0,0
5/11/2015,,49,18,0,0,0
5/12/2015,,53,29,0.21,0,0
5/13/2015,,56,35,0.05,0,0
5/14/2015,,57,32,0,0,0
5/15/2015,,58,30,0.01,0,0
5/16/2015,,55,32,0.6,0,0
5/17/2015,,47,33,0.12,0,0
5/18/2015,,47,28,0,0,0
5/19/2015,,56,32,0,0,0
5/20/2015,,52,27,0.04,0,0
5/21/2015,,53,37,0,0,0
5/22/2015,,58,33,0.05,0,0
5/23/2015,,56,38,0.19,0,0
5/24/2015,,53,36,0.37,0,0
5/25/2015,,57,33,0.01,0,0
5/26/2015,,60,39,0.09,0,0
5/27/2015,,60,36,0,0,0
5/28/2015,,55,36,0.58,0,0
5/29/2015,,55,33,0.31,0,0
5/30/2015,,62,34,0,0,0
5/31/2015,,66,40,0.21,0,0
6/1/2015,,70,40,0,0,0
6/2/2015,,74,32,0.44,0,0
6/3/2015,,62,30,0.02,0,0
6/4/2015,,64,32,0,0,0
6/5/2015,,69,36,0,0,0
6/6/2015,,69,40,0.36,0,0
6/7/2015,,69,35,0.11,0,0
6/8/2015,,,,0,0,0
6/9/2015,,75,45,0,0,0
6/10/2015,,76,41,0.08,0,0
6/11/2015,,76,41,0.06,0,0
6/12/2015,,77,41,0,0,0
6/13/2015,,72,37,0,0,0
6/14/2015,,68,31,0,0,0
6/15/2015,,69,31,0,0,0
6/16/2015,,,,0,0,0
6/17/2015,,62,40,0.05,0,0
6/18/2015,,73,36,0,0,0
6/19/2015,,77,39,0,0,0
6/20/2015,,73,34,0,0,0
6/21/2015,,,,0,0,0
6/22/2015,,71,34,0,0,0
6/23/2015,,72,32,0,0,0
6/24/2015,,74,38,0,0,0
6/25/2015,,78,38,0,0,0
6/26/2015,,79,36,0,0,0
6/27/2015,,83,41,0,0,0
6/28/2015,,87,43,0,0,0
6/29/2015,,80,43,0,0,0
6/30/2015,,88,46,0.12,0,0
7/1/2015,,83,46,0,0,0
7/2/2015,,83,41,0,0,0
7/3/2015,,84,40,0,0,0
7/4/2015,,83,41,0,0,0
7/5/2015,,86,53,0,0,0
7/6/2015,,70,47,0.46,0,0
7/7/2015,,74,48,0.15,0,0
7/8/2015,,76,45,0.08,0,0
7/9/2015,,69,38,0.39,0,0
7/10/2015,,67,38,0.54,0,0
7/11/2015,,61,37,0,0,0
7/12/2015,,68,41,0.02,0,0
7/13/2015,,71,44,0.01,0,0
7/14/2015,,74,36,0.05,0,0
7/15/2015,,72,44,0.01,0,0
7/16/2015,,68,37,0,0,0
7/17/2015,,69,39,0,0,0
7/18/2015,,62,32,0,0,0
7/19/2015,,64,32,0.08,0,0
7/20/2015,,70,42,0,0,0
7/21/2015,,75,36,0,0,0
7/22/2015,,75,40,0,0,0
7/23/2015,,74,50,0.24,0,0
7/24/2015,,68,41,0,0,0
7/25/2015,,72,42,0,0,0
7/26/2015,,73,39,0,0,0
7/27/2015,,76,36,0,0,0
7/28/2015,,77,32,0.11,0,0
7/29/2015,,58,28,0,0,0
7/30/2015,,71,31,0,0,0
7/31/2015,,78,32,0,0,0
8/1/2015,,82,31,0,0,0
8/2/2015,,83,37,0,0,0
8/3/2015,,87,44,0,0,0
8/4/2015,,73,51,0.05,0,0
8/5/2015,,73,41,0.19,0,0
8/6/2015,,70,44,0.31,0,0
8/7/2015,,70,37,0,0,0
8/8/2015,,74,44,0.12,0,0
8/9/2015,,58,37,0.3,0,0
8/10/2015,,70,33,0.05,0,0
8/11/2015,,76,33,0,0,0
8/12/2015,,83,44,0,0,0
8/13/2015,,78,44,0,0,0
8/14/2015,,83,44,0,0,0
8/15/2015,,82,44,0.32,0,0
8/16/2015,,82,32,0,0,0
8/17/2015,,83,30,0,0,0
8/18/2015,,67,28,0.03,0,0
8/19/2015,,67,26,0,0,0
8/20/2015,,68,32,0.03,0,0
8/21/2015,,72,32,0,0,0
8/22/2015,,73,38,0,0,0
8/23/2015,,62,24,0,0,0
8/24/2015,,76,30,0,0,0
8/25/2015,,80,29,0,0,0
8/26/2015,,84,29,0,0,0
8/27/2015,,74,35,0,0,0
8/28/2015,,74,33,0,0,0
8/29/2015,,78,40,0,0,0
8/30/2015,,76,44,0.18,0,0
8/31/2015,,68,34,0,0,0
9/1/2015,,66,28,0,0,0
9/2/2015,,75,28,0,0,0
9/3/2015,,76,43,0.15,0,0
9/4/2015,,71,36,0.1,0,0
9/5/2015,,71,36,0.07,0,0
9/6/2015,,54,26,0,0,0
9/7/2015,,55,25,0,0,0
9/8/2015,,60,24,0,0,0
9/9/2015,,66,36,0,0,0
9/10/2015,,72,30,0,0,0
9/11/2015,,75,28,0,0,0
9/12/2015,,79,32,0,0,0
9/13/2015,,78,37,0,0,0
9/14/2015,,80,28,0,0,0
9/15/2015,,73,46,0.85,0,0
9/16/2015,,47,37,0.56,0,0
9/17/2015,,43,34,0.65,0,0
9/18/2015,,47,31,0.27,0,0
9/19/2015,,49,26,0,0,0
9/20/2015,,58,31,0,0,0
9/21/2015,,63,31,0,0,0
9/22/2015,,69,31,0,0,0
9/23/2015,,72,29,0,0,0
9/24/2015,,72,28,0,0,0
9/25/2015,,75,33,0,0,0
9/26/2015,,78,38,0,0,0
9/27/2015,,74,37,0,0,0
9/28/2015,,66,27,0,0,0
9/29/2015,,66,26,0,0,0
9/30/2015,,69,27,0,0,0
10/1/2015,,73,27,0.01,0,0
10/2/2015,,67,40,0.22,0,0
10/3/2015,,54,38,0.15,0,0
10/4/2015,,45,33,0.15,0,0
10/5/2015,,52,29,0,0,0
10/6/2015,,64,26,0,0,0
10/7/2015,,64,33,0,0,0
10/8/2015,,63,36,0,0,0
10/9/2015,,61,35,0,0,0
10/10/2015,,68,30,0,0,0
10/11/2015,,68,40,0,0,0
10/12/2015,,56,26,0,0,0
10/13/2015,,61,26,0,0,0
10/14/2015,,64,31,0,0,0
10/15/2015,,65,22,0,0,0
10/16/2015,,69,20,0,0,0
10/17/2015,,70,22,0,0,0
10/18/2015,,68,33,0.1,0,0
10/19/2015,,69,33,0.04,0,0
10/20/2015,,47,37,0.2,0,0
10/21/2015,,41,31,0.17,0,0
10/22/2015,,56,24,0,0,0
10/23/2015,,54,20,0,0,0
10/24/2015,,50,27,0,0,0
10/25/2015,,55,20,0,0,0
10/26/2015,,50,30,0.06,0,0
10/27/2015,,45,28,0.04,0,0
10/28/2015,,40,23,0.05,0,0
10/29/2015,,45,22,0,0,0
10/30/2015,,38,26,0.02,0,0
10/31/2015,,36,29,0,0,0
11/1/2015,,43,34,0.07,0,0
11/2/2015,,40,32,0.32,0,0
11/3/2015,,34,31,0.58,3,3
11/4/2015,,37,25,0.6,3,3
11/5/2015,,32,22,0,0,3
11/6/2015,,27,15,0.17,1,4
11/7/2015,,29,6,0,0,3
11/8/2015,,35,0,0,0,2
11/9/2015,,41,0,0,0,2
11/10/2015,,39,19,0.33,5,6
11/11/2015,,29,-2,0,0,5
11/12/2015,,23,4,0,1,6
11/13/2015,,28,20,0,0,5
11/14/2015,,34,7,0,0,5
11/15/2015,,44,4,0,0,5
11/16/2015,,45,11,0,0,4
11/17/2015,,36,3,0,0,3
11/18/2015,,25,13,0.14,2,5
11/19/2015,,27,5,0,0,5
11/20/2015,,25,6,0.22,5,10
11/21/2015,,22,-19,0,0,9
11/22/2015,,25,-9,0,0,9
11/23/2015,,38,-12,0,0,7
11/24/2015,,43,2,0,0,6
11/25/2015,,43,2,0,0,5
11/26/2015,,19,5,0.06,0.5,6
11/27/2015,,22,-23,0,0,6
11/28/2015,,20,-20,0,0,6
11/29/2015,,33,-14,0,0,6
11/30/2015,,27,1,0,0,6
12/1/2015,,27,-13,0,0,6
12/2/2015,,24,-13,0,0,6
12/3/2015,,28,-2,0,0,6
12/4/2015,,32,-2,0,0,6
12/5/2015,,30,4,0.08,0.5,6
12/6/2015,,28,-1,0,0,6
12/7/2015,,36,-1,0.1,1.5,8
12/8/2015,,33,28,0.35,4,12
12/9/2015,,37,32,0.03,0,8
12/10/2015,,39,23,0.13,1,9
12/11/2015,,32,18,0.45,5,14
12/12/2015,,28,2,0.03,1,15
12/13/2015,,25,17,0.07,1,16
12/14/2015,,30,18,0.45,6,19
12/15/2015,,26,-5,0.07,2,20
12/16/2015,,25,-5,0,0,18
12/17/2015,,25,-20,0.08,0.5,17
12/18/2015,,22,7,0.05,2,19
12/19/2015,,32,20,0.03,3,20
12/20/2015,,29,20,0.44,9.5,25
12/21/2015,,29,15,0.15,2,25
12/22/2015,,26,13,0.45,5,26
12/23/2015,,20,-10,0.01,1,24
12/24/2015,,17,7,0.01,1,23
12/25/2015,,18,8,0,0,23
12/26/2015,,22,-26,0.09,1.5,22
12/27/2015,,18,-25,0,0,22
12/28/2015,,17,-17,0,0,21
12/29/2015,,20,-17,0,0,21
12/30/2015,,20,-11,0,0,21
12/31/2015,,13,-18,0,0,21
1/1/2016,,28,-24,0.03,0.5,20
1/2/2016,,21,-20,0,0,20
1/3/2016,,29,-7,0,0,20
1/4/2016,,31,1,0,0,20
1/5/2016,,37,11,0.01,0,19
1/6/2016,,36,24,0.06,1.5,20
1/7/2016,,33,25,0.01,0,20
1/8/2016,,36,17,0,0,19
1/9/2016,,32,15,0.02,0.5,19
1/10/2016,,22,9,0.01,0.5,19
1/11/2016,,23,-2,0,1,19
1/12/2016,,17,4,0.01,0,19
1/13/2016,,23,13,0,0,18
1/14/2016,,35,12,0.09,2.5,19
1/15/2016,,27,7,0,0,19
1/16/2016,,23,10,0.06,0.3,18
1/17/2016,,22,13,0.14,4,21
1/18/2016,,27,18,0.09,1.5,22
1/19/2016,,32,12,0,0,21
1/20/2016,,32,12,0.1,2,21
1/21/2016,,31,16,0,0,20
1/22/2016,,25,5,0,0,20
1/23/2016,,40,4,0,0,19
1/24/2016,,35,14,0,0,19
1/25/2016,,31,-9,0,0,18
1/26/2016,,26,-9,0,0,18
1/27/2016,,23,12,0,0,18
1/28/2016,,36,8,0,0,18
1/29/2016,,38,7,0.14,0.5,18
1/30/2016,,29,4,0.45,11,26
1/31/2016,,27,5,0.05,2,26
2/1/2016,,26,-21,0,0,24
2/2/2016,,17,-25,0,0,23
2/3/2016,,21,-26,0,0,23
2/4/2016,,16,-10,0,0.3,23
2/5/2016,,20,-1,0,0,23
2/6/2016,,24,10,0,0,21
2/7/2016,,25,5,0,0.5,21
2/8/2016,,32,4,0,0,21
2/9/2016,,43,8,0,0,20
2/10/2016,,45,5,0,0,20
2/11/2016,,42,6,0,0,20
2/12/2016,,45,6,0,0,20
2/13/2016,,46,28,0,0,19
2/14/2016,,46,23,0.08,1,19
2/15/2016,,37,25,0.04,0,19
2/16/2016,,34,29,0,0,19
2/17/2016,,35,28,0,0,18
2/18/2016,,44,28,0.08,1,19
2/19/2016,,36,25,0.63,4,23
2/20/2016,,36,22,0.06,1,23
2/21/2016,,32,-7,0.02,0.5,24
2/22/2016,,35,11,0,0,22
2/23/2016,,35,-14,0,0,22
2/24/2016,,31,-13,0,0,21
2/25/2016,,34,-7,0,0,21
2/26/2016,,42,2,0,0,21
2/27/2016,,45,2,0,0,20
2/28/2016,,41,22,0.03,0,20
2/29/2016,,35,22,0.21,3,23
3/1/2016,,32,-1,0,0,23
3/2/2016,,33,24,0.1,1,22
3/3/2016,,39,13,0,0,21
3/4/2016,,43,6,0,0,21
3/5/2016,,47,15,0,0,21
3/6/2016,,48,23,0,0,20
3/7/2016,,42,25,0.15,0,19
3/8/2016,,40,3,0,0,19
3/9/2016,,36,7,0.08,3,21
3/10/2016,,35,19,0.03,0.5,20
3/11/2016,,46,31,0,0,17
3/12/2016,,50,23,0,0,16
3/13/2016,,39,29,0.13,2,17
3/14/2016,,36,25,0.54,6.5,21
3/15/2016,,32,7,0.23,2.5,22
3/16/2016,,26,-7,0.01,1,21
3/17/2016,,27,-7,0,0,21
3/18/2016,,31,-14,0,0,21
3/19/2016,,30,-21,0,0,20
3/20/2016,,46,-9,0,0,19
3/21/2016,,51,9,0,0,18
3/22/2016,,38,28,0.1,1,18
3/23/2016,,32,12,0.07,2,20
3/24/2016,,39,11,0.03,0.5,18
3/25/2016,,35,13,0.1,1.3,19
3/26/2016,,37,8,0,0,19
3/27/2016,,37,7,0,0,18
3/28/2016,,39,6,0.15,5,22
3/29/2016,,39,24,0.04,1,20
3/30/2016,,37,10,0.04,1,20
3/31/2016,,46,12,0.03,2,21
4/1/2016,,42,14,0,0,18
4/2/2016,,47,18,0,0,17
4/3/2016,,50,26,0,0,15
4/4/2016,,53,24,0,0,12
4/5/2016,,52,20,0.25,1,12
4/6/2016,,40,22,0,0,11
4/7/2016,,49,22,0,0,10
4/8/2016,,59,16,0,0,8
4/9/2016,,63,20,0,0,4
4/10/2016,,63,20,0,0,3
4/11/2016,,54,23,0,0,2
4/12/2016,,56,24,0,0,0
4/13/2016,,58,35,0.18,0,0
4/14/2016,,57,28,0.2,0,0
4/15/2016,,28,22,0.1,1,1
4/16/2016,,39,15,0.08,0,0
4/17/2016,,46,15,0,0,0
4/18/2016,,51,25,0,0,0
4/19/2016,,49,24,0,0,0
4/20/2016,,60,24,0,0,0
4/21/2016,,66,24,0,0,0
4/22/2016,,61,29,0,0,0
4/23/2016,,66,33,0,0,0
4/24/2016,,47,35,0.05,0,0
4/25/2016,,44,32,0,0,0
4/26/2016,,42,30,0.45,0,0
4/27/2016,,40,29,0,0,0
4/28/2016,,44,28,0,0,0
4/29/2016,,44,27,0,0,0
4/30/2016,,47,31,0,0,0
5/1/2016,,46,21,0,0,0
5/2/2016,,52,19,0,0,0
5/3/2016,,62,24,0,0,0
5/4/2016,,65,26,0,0,0
5/5/2016,,66,31,0,0,0
5/6/2016,,70,35,0,0,0
5/7/2016,,56,39,0,0,0
5/8/2016,,55,27,0,0,0
5/9/2016,,67,36,0,0,0
5/10/2016,,50,27,0.12,0,0
5/11/2016,,38,18,0.01,0,0
5/12/2016,,48,25,0,0,0
5/13/2016,,58,34,0,0,0
5/14/2016,,67,30,0,0,0
5/15/2016,,70,35,0,0,0
5/16/2016,,52,37,0.01,0,0
5/17/2016,,48,26,0,0,0
5/18/2016,,59,27,0,0,0
5/19/2016,,60,33,0.08,0,0
5/20/2016,,55,32,0.68,0,0
5/21/2016,,57,37,0.19,0,0
5/22/2016,,44,30,0,0,0
5/23/2016,,45,31,0,0,0
5/24/2016,,47,28,0.23,0,0
5/25/2016,,54,32,0.56,0,0
5/26/2016,,51,29,0.02,0,0
5/27/2016,,57,31,0.03,0,0
5/28/2016,,55,30,0.08,0,0
5/29/2016,,53,26,0.01,0,0
5/30/2016,,62,38,0.05,0,0
5/31/2016,,61,25,0,0,0
6/1/2016,,61,25,0,0,0
6/2/2016,,66,39,0,0,0
6/3/2016,,67,40,0,0,0
6/4/2016,,70,33,0,0,0
6/5/2016,,75,37,0,0,0
6/6/2016,,79,39,0,0,0
6/7/2016,,82,38,0,0,0
6/8/2016,,81,38,0,0,0
6/9/2016,,78,45,0,0,0
6/10/2016,,74,34,0,0,0
6/11/2016,,78,51,0,0,0
6/12/2016,,65,35,0.05,0,0
6/13/2016,,60,36,0,0,0
6/14/2016,,64,35,0.11,0,0
6/15/2016,,62,39,0.47,0,0
6/16/2016,,69,40,0.04,0,0
6/17/2016,,66,30,0,0,0
6/18/2016,,71,36,0,0,0
6/19/2016,,74,41,0,0,0
6/20/2016,,74,32,0,0,0
6/21/2016,,80,42,0,0,0
6/22/2016,,74,31,0,0,0
6/23/2016,,76,35,0,0,0
6/24/2016,,78,39,0,0,0
6/25/2016,,78,28,0,0,0
6/26/2016,,65,28,0,0,0
6/27/2016,,73,30,0,0,0
6/28/2016,,82,35,0,0,0
6/29/2016,,86,37,0,0,0
6/30/2016,,84,40,0,0,0
7/1/2016,,79,41,0.35,0,0
7/2/2016,,72,41,0.23,0,0
7/3/2016,,77,41,0,0,0
7/4/2016,,65,41,0.11,0,0
7/5/2016,,70,39,0.08,0,0
7/6/2016,,70,39,0,0,0
7/7/2016,,66,32,0,0,0
7/8/2016,,68,34,0,0,0
7/9/2016,,78,44,0,0,0
7/10/2016,,77,47,0.11,0,0
7/11/2016,,77,36,0.66,0,0
7/12/2016,,52,30,0.02,0,0
7/13/2016,,64,30,0.01,0,0
7/14/2016,,65,30,0,0,0
7/15/2016,,73,32,0,0,0
7/16/2016,,76,32,0,0,0
7/17/2016,,70,28,0,0,0
7/18/2016,,77,28,0,0,0
7/19/2016,,82,41,0,0,0
7/20/2016,,81,42,0.01,0,0
7/21/2016,,81,36,0,0,0
7/22/2016,,85,36,0,0,0
7/23/2016,,85,36,0,0,0
7/24/2016,,85,31,0,0,0
7/25/2016,,85,31,0,0,0
7/26/2016,,82,35,0,0,0
7/27/2016,,84,36,0.01,0,0
7/28/2016,,84,36,0,0,0
7/29/2016,,83,37,0,0,0
7/30/2016,,85,37,0,0,0
7/31/2016,,83,52,0.05,0,0
8/1/2016,,81,40,0,0,0
8/2/2016,,81,34,0,0,0
8/3/2016,,83,34,0,0,0
8/4/2016,,74,29,0,0,0
8/5/2016,,79,29,0,0,0
8/6/2016,,81,50,0,0,0
8/7/2016,,80,39,0.05,0,0
8/8/2016,,70,34,0.54,0,0
8/9/2016,,75,34,0,0,0
8/10/2016,,75,34,0,0,0
8/11/2016,,75,34,0,0,0
8/12/2016,,70,32,0,0,0
8/13/2016,,74,34,0,0,0
8/14/2016,,76,38,0,0,0
8/15/2016,,78,34,0,0,0
8/16/2016,,85,35,0,0,0
8/17/2016,,84,37,0,0,0
8/18/2016,,84,49,0,0,0
8/19/2016,,80,43,0.08,0,0
8/20/2016,,67,25,0,0,0
8/21/2016,,75,31,0,0,0
8/22/2016,,77,46,0,0,0
8/23/2016,,75,32,0,0,0
8/24/2016,,69,26,0,0,0
8/25/2016,,67,25,0,0,0
8/26/2016,,69,41,0.02,0,0
8/27/2016,,66,31,0.08,0,0
8/28/2016,,69,31,0,0,0
8/29/2016,,75,31,0,0,0
8/30/2016,,82,34,0,0,0
8/31/2016,,83,38,0,0,0
9/1/2016,,83,38,0,0,0
9/2/2016,,83,38,0,0,0
9/3/2016,,72,41,0.01,0,0
9/4/2016,,65,38,0,0,0
9/5/2016,,60,37,0.08,0,0
9/6/2016,,50,22,0.09,0,0
9/7/2016,,61,23,0,0,0
9/8/2016,,61,23,0,0,0
9/9/2016,,62,28,0.05,0,0
9/10/2016,,61,24,0,0,0
9/11/2016,,67,24,0,0,0
9/12/2016,,71,34,0.14,0,0
9/13/2016,,34,32,0.97,3.5,3
9/14/2016,,44,32,0.09,0,0
9/15/2016,,54,32,0.1,0,0
9/16/2016,,54,28,0.12,0,0
9/17/2016,,61,31,0,0,0
9/18/2016,,62,31,0.01,0,0
9/19/2016,,63,35,0.05,0,0
9/20/2016,,67,37,0,0,0
9/21/2016,,69,33,0,0,0
9/22/2016,,67,41,0.32,0,0
9/23/2016,,67,41,0.79,0,0
9/24/2016,,56,40,0.12,0,0
9/25/2016,,53,26,0.01,0,0
9/26/2016,,58,28,0,0,0
9/27/2016,,68,27,0,0,0
9/28/2016,,71,28,0,0,0
9/29/2016,,73,33,0,0,0
9/30/2016,,73,33,0.01,0,0
10/1/2016,,66,29,0,0,0
10/2/2016,,58,31,0.46,2,2
10/3/2016,,57,32,1.05,3,5
10/4/2016,,42,31,0.13,0,2
10/5/2016,,44,27,0.27,0,1
10/6/2016,,42,26,0.07,0,0
10/7/2016,,42,28,0.18,0,0
10/8/2016,,46,30,0.01,0,0
10/9/2016,,56,29,0,0,0
10/10/2016,,59,28,0,0,0
10/11/2016,,54,39,0.11,0,0
10/12/2016,,46,14,0.03,0,0
10/13/2016,,49,21,0,0,0
10/14/2016,,55,42,0,0,0
10/15/2016,,52,35,1.49,0,0
10/16/2016,,52,35,0.98,0,0
10/17/2016,,42,31,0.11,0,0
10/18/2016,,41,27,0.1,1,1
10/19/2016,,36,22,0.25,2,3
10/20/2016,,37,20,0,0,2
10/21/2016,,40,28,0,0,1
10/22/2016,,53,24,0,0,0
10/23/2016,,51,26,0,0,0
10/24/2016,,58,24,0,0,0
10/25/2016,,43,35,0.68,0,0
10/26/2016,,51,32,0,0,0
10/27/2016,,53,28,0,0,0
10/28/2016,,59,28,0.01,0,0
10/29/2016,,45,36,1.16,0,0
10/30/2016,,46,33,0.04,0,0
10/31/2016,,47,31,1.05,0,0
11/1/2016,,37,26,0,0,0
11/2/2016,,39,28,0.06,0,0
11/3/2016,,41,21,0,0,0
11/4/2016,,58,20,0,0,0
11/5/2016,,58,19,0,0,0
11/6/2016,,56,21,0,0,0
11/7/2016,,56,21,0,0,0
11/8/2016,,51,22,0,0,0
11/9/2016,,60,22,0,0,0
11/10/2016,,59,22,0,0,0
11/11/2016,,59,23,0,0,0
11/12/2016,,60,23,0,0,0
11/13/2016,,52,28,0,0,0
11/14/2016,,48,36,0,0,0
11/15/2016,,48,33,0.13,0,0
11/16/2016,,47,29,0.19,3,2
11/17/2016,,32,19,0.43,7,8
11/18/2016,,25,-11,0,0,6
11/19/2016,,27,0,0,0,4
11/20/2016,,45,24,0,0,2
11/21/2016,,36,10,0,0,1
11/22/2016,,36,10,0,0,1
11/23/2016,,32,20,0,0,1
11/24/2016,,32,4,0.13,1.8,3
11/25/2016,,30,6,0,0,3
11/26/2016,,39,9,0,0,2
11/27/2016,,40,13,0.22,3,5
11/28/2016,,32,12,0.08,2,6
11/29/2016,,28,1,0,0,5
11/30/2016,,24,3,0,0,5
12/1/2016,,24,14,0.05,0.5,5
12/2/2016,,27,8,0,0,5
12/3/2016,,27,8,0.02,1,6
12/4/2016,,22,16,0.28,5,10
12/5/2016,,26,-5,0.27,7,16
12/6/2016,,13,-19,0,0,15
12/7/2016,,11,-26,0,0,14
12/8/2016,,10,-32,0,0,14
12/9/2016,,25,-28,0.09,2.5,14
12/10/2016,,27,23,0.32,5,17
12/11/2016,,29,-6,0.12,3,16
12/12/2016,,20,10,0.04,2,16
12/13/2016,,18,0,0.04,0.5,16
12/14/2016,,15,-7,0.01,0.5,15
12/15/2016,,27,-6,0.62,8.5,22
12/16/2016,,31,13,1.27,19.5,39
12/17/2016,,13,-42,0.11,2,35
12/18/2016,,2,-12,0,0,32
12/19/2016,,7,-10,0,0,30
12/20/2016,,23,7,0.03,1,29
12/21/2016,,27,-7,0.13,5,28
12/22/2016,,23,-29,0,0,27
12/23/2016,,25,-21,0,0,27
12/24/2016,,25,0,0.06,3,27
12/25/2016,,28,14,0,0,25
12/26/2016,,28,3,0.36,6,29
12/27/2016,,11,0,0.03,1.5,29
12/28/2016,,19,1,0.2,2,29
12/29/2016,,20,-8,0,0,28
12/30/2016,,25,-6,0,0,27
12/31/2016,,28,-12,0.03,1,26
1/1/2017,,21,-9,0,0,25
1/2/2017,,18,-7,0.06,1,26
1/3/2017,,9,-4,0.11,3,27
1/4/2017,,12,-5,0.07,1,27
1/5/2017,,5,-32,0,0,26
1/6/2017,,12,-23,0,0,26
1/7/2017,,12,-30,0,0,26
1/8/2017,,26,-17,0.06,2.5,26
1/9/2017,,30,26,0.68,8,33
1/10/2017,,32,16,0.55,5,35
1/11/2017,,29,19,0.87,14,46
1/12/2017,,28,8,0.24,6,46
1/13/2017,,20,-22,0,0,46
1/14/2017,,22,-22,0,0,44
1/15/2017,,25,-20,0,0,42
1/16/2017,,24,-20,0,0,40
1/17/2017,,29,-20,0,0,39
1/18/2017,,35,-13,0,0,38
1/19/2017,,40,-13,0,0,39
1/20/2017,,28,12,0.04,1,37
1/21/2017,,28,-7,0,0,37
1/22/2017,,23,7,0.05,2,38
1/23/2017,,26,3,0.06,2.5,38
1/24/2017,,27,3,0.09,1,37
1/25/2017,,20,-3,0,0,36
1/26/2017,,11,0,0,0,36
1/27/2017,,12,-18,0,0,36
1/28/2017,,20,-12,0,0,35
1/29/2017,,25,-12,0,0,35
1/30/2017,,32,-1,0,0,34
1/31/2017,,32,-1,0,0,34
2/1/2017,,16,6,0.24,7,35
2/2/2017,,14,-2,0.26,6,36
2/3/2017,,20,-25,,,
2/4/2017,,31,20,,8,42
2/5/2017,,27,24,0.46,2,42
2/6/2017,,31,25,0.52,6,48
2/7/2017,,31,17,0.54,3,49
2/8/2017,,26,15,0.12,2,49
2/9/2017,,37,21,,,
2/10/2017,,41,32,,3,45
2/11/2017,,41,14,0,0,45
2/12/2017,,28,-14,0,0,45
2/13/2017,,46,-10,0,0,45
2/14/2017,,51,-7,0,0,43
2/15/2017,,49,0,,,
2/16/2017,,44,9,,,
2/17/2017,,45,-7,,0,41
2/18/2017,,47,22,0.23,5,45
2/19/2017,,38,27,0.44,7,49
2/20/2017,,35,21,0.09,1,50
2/21/2017,,36,21,1,9,55
2/22/2017,,35,15,0.15,1,54
2/23/2017,,35,-4,0,0,54
2/24/2017,,,-1,0.04,1,54
2/25/2017,,,,,,
2/26/2017,,12,-6,,3,53
2/27/2017,,13,2,0.25,3,55
2/28/2017,,18,-7,0.05,1,54
3/1/2017,,16,15,0,0,53
3/2/2017,,18,-7,0.03,0,52
3/3/2017,,38,7,0,0,52
3/4/2017,,41,18,0,0,50
3/5/2017,,43,21,0.05,2,52
3/6/2017,,32,5,0.21,3,54
3/7/2017,,16,-3,0.11,4,54
3/8/2017,,27,9,0.35,6,58
3/9/2017,,41,26,0.51,2,53
3/10/2017,,46,30,0,0,52
3/11/2017,,44,11,0,0,51
3/12/2017,,47,18,0.05,1,51
3/13/2017,,43,10,0,0,49
3/14/2017,,47,29,0,0,48
3/15/2017,,45,27,0,0,45
3/16/2017,,52,26,0,0,43
3/17/2017,,47,23,0.33,0,38
3/18/2017,,56,17,0.2,0,38
3/19/2017,,55,33,,,
3/20/2017,,43,32,,,
3/21/2017,,43,26,,,
3/22/2017,,53,31,,,
3/23/2017,,48,26,,,
3/24/2017,,42,17,,,
3/25/2017,,47,30,,,
3/26/2017,,38,26,,,
3/27/2017,,43,26,,,
3/28/2017,,39,17,,,
3/29/2017,,42,27,,,
3/30/2017,,38,30,,,
3/31/2017,,42,31,0.08,0,23
4/1/2017,,45,12,0,0,23
4/2/2017,,47,3,0.05,3,22
4/3/2017,,32,8,0.04,1,23
4/4/2017,,,,0,0,23
4/5/2017,,40,7,0,0,22
4/6/2017,,,,,,
4/7/2017,,,,,,
4/8/2017,,,,,,
4/9/2017,,,,,,
4/10/2017,,55,11,,0,19
4/11/2017,,38,17,0.12,1,19
4/12/2017,,50,20,0,0,16
4/13/2017,,54,19,0,0,14
4/14/2017,,,,,,
4/15/2017,,,,,,
4/16/2017,,,,,,
4/17/2017,,,,,,
4/18/2017,,,,,,
4/19/2017,,,,,,
4/20/2017,,47,19,,0,10
4/21/2017,,43,16,0,0,10
4/22/2017,,49,4,0,0,9
4/23/2017,,52,8,0,0,7
4/24/2017,,55,17,0.1,0,7
4/25/2017,,43,10,0,0,6
4/26/2017,,40,11,0,0,4
4/27/2017,,48,16,1.55,12,13
4/28/2017,,37,24,0.18,3,10
4/29/2017,,45,8,0,0,8
4/30/2017,,44,25,0,0,4
5/1/2017,,45,21,0.02,0,2
5/2/2017,,42,25,0,0,0
5/3/2017,,51,27,0,0,0
5/4/2017,,56,27,0,0,0
5/5/2017,,68,28,0,0,0
5/6/2017,,,,0,0,0
5/7/2017,,,,0,0,0
5/8/2017,,70,32,0,0,0
5/9/2017,,70,30,0,0,0
5/10/2017,,55,24,0,0,0
5/11/2017,,63,29,0,0,0
5/12/2017,,67,30,0,0,0
5/13/2017,,68,28,0,0,0
5/14/2017,,68,27,0,0,0
5/15/2017,,49,29,0,0,0
5/16/2017,,54,24,0,0,0
5/17/2017,,50,25,0.2,0,0
5/18/2017,,30,25,0.35,4,4
5/19/2017,,40,21,0,0,0
5/20/2017,,53,28,0,0,0
5/21/2017,,53,28,0,0,0
5/22/2017,,,,0,0,0
5/23/2017,,62,26,0,0,0
5/24/2017,,66,26,0,0,0
5/25/2017,,66,24,0,0,0
5/26/2017,,46,32,0,0,0
5/27/2017,,46,28,0.23,0,0
5/28/2017,,57,28,0,0,0
5/29/2017,,63,29,0.1,0,0
5/30/2017,,67,29,0,0,0
5/31/2017,,68,30,0.02,0,0
6/1/2017,,73,31,0,0,0
6/2/2017,,69,39,0.05,0,0
6/3/2017,,62,31,0,0,0
6/4/2017,,70,34,0,0,0
6/5/2017,,77,34,0.06,0,0
6/6/2017,,77,29,0,0,0
6/7/2017,,73,37,0.02,0,0
6/8/2017,,78,38,0,0,0
6/9/2017,,77,37,0,0,0
6/10/2017,,77,36,0.28,0,0
6/11/2017,,,,0,0,0
6/12/2017,,77,28,0.22,0,0
6/13/2017,,65,33,0.31,0,0
6/14/2017,,42,33,0.08,0,0
6/15/2017,,55,37,0,0,0
6/16/2017,,62,37,0.02,0,0
6/17/2017,,62,37,0.38,0,0
6/18/2017,,61,39,0,0,0
6/19/2017,,65,32,0,0,0
6/20/2017,,72,32,0,0,0
6/21/2017,,77,32,0.03,0,0
6/22/2017,,76,32,0,0,0
6/23/2017,,68,28,0,0,0
6/24/2017,,68,28,0,0,0
6/25/2017,,72,31,0,0,0
6/26/2017,,77,34,0,0,0
6/27/2017,,79,52,0,0,0
6/28/2017,,63,39,0.38,0,0
6/29/2017,,63,34,0.3,0,0
6/30/2017,,57,28,0.12,0,0
7/1/2017,,68,33,0,0,0
7/2/2017,,75,34,0,0,0
7/3/2017,,75,34,0.01,0,0
7/4/2017,,79,39,0,0,0
7/5/2017,,80,39,0,0,0
7/6/2017,,87,39,0.04,0,0
7/7/2017,,,28,0,0,0
7/8/2017,,86,38,0.03,0,0
7/9/2017,,85,43,0,0,0
7/10/2017,,85,43,0.01,0,0
7/11/2017,,80,42,0,0,0
7/12/2017,,77,39,0,0,0
7/13/2017,,79,38,0,0,0
7/14/2017,,84,38,0,0,0
7/15/2017,,87,45,0,0,0
7/16/2017,,85,47,0.3,0,0
7/17/2017,,80,42,0,0,0
7/18/2017,,80,38,0,0,0
7/19/2017,,80,45,0.5,0,0
7/20/2017,,81,46,0,0,0
7/21/2017,,76,40,0.04,0,0
7/22/2017,,77,34,0,0,0
7/23/2017,,82,34,0,0,0
7/24/2017,,81,42,0,0,0
7/25/2017,,84,42,0,0,0
7/26/2017,,69,40,0.05,0,0
7/27/2017,,72,40,0.5,0,0
7/28/2017,,74,36,0.05,0,0
7/29/2017,,76,36,0,0,0
7/30/2017,,76,35,0.02,0,0
7/31/2017,,79,35,0,0,0
8/1/2017,,84,38,0,0,0
8/2/2017,,82,36,0,0,0
8/3/2017,,82,35,0,0,0
8/4/2017,,80,36,0,0,0
8/5/2017,,82,40,0,0,0
8/6/2017,,79,36,0,0,0
8/7/2017,,76,29,0,0,0
8/8/2017,,78,42,0.01,0,0
8/9/2017,,71,35,0,0,0
8/10/2017,,68,30,0.19,0,0
8/11/2017,,75,30,0,0,0
8/12/2017,,74,33,0,0,0
8/13/2017,,76,41,0,0,0
8/14/2017,,76,42,0.05,0,0
8/15/2017,,76,38,0.02,0,0
8/16/2017,,76,30,0,0,0
8/17/2017,,76,30,0,0,0
8/18/2017,,74,42,0,0,0
8/19/2017,,76,34,0,0,0
8/20/2017,,74,32,0,0,0
8/21/2017,,75,34,0,0,0
8/22/2017,,77,31,0,0,0
8/23/2017,,79,35,0,0,0
8/24/2017,,74,42,0,0,0
8/25/2017,,73,37,0.2,0,0
8/26/2017,,72,33,0,0,0
8/27/2017,,78,33,0,0,0
8/28/2017,,79,34,0,0,0
8/29/2017,,82,33,0,0,0
8/30/2017,,83,41,0.03,0,0
8/31/2017,,82,38,0,0,0
9/1/2017,,84,41,0,0,0
9/2/2017,,83,33,0,0,0
9/3/2017,,84,33,0,0,0
9/4/2017,,87,33,0,0,0
9/5/2017,,82,28,0,0,0
9/6/2017,,87,27,0,0,0
9/7/2017,,87,28,0,0,0
9/8/2017,,80,33,0,0,0
9/9/2017,,80,33,0,0,0
9/10/2017,,80,32,0,0,0
9/11/2017,,75,36,0,0,0
9/12/2017,,79,34,0,0,0
9/13/2017,,79,46,0,0,0
9/14/2017,,71,39,0.75,0,0
9/15/2017,,71,36,1.02,0,0
9/16/2017,,39,31,0.47,0,0
9/17/2017,,39,23,0,0,0
9/18/2017,,55,28,0,0,0
9/19/2017,,57,30,1.3,0.5,1
9/20/2017,,37,29,0.47,1,1
9/21/2017,,43,31,0.71,0.5,1
9/22/2017,,43,31,0.75,2,2
9/23/2017,,42,25,0.03,0,0
9/24/2017,,47,25,0,0,0
9/25/2017,,46,24,0,0,0
9/26/2017,,45,29,0,0,0
9/27/2017,,54,23,0,0,0
9/28/2017,,58,23,0,0,0
9/29/2017,,61,23,0,0,0
9/30/2017,,60,23,0,0,0
10/1/2017,,48,28,0.31,0,0
10/2/2017,,48,25,0.17,0.5,1
10/3/2017,,47,26,0,0,0
10/4/2017,,53,25,0.15,0,0
10/5/2017,,48,20,0,0,0
10/6/2017,,47,25,0,0,0
10/7/2017,,,,0,0,0
10/8/2017,,,,0,0,0
10/9/2017,,52,13,0,0,0
10/10/2017,,43,18,0,0,0
10/11/2017,,50,19,0,0,0
10/12/2017,,52,26,0,0,0
10/13/2017,,47,24,0,0,0
10/14/2017,,37,20,0.38,6,6
10/15/2017,,37,12,0,0,3
10/16/2017,,48,18,0,0,0
10/17/2017,,53,21,0,0,0
10/18/2017,,52,26,0,0,0
10/19/2017,,60,27,0,0,0
10/20/2017,,60,26,0,0,0
10/21/2017,,33,19,0.19,1,1
10/22/2017,,33,23,0.16,1,1
10/23/2017,,40,24,0.26,0,0
10/24/2017,,46,19,0,0,0
10/25/2017,,57,19,0,0,0
10/26/2017,,53,27,0,0,0
10/27/2017,,,,0,0,0
10/28/2017,,,,0,0,0
10/29/2017,,58,17,0,0,0
10/30/2017,,54,15,0,0,0
10/31/2017,,42,10,0,0,0
11/1/2017,,33,30,0,0,0
11/2/2017,,34,17,0.16,2.5,2
11/3/2017,,35,18,0.28,2,2
11/4/2017,,35,25,1.25,10,9
11/5/2017,,28,18,0.13,2,8
11/6/2017,,27,22,0.38,7,12
11/7/2017,,28,-18,0,0,11
11/8/2017,,31,-2,0,0,10
11/9/2017,,29,16,0,0,8
11/10/2017,,41,16,0.09,1,6
11/11/2017,,38,24,0.23,3,9
11/12/2017,,36,-3,0,0,9
11/13/2017,,41,12,0,0,8
11/14/2017,,45,27,0.25,2,9
11/15/2017,,36,0,0.02,0.5,8
11/16/2017,,37,18,0.67,3,10
11/17/2017,,36,23,0.81,4,13
11/18/2017,,28,1,0.02,0.5,13
11/19/2017,,26,3,0.01,0,12
11/20/2017,,32,19,0,0,12
11/21/2017,,41,14,0,0,11
11/22/2017,,41,34,0.26,0,11
11/23/2017,,45,38,0,0,9
11/24/2017,,49,34,0.04,0,6
11/25/2017,,44,27,0,0,6
11/26/2017,,52,24,0,0,6
11/27/2017,,55,32,0.59,1,7
11/28/2017,,33,3,0.15,4,9
11/29/2017,,32,7,0.13,3,11
11/30/2017,,29,-7,0,0,7
12/1/2017,,26,15,0.02,0.5,6
12/2/2017,,30,23,0,0,5
12/3/2017,,33,28,0.08,1.5,7
12/4/2017,,34,4,0.37,6,13
12/5/2017,,,,0,0,12
12/6/2017,,25,0,0,0,11
12/7/2017,,15,-2,0,0,11
12/8/2017,,32,-9,0,0,10
12/9/2017,,35,-14,0,0,9
12/10/2017,,,,0,0,9
12/11/2017,,30,-9,0,0,9
12/12/2017,,38,-4,0,0,9
12/13/2017,,42,6,0,0,9
12/14/2017,,42,-5,0.12,1.5,11
12/15/2017,,34,1,0,0,11
12/16/2017,,,,,,
12/17/2017,,,,,,
12/18/2017,,29,-10,,3,12
12/19/2017,,30,20,0.02,1,12
12/20/2017,,30,25,0.44,11,20
12/21/2017,,25,-14,0.11,2,20
12/22/2017,,21,4,0.09,1,20
12/23/2017,,16,13,0.21,4,22
12/24/2017,,16,-18,0,0,20
12/25/2017,,,,,,
12/26/2017,,19,5,,2,20
12/27/2017,,20,13,0.1,2,21
12/28/2017,,23,18,0,0,19
12/29/2017,,28,23,0.23,6,22
12/30/2017,,31,26,0.06,2,21
12/31/2017,,27,-10,0,0,20
1/1/2018,,25,-1,0,0,20
1/2/2018,,28,-25,0,0,19
1/3/2018,,28,-11,0,0,19
1/4/2018,,39,-5,0,0,18
1/5/2018,,41,10,0,0,18
1/6/2018,,40,13,0,0,18
1/7/2018,,41,14,0,0,18
1/8/2018,,26,11,0,0,18
1/9/2018,,38,19,0.08,1,19
1/10/2018,,34,27,0.48,7.5,26
1/11/2018,,27,0,0.13,2,28
1/12/2018,,29,15,0.39,8,32
1/13/2018,,32,24,0,0,31
1/14/2018,,31,5,0,0,30
1/15/2018,,34,14,0,0,29
1/16/2018,,,,0,0,28
1/17/2018,,,,0,0,27
1/18/2018,,37,-18,0,0,26
1/19/2018,,40,27,0.46,8,31
1/20/2018,,28,7,0.3,5,33
1/21/2018,,29,-19,0,0,32
1/22/2018,,29,1,0,0,29
1/23/2018,,22,-1,0,0,29
1/24/2018,,28,13,0,0,29
1/25/2018,,36,7,0.02,0.5,30
1/26/2018,,26,4,0.3,4,31
1/27/2018,,,,0,0,28
1/28/2018,,30,15,0,0,27
1/29/2018,,31,28,0.28,5,31
1/30/2018,,37,29,0,0,29
1/31/2018,,35,14,0,0,29
2/1/2018,,25,-10,0.1,2,30
2/2/2018,,26,19,0.13,3,32
2/3/2018,,34,24,0.08,0.5,30
2/4/2018,,34,28,0.03,0.5,29
2/5/2018,,35,27,0.28,1,29
2/6/2018,,36,13,0,0,28
2/7/2018,,31,22,0.02,0.5,28
2/8/2018,,32,26,0.02,1,27
2/9/2018,,34,24,0,0,27
2/10/2018,,33,-10,0.02,0,27
2/11/2018,,,,0,0,27
2/12/2018,,25,0,0,0,27
2/13/2018,,25,-11,0.01,0.5,27
2/14/2018,,27,14,0,0,27
2/15/2018,,27,15,0.3,3,30
2/16/2018,,26,-9,0.04,1,29
2/17/2018,,18,14,0.28,6,32
2/18/2018,,30,17,0.9,14,40
2/19/2018,,18,-4,0.59,8.5,46
2/20/2018,,10,-32,0,0,42
2/21/2018,,10,-12,0,0,41
2/22/2018,,13,-11,0.07,1,38
2/23/2018,,19,-13,0,0,37
2/24/2018,,23,0,0.02,0.5,36
2/25/2018,,16,5,0.06,1.5,36
2/26/2018,,16,5,0.33,6.5,37
2/27/2018,,24,0,0.25,6.5,41
2/28/2018,,23,-2,0,0,40
3/1/2018,,22,-14,0.01,0,40
3/2/2018,,27,20,0.25,9,44
3/3/2018,,30,16,0.37,6,47
3/4/2018,,29,18,0.21,3,47
3/5/2018,,29,-3,0.05,0.5,45
3/6/2018,,23,3,0.02,1,44
3/7/2018,,31,-18,0,0,42
3/8/2018,,36,4,0,0,41
3/9/2018,,31,23,0.03,0.5,39
3/10/2018,,31,-7,0.04,1,39
3/11/2018,,39,-15,0,0,38
3/12/2018,,45,23,0,0,37
3/13/2018,,46,0,0,0,35
3/14/2018,,49,14,0,0,34
3/15/2018,,48,26,0.25,1,33
3/16/2018,,36,19,0,0,33
3/17/2018,,36,8,0.1,1.5,34
3/18/2018,,32,6,0,0,33
3/19/2018,,30,17,0,0,33
3/20/2018,,33,9,0,0,32
3/21/2018,,34,20,0,0,32
3/22/2018,,40,30,0,0,32
3/23/2018,,42,29,1.02,2,32
3/24/2018,,38,27,0,0,32
3/25/2018,,,,0,0,32
3/26/2018,,35,2,0,0,32
3/27/2018,,33,2,0,0,32
3/28/2018,,36,21,0.23,2,31
3/29/2018,,40,2,0,0,31
3/30/2018,,40,27,0,0,31
3/31/2018,,,,0,0,31
4/1/2018,,43,23,0,0,29
4/2/2018,,38,30,0,0,29
4/3/2018,,34,-4,0.72,7,36
4/4/2018,,31,17,0,0,32
4/5/2018,,41,31,0.24,1,30
4/6/2018,,46,30,0.36,0,28
4/7/2018,,46,32,0,0,27
4/8/2018,,,,,,
4/9/2018,,,,,,
4/10/2018,,,,,,
4/11/2018,,,,,,
4/12/2018,,,,1.1,2,20
4/13/2018,,,,0.12,2,24
4/14/2018,,,,,,
4/15/2018,,,,,,
4/16/2018,,,,,,
4/17/2018,,,,,,
4/18/2018,,,,,,
4/19/2018,,,,,,
4/20/2018,,,,,,
4/21/2018,,,,,,
4/22/2018,,,,,,
4/23/2018,,,,,,
4/24/2018,,,,,,
4/25/2018,,,,,,
4/26/2018,,,,,,
4/27/2018,,,,,,
4/28/2018,,,,,,
4/29/2018,,,,,,
4/30/2018,,,,,,
5/1/2018,,,,,,
5/2/2018,,,,,,
5/3/2018,,,,,,
5/4/2018,,,,,,
5/5/2018,,,,,,
5/6/2018,,,,,,
5/7/2018,,,,,,
5/8/2018,,,,,,
5/9/2018,,,,,,
5/10/2018,,,,0,0,0
5/11/2018,,,,0.1,0,0
5/12/2018,,,,0.3,0,0
5/13/2018,,,,0.08,0,0
5/14/2018,,,,0,0,0
5/15/2018,,,,0,0,0
5/16/2018,,,,0,0,0
5/17/2018,,,,0.17,0,0
5/18/2018,,,,0.03,0,0
5/19/2018,,,,0,0,0
5/20/2018,,,,0.02,0,0
5/21/2018,,,,0.17,0,0
5/22/2018,,,,0,0,0
5/23/2018,,60,38,0.38,0,0
5/24/2018,,49,37,0.32,0,0
5/25/2018,,60,33,0.07,0,0
5/26/2018,,,,,0,0
5/27/2018,,,,,0,0
5/28/2018,,72,37,,0,0
5/29/2018,,72,37,0.05,0,0
5/30/2018,,,,,0,0
5/31/2018,,66,33,,0,0
6/1/2018,,61,38,0.35,0,0
6/2/2018,,,,,,
6/3/2018,,,,,,
6/4/2018,,72,29,,0,0
6/5/2018,,72,46,0,0,0
6/6/2018,,69,30,0,0,0
6/7/2018,,77,37,0,0,0
6/8/2018,,74,36,0,0,0
6/9/2018,,77,36,0,0,0
6/10/2018,,77,28,0,0,0
6/11/2018,,52,27,0,0,0
6/12/2018,,53,22,0,0,0
6/13/2018,,,,,,
6/14/2018,,73,22,,0,0
6/15/2018,,67,27,0,0,0
6/16/2018,,52,39,1.17,0,0
6/17/2018,,,,,,
6/18/2018,,59,41,,0,0
6/19/2018,,53,36,0.13,0,0
6/20/2018,,,,,,
6/21/2018,,62,35,,0,0
6/22/2018,,70,41,0.1,0,0
6/23/2018,,66,23,0.17,0,0
6/24/2018,,64,36,0.05,0,0
6/25/2018,,69,36,0,0,0
6/26/2018,,72,41,0,0,0
6/27/2018,,,,,,
6/28/2018,,74,40,,0,0
6/29/2018,,75,40,0.15,0,0
6/30/2018,,,,,,
7/1/2018,,75,36,0.43,0,0
7/2/2018,,65,44,0,0,0
7/3/2018,,67,34,0,0,0
7/4/2018,,67,27,0,0,0
7/5/2018,,75,36,0,0,0
7/6/2018,,83,36,0,0,0
7/7/2018,,82,40,0,0,0
7/8/2018,,83,36,0,0,0
7/9/2018,,83,49,0,0,0
7/10/2018,,86,48,0,0,0
7/11/2018,,80,40,0,0,0
7/12/2018,,78,37,0,0,0
7/13/2018,,78,37,0,0,0
7/14/2018,,81,37,0,0,0
7/15/2018,,80,39,0,0,0
7/16/2018,,83,49,0,0,0
7/17/2018,,81,42,0.07,0,0
7/18/2018,,75,35,0.06,0,0
7/19/2018,,79,38,0,0,0
7/20/2018,,79,37,0,0,0
7/21/2018,,81,43,0,0,0
7/22/2018,,82,44,0,0,0
7/23/2018,,80,39,0,0,0
7/24/2018,,80,37,0,0,0
7/25/2018,,81,43,0,0,0
7/26/2018,,79,37,0.01,0,0
7/27/2018,,80,38,0,0,0
7/28/2018,,77,37,0,0,0
7/29/2018,,74,36,0,0,0
7/30/2018,,75,31,0.01,0,0
7/31/2018,,80,31,0,0,0
8/1/2018,,84,50,0,0,0
8/2/2018,,83,41,0.01,0,0
8/3/2018,,80,46,0.06,0,0
8/4/2018,,74,33,0,0,0
8/5/2018,,72,37,0,0,0
8/6/2018,,72,31,0.14,0,0
8/7/2018,,75,33,0,0,0
8/8/2018,,77,31,0,0,0
8/9/2018,,82,34,0,0,0
8/10/2018,,88,36,0,0,0
8/11/2018,,90,41,0,0,0
8/12/2018,,83,40,0,0,0
8/13/2018,,88,40,0,0,0
8/14/2018,,80,37,0,0,0
8/15/2018,,77,30,0,0,0
8/16/2018,,82,30,0,0,0
8/17/2018,,82,44,0,0,0
8/18/2018,,81,44,0,0,0
8/19/2018,,82,32,0.07,0,0
8/20/2018,,72,34,0,0,0
8/21/2018,,72,32,0,0,0
8/22/2018,,71,30,0,0,0
8/23/2018,,69,40,0.33,0,0
8/24/2018,,69,35,0,0,0
8/25/2018,,72,34,0,0,0
8/26/2018,,73,35,0.03,0,0
8/27/2018,,73,35,0.48,0,0
8/28/2018,,57,32,0.27,0,0
8/29/2018,,58,28,0,0,0
8/30/2018,,71,33,0,0,0
8/31/2018,,74,32,0,0,0
9/1/2018,,66,31,0,0,0
9/2/2018,,69,28,0,0,0
9/3/2018,,69,28,0,0,0
9/4/2018,,73,28,0,0,0
9/5/2018,,74,28,0,0,0
9/6/2018,,77,32,0,0,0
9/7/2018,,78,34,0,0,0
9/8/2018,,77,41,0.08,0,0
9/9/2018,,74,31,0,0,0
9/10/2018,,77,29,0,0,0
9/11/2018,,72,33,0,0,0
9/12/2018,,69,36,0,0,0
9/13/2018,,62,42,0,0,0
9/14/2018,,59,38,0,0,0
9/15/2018,,75,29,0,0,0
9/16/2018,,71,31,0.06,0,0
9/17/2018,,75,23,0,0,0
9/18/2018,,75,23,0,0,0
9/19/2018,,72,22,0,0,0
9/20/2018,,70,29,0.03,0,0
9/21/2018,,68,21,0,0,0
9/22/2018,,69,25,0,0,0
9/23/2018,,68,43,0,0,0
9/24/2018,,60,27,0,0,0
9/25/2018,,50,12,0,0,0
9/26/2018,,58,18,0,0,0
9/27/2018,,59,31,0,0,0
9/28/2018,,61,30,0,0,0
9/29/2018,,64,36,0,0,0
9/30/2018,,66,34,0.02,0,0
10/1/2018,,60,29,0,0,0
10/2/2018,,60,21,0,0,0
10/3/2018,,62,45,0,0,0
10/4/2018,,47,33,1,0,0
10/5/2018,,39,27,0.3,0.5,0
10/6/2018,,40,29,0.1,0.1,0
10/7/2018,,41,33,0,0,0
10/8/2018,,47,20,0,0,0
10/9/2018,,39,24,0,0,0
10/10/2018,,33,18,0.08,0.5,1
10/11/2018,,31,28,0.25,2,2
10/12/2018,,38,24,0,0,0
10/13/2018,,38,18,0.12,2,2
10/14/2018,,43,7,0,0,1
10/15/2018,,33,5,0,0,1
10/16/2018,,47,14,0,0,0
10/17/2018,,55,17,0,0,0
10/18/2018,,56,20,0,0,0
10/19/2018,,53,21,0,0,0
10/20/2018,,65,20,0,0,0
10/21/2018,,60,21,0,0,0
10/22/2018,,62,19,0,0,0
10/23/2018,,52,22,0,0,0
10/24/2018,,51,36,0.01,0,0
10/25/2018,,51,30,0,0,0
10/26/2018,,46,37,0,0,0
10/27/2018,,57,31,0,0,0
10/28/2018,,44,32,0,0,0
10/29/2018,,44,24,0.13,1,1
10/30/2018,,28,11,0.03,0,0
10/31/2018,,34,26,0.09,1,1
11/1/2018,,40,10,0.03,0,0
11/2/2018,,39,31,0.15,1,0
11/3/2018,,37,26,0,0,0
11/4/2018,,34,26,0.16,2,2
11/5/2018,,34,21,0,0,1
11/6/2018,,36,11,0.04,1,1
11/7/2018,,33,11,0,0,1
11/8/2018,,27,-1,0,0,1
11/9/2018,,28,-3,0,0,1
11/10/2018,,33,-5,0,0,1
11/11/2018,,24,-12,0.05,1,2
11/12/2018,,28,-27,0,0,2
11/13/2018,,38,-10,0,0,2
11/14/2018,,42,-4,0,0,2
11/15/2018,,41,9,0,0,1
11/16/2018,,34,23,0,0,1
11/17/2018,,32,-11,0,0,1
11/18/2018,,28,-16,0,0,1
11/19/2018,,37,4,0,0,1
11/20/2018,,49,-7,0,0,1
11/21/2018,,48,-5,0,0,1
11/22/2018,,33,8,0.41,6,7
11/23/2018,,29,22,0.41,7,12
11/24/2018,,28,-5,0,0,10
11/25/2018,,21,-5,0,0,9
11/26/2018,,30,-15,0,0,8
11/27/2018,,33,9,0.15,4,12
11/28/2018,,36,24,0,0,11
11/29/2018,,48,,0,0,10
11/30/2018,,33,5,0.09,1,9
12/1/2018,,27,-5,0.03,2,10
12/2/2018,,27,-4,0,0,10
12/3/2018,,19,-6,0.03,1,11
12/4/2018,,12,2,0,0,10
12/5/2018,,22,-15,0,0,10
12/6/2018,,25,-10,0,0,10
12/7/2018,,30,-25,0,0,10
12/8/2018,,29,18,0,0,9
12/9/2018,,32,3,0,0,9
12/10/2018,,35,-13,0.04,1,10
12/11/2018,,21,10,0.06,1,11
12/12/2018,,26,14,0.04,1,11
12/13/2018,,17,-5,0,0,11
12/14/2018,,33,-16,0,0,11
12/15/2018,,33,6,0,0,10
12/16/2018,,44,-1,0,0,10
12/17/2018,,44,3,0,0,10
12/18/2018,,34,26,0,0,10
12/19/2018,,30,20,0.15,4,11
12/20/2018,,35,19,0,0,11
12/21/2018,,33,22,0.18,3,13
12/22/2018,,22,8,0.05,1,14
12/23/2018,,21,4,0,0,14
12/24/2018,,25,19,0.04,1,15
12/25/2018,,25,10,0,0,15
12/26/2018,,19,-10,0,0,15
12/27/2018,,17,4,0.12,2,15
12/28/2018,,12,-18,0,0,14
12/29/2018,,11,1,0,0,14
12/30/2018,,20,11,0.19,3,17
12/31/2018,,20,-6,0.12,2,17
1/1/2019,,8,-23,0,0,17
1/2/2019,,19,-11,0,0,17
1/3/2019,,21,-8,0,0,17
1/4/2019,,36,-1,0,0,16
1/5/2019,,38,-1,0,0,16
1/6/2019,,26,22,0.2,5,20
1/7/2019,,22,14,0.52,10.1,29
1/8/2019,,30,-11,0,0,29
1/9/2019,,40,-7,0,0,25
1/10/2019,,37,13,0,0,22
1/11/2019,,36,-10,0,0,20
1/12/2019,,20,-28,0,0,19
1/13/2019,,42,-22,0,0,19
1/14/2019,,36,-18,0,0,18
1/15/2019,,31,-21,0,0,18
1/16/2019,,32,18,0,0,18
1/17/2019,,34,24,0,0,18
1/18/2019,,32,8,0,0,18
1/19/2019,,28,17,0,0,18
1/20/2019,,35,26,0,0,18
1/21/2019,,29,23,0.89,11.2,28
1/22/2019,,23,-22,0,0,27
1/23/2019,,17,8,0,0,26
1/24/2019,,24,-4,0.17,3,28
1/25/2019,,23,-2,0,0,26
1/26/2019,,25,5,0,0,25
1/27/2019,,27,18,0,0,24
1/28/2019,,22,-11,0,0,23
1/29/2019,,31,-25,0,0,22
1/30/2019,,21,-22,0,0,21
1/31/2019,,30,8,0,0,21
2/1/2019,,40,-5,0,0,21
2/2/2019,,35,22,0,0,21
2/3/2019,,32,24,0.75,10,29
2/4/2019,,28,24,0.32,6.5,34
2/5/2019,,30,19,0.26,5.1,36
2/6/2019,,19,-25,0,0,34
2/7/2019,,17,-14,0,0,34
2/8/2019,,23,0,0,0,32
2/9/2019,,18,4,0,0,28
2/10/2019,,10,-2,0,0,28
2/11/2019,,22,8,0.2,4,31
2/12/2019,,21,14,0.8,12.2,39
2/13/2019,,21,20,0.48,8.1,43
2/14/2019,,31,21,0.26,4,44
2/15/2019,,31,14,0.14,2.2,43
2/16/2019,,19,-5,0,0,41
2/17/2019,,17,-10,0,0,40
2/18/2019,,21,-29,0,0,39
2/19/2019,,9,-21,0,0,39
2/20/2019,,15,-3,0,0,38
2/21/2019,,33,-34,0,0,36
2/22/2019,,21,-34,0,0,32
2/23/2019,,15,8,0,0,32
2/24/2019,,17,10,0.26,4.1,36
2/25/2019,,26,16,0.82,13.1,46
2/26/2019,,30,26,1.54,15.9,56
2/27/2019,,32,28,0.34,3.5,56
2/28/2019,,32,25,0.23,3,55
3/1/2019,,25,-14,0,0,55
3/2/2019,,33,-17,0,0,54
3/3/2019,,20,-10,0,0,53
3/4/2019,,18,-28,0,0,53
3/5/2019,,32,-32,0,0,52
3/6/2019,,39,21,0,0,51
3/7/2019,,36,26,0,0,50
3/8/2019,,38,17,0,0,48
3/9/2019,,20,7,0.6,4,50
3/10/2019,,32,-21,0,0,49
3/11/2019,,36,-25,0,0,48
3/12/2019,,35,-16,0,0,47
3/13/2019,,28,0,0,0,46
3/14/2019,,33,-21,0,0,46
3/15/2019,,35,0,0,0,45
3/16/2019,,44,-17,0,0,43
3/17/2019,,46,-7,0,0,41
3/18/2019,,46,-8,0,0,40
3/19/2019,,44,-14,0,0,40
3/20/2019,,53,-7,0,0,39
3/21/2019,,56,2,0,0,38
3/22/2019,,46,20,0,0,38
3/23/2019,,45,29,0,0,35
3/24/2019,,43,22,0,0,34
3/25/2019,,40,23,0,0,33
3/26/2019,,49,13,0,0,33
3/27/2019,,49,19,0,0,32
3/28/2019,,40,20,0,0,32
3/29/2019,,40,18,0,0,31
3/30/2019,,45,0,0,0,30
3/31/2019,,46,3,0,0,29
4/1/2019,,44,8,0.02,0,28
4/2/2019,,40,27,0,0,27
4/3/2019,,45,31,0,0,26
4/4/2019,,47,34,0,0,25
4/5/2019,,46,33,0,0,24
4/6/2019,,41,33,0.69,0,23
4/7/2019,,42,32,0,0,22
4/8/2019,,46,37,0.15,0,19
4/9/2019,,42,30,0.4,0,15
4/10/2019,,35,20,0.4,3,18
4/11/2019,,38,4,0,0,18
4/12/2019,,41,4,0,0,18
4/13/2019,,38,12,0.25,2,20
4/14/2019,,41,30,0,0,20
4/15/2019,,38,29,0.5,0,20
4/16/2019,,41,28,0.4,0,20
4/17/2019,,44,21,0,0,19
4/18/2019,,52,20,0,0,18
4/19/2019,,58,33,0,0,16
4/20/2019,,59,33,0,0,14
4/21/2019,,41,33,0.1,0,10
4/22/2019,,56,30,0,0,9
4/23/2019,,60,30,0,0,8
4/24/2019,,54,32,0,0,6
4/25/2019,,55,14,0,0,5
4/26/2019,,52,30,0,0,4
4/27/2019,,49,20,0.6,0,2
4/28/2019,,39,12,0,0,0
4/29/2019,,39,3,0,0,0
4/30/2019,,36,20,0.36,4,3
5/1/2019,,38,3,0.07,0,4
5/2/2019,,40,23,0,0,3
5/3/2019,,50,10,0,0,1
5/4/2019,,56,26,0,0,0
5/5/2019,,57,30,0,0,0
5/6/2019,,60,32,0,0,0
5/7/2019,,47,34,0.15,0,0
5/8/2019,,46,24,0,0,0
5/9/2019,,44,22,0,0,0
5/10/2019,,55,14,0,0,0
5/11/2019,,63,23,0,0,0
5/12/2019,,66,28,0,0,0
5/13/2019,,68,29,0,0,0
5/14/2019,,66,34,0,0,0
5/15/2019,,57,38,0.5,0,0
5/16/2019,,63,37,0,0,0
5/17/2019,,42,33,0.16,0,0
5/18/2019,,63,33,0,0,0
5/19/2019,,42,30,0.14,0,0
5/20/2019,,47,30,0,0,0
5/21/2019,,46,33,0,0,0
5/22/2019,,50,30,0,0,0
5/23/2019,,50,30,0,0,0
5/24/2019,,46,33,0.15,0,0
5/25/2019,,51,35,0,0,0
5/26/2019,,60,33,0.42,0,0
5/27/2019,,52,31,0.01,0,0
5/28/2019,,58,33,0,0,0
5/29/2019,,62,25,0,0,0
5/30/2019,,63,25,0,0,0
5/31/2019,,65,29,0,0,0
6/1/2019,,66,31,0.3,0,0
6/2/2019,,67,31,0.02,0,0
6/3/2019,,69,32,0,0,0
6/4/2019,,65,38,0.18,0,0
6/5/2019,,68,39,0,0,0
6/6/2019,,70,36,0,0,0
6/7/2019,,70,36,0.46,0,0
6/8/2019,,52,31,0.71,2,1
6/9/2019,,44,23,0.05,0.5,1
6/10/2019,,44,30,0,0,0
6/11/2019,,61,37,0,0,0
6/12/2019,,67,36,0,0,0
6/13/2019,,70,44,0.06,0,0
6/14/2019,,67,41,0.14,0,0
6/15/2019,,70,38,0,0,0
6/16/2019,,69,37,0.02,0,0
6/17/2019,,69,34,0.02,0,0
6/18/2019,,69,35,0,0,0
6/19/2019,,62,38,0,0,0
6/20/2019,,66,29,0.05,0.5,0
6/21/2019,,60,28,0.05,0.5,1
6/22/2019,,49,22,0.17,1.5,1
6/23/2019,,57,22,0,0,0
6/24/2019,,58,36,0.02,0,0
6/25/2019,,62,37,0,0,0
6/26/2019,,73,39,0,0,0
6/27/2019,,73,36,0,0,0
6/28/2019,,74,37,0,0,0
6/29/2019,,75,35,0,0,0
6/30/2019,,76,36,0,0,0
7/1/2019,,78,36,0.05,0,0
7/2/2019,,75,40,0.02,0,0
7/3/2019,,76,46,0,0,0
7/4/2019,,70,37,0.11,0,0
7/5/2019,,67,41,0,0,0
7/6/2019,,75,33,0,0,0
7/7/2019,,74,39,0,0,0
7/8/2019,,75,44,0.02,0,0
7/9/2019,,68,36,0.13,0,0
7/10/2019,,73,34,0,0,0
7/11/2019,,79,47,0,0,0
7/12/2019,,82,47,0,0,0
7/13/2019,,83,41,0,0,0
7/14/2019,,82,44,0,0,0
7/15/2019,,80,40,0.08,0,0
7/16/2019,,78,42,0,0,0
7/17/2019,,,,0,0,0
7/18/2019,,70,46,0.09,0,0
7/19/2019,,72,46,0,0,0
7/20/2019,,75,,0,0,0
7/21/2019,,,,,,
7/22/2019,,82,34,,0,0
7/23/2019,,80,40,0.05,0,0
7/24/2019,,85,49,0,0,0
7/25/2019,,85,38,0,0,0
7/26/2019,,77,36,0,0,0
7/27/2019,,,,0,0,0
7/28/2019,,85,37,0.02,0,0
7/29/2019,,84,37,0.05,0,0
7/30/2019,,73,45,0,0,0
7/31/2019,,85,37,0,0,0
8/1/2019,,85,38,0.05,0,0
8/2/2019,,79,37,0.07,0,0
8/3/2019,,82,41,0,0,0
8/4/2019,,83,45,0,0,0
8/5/2019,,85,41,0.12,0,0
8/6/2019,,82,39,0,0,0
8/7/2019,,82,44,,0,0
8/8/2019,,84,46,,0,0
8/9/2019,,78,51,0.31,0,0
8/10/2019,,77,44,0,0,0
8/11/2019,,75,34,0.03,0,0
8/12/2019,,68,36,0,0,0
8/13/2019,,67,31,0,0,0
8/14/2019,,74,32,0,0,0
8/15/2019,,72,36,0,0,0
8/16/2019,,77,33,0.27,0,0
8/17/2019,,69,39,0,0,0
8/18/2019,,69,37,0,0,0
8/19/2019,,79,37,0,0,0
8/20/2019,,81,38,0,0,0
8/21/2019,,81,34,0,0,0
8/22/2019,,83,34,0,0,0
8/23/2019,,69,32,0.03,0,0
8/24/2019,,74,39,0,0,0
8/25/2019,,71,42,0,0,0
8/26/2019,,72,28,0,0,0
8/27/2019,,74,27,0,0,0
8/28/2019,,78,33,0,0,0
8/29/2019,,78,33,0.2,0,0
8/30/2019,,75,35,0,0,0
8/31/2019,,80,32,0,0,0
9/1/2019,,82,32,0,0,0
9/2/2019,,80,35,0,0,0
9/3/2019,,82,39,0,0,0
9/4/2019,,78,40,0,0,0
9/5/2019,,81,43,0,0,0
9/6/2019,,81,49,0.02,0,0
9/7/2019,,62,39,0.08,0,0
9/8/2019,,65,33,0,0,0
9/9/2019,,60,43,0.54,0,0
9/10/2019,,56,33,0.09,0,0
9/11/2019,,57,36,0.03,0,0
9/12/2019,,51,37,0.1,0,0
9/13/2019,,58,29,0,0,0
9/14/2019,,62,38,0,0,0
9/15/2019,,69,32,0,0,0
9/16/2019,,75,32,0,0,0
9/17/2019,,70,39,0.03,0,0
9/18/2019,,52,25,0.03,0,0
9/19/2019,,64,33,0,0,0
9/20/2019,,65,38,0.03,0,0
9/21/2019,,45,33,0.15,0,0
9/22/2019,,47,38,0.06,0,0
9/23/2019,,56,28,0,0,0
9/24/2019,,60,43,0,0,0
9/25/2019,,,,0,0,0
9/26/2019,,,,0,0,0
9/27/2019,,,,0.25,0,0
9/28/2019,,,,0.05,0,0
9/29/2019,,40,16,0.41,1,1
9/30/2019,,39,16,0.13,1,1
10/1/2019,,43,32,0,0,0
10/2/2019,,43,26,0.05,1,0
10/3/2019,,53,12,0,0,0
10/4/2019,,36,24,0,0,0
10/5/2019,,43,17,0,0,0
10/6/2019,,53,17,0,0,0
10/7/2019,,55,27,0,0,0
10/8/2019,,50,24,0.51,3,3
10/9/2019,,50,18,0.18,3.1,5
10/10/2019,,26,-11,0,0,2
10/11/2019,,36,-13,0,0,1
10/12/2019,,49,-5,0,0,0
10/13/2019,,53,8,0,0,0
10/14/2019,,52,20,0,0,0
10/15/2019,,54,22,0,0,0
10/16/2019,,59,23,0,0,0
10/17/2019,,59,20,0,0,0
10/18/2019,,46,24,0,0,0
10/19/2019,,33,16,0.18,2,2
10/20/2019,,31,20,0.8,9.2,10
10/21/2019,,36,16,0.01,2.2,9
10/22/2019,,38,26,0,0,6
10/23/2019,,39,17,0,0,4
10/24/2019,,36,-11,0,0,4
10/25/2019,,48,10,0,0,4
10/26/2019,,48,22,0.5,4,8
10/27/2019,,25,-11,0,0,7
10/28/2019,,13,-26,0,0,6
10/29/2019,,12,-12,0.05,3,7
10/30/2019,,18,-27,0,0,5
10/31/2019,,22,-16,0.01,0.5,5
11/1/2019,,32,-14,0,0,5
11/2/2019,,39,-3,0,0,5
11/3/2019,,39,25,0,0,5
11/4/2019,,45,25,0,0,5
11/5/2019,,46,18,0,0,4
11/6/2019,,46,-4,0,0,4
11/7/2019,,51,13,0,0,3
11/8/2019,,50,22,0,0,2
11/9/2019,,47,28,0,0,1
11/10/2019,,46,28,0,0,1
11/11/2019,,39,-6,0,0,1
11/12/2019,,40,-1,0.08,1.2,2
11/13/2019,,42,28,0,0,2
11/14/2019,,28,11,0,0,2
11/15/2019,,35,5,0,0,2
11/16/2019,,31,16,0,0,2
11/17/2019,,32,15,0,0,2
11/18/2019,,41,15,0,0,1
11/19/2019,,27,19,0,0,1
11/20/2019,,28,6,0,0,1
11/21/2019,,50,-16,0,0,0
11/22/2019,,37,-6,0,0,0
11/23/2019,,31,12,0,0,0
11/24/2019,,30,25,0,0,0
11/25/2019,,28,1,0,0,0
11/26/2019,,21,-23,0,0,0
11/27/2019,,19,-14,0,0,0
11/28/2019,,24,9,0.4,7,7
11/29/2019,,27,0,0.19,3,10
11/30/2019,,29,5,0.52,7.4,14
12/1/2019,,22,-10,0,0,11
12/2/2019,,28,9,0,1,13
12/3/2019,,28,20,0,0,10
12/4/2019,,29,24,0,0,10
12/5/2019,,31,-1,0,0,9
12/6/2019,,30,23,0,0,9
12/7/2019,,37,20,0.04,0.5,9
12/8/2019,,33,27,0.46,9,18
12/9/2019,,28,-13,0.02,1,17
12/10/2019,,21,10,0,0,15
12/11/2019,,23,14,0.06,1,14
12/12/2019,,29,21,0.15,4,17
12/13/2019,,27,13,0.21,4,20
12/14/2019,,20,2,0.1,2,21
12/15/2019,,17,1,0,0,20
12/16/2019,,13,0,0,0,18
12/17/2019,,9,1,0,0,17
12/18/2019,,20,-11,0,0,16
12/19/2019,,30,4,0,0,16
12/20/2019,,26,20,0,0,16
12/21/2019,,30,14,0,0,16
12/22/2019,,40,25,0,0,14
12/23/2019,,39,6,0,0,13
12/24/2019,,41,6,0.26,5.5,18
12/25/2019,,31,16,0.19,4,22
12/26/2019,,26,-14,0,0,20
12/27/2019,,22,-11,0,0,20
12/28/2019,,20,-27,0,0,20
12/29/2019,,20,-23,0,0,20
12/30/2019,,17,-31,0,0,19
12/31/2019,,22,-40,0,0,18
1/1/2020,,18,7,0.2,3,21
1/2/2020,,25,8,0.03,0.4,21
1/3/2020,,20,1,0,1,20
1/4/2020,,30,1,0,0,19
1/5/2020,,31,-11,0.06,0.5,19
1/6/2020,,31,12,0,0,19
1/7/2020,,25,15,0.3,5.5,23
1/8/2020,,30,23,0,0,23
1/9/2020,,25,12,0.15,4,25
1/10/2020,,25,-29,0.04,1,24
1/11/2020,,20,-2,0.1,2,23
1/12/2020,,16,11,0.16,3.5,25
1/13/2020,,20,-2,0.39,7,31
1/14/2020,,19,8,0.17,3,32
1/15/2020,,18,6,0.18,4,33
1/16/2020,,16,-20,0,0,34
1/17/2020,,29,16,0.04,0.5,34
1/18/2020,,30,-23,0.09,1.2,35
1/19/2020,,25,-2,0,0,34
1/20/2020,,33,-16,0,0,29
1/21/2020,,38,14,0,0,28
1/22/2020,,35,20,0.14,1,27
1/23/2020,,28,15,0,0,26
1/24/2020,,30,13,0,0,26
1/25/2020,,34,23,0.15,1.5,26
1/26/2020,,36,24,0.05,1,26
1/27/2020,,34,23,0.1,1,27
1/28/2020,,30,20,0,0,27
1/29/2020,,31,17,0.06,0.8,27
1/30/2020,,34,11,0,0,26
1/31/2020,,31,6,0,0,26
2/1/2020,,28,20,0,0,25
2/2/2020,,35,26,0,0,24
2/3/2020,,37,4,,,
2/4/2020,,12,-30,,12,34
2/5/2020,,16,3,0,0,34
2/6/2020,,17,9,0.06,2,33
2/7/2020,,28,17,0.27,5,35
2/8/2020,,34,20,0.16,6,38
2/9/2020,,20,-20,0,0,38
2/10/2020,,26,-18,0,0,37
2/11/2020,,26,-22,0,0,36
2/12/2020,,18,-10,0,0,35
2/13/2020,,19,4,0,0,34
2/14/2020,,26,8,0.14,1,33
2/15/2020,,25,-9,0.01,0.5,32
2/16/2020,,25,12,0.11,4,33
2/17/2020,,27,-2,0.13,4,35
2/18/2020,,18,-18,0,0,34
2/19/2020,,23,-27,0,0,34
2/20/2020,,22,-28,0,0,32
2/21/2020,,34,-26,0,0,31
2/22/2020,,38,-14,0,0,30
2/23/2020,,39,-8,0,0,29
2/24/2020,,38,4,0,0,29
2/25/2020,,25,-21,0,0,29
2/26/2020,,28,-4,0,0,29
2/27/2020,,25,-2,0,0,27
2/28/2020,,35,0,0,0,26
2/29/2020,,40,14,0,0,26
3/1/2020,,40,7,0.18,4,30
3/2/2020,,28,-10,0,0,30
3/3/2020,,28,21,0,0,29
3/4/2020,,36,16,0,0,28
3/5/2020,,44,-2,0,0,26
3/6/2020,,52,14,0,0,25
3/7/2020,,48,26,0,0,25
3/8/2020,,37,25,0.05,1,26
3/9/2020,,36,23,0,0,25
3/10/2020,,30,24,0.1,2,27
3/11/2020,,39,11,0,0,26
3/12/2020,,36,-12,0,0,25
3/13/2020,,42,1,0,0,24
3/14/2020,,32,20,0,0,23
3/15/2020,,42,24,1.5,22,44
3/16/2020,,37,10,0,0,40
3/17/2020,,41,4,0,0,38
3/18/2020,,45,16,0.29,3,36
3/19/2020,,42,5,0,0,35
3/20/2020,,46,10,0,0,34
3/21/2020,,43,14,0,0,33
3/22/2020,,40,21,0.1,1,33
3/23/2020,,41,24,0,0,32
3/24/2020,,41,8,0.25,6,33
3/25/2020,,41,8,0.1,3.5,34
3/26/2020,,42,7,0.14,1,33
3/27/2020,,42,-16,0,0,33
3/28/2020,,30,17,0,0,32
3/29/2020,,41,24,0.07,0,32
3/30/2020,,39,29,0.45,4,36
3/31/2020,,34,28,0.45,4,41
4/1/2020,,38,18,0.4,5,43
4/2/2020,,39,-2,0.44,4.5,44
4/3/2020,,31,-7,0.05,0.8,45
4/4/2020,,32,7,0,0,44
4/5/2020,,44,27,0,0,43
4/6/2020,,40,30,0.34,4.5,43
4/7/2020,,41,33,0.21,2.7,
4/8/2020,,46,24,0,0,35
4/9/2020,,53,10,0,0,32
4/10/2020,,61,26,0,0,32
4/11/2020,,50,32,0.05,0,32
4/12/2020,,36,-1,0.1,0,32
4/13/2020,,51,-13,0,0,32
4/14/2020,,38,26,0,0,31
4/15/2020,,38,26,0,0,30
4/16/2020,,36,11,0.03,0.6,
4/17/2020,,40,-6,0,0,28
4/18/2020,,49,8,0,0,27
4/19/2020,,49,26,0,0,
4/20/2020,,47,16,0,0,
4/21/2020,,52,20,0,0,
4/22/2020,,55,20,0,0,
4/23/2020,,55,14,0.02,0,16
4/24/2020,,47,22,0.2,1.6,16
4/25/2020,,46,23,0.03,0,13
4/26/2020,,47,32,0,0,
4/27/2020,,54,30,0.03,0,
4/28/2020,,50,32,0.18,0,
4/29/2020,,59,26,0,0,6
4/30/2020,,51,30,0.11,0,6
5/1/2020,,53,24,0.14,0,2
5/2/2020,,52,28,0,0,1
5/3/2020,,58,29,0,0,0
5/4/2020,,50,26,0.02,0,0
5/5/2020,,54,25,0,0,0
5/6/2020,,61,28,0,0,0
5/7/2020,,46,23,0,0,0
5/8/2020,,47,21,0,0,0
5/9/2020,,49,25,0.04,0,0
5/10/2020,,58,23,0,0,0
5/11/2020,,60,28,0.05,0,0
5/12/2020,,60,31,0.04,0,0
5/13/2020,,52,34,0,0,0
5/14/2020,,46,33,0.23,0,0
5/15/2020,,50,34,0.26,0,0
5/16/2020,,47,28,0.09,0,0
5/17/2020,,56,28,0,0,0
5/18/2020,,67,40,0,0,0
5/19/2020,,66,33,0,0,0
5/20/2020,,70,36,0,0,0
5/21/2020,,49,32,0.11,1.4,0
5/22/2020,,43,32,0.37,0,0
5/23/2020,,42,32,0.6,3.8,2
5/24/2020,,39,28,0.34,3.2,2
5/25/2020,,47,29,0.07,0,0
5/26/2020,,58,42,0,0,0
5/27/2020,,61,45,0.28,0,0
5/28/2020,,66,31,0,0,0
5/29/2020,,72,34,0,0,0
5/30/2020,,77,35,0.05,0,0
5/31/2020,,78,49,0.06,0,0
6/1/2020,,68,36,0,0,0
6/2/2020,,71,42,0,0,0
6/3/2020,,67,37,0,0,0
6/4/2020,,70,49,0.02,0,0
6/5/2020,,67,36,0,0,0
6/6/2020,,79,52,0.02,0,0
6/7/2020,,,,,,
6/8/2020,,,,,,
6/9/2020,,65,28,,0,0
6/10/2020,,50,28,0.01,0,0
6/11/2020,,62,29,0,0,0
6/12/2020,,72,38,0,0,0
6/13/2020,,78,39,0,0,0
6/14/2020,,72,39,0,0,0
6/15/2020,,51,29,0.04,0,0
6/16/2020,,63,43,0.02,0,0
6/17/2020,,50,34,0.12,0,0
6/18/2020,,45,31,0.11,0,0
6/19/2020,,60,29,0.01,0,0
6/20/2020,,63,33,0,0,0
6/21/2020,,66,41,0.05,0,0
6/22/2020,,65,33,0.12,0,0
6/23/2020,,74,35,0.02,0,0
6/24/2020,,77,35,0,0,0
6/25/2020,,78,49,0,0,0
6/26/2020,,62,32,0.11,0,0
6/27/2020,,76,34,0.02,0,0
6/28/2020,,75,47,0.08,0,0
6/29/2020,,56,37,0.61,0,0
6/30/2020,,46,34,0.03,0,0
7/1/2020,,49,35,0.33,0,0
7/2/2020,,61,39,0.02,0,0
7/3/2020,,67,43,0,0,0
7/4/2020,,76,39,0.05,0,0
7/5/2020,,77,39,0.01,0,0
7/6/2020,,74,34,0,0,0
7/7/2020,,76,39,0,0,0
7/8/2020,,69,38,0,0,0
7/9/2020,,77,32,0,0,0
7/10/2020,,74,39,0,0,0
7/11/2020,,74,34,0,0,0
7/12/2020,,79,39,0,0,0
7/13/2020,,72,54,0,0,0
7/14/2020,,69,29,0.01,0,0
7/15/2020,,78,32,0,0,0
7/16/2020,,74,33,0,0,0
7/17/2020,,77,46,0,0,0
7/18/2020,,81,41,0,0,0
7/19/2020,,78,33,0,0,0
7/20/2020,,79,37,0,0,0
7/21/2020,,78,34,0,0,0
7/22/2020,,80,40,0,0,0
7/23/2020,,79,53,0.06,0,0
7/24/2020,,75,40,0.01,0,0
7/25/2020,,73,43,0,0,0
7/26/2020,,77,38,0.03,0,0
7/27/2020,,,,,0,0
7/28/2020,,,,,0,0
7/29/2020,,,,,0,0
7/30/2020,,84,36,,0,0
7/31/2020,,79,41,0,0,0
8/1/2020,,84,54,0,0,0
8/2/2020,,84,42,0.09,0,0
8/3/2020,,,,,,
8/4/2020,,85,39,,0,0
8/5/2020,,81,39,0,0,0
8/6/2020,,82,44,0,0,0
8/7/2020,,79,46,0,0,0
8/8/2020,,74,35,0,0,0
8/9/2020,,75,42,0,0,0
8/10/2020,,75,35,0,0,0
8/11/2020,,78,40,0,0,0
8/12/2020,,78,47,0,0,0
8/13/2020,,75,45,0,0,0
8/14/2020,,72,32,0,0,0
8/15/2020,,73,34,0,0,0
8/16/2020,,81,34,0,0,0
8/17/2020,,87,37,0,0,0
8/18/2020,,88,41,0,0,0
8/19/2020,,85,43,0,0,0
8/20/2020,,82,42,0,0,0
8/21/2020,,79,41,0,0,0
8/22/2020,,78,35,0,0,0
8/23/2020,,82,39,0,0,0
8/24/2020,,82,40,0,0,0
8/25/2020,,83,44,0,0,0
8/26/2020,,78,40,0,0,0
8/27/2020,,77,44,0.29,0,0
8/28/2020,,73,33,0.07,0,0
8/29/2020,,76,32,0,0,0
8/30/2020,,75,38,0,0,0
8/31/2020,,67,27,0,0,0
9/1/2020,,46,35,0.02,0,0
9/2/2020,,66,37,,,
9/3/2020,,71,38,,0,0
9/4/2020,,79,32,0,0,0
9/5/2020,,85,34,0,0,0
9/6/2020,,86,35,0,0,0
9/7/2020,,80,39,0,0,0
9/8/2020,,69,20,0.5,6.5,5
9/9/2020,,44,18,0.06,1,2
9/10/2020,,62,22,0,0,0
9/11/2020,,72,27,0,0,0
9/12/2020,,70,28,0,0,0
9/13/2020,,74,27,0,0,0
9/14/2020,,74,29,0,0,0
9/15/2020,,74,28,0,0,0
9/16/2020,,76,28,0,0,0
9/17/2020,,76,29,0,0,0
9/18/2020,,77,29,0,0,0
9/19/2020,,71,31,0,0,0
9/20/2020,,54,28,0.34,0,0
9/21/2020,,54,28,0,0,0
9/22/2020,,67,28,0,0,0
9/23/2020,,69,29,0,0,0
9/24/2020,,67,34,0,0,0
9/25/2020,,68,43,0,0,0
9/26/2020,,54,38,0.19,0,0
9/27/2020,,55,27,0.07,0,0
9/28/2020,,53,18,0.01,0,0
9/29/2020,,63,19,0.01,0,0
9/30/2020,,71,23,0,0,0
10/1/2020,,,,0,0,0
10/2/2020,,,,0,0,0
10/3/2020,,,,0,0,0
10/4/2020,,,,0,0,0
10/5/2020,,67,26,0,0,0
10/6/2020,,66,26,0,0,0
10/7/2020,,68,24,0,0,0
10/8/2020,,70,24,0,0,0
10/9/2020,,67,26,0,0,0
10/10/2020,,66,22,0,0,0
10/11/2020,,65,22,0.81,2.5,2
10/12/2020,,39,29,0.03,0.5,2
10/13/2020,,47,28,0.16,0.3,1
10/14/2020,,48,31,0.25,0,0
10/15/2020,,45,26,0,0,0
10/16/2020,,41,25,0,0,0
10/17/2020,,45,28,0.05,0,0
10/18/2020,,49,33,0.03,0,0
10/19/2020,,39,34,0.16,0,0
10/20/2020,,46,35,0,0,0
10/21/2020,,48,34,0.01,0,0
10/22/2020,,43,16,0.25,0,0
10/23/2020,,27,-5,0,0,0
10/24/2020,,35,-6,0.12,2,2
10/25/2020,,33,-3,0.2,3.1,4
10/26/2020,,16,-23,0.01,0.2,3
10/27/2020,,28,-19,0,0,2
10/28/2020,,40,10,0,0,2
10/29/2020,,48,6,0,0,2
10/30/2020,,48,20,0,0,1
10/31/2020,,51,21,0,0,0
11/1/2020,,51,14,0,0,0
11/2/2020,,53,19,0,0,0
11/3/2020,,60,15,0,0,0
11/4/2020,,59,24,0,0,0
11/5/2020,,51,27,0,0,0
11/6/2020,,53,23,0,0,0
11/7/2020,,60,24,0,0,0
11/8/2020,,53,25,0.58,2,2
11/9/2020,,31,8,0.02,0.5,2
11/10/2020,,21,10,0.04,1,3
11/11/2020,,19,10,0.18,2.2,4
11/12/2020,,24,-17,0.04,0.5,4
11/13/2020,,28,-6,0,0,4
11/14/2020,,27,2,0.5,7.5,9
11/15/2020,,24,13,0.14,2.5,11
11/16/2020,,32,24,0.05,0.5,10
11/17/2020,,40,13,0,0,8
11/18/2020,,47,20,0,0,5
11/19/2020,,36,25,0.42,3,7
11/20/2020,,25,-6,0.1,1.3,8
11/21/2020,,28,-15,0.01,0.3,8
11/22/2020,,26,-28,0,0,8
11/23/2020,,32,-20,0,0,7
11/24/2020,,30,-3,0,0,7
11/25/2020,,25,12,0.02,0.5,7
11/26/2020,,27,-3,0.24,3,9
11/27/2020,,26,-5,0,0,9
11/28/2020,,33,-23,0,0,9
11/29/2020,,32,-27,0,0,9
11/30/2020,,36,-28,0,0,8
12/1/2020,,38,-18,0.12,2,10
12/2/2020,,24,-19,0,0,10
12/3/2020,,29,-16,0,0,10
12/4/2020,,33,-12,0,0,10
12/5/2020,,38,-11,0,0,9
12/6/2020,,40,-10,0,0,8
12/7/2020,,41,-11,0,0,8
12/8/2020,,42,-9,0,0,8
12/9/2020,,46,-1,0,0,8
12/10/2020,,45,0,0,0,8
12/11/2020,,33,-7,0.03,0.5,9
12/12/2020,,25,-1,0.04,0.5,9
12/13/2020,,22,-12,0,0,9
12/14/2020,,21,7,0.11,2,11
12/15/2020,,25,-7,0.01,0.2,11
12/16/2020,,18,8,0.09,4,15
12/17/2020,,26,18,0.08,1,15
12/18/2020,,29,1,0.12,3,15
12/19/2020,,28,5,0.08,3,15
12/20/2020,,23,11,0.08,2,15
12/21/2020,,34,23,0.09,1,14
12/22/2020,,36,28,0.02,0.5,13
12/23/2020,,36,-20,0.19,3,15
12/24/2020,,20,-17,0,0,15
12/25/2020,,23,-12,0.02,0.5,15
12/26/2020,,36,-13,0.02,0.4,15
12/27/2020,,27,7,0.14,2.5,16
12/28/2020,,22,-26,0,0,16
12/29/2020,,21,-25,0,0,16
12/30/2020,,23,-24,0.01,0.1,16
12/31/2020,,27,-6,0,0,16
1/1/2021,,27,5,0.01,0.1,16
1/2/2021,,24,4,0.12,2,18
1/3/2021,,24,10,0,0,18
1/4/2021,,28,4,0.08,1.2,19
1/5/2021,,30,22,0.29,5,22
1/6/2021,,30,4,0.01,0.2,20
1/7/2021,,37,5,0,0,19
1/8/2021,,30,2,0,0,19
1/9/2021,,29,-18,0,0,18
1/10/2021,,27,-16,0,0,18
1/11/2021,,25,-12,0,0,18
1/12/2021,,32,-11,0,0,18
1/13/2021,,32,8,0.07,1,17
1/14/2021,,33,-8,0.12,1.5,18
1/15/2021,,24,-10,0,0,18
1/16/2021,,29,-2,0,0,18
1/17/2021,,28,15,0,0,18
1/18/2021,,26,-7,0.05,0.5,18
1/19/2021,,29,-15,0.01,0.1,18
1/20/2021,,26,-8,0,0,17
1/21/2021,,26,11,0,0,17
1/22/2021,,26,17,0.07,1,18
1/23/2021,,33,5,0.01,0.1,18
1/24/2021,,32,-12,0,0,18
1/25/2021,,25,-9,0.01,0.1,18
1/26/2021,,22,-13,0,0,18
1/27/2021,,23,-17,0.03,1,19
1/28/2021,,24,16,0.11,1.5,20
1/29/2021,,30,21,0.55,11,30
1/30/2021,,33,22,0.19,4.5,31
1/31/2021,,27,17,0.02,0.5,31
2/1/2021,,35,-11,0,0,30
2/2/2021,,43,10,0,0,28
2/3/2021,,40,20,0.24,5.5,29
2/4/2021,,29,-2,,,
2/5/2021,,19,-4,,2,27
2/6/2021,,29,13,0.02,0.5,26
2/7/2021,,24,12,0.39,5.5,30
2/8/2021,,26,-4,0.07,1,29
2/9/2021,,21,4,0,0,28
2/10/2021,,24,8,0.01,0.1,27
2/11/2021,,20,10,,,
2/12/2021,,25,-2,,4.5,28
2/13/2021,,13,-7,0.32,6,32
2/14/2021,,21,-20,0.01,0.1,31
2/15/2021,,16,-7,0.04,0.5,30
2/16/2021,,23,10,0.13,1.5,30
2/17/2021,,30,-1,0.01,0.1,29
2/18/2021,,30,-4,0.02,1.5,28
2/19/2021,,30,-2,0.02,1.5,28
2/20/2021,,28,7,0.06,2,29
2/21/2021,,28,-10,0.22,3,31
2/22/2021,,22,15,0.03,2.5,31
2/23/2021,,28,14,0.25,4,31
2/24/2021,,24,-14,0,0,31
2/25/2021,,28,-24,,,
2/26/2021,,18,-18,,4,30
2/27/2021,,17,-1,0.46,7.5,36
2/28/2021,,22,-20,0.02,0.5,36
3/1/2021,,18,6,0,0,36
3/2/2021,,37,-4,0,0,34
3/3/2021,,39,-5,0,0,32
3/4/2021,,52,-8,0,0,28
3/5/2021,,52,-3,0,0,28
3/6/2021,,47,-1,0,0,27
3/7/2021,,48,6,0,0,26
3/8/2021,,42,7,0,0,25
3/9/2021,,48,15,0.33,6,30
3/10/2021,,35,9,0.01,0.1,27
3/11/2021,,31,-20,0,0,27
3/12/2021,,39,-19,0,0,27
3/13/2021,,42,-17,0,0,26
3/14/2021,,46,-15,0,0,26
3/15/2021,,52,11,0,0,24
3/16/2021,,46,16,0,0,24
3/17/2021,,45,0,0,0,23
3/18/2021,,,,,,
3/19/2021,,48,13,,0,22
3/20/2021,,48,14,0.7,12.4,34
3/21/2021,,37,13,0.72,11.5,39
3/22/2021,,38,10,0,0,37
3/23/2021,,35,11,0,0,36
3/24/2021,,36,-9,0,0,34
3/25/2021,,31,-11,0.02,1,33
3/26/2021,,36,17,0.02,0.5,31
3/27/2021,,,,,,
3/28/2021,,,,,,
3/29/2021,,47,19,,2,26
3/30/2021,,27,-7,0,0,25
3/31/2021,,30,-9,0,0,24
4/1/2021,,36,-6,,,
4/2/2021,,52,5,,,
4/3/2021,,53,15,,,
4/4/2021,,55,19,,,
4/5/2021,,57,29,,,
4/6/2021,,45,25,,4.8,17
4/7/2021,,40,14,0,0,17
4/8/2021,,45,13,0.18,3,16
4/9/2021,,42,-2,0.11,1,15
4/10/2021,,39,7,0,0,14
4/11/2021,,47,3,0,0,12
4/12/2021,,39,3,0,0,11
4/13/2021,,33,5,0,0,10
4/14/2021,,34,8,0,0,9
4/15/2021,,31,10,0.04,0.5,9
4/16/2021,,36,0,0.05,1,10
4/17/2021,,41,1,0,0,9
4/18/2021,,50,13,0,0,7
4/19/2021,,53,23,0,0,6
4/20/2021,,35,-1,0.02,1,5
4/21/2021,,40,1,0,0,4
4/22/2021,,47,8,0,0,3
4/23/2021,,48,19,0.02,0.5,3
4/24/2021,,45,23,0,0,3
4/25/2021,,46,27,0.14,2,5
4/26/2021,,38,28,0.06,1.4,5
4/27/2021,,40,21,0.18,2.5,7
4/28/2021,,,,0,0,7
4/29/2021,,55,24,0,0,6
4/30/2021,,61,29,0,0,
5/1/2021,,67,31,0,0,0
5/2/2021,,64,33,0.18,0,0
5/3/2021,,48,29,0,0,0
5/4/2021,,51,30,0.28,3,2
5/5/2021,,50,27,0.05,0.6,0
5/6/2021,,55,23,0,0,0
5/7/2021,,,,0.02,0.3,0
5/8/2021,,64,27,0,0,0
5/9/2021,,41,13,0,0,0
5/10/2021,,43,18,0,0,0
5/11/2021,,42,22,0.16,2,1
5/12/2021,,46,24,0.13,1,1
5/13/2021,,,,0,0,0
5/14/2021,,,,0,0,0
5/15/2021,,62,29,0,0,0
5/16/2021,,56,29,0.07,0,0
5/17/2021,,67,30,0.02,0,0
5/18/2021,,67,37,0,0,0
5/19/2021,,63,36,0,0,0
5/20/2021,,65,34,0.1,0,0
5/21/2021,,60,29,0.07,0.4,0
5/22/2021,,47,25,0.8,6,4
5/23/2021,,61,27,0.66,1.2,0
5/24/2021,,43,34,0.6,1,0
5/25/2021,,46,33,0.2,0,0
5/26/2021,,58,39,0.47,0,0
5/27/2021,,50,28,0.08,0,0
5/28/2021,,58,32,0,0,0
5/29/2021,,62,26,0,0,0
5/30/2021,,62,23,0,0,0
5/31/2021,,67,28,0,0,0
6/1/2021,,70,30,0,0,0
6/2/2021,,75,36,0,0,0
6/3/2021,,81,39,,,
6/4/2021,,80,46,,,
6/5/2021,,75,46,,,
6/6/2021,,81,36,,0,0
6/7/2021,,66,38,0,0,0
6/8/2021,,69,49,0,0,0
6/9/2021,,73,35,0,0,0
6/10/2021,,76,41,0,0,0
6/11/2021,,59,28,0,0,0
6/12/2021,,60,32,0,0,0
6/13/2021,,72,28,0,0,0
6/14/2021,,84,31,0,0,0
6/15/2021,,84,38,0,0,0
6/16/2021,,82,41,0,0,0
6/17/2021,,78,32,0,0,0
6/18/2021,,80,35,0,0,0
6/19/2021,,78,36,0,0,0
6/20/2021,,80,32,0,0,0
6/21/2021,,71,30,0,0,0
6/22/2021,,76,38,0,0,0
6/23/2021,,81,45,0,0,0
6/24/2021,,78,38,0,0,0
6/25/2021,,70,34,0,0,0
6/26/2021,,73,37,0,0,0
6/27/2021,,76,34,0,0,0
6/28/2021,,73,34,0,0,0
6/29/2021,,81,35,0,0,0
6/30/2021,,81,37,0,0,0
7/1/2021,,83,42,0,0,0
7/2/2021,,82,40,0,0,0
7/3/2021,,85,42,0,0,0
7/4/2021,,86,40,0,0,0
7/5/2021,,84,48,0.1,0,0
7/6/2021,,71,41,0.09,0,0
7/7/2021,,83,41,0,0,0
7/8/2021,,85,42,0,0,0
7/9/2021,,82,36,0,0,0
7/10/2021,,82,37,0,0,0
7/11/2021,,82,36,0,0,0
7/12/2021,,85,41,0,0,0
7/13/2021,,86,42,0,0,0
7/14/2021,,83,38,0,0,0
7/15/2021,,81,38,0,0,0
7/16/2021,,81,42,0,0,0
7/17/2021,,83,39,0,0,0
7/18/2021,,85,38,0,0,0
7/19/2021,,87,42,0,0,0
7/20/2021,,90,54,0,0,0
7/21/2021,,80,48,0.03,0,0
7/22/2021,,81,48,0,0,0
7/23/2021,,84,37,0,0,0
7/24/2021,,84,39,0,0,0
7/25/2021,,84,37,0,0,0
7/26/2021,,84,35,0,0,0
7/27/2021,,88,39,0,0,0
7/28/2021,,86,53,0,0,0
7/29/2021,,79,49,0.77,0,0
7/30/2021,,80,52,0.04,0,0
7/31/2021,,77,54,0.02,0,0
8/1/2021,,80,49,0.17,0,0
8/2/2021,,80,51,0,0,0
8/3/2021,,75,55,0.43,0,0
8/4/2021,,77,44,0,0,0
8/5/2021,,81,48,0,0,0
8/6/2021,,80,50,0.17,0,0
8/7/2021,,69,39,0.1,0,0
8/8/2021,,74,44,0,0,0
8/9/2021,,81,39,0,0,0
8/10/2021,,67,32,0,0,0
8/11/2021,,73,32,0,0,0
8/12/2021,,81,41,0,0,0
8/13/2021,,82,41,0,0,0
8/14/2021,,84,42,0,0,0
8/15/2021,,85,39,0,0,0
8/16/2021,,83,39,0,0,0
8/17/2021,,80,48,0,0,0
8/18/2021,,79,49,0.22,0,0
8/19/2021,,52,46,0.38,0,0
8/20/2021,,55,48,,0,0
8/21/2021,,57,42,,0,0
8/22/2021,,61,35,,0,0
8/23/2021,,61,32,0,0,0
8/24/2021,,69,34,0,0,0
8/25/2021,,69,40,0,0,0
8/26/2021,,75,35,0,0,0
8/27/2021,,69,41,0,0,0
8/28/2021,,67,36,0,0,0
8/29/2021,,68,29,0,0,0
8/30/2021,,75,32,0,0,0
8/31/2021,,77,37,0,0,0
9/1/2021,,73,34,0,0,0
9/2/2021,,71,30,0,0,0
9/3/2021,,69,37,0,0,0
9/4/2021,,70,29,0,0,0
9/5/2021,,71,29,0,0,0
9/6/2021,,76,38,0,0,0
9/7/2021,,77,32,0,0,0
9/8/2021,,82,33,0,0,0
9/9/2021,,83,36,,0,0
9/10/2021,,83,39,,0,0
9/11/2021,,77,50,,0,0
9/12/2021,,66,33,,0,0
9/13/2021,,68,28,0,0,0
9/14/2021,,69,34,0,0,0
9/15/2021,,69,,0,0,0
9/16/2021,,70,28,0,0,0
9/17/2021,,69,,0,0,0
9/18/2021,,68,16,0,0,0
9/19/2021,,68,26,0.12,0,0
9/20/2021,,41,30,0.66,0,0
9/21/2021,,47,22,0.11,0,0
9/22/2021,,56,25,0,0,0
9/23/2021,,63,27,0,0,0
9/24/2021,,64,26,0,0,0
9/25/2021,,69,28,0,0,0
9/26/2021,,67,27,0,0,0
9/27/2021,,71,26,0,0,0
9/28/2021,,70,28,0,0,0
9/29/2021,,58,22,0,0,0
9/30/2021,,55,16,0,0,0
10/1/2021,,60,15,0,0,0
10/2/2021,,66,19,0,0,0
10/3/2021,,64,22,0,0,0
10/4/2021,,66,22,0,0,0
10/5/2021,,67,21,0,0,0
10/6/2021,,70,26,0.01,0,0
10/7/2021,,60,35,0.04,0,0
10/8/2021,,47,34,0.2,0,0
10/9/2021,,46,36,0.02,0,0
10/10/2021,,45,29,0.15,0,0
10/11/2021,,46,31,0.14,0.2,0
10/12/2021,,37,20,0.8,8.5,7
10/13/2021,,35,22,0.19,2.5,8
10/14/2021,,30,21,0.1,2,9
10/15/2021,,33,20,0,0,7
10/16/2021,,36,16,0,0,6
10/17/2021,,48,16,0,0,4
10/18/2021,,58,15,0,0,1
10/19/2021,,55,25,0.01,0,0
10/20/2021,,51,27,0,0,0
10/21/2021,,48,28,0,0,0
10/22/2021,,55,25,0,0,0
10/23/2021,,61,26,0,0,0
10/24/2021,,38,29,0.13,0,0
10/25/2021,,41,31,0.4,1,0
10/26/2021,,44,30,0.59,0.5,0
10/27/2021,,36,29,0,0,0
10/28/2021,,40,27,0,0,0
10/29/2021,,45,33,0,0,0
10/30/2021,,50,35,0,0,0
10/31/2021,,50,27,0,0,0
11/1/2021,,42,27,0,0,0
11/2/2021,,48,28,0.02,0.1,0
11/3/2021,,43,27,0.01,0,0
11/4/2021,,46,26,0,0,0
11/5/2021,,53,27,0.23,0,0
11/6/2021,,55,26,0,0,0
11/7/2021,,37,28,0.4,4.5,4
11/8/2021,,35,7,0.15,2.2,4
11/9/2021,,34,5,0.03,0.5,3
11/10/2021,,34,17,0.19,1.5,4
11/11/2021,,31,5,0.08,1,3
11/12/2021,,32,20,0.05,1,2
11/13/2021,,41,29,0,0,0
11/14/2021,,43,33,0.13,0,0
11/15/2021,,40,35,0.1,0,0
11/16/2021,,48,32,0,0,0
11/17/2021,,34,9,0,0,0
11/18/2021,,24,3,0,0,0
11/19/2021,,35,24,0.08,0.5,0
11/20/2021,,35,25,0.17,2,1
11/21/2021,,33,11,0,0,1
11/22/2021,,27,12,0,0,1
11/23/2021,,40,3,0,0,1
11/24/2021,,34,15,0.38,6,7
11/25/2021,,26,10,0,0,7
11/26/2021,,28,13,0,0,7
11/27/2021,,36,19,0,0,6
11/28/2021,,41,22,0,0,5
11/29/2021,,43,26,0,0,3
11/30/2021,,42,20,0,0,2
12/1/2021,,39,20,0,0,1
12/2/2021,,39,28,0,0,1
12/3/2021,,44,34,0,0,0
12/4/2021,,40,29,0,0,0
12/5/2021,,39,26,0,0,0
12/6/2021,,32,10,0,0,0
12/7/2021,,25,21,0.03,0.2,0
12/8/2021,,28,23,0,0,0
12/9/2021,,30,9,0.17,2,1
12/10/2021,,25,-2,0.01,0.2,1
12/11/2021,,20,4,0.05,1,1
12/12/2021,,22,12,0.22,5,6
12/13/2021,,28,21,0.29,6,11
12/14/2021,,28,23,0.59,12,20
12/15/2021,,28,11,0.6,5,22
12/16/2021,,18,5,,,
12/17/2021,,16,8,,3.5,19
12/18/2021,,15,-15,0.02,1,18
12/19/2021,,21,5,0,0,16
12/20/2021,,27,21,0.05,0.5,14
12/21/2021,,31,21,0,0,14
12/22/2021,,30,20,0,0,13
12/23/2021,,31,21,0.15,2,14
12/24/2021,,31,21,0.65,6,20
12/25/2021,,25,17,0.2,4,24
12/26/2021,,22,16,,,
12/27/2021,,21,5,,16,36
12/28/2021,,13,-1,0.01,1,36
12/29/2021,,6,-2,0.03,3,32
12/30/2021,,9,-2,0.35,5,33
12/31/2021,,12,9,0.4,5.5,36
1/1/2022,,11,-27,0,0,35
1/2/2022,,3,-24,0.01,0.5,33
1/3/2022,,17,-6,0,0,31
1/4/2022,,25,-7,0.15,3.5,33
1/5/2022,,18,10,0.24,4,35
1/6/2022,,21,5,0.15,3,36
1/7/2022,,31,16,0.16,2,34
1/8/2022,,31,17,0.34,4,37
1/9/2022,,20,9,0,0,36
1/10/2022,,23,-12,0,0,35
1/11/2022,,31,-8,0,0,34
1/12/2022,,35,-11,0,0,34
1/13/2022,,35,-4,0,0,32
1/14/2022,,28,-3,0,0,31
1/15/2022,,35,-7,0,0,31
1/16/2022,,28,0,0,0,31
1/17/2022,,35,6,0,0,31
1/18/2022,,35,10,0,0,31
1/19/2022,,30,11,0,0,30
1/20/2022,,30,-6,0,0,30
1/21/2022,,20,7,0.07,0.5,30
1/22/2022,,30,-8,0,0,30
1/23/2022,,31,-4,0,0,29
1/24/2022,,29,-4,0,0,29
1/25/2022,,23,-2,0.01,0.5,30
1/26/2022,,24,-2,0,0,29
1/27/2022,,27,-17,0,0,29
1/28/2022,,26,-22,0,0,29
1/29/2022,,36,-19,0,0,29
1/30/2022,,36,-11,0,0,29
1/31/2022,,36,-3,0.05,1,28
2/1/2022,,22,-6,0,0,28
2/2/2022,,16,-13,0,0,28
2/3/2022,,12,-18,0,0,28
2/4/2022,,15,-5,0,0,28
2/5/2022,,23,-1,0.05,1,29
2/6/2022,,22,-6,0.03,0.5,29
2/7/2022,,30,-5,0,0,29
2/8/2022,,33,-1,0,0,29
2/9/2022,,35,16,0,0,29
2/10/2022,,32,20,0,0,29
2/11/2022,,37,-1,0,0,29
2/12/2022,,36,-5,0,0,29
2/13/2022,,37,-3,0,0,29
2/14/2022,,39,-1,0,0,28
2/15/2022,,40,4,0.1,2,30
2/16/2022,,33,11,0.07,1.1,30
2/17/2022,,31,-3,0,0,30
2/18/2022,,21,14,0.09,3,32
2/19/2022,,30,14,0,0,32
2/20/2022,,34,21,0,0,31
2/21/2022,,34,17,0.35,4.3,33
2/22/2022,,19,-13,0.09,1,33
2/23/2022,,19,-28,0,0,33
2/24/2022,,11,-20,0,0,33
2/25/2022,,10,-26,0,0,31
2/26/2022,,14,-19,0,0,31
2/27/2022,,25,-17,0,0,31
2/28/2022,,32,-13,0,0,31
3/1/2022,,38,30,0,0,31
3/2/2022,,44,21,0,0,31
3/3/2022,,54,21,0,0,27
3/4/2022,,54,11,0,0,27
3/5/2022,,50,17,0.07,2,27
3/6/2022,,32,-10,0,0,27
3/7/2022,,30,-18,0,0,25
3/8/2022,,29,-12,0.02,0.5,26
3/9/2022,,27,-20,0.07,2,27
3/10/2022,,16,-36,0,0,27
3/11/2022,,23,-22,0,0,27
3/12/2022,,25,10,0,0,26
3/13/2022,,36,24,0.18,2,29
3/14/2022,,25,13,0.26,3.3,31
3/15/2022,,33,21,0,0,30
3/16/2022,,44,22,0.09,1.3,28
3/17/2022,,40,-14,0,0,27
3/18/2022,,36,3,0,0,27
3/19/2022,,41,15,0,0,26
3/20/2022,,46,24,0.15,2.5,28
3/21/2022,,35,-13,0.19,3.5,30
3/22/2022,,37,-12,0,0,29
3/23/2022,,46,15,0,0,27
3/24/2022,,51,16,0,0,26
3/25/2022,,53,22,0,0,25
3/26/2022,,52,23,0,0,24
3/27/2022,,58,19,0,0,23
3/28/2022,,63,22,0,0,21
3/29/2022,,58,25,0,0,19
3/30/2022,,47,10,0,0,18
3/31/2022,,50,9,0,0,17
4/1/2022,,34,5,0.1,2,18
4/2/2022,,42,7,0,0,18
4/3/2022,,40,13,0,0,17
4/4/2022,,42,15,0,0,17
4/5/2022,,33,14,0.67,3.3,19
4/6/2022,,34,5,0,0,18
4/7/2022,,35,4,0,0,17
4/8/2022,,48,14,0,0,16
4/9/2022,,54,22,0,0,14
4/10/2022,,34,15,0,0,14
4/11/2022,,26,5,0.17,2.4,16
4/12/2022,,28,9,0.48,6,22
4/13/2022,,18,-19,0.23,3,25
4/14/2022,,25,-15,0.18,4,28
4/15/2022,,32,4,0.16,2,29
4/16/2022,,29,7,0,0,28
4/17/2022,,35,15,0,0,26
4/18/2022,,34,12,0,0,25
4/19/2022,,50,16,0,0,21
4/20/2022,,35,18,0,0,18
4/21/2022,,44,17,0,0,18
4/22/2022,,45,31,0.05,0.5,16
4/23/2022,,46,27,0.16,0.7,13
4/24/2022,,42,26,0,0,13
4/25/2022,,44,14,0,0,13
4/26/2022,,49,19,0,0,12
4/27/2022,,50,22,0,0,11
4/28/2022,,43,24,0.41,0,10
4/29/2022,,46,27,0.14,1.9,11
4/30/2022,,45,15,0.02,0,11
5/1/2022,,48,15,0.12,0.2,10
5/2/2022,,47,15,0,0,10
5/3/2022,,50,23,0.11,1,9
5/4/2022,,37,25,0.01,0,8
5/5/2022,,57,26,0,0,2
5/6/2022,,59,33,0.21,0,0
5/7/2022,,51,32,0.14,0.5,0
5/8/2022,,42,25,0.09,0.5,0
5/9/2022,,42,22,0.12,0.6,1
5/10/2022,,31,7,0.16,2,2
5/11/2022,,39,12,0,0,1
5/12/2022,,50,22,0.06,0.2,0
5/13/2022,,,,,,
5/14/2022,,47,28,,0,0
5/15/2022,,45,23,0.25,0,0
5/16/2022,,64,30,0.03,0.1,0
5/17/2022,,57,32,0.25,0,0
5/18/2022,,64,28,0,0,0
5/19/2022,,58,35,0,0,0
5/20/2022,,42,22,0,0,0
5/21/2022,,45,20,0.01,0,0
5/22/2022,,42,23,0,0,0
5/23/2022,,40,25,0.51,3,1
5/24/2022,,49,24,0,0,0
5/25/2022,,61,25,0,0,0
5/26/2022,,61,28,0,0,0
5/27/2022,,72,40,0.07,0,0
5/28/2022,,63,39,0.19,0,0
5/29/2022,,44,25,0.9,0.4,0
5/30/2022,,42,29,0.48,0.5,0
5/31/2022,,40,31,0.19,0,0
6/1/2022,,53,29,0,0,0
6/2/2022,,60,30,0,0,0
6/3/2022,,65,30,0,0,0
6/4/2022,,68,29,0,0,0
6/5/2022,,64,35,0.07,0,0
6/6/2022,,55,34,0.5,0,0
6/7/2022,,52,32,0.37,0,0
6/8/2022,,60,30,0,0,0
6/9/2022,,61,33,0,0,0
6/10/2022,,68,42,0,0,0
6/11/2022,,72,42,0,0,0
6/12/2022,,65,39,0.4,0,0
6/13/2022,,48,36,2.18,0,0
6/14/2022,,46,26,0.19,0,0
6/15/2022,,45,31,0.23,0,0
6/16/2022,,57,28,0,0,0
6/17/2022,,79,41,0,0,0
6/18/2022,,80,44,0.01,0,0
6/19/2022,,76,37,0,0,0
6/20/2022,,61,27,0.08,0,0
6/21/2022,,51,30,0,0,0
6/22/2022,,62,27,0,0,0
6/23/2022,,72,28,0,0,0
6/24/2022,,76,49,0,0,0
6/25/2022,,70,32,0.1,0,0
6/26/2022,,68,29,0,0,0
6/27/2022,,76,29,0,0,0
6/28/2022,,81,33,0,0,0
6/29/2022,,81,45,0,0,0
6/30/2022,,72,31,0,0,0
7/1/2022,,76,32,0,0,0
7/2/2022,,77,36,0,0,0
7/3/2022,,80,44,0.07,0,0
7/4/2022,,80,32,0,0,0
7/5/2022,,78,43,0,0,0
7/6/2022,,77,37,0,0,0
7/7/2022,,81,46,0,0,0
7/8/2022,,82,40,0,0,0
7/9/2022,,84,40,0,0,0
7/10/2022,,84,39,0,0,0
7/11/2022,,78,38,0,0,0
7/12/2022,,81,37,0,0,0
7/13/2022,,84,37,0,0,0
7/14/2022,,83,45,0,0,0
7/15/2022,,85,44,0,0,0
7/16/2022,,82,43,0.16,0,0
7/17/2022,,84,41,0.05,0,0
7/18/2022,,87,53,0,0,0
7/19/2022,,78,33,0,0,0
7/20/2022,,80,39,0,0,0
7/21/2022,,83,42,0,0,0
7/22/2022,,84,42,0,0,0
7/23/2022,,84,39,0,0,0
7/24/2022,,84,35,0,0,0
7/25/2022,,81,36,0,0,0
7/26/2022,,82,42,0,0,0
7/27/2022,,83,40,0,0,0
7/28/2022,,86,41,0,0,0
7/29/2022,,84,40,0,0,0
7/30/2022,,85,40,0,0,0
7/31/2022,,86,41,0,0,0
8/1/2022,,84,41,0,0,0
8/2/2022,,86,52,0,0,0
8/3/2022,,74,42,0.12,0,0
8/4/2022,,78,41,0,0,0
8/5/2022,,82,43,0,0,0
8/6/2022,,62,52,0.06,0,0
8/7/2022,,62,36,0.25,0,0
8/8/2022,,72,35,0,0,0
8/9/2022,,80,33,0,0,0
8/10/2022,,84,40,0,0,0
8/11/2022,,85,47,0.11,0,0
8/12/2022,,82,47,0,0,0
8/13/2022,,80,48,0.2,0,0
8/14/2022,,81,40,0.56,0,0
8/15/2022,,75,38,0.15,0,0
8/16/2022,,82,37,0,0,0
8/17/2022,,80,38,0.01,0,0
8/18/2022,,84,37,0,0,0
8/19/2022,,87,40,0,0,0
8/20/2022,,80,42,0,0,0
8/21/2022,,81,44,0.03,0,0
8/22/2022,,78,40,0,0,0
8/23/2022,,77,35,0,0,0
8/24/2022,,82,36,0,0,0
8/25/2022,,84,37,0.21,0,0
8/26/2022,,79,38,0,0,0
8/27/2022,,74,40,0,0,0
8/28/2022,,71,38,0,0,0
8/29/2022,,73,31,0,0,0
8/30/2022,,78,31,0,0,0
8/31/2022,,83,33,0,0,0
9/1/2022,,84,40,0,0,0
9/2/2022,,84,32,0,0,0
9/3/2022,,85,34,0,0,0
9/4/2022,,87,39,0,0,0
9/5/2022,,84,41,0,0,0
9/6/2022,,84,35,0,0,0
9/7/2022,,85,34,0,0,0
9/8/2022,,86,48,0,0,0
9/9/2022,,76,33,0.51,0,0
9/10/2022,,58,24,0,0,0
9/11/2022,,71,22,0,0,0
9/12/2022,,77,27,0,0,0
9/13/2022,,76,29,0,0,0
9/14/2022,,72,29,0.08,0,0
9/15/2022,,62,30,0.01,0,0
9/16/2022,,60,31,0.11,0,0
9/17/2022,,51,35,0.35,0,0
9/18/2022,,58,31,0.19,0,0
9/19/2022,,64,29,0.01,0,0
9/20/2022,,68,28,0,0,0
9/21/2022,,72,28,0,0,0
9/22/2022,,69,33,0.43,0,0
9/23/2022,,51,35,0.17,0,0
9/24/2022,,58,33,0,0,0
9/25/2022,,64,27,0,0,0
9/26/2022,,74,23,0,0,0
9/27/2022,,74,23,0,0,0
9/28/2022,,75,33,0,0,0
9/29/2022,,76,29,0,0,0
9/30/2022,,65,27,0,0,0
10/1/2022,,57,33,0.07,0.5,0
10/2/2022,,47,32,0.15,0,0
10/3/2022,,51,28,0,0,0
10/4/2022,,52,23,0.01,0,0
10/5/2022,,62,22,0,0,0
10/6/2022,,68,23,0,0,0
10/7/2022,,74,33,0,0,0
10/8/2022,,63,21,0,0,0
10/9/2022,,70,30,0,0,0
10/10/2022,,66,22,0,0,0
10/11/2022,,64,22,0,0,0
10/12/2022,,60,28,0,0,0
10/13/2022,,69,24,0,0,0
10/14/2022,,64,20,0,0,0
10/15/2022,,63,20,0,0,0
10/16/2022,,60,18,0,0,0
10/17/2022,,69,23,0,0,0
10/18/2022,,71,23,0,0,0
10/19/2022,,73,22,0,0,0
10/20/2022,,72,24,0,0,0
10/21/2022,,62,21,0,0,0
10/22/2022,,64,36,0.55,0,0
10/23/2022,,38,27,0.36,0.2,0
10/24/2022,,34,17,0.03,0.2,0
10/25/2022,,34,16,0.15,1,1
10/26/2022,,38,16,0.02,0.5,1
10/27/2022,,32,20,0.09,1,1
10/28/2022,,28,1,0,0,1
10/29/2022,,40,0,0,0,0
10/30/2022,,46,12,0,0,0
10/31/2022,,43,15,0,0,0
11/1/2022,,44,24,,,
11/2/2022,,54,23,,,
11/3/2022,,30,12,,2.5,2
11/4/2022,,30,4,0.03,0.5,2
11/5/2022,,31,16,0.29,3.9,3
11/6/2022,,30,7,0.37,4.9,6
11/7/2022,,32,8,0.27,2.5,8
11/8/2022,,34,25,0.91,12,17
11/9/2022,,33,26,0.75,9,22
11/10/2022,,34,10,0.14,1.9,23
11/11/2022,,22,9,0,0,22
11/12/2022,,26,-17,0,0,21
11/13/2022,,25,-18,0,0,20
11/14/2022,,27,-16,0,0,19
11/15/2022,,25,-9,0,0,18
11/16/2022,,30,0,0,0,17
11/17/2022,,30,3,0.03,0.5,17
11/18/2022,,18,-29,0,0,17
11/19/2022,,20,-30,0,0,17
11/20/2022,,31,-25,0,0,15
11/21/2022,,30,-17,0,0,14
11/22/2022,,33,-10,0,0,13
11/23/2022,,39,-2,0.06,1,14
11/24/2022,,32,-6,0,0,14
11/25/2022,,34,-7,0,0,13
11/26/2022,,45,-1,0.04,0.7,14
11/27/2022,,31,7,0.06,0.2,14
11/28/2022,,20,3,0.37,6,19
11/29/2022,,23,-22,0,0,18
11/30/2022,,14,-19,0.11,2.5,18
12/1/2022,,25,14,0.36,13,30
12/2/2022,,,,,,
12/3/2022,,,,,,
12/4/2022,,,,,,
12/5/2022,,,,,,
12/6/2022,,22,16,,1.5,31
12/7/2022,,24,16,0.09,2,27
12/8/2022,,26,-11,0,0,26
12/9/2022,,,,,,
12/10/2022,,,,,,
12/11/2022,,30,-8,,4,27
12/12/2022,,29,14,0.15,2,28
12/13/2022,,30,-5,0.02,0.2,27
12/14/2022,,31,-2,0.01,0.1,26
12/15/2022,,21,-6,0,0,25
12/16/2022,,,,,,
12/17/2022,,,,,,
12/18/2022,,17,-17,,0.1,24
12/19/2022,,23,1,0,0,24
12/20/2022,,20,14,0.1,1,24
12/21/2022,,24,15,0.55,10,30
12/22/2022,,,,,,
12/23/2022,,,,,,
12/24/2022,,24,-13,,0.1,26
12/25/2022,,32,23,0,0,25
12/26/2022,,32,25,0,0,24
12/27/2022,,40,31,0.11,0.7,24
12/28/2022,,,,,,
12/29/2022,,35,11,,4,27
12/30/2022,,19,10,0.03,1,27
12/31/2022,,28,19,0.15,4,31
1/1/2023,,,,,,
1/2/2023,,,,,,
1/3/2023,,,,,,
1/4/2023,,,,,,
1/5/2023,,,,,,
1/6/2023,,,,,,
1/7/2023,,,,,,
1/8/2023,,,,,,
1/9/2023,,,,,,
1/10/2023,,,,,,
1/11/2023,,,,,,
1/12/2023,,,,,,
1/13/2023,,,,,,
1/14/2023,,,,,,
1/15/2023,,,,,,
1/16/2023,,,,,,
1/17/2023,,,,,,
1/18/2023,,,,,,
1/19/2023,,,,,,
1/20/2023,,,,,,
1/21/2023,,,,,,
1/22/2023,,,,,,
1/23/2023,,,,,,
1/24/2023,,,,,,
1/25/2023,,,,,,
1/26/2023,,,,,,
1/27/2023,,,,,,
1/28/2023,,,,,,
1/29/2023,,,,,,
1/30/2023,,,,,,
1/31/2023,,,,,,
2/1/2023,,,,,,
2/2/2023,,,,,,
2/3/2023,,30,-20,,0,29
2/4/2023,,,,,,
2/5/2023,,32,5,,0,28
2/6/2023,,,,,,
2/7/2023,,,,,,
2/8/2023,,,,,,
2/9/2023,,32,-15,,2,28
2/10/2023,,34,-19,0,0,27
2/11/2023,,,,,,
2/12/2023,,,,,,
2/13/2023,,,,,,
2/14/2023,,42,-17,,2,30
2/15/2023,,42,-22,0.1,4,31
2/16/2023,,23,-31,0,0,30
2/17/2023,,24,-31,0,0,28
2/18/2023,,27,-10,0,0,27
2/19/2023,,,,,,
2/20/2023,,,,,,
2/21/2023,,,,,,
2/22/2023,,,,,,
2/23/2023,,27,-18,,6,38
2/24/2023,,17,-6,0.09,1,39
2/25/2023,,,,,,
2/26/2023,,,,,,
2/27/2023,,,,,,
2/28/2023,,,,,,
3/1/2023,,,,,,
3/2/2023,,,,,,
3/3/2023,,,,,,
3/4/2023,,,,,,
3/5/2023,,,,,,
3/6/2023,,,,,,
3/7/2023,,,,,,
3/8/2023,,,,,,
3/9/2023,,34,-32,,4,46
3/10/2023,,27,5,0.3,7,48
3/11/2023,,33,-5,0.12,2,49
3/12/2023,,,,,,
3/13/2023,,35,-23,,0,48
3/14/2023,,38,30,0.27,4,49
3/15/2023,,39,30,0.54,6,49
3/16/2023,,33,-22,0.12,4,52
3/17/2023,,30,-30,0,0,48
3/18/2023,,35,-26,0,0,48
3/19/2023,,,,,,
3/20/2023,,33,7,,0,49
3/21/2023,,38,-19,0.1,1,49
3/22/2023,,35,0,0,0,49
3/23/2023,,34,-1,0.02,0.5,48
3/24/2023,,36,10,0.07,0.1,46
3/25/2023,,36,10,0.11,4,48
3/26/2023,,,,0,0,48
3/27/2023,,22,-7,0.02,1.5,47
3/28/2023,,,,0,0,48
3/29/2023,,39,11,0,0,48
3/30/2023,,42,,0.01,0.5,48
3/31/2023,,32,16,0,0,41
4/1/2023,,33,23,0.35,5,46
4/2/2023,,28,16,0.4,7,51
4/3/2023,,28,-14,0.5,0,51
4/4/2023,,30,1,0.01,0.2,50
4/5/2023,,24,-19,0,0,50
4/6/2023,,30,-19,0.06,1.5,48
4/7/2023,,43,-12,0,0,46
4/8/2023,,47,21,0,0,46
4/9/2023,,,,,,
4/10/2023,,,,,,
4/11/2023,,,,,,
4/12/2023,,61,23,,0,32
4/13/2023,,48,21,0.42,0.4,33
4/14/2023,,49,-3,0.01,3,31
4/15/2023,,,,,,
4/16/2023,,,,,,
4/17/2023,,,,,,
4/18/2023,,51,-6,,0,29
4/19/2023,,,,,,
4/20/2023,,51,-6,,0,27
4/21/2023,,,,,,
4/22/2023,,,,,,
4/23/2023,,,,,,
4/24/2023,,,,,,
4/25/2023,,,,,,
4/26/2023,,,,,,
4/27/2023,,,,,,
4/28/2023,,,,,,
4/29/2023,,,,,,
4/30/2023,,,,,,
5/1/2023,,63,18,,0,12
5/2/2023,,67,18,0,0,10
5/3/2023,,69,,0,0,8
5/4/2023,,64,21,0,0,7
5/5/2023,,67,25,0.11,0,6
5/6/2023,,49,25,0.09,0,3
5/7/2023,,42,31,0.24,1.5,1
5/8/2023,,44,30,0,0,0
5/9/2023,,45,27,0,0,0
5/10/2023,,50,18,0,0,0
5/11/2023,,57,19,0,0,0
5/12/2023,,52,26,0,0,0
5/13/2023,,57,26,0,0,0
5/14/2023,,56,28,0,0,0
5/15/2023,,61,30,0,0,0
5/16/2023,,64,36,0,0,0
5/17/2023,,63,31,0,0,0
5/18/2023,,63,31,0,0,0
5/19/2023,,,,0,0,0
5/20/2023,,70,25,0,0,0
5/21/2023,,73,27,0,0,0
5/22/2023,,72,35,0,0,0
5/23/2023,,72,34,0,0,0
5/24/2023,,,,0,0,0
5/25/2023,,68,32,0,0,0
5/26/2023,,,,0,0,0
5/27/2023,,58,36,0,0,0
5/28/2023,,60,37,0,0,0
5/29/2023,,56,34,0.18,0,0
5/30/2023,,63,32,0,0,0
5/31/2023,,66,42,0,0,0
6/1/2023,,68,31,0,0,0
6/2/2023,,71,41,0.02,0,0
6/3/2023,,,,0,0,0
6/4/2023,,,,0,0,0
6/5/2023,,70,34,0,0,0
6/6/2023,,71,35,0,0,0
6/7/2023,,74,36,0,0,0
6/8/2023,,75,45,0,0,0
6/9/2023,,61,35,0,0,0
6/10/2023,,70,40,0,0,0
6/11/2023,,,,0,0,0
6/12/2023,,63,48,0,0,0
6/13/2023,,65,40,0,0,0
6/14/2023,,66,47,0.51,0,0
6/15/2023,,61,28,0.01,0,0
6/16/2023,,,,,0,0
6/17/2023,,,,,0,0
6/18/2023,,61,36,,0,0
6/19/2023,,52,37,0.62,0,0
6/20/2023,,56,35,0.27,0,0
6/21/2023,,52,26,0,0,0
6/22/2023,,58,24,0,0,0
6/23/2023,,71,27,0,0,0
6/24/2023,,,,,0,0
6/25/2023,,61,33,,0,0
6/26/2023,,70,35,0,0,0
6/27/2023,,68,33,0,0,0
6/28/2023,,65,36,0.75,0,0
6/29/2023,,66,35,0.02,0,0
6/30/2023,,,,0,0,0
7/1/2023,,77,35,0,0,0
7/2/2023,,74,35,0.85,0,0
7/3/2023,,74,37,0,0,0
7/4/2023,,75,42,0.11,0,0
7/5/2023,,67,30,0,0,0
7/6/2023,,72,32,0,0,0
7/7/2023,,72,33,0,0,0
7/8/2023,,,,0,0,0
7/9/2023,,75,36,0,0,0
7/10/2023,,79,39,0,0,0
7/11/2023,,79,44,0,0,0
7/12/2023,,75,35,0,0,0
7/13/2023,,77,35,0,0,0
7/14/2023,,77,38,0.01,0,0
7/15/2023,,77,33,0,0,0
7/16/2023,,78,38,0,0,0
7/17/2023,,84,42,0,0,0
7/18/2023,,,,0,0,0
7/19/2023,,78,32,0,0,0
7/20/2023,,82,33,0,0,0
7/21/2023,,,,0,0,0
7/22/2023,,83,42,0,0,0
7/23/2023,,,,0,0,0
7/24/2023,,88,51,0,0,0
7/25/2023,,,,0,0,0
7/26/2023,,77,39,0,0,0
7/27/2023,,79,47,0,0,0
7/28/2023,,,,0,0,0
7/29/2023,,80,36,0,0,0
7/30/2023,,86,40,0,0,0
7/31/2023,,84,40,0,0,0
8/1/2023,,,,,0,0
8/2/2023,,83,46,0,0,0
8/3/2023,,71,50,0.3,0,0
8/4/2023,,70,50,0.85,0,0
8/5/2023,,58,49,0.08,0,0
8/6/2023,,70,42,0.04,0,0
8/7/2023,,69,36,0.47,0,0
8/8/2023,,,,,0,0
8/9/2023,,66,35,0.26,0,0
8/10/2023,,69,47,0.1,0,0
8/11/2023,,73,40,0,0,0
8/12/2023,,,,,0,0
8/13/2023,,75,36,0,0,0
8/14/2023,,72,31,0,0,0
8/15/2023,,,,,0,0
8/16/2023,,,,,0,0
8/17/2023,,85,37,0,0,0
8/18/2023,,84,52,0.01,0,0
8/19/2023,,77,48,0.12,0,0
8/20/2023,,71,52,0.29,0,0
8/21/2023,,,,,0,0
8/22/2023,,,,,0,0
8/23/2023,,71,47,1.21,0,0
8/24/2023,,71,40,0,0,0
8/25/2023,,75,39,0,0,0
8/26/2023,,77,48,0.12,0,0
8/27/2023,,74,41,0,0,0
8/28/2023,,,,,0,0
8/29/2023,,75,34,0.29,0,0
8/30/2023,,,,,0,0
8/31/2023,,78,38,0,0,0
9/1/2023,,,,,0,0
9/2/2023,,72,36,,0,0
9/3/2023,,69,41,0.04,0,0
9/4/2023,,64,45,0.66,0,0
9/5/2023,,56,44,0,0,0
9/6/2023,,59,33,0.16,0,0
9/7/2023,,66,38,0.01,0,0
9/8/2023,,69,38,0.02,0,0
9/9/2023,,71,31,0.02,0,0
9/10/2023,,70,31,0,0,0
9/11/2023,,70,29,0,0,0
9/12/2023,,,,,0,0
9/13/2023,,,,,0,0
9/14/2023,,,,,0,0
9/15/2023,,72,27,0,0,0
9/16/2023,,69,27,0,0,0
9/17/2023,,69,27,0,0,0
9/18/2023,,,,0,0,0
9/19/2023,,70,32,0,0,0
9/20/2023,,,,,0,0
9/21/2023,,66,24,,0,0
9/22/2023,,47,36,0.32,0,0
9/23/2023,,40,36,0.04,0,0
9/24/2023,,49,24,0,0,0
9/25/2023,,61,27,0,0,0
9/26/2023,,69,26,0,0,0
9/27/2023,,69,27,0,0,0
9/28/2023,,65,26,0,0,0
9/29/2023,,57,25,0,0,0
9/30/2023,,67,28,0,0,0
10/1/2023,,,,,,
10/2/2023,,,,,,
10/3/2023,,,,,,
10/4/2023,,,,,,
10/5/2023,,,,,,
10/6/2023,,,,,,
10/7/2023,,,,,,
10/8/2023,,,,,,
10/9/2023,,,,,,
10/10/2023,,,,,,
10/11/2023,,,,,,
10/12/2023,,,,,,
10/13/2023,,,,,,
10/14/2023,,,,,,
10/15/2023,,,,,,
10/16/2023,,,,,,
10/17/2023,,,,,,
10/18/2023,,,,,,
10/19/2023,,,,,,
10/20/2023,,,,,,
10/21/2023,,,,,,
10/22/2023,,,,,,
10/23/2023,,,,,,
10/24/2023,,,,,,
10/25/2023,,,,,,
10/26/2023,,,,,,
10/27/2023,,,,,,
10/28/2023,,,,,,
10/29/2023,,,,,,
10/30/2023,,,,,,
10/31/2023,,,,,,
11/1/2023,,,,,,
11/2/2023,,,,,,
11/3/2023,,36,29,,,2
11/4/2023,,43,30,0,,2
11/5/2023,,48,30,0.35,0,0
11/6/2023,,40,29,0,0,0
11/7/2023,,44,29,0,0,0
11/8/2023,,37,17,0,0,0
11/9/2023,,35,13,0,0,0
11/10/2023,,30,12,0,0,0
11/11/2023,,35,19,0,0,0
11/12/2023,,36,23,0,0,0
11/13/2023,,,,,,
11/14/2023,,,,,,
11/15/2023,,,,,,
11/16/2023,,,,,,
11/17/2023,,44,25,0,0,0
11/18/2023,,46,15,0,0,0
11/19/2023,,,,,,
11/20/2023,,,,,,
11/21/2023,,,,,,
11/22/2023,,37,2,0,0,0
11/23/2023,,36,26,0,0,0
11/24/2023,,29,0,0,0,0
11/25/2023,,,,,,
11/26/2023,,,,,,
11/27/2023,,,,,,
11/28/2023,,,,,,
11/29/2023,,,,,,
11/30/2023,,35,-10,0,0,0
12/1/2023,,29,7,0.01,1,1
12/2/2023,,,,,,
12/3/2023,,24,-5,,8,8
12/4/2023,,29,4,0.09,2,7
12/5/2023,,36,27,0,0,6
12/6/2023,,38,18,0,0,3
12/7/2023,,44,14,0.14,4,7
12/8/2023,,29,12,0.64,11,12
12/9/2023,,23,-16,0.14,4,12
12/10/2023,,17,-3,0.04,1,12
12/11/2023,,21,14,0.01,0.2,11
12/12/2023,,33,3,0,0,10
12/13/2023,,,,0,0,10
12/14/2023,,32,-13,0,0,9
12/15/2023,,38,-6,0,0,9
12/16/2023,,36,-5,0,0,9
12/17/2023,,37,-2,0,0,9
12/18/2023,,41,-9,0,0,9
12/19/2023,,44,-2,0,0,9
12/20/2023,,44,13,0,0,9
12/21/2023,,44,12,0,0,8
12/22/2023,,,,,,8
12/23/2023,,41,19,,2,9
12/24/2023,,23,-16,0.1,0.5,9
12/25/2023,,21,-32,0,0,9
12/26/2023,,23,-26,0,0,9
12/27/2023,,27,-11,0,0,8
12/28/2023,,31,-9,0,0,8
12/29/2023,,,,0,0,8
12/30/2023,,40,-6,0,0,8
12/31/2023,,43,-6,0,0,8
1/1/2024,,,,,,
1/2/2024,,40,-10,0,0,8
1/3/2024,,33,-12,0,0,8
1/4/2024,,34,1,0,0,8
1/5/2024,,29,12,0.01,0.5,8
1/6/2024,,28,-4,0.01,0.2,8
1/7/2024,,,,,,
1/8/2024,,21,-30,0.08,2,10
1/9/2024,,13,0,0.06,2,12
1/10/2024,,17,8,0.14,4,14
1/11/2024,,13,-20,0.11,3,15
1/12/2024,,14,-21,0.01,4,15
1/13/2024,,9,-32,0,0,15
1/14/2024,,1,-36,0,0,15
1/15/2024,,13,-39,0,0,15
1/16/2024,,8,-36,0,0,15
1/17/2024,,25,5,0.09,1,14
1/18/2024,,22,8,0.34,2.5,17
1/19/2024,,28,8,0,0,15
1/20/2024,,31,15,0,0,15
1/21/2024,,44,24,0.05,1.5,16
1/22/2024,,37,26,0.02,1,15
1/23/2024,,38,16,0,0,15
1/24/2024,,36,24,0.02,0,14
1/25/2024,,36,23,0.13,1,15
1/26/2024,,31,14,0.02,0.5,15
1/27/2024,,,,,,
1/28/2024,,38,25,0,0,14
1/29/2024,,43,31,0,0,13
1/30/2024,,44,13,0,0,12
1/31/2024,,40,15,0,0,12
2/1/2024,,49,6,0,0,11
2/2/2024,,44,20,0,0,11
2/3/2024,,41,24,0.2,2,12
2/4/2024,,29,20,0.08,3,18
2/5/2024,,,,,,
2/6/2024,,32,1,,8,24
2/7/2024,,35,28,0.1,2,26
2/8/2024,,36,18,0,0,24
2/9/2024,,37,12,0,0,24
2/10/2024,,24,-11,0,0,23
2/11/2024,,26,0,0,0,22
2/12/2024,,29,17,0,0,22
2/13/2024,,,,0,0,22
2/14/2024,,30,-4,0,0,22
2/15/2024,,34,-4,0.36,7,28
2/16/2024,,28,11,0.15,4,28
2/17/2024,,32,-36,0,0,27
2/18/2024,,,,0,0,26
2/19/2024,,36,-10,0,0,25
2/20/2024,,,,0,0,25
2/21/2024,,38,7,0,0,25
2/22/2024,,37,7,0,0,25
2/23/2024,,39,3,0,0,25
2/24/2024,,,,,,
2/25/2024,,,,,,
2/26/2024,,,,,,
2/27/2024,,27,-7,,12,33
2/28/2024,,22,-11,0.06,2,33
2/29/2024,,23,7,0,0,33
3/1/2024,,33,18,0.53,9,36
3/2/2024,,26,22,0.81,13,46
3/3/2024,,30,-4,0.64,9,47
3/4/2024,,,,,,
3/5/2024,,17,3,0.21,4,44
3/6/2024,,25,10,0.75,14,55
3/7/2024,,30,-23,0,0,50
3/8/2024,,41,-15,0,0,46
3/9/2024,,,,,,
3/10/2024,,,,,,
3/11/2024,,31,20,0,0,44
3/12/2024,,33,23,0.09,1,42
3/13/2024,,42,-2,0,0,41
3/14/2024,,,,,,
3/15/2024,,41,-14,0,0,39
3/16/2024,,48,0,0,0,38
3/17/2024,,,,,,
3/18/2024,,,,,,
3/19/2024,,55,7,0,0,33
3/20/2024,,54,13,0,0,30
3/21/2024,,51,23,0,0,28
3/22/2024,,44,20,0,0,26
3/23/2024,,45,21,0,0,25
3/24/2024,,,,,,
3/25/2024,,,,,,
3/26/2024,,36,-6,0,0,26
3/27/2024,,34,1,0,0,26
3/28/2024,,32,22,0,0,26
3/29/2024,,36,18,0.61,9,32
3/30/2024,,37,-3,0,0,31
3/31/2024,,,,,,
4/1/2024,,45,-7,0,0,29
4/2/2024,,,,,,
4/3/2024,,,,,,
4/4/2024,,,,,,
4/5/2024,,56,7,0,0,22
4/6/2024,,54,19,0.14,1.2,19
4/7/2024,,34,15,0,0,21
4/8/2024,,,,,,
4/9/2024,,,,0,,
4/10/2024,,,,,,
4/11/2024,,,,,,
4/12/2024,,,,,,
4/13/2024,,,,,,
4/14/2024,,,,,,
4/15/2024,,,,,,
4/16/2024,,,,,,
4/17/2024,,,,,,
4/18/2024,,37,-10,0.9,7,16
4/19/2024,,36,-3,0,0,16
4/20/2024,,41,-3,0,0,15
4/21/2024,,49,18,0,0,11
4/22/2024,,52,17,0,0,8
4/23/2024,,55,15,0,0,7
4/24/2024,,,,,,
4/25/2024,,,,,,
4/26/2024,,42,20,0,0,3
4/27/2024,,55,33,0,0,0
4/28/2024,,48,31,0,0,0
4/29/2024,,49,25,0,0,0
4/30/2024,,,,,,
5/1/2024,,37,13,0.35,3,3
5/2/2024,,,,,,
5/3/2024,,40,18,0,0,0
5/4/2024,,41,15,0,0,0
5/5/2024,,56,36,0,0,0
5/6/2024,,,,,,
5/7/2024,,53,26,0,0,0
5/8/2024,,,,,,
5/9/2024,,45,28,0,0,0
5/10/2024,,,,,,
5/11/2024,,,,,,
5/12/2024,,68,34,0,0,0
5/13/2024,,,,,,
5/14/2024,,,,,,
5/15/2024,,,,,,
5/16/2024,,,,,,
5/17/2024,,,,,,
5/18/2024,,62,23,,0,0
5/19/2024,,63,23,0,0,0
5/20/2024,,47,23,0.08,0,0
5/21/2024,,,,0,0,0
5/22/2024,,50,25,0,0,0
5/23/2024,,43,25,0.52,3,0
5/24/2024,,,,,,
5/25/2024,,51,27,0,0,0
5/26/2024,,52,33,0.3,0,0
5/27/2024,,52,29,0.03,0,0
5/28/2024,,,,,,
5/29/2024,,71,25,0,0,0
5/30/2024,,,,,,
5/31/2024,,58,28,0.11,0,0
6/1/2024,,59,27,0,0,0
6/2/2024,,65,38,0,0,0
6/3/2024,,61,45,0.07,0,0
6/4/2024,,51,40,0.26,0,0
6/5/2024,,68,42,0,0,0
6/6/2024,,70,33,0,0,0
6/7/2024,,,,,0,0
6/8/2024,,76,37,0,0,0
6/9/2024,,75,38,0,0,0
6/10/2024,,,,,0,0
6/11/2024,,73,36,0,0,0
6/12/2024,,69,40,0.65,0,0
6/13/2024,,73,39,0,0,0
6/14/2024,,77,49,0.08,0,0
6/15/2024,,76,44,0.01,0,0
6/16/2024,,65,36,0,0,0
6/17/2024,,60,40,0,0,0
6/18/2024,,54,26,0.2,0,0
6/19/2024,,58,26,0,0,0
6/20/2024,,63,24,0,0,0
6/21/2024,,73,35,0,0,0
6/22/2024,,78,38,0,0,0
6/23/2024,,79,43,0,0,0
6/24/2024,,77,40,0,0,0
6/25/2024,,82,37,0,0,0
6/26/2024,,,,,0,0
6/27/2024,,,,,0,0
6/28/2024,,,,,0,0
6/29/2024,,67,30,0,0,0
6/30/2024,,77,30,0,0,0
7/1/2024,,79,48,0.1,0,0
7/2/2024,,62,34,0.2,0,0
7/3/2024,,63,36,0,0,0
7/4/2024,,67,28,0,0,0
7/5/2024,,68,30,0,0,0
7/6/2024,,75,32,0,0,0
7/7/2024,,73,33,0,0,0
7/8/2024,,75,32,0,0,0
7/9/2024,,79,39,0,0,0
7/10/2024,,,,,0,0
7/11/2024,,,,,0,0
7/12/2024,,,,,0,0
7/13/2024,,89,40,0,0,0
7/14/2024,,87,45,0,0,0
7/15/2024,,70,49,0.08,0,0
7/16/2024,,75,40,0.06,0,0
7/17/2024,,83,45,0,0,0
7/18/2024,,78,46,0,0,0
7/19/2024,,85,47,0,0,0
7/20/2024,,87,45,0,0,0
7/21/2024,,81,39,0,0,0
7/22/2024,,80,39,0,0,0
7/23/2024,,80,54,0,0,0
7/24/2024,,87,44,0,0,0
7/25/2024,,88,60,0,0,0
7/26/2024,,,,,0,0
7/27/2024,,75,45,0,0,0
7/28/2024,,75,38,0.3,0,0
7/29/2024,,73,37,0,0,0
7/30/2024,,,,,0,0
7/31/2024,,70,36,0.17,0,0
8/1/2024,,76,34,0,0,0
8/2/2024,,86,36,0,0,0
8/3/2024,,88,41,0,0,0
8/4/2024,,89,52,0,0,0
8/5/2024,,78,47,0.12,0,0
8/6/2024,,85,42,0,0,0
8/7/2024,,80,42,0,0,0
8/8/2024,,77,35,0,0,0
8/9/2024,,77,35,0,0,0
8/10/2024,,77,40,0,0,0
8/11/2024,,70,37,0.21,0,0
8/12/2024,,73,36,0,0,0
8/13/2024,,74,36,0.05,0,0
8/14/2024,,61,39,0.39,0,0
8/15/2024,,63,35,0.2,0,0
8/16/2024,,72,36,0.08,0,0
8/17/2024,,72,35,0,0,0
8/18/2024,,81,44,0,0,0
8/19/2024,,80,48,0.1,0,0
8/20/2024,,82,49,0,0,0
8/21/2024,,79,36,0.06,0,0
8/22/2024,,75,31,0,0,0
8/23/2024,,79,32,0.09,0,0
8/24/2024,,75,34,0.04,0,0
8/25/2024,,75,41,0,0,0
8/26/2024,,72,39,0,0,0
8/27/2024,,,,,0,0
8/28/2024,,71,38,0,0,0
8/29/2024,,,,,0,0
8/30/2024,,71,25,0,0,0
8/31/2024,,78,30,0,0,0
9/1/2024,,80,30,0,0,0
9/2/2024,,83,31,0,0,0
9/3/2024,,81,38,0,0,0
9/4/2024,,,,,,
9/5/2024,,,,,,
9/6/2024,,,,,,
9/7/2024,,,,,,
9/8/2024,,,,,,
9/9/2024,,,,,,
9/10/2024,,,,,,
9/11/2024,,,,,,
9/12/2024,,,,,,
9/13/2024,,,,,,
9/14/2024,,,,,,
9/15/2024,,,,,,
9/16/2024,,,,,,
9/17/2024,,,,,,
9/18/2024,,,,,,
9/19/2024,,,,,,
9/20/2024,,,,,,
9/21/2024,,,,,,
9/22/2024,,,,,,
9/23/2024,,,,,,
9/24/2024,,,,,,
9/25/2024,,,,,,
9/26/2024,,,,,,
9/27/2024,,,,,,
9/28/2024,,,,,,
9/29/2024,,,,,,
9/30/2024,,,,,,
10/1/2024,,,,,,
10/2/2024,,,,,,
10/3/2024,,,,,,
10/4/2024,,,,,,
10/5/2024,,,,,,
10/6/2024,,,,,,
10/7/2024,,,,,,
10/8/2024,,,,,,
10/9/2024,,,,,,
10/10/2024,,71,33,0,0,0
10/11/2024,,67,27,0,0,0
10/12/2024,,67,27,0,0,0
10/13/2024,,68,21,0,0,0
10/14/2024,,72,19,0,0,0
10/15/2024,,71,23,0,0,0
10/16/2024,,68,22,0,0,0
10/17/2024,,45,23,0.02,0,0
10/18/2024,,,,,,
10/19/2024,,,,,,
10/20/2024,,,,,,
10/21/2024,,63,20,0,0,0
10/22/2024,,48,22,0,0,0
10/23/2024,,,,,,
10/24/2024,,,,,,
10/25/2024,,54,16,,0,0
10/26/2024,,,,0,0,0
10/27/2024,,56,23,0,0,0
10/28/2024,,58,23,0.05,0,0
10/29/2024,,30,11,0,0,0
10/30/2024,,33,10,0.15,1.5,
10/31/2024,,33,10,0,0,
11/1/2024,,31,20,0.4,7,5
11/2/2024,,35,7,0,0,4
11/3/2024,,33,8,0.8,6,4
11/4/2024,,33,7,0,0,4
11/5/2024,,,,,,
11/6/2024,,30,-10,0.2,2,3
11/7/2024,,32,-8,0,0,3
11/8/2024,,44,-8,0,0,3
11/9/2024,,56,5,0,0,3
11/10/2024,,49,13,0,0,3
11/11/2024,,46,21,0,0,2
11/12/2024,,51,21,0,0,2
11/13/2024,,32,18,0.05,1,2
11/14/2024,,35,19,0,0,1
11/15/2024,,36,3,0,0,1
11/16/2024,,34,21,0.05,1,2
11/17/2024,,31,18,0.03,1,2
11/18/2024,,29,20,0.03,1,3
11/19/2024,,,,,,
11/20/2024,,29,-11,,5,5
11/21/2024,,29,2,0,0,4
11/22/2024,,36,21,0,0,4
11/23/2024,,48,25,0,0,4
11/24/2024,,38,21,0.25,5,8
11/25/2024,,25,-1,0,0,8
11/26/2024,,29,5,0.15,1.5,9
11/27/2024,,31,-1,0.02,0.5,8
11/28/2024,,,,,,
11/29/2024,,26,8,0,0,7
11/30/2024,,26,14,0,0,7
12/1/2024,,25,-1,0,0,7
12/2/2024,,38,0,0,0,7
12/3/2024,,46,-5,0,0,7
12/4/2024,,50,-6,0,0,7
12/5/2024,,46,-7,0,0,7
12/6/2024,,43,-7,0,0,7
12/7/2024,,45,-1,0,0,7
12/8/2024,,38,14,0.04,0.5,7
12/9/2024,,22,2,0.05,1,8
12/10/2024,,,,,,
12/11/2024,,26,4,0,0,8
12/12/2024,,25,4,0,0,8
12/13/2024,,32,-2,0,0,8
12/14/2024,,28,10,0,0,8
12/15/2024,,,,,,
12/16/2024,,30,13,,6,11
12/17/2024,,25,15,0.27,5,15
12/18/2024,,30,15,0,0,15
12/19/2024,,33,15,0,0,15
12/20/2024,,42,8,0,0,14
12/21/2024,,,,,,
12/22/2024,,47,5,0,0,12
12/23/2024,,31,27,,2,12
12/24/2024,,38,15,0,0,12
12/25/2024,,,,,,
12/26/2024,,36,16,,2,12
12/27/2024,,27,19,,3,12
12/28/2024,,29,21,0.03,2.5,13
12/29/2024,,30,23,0.09,3,15
12/30/2024,,33,15,0.34,7,17
12/31/2024,,25,9,0,0,16
1/1/2025,,20,5,0,0,17
1/2/2025,,21,4,0.06,3.5,17
1/3/2025,,33,4,0.3,6,21
1/4/2025,,36,26,0,0,17
1/5/2025,,29,16,0,0,17
1/6/2025,,26,17,0,0,17
1/7/2025,,31,-20,0,0,17
1/8/2025,,28,-17,0,0,17
1/9/2025,,18,-14,0.02,0.2,17
1/10/2025,,28,-11,0,0,17
1/11/2025,,18,-3,0.05,2,18
1/12/2025,,27,-5,0,0,18
1/13/2025,,27,-10,0.02,0.5,18
1/14/2025,,22,-2,0,0,18
1/15/2025,,,,0,0,17
1/16/2025,,37,-5,0,0,17
1/17/2025,,34,1,0.01,0.1,17
1/18/2025,,20,-31,0.03,1,17
1/19/2025,,8,-12,0,0,17
1/20/2025,,11,-39,0,0,17
1/21/2025,,7,-19,0,0,17
1/22/2025,,20,-10,0,0,17
1/23/2025,,20,-26,0,0,17
1/24/2025,,17,6,0,0,17
1/25/2025,,23,-43,0.02,0.5,17
1/26/2025,,26,-45,0,0,17
1/27/2025,,37,-23,0,0,17
1/28/2025,,40,-17,0,0,16
1/29/2025,,43,-10,0,0,16
1/30/2025,,47,-18,0,0,16
1/31/2025,,,,0,0,16
2/1/2025,,,,,,
2/2/2025,,,,,,
2/3/2025,,,,,,
2/4/2025,,,,,,
2/5/2025,,39,28,0.32,5,29
2/6/2025,,31,4,0,0,27
2/7/2025,,31,4,0.34,3,26
2/8/2025,,31,1,0.45,6,30
2/9/2025,,,,,,
2/10/2025,,16,-3,0,0,29
2/11/2025,,,,,,
2/12/2025,,15,-40,0,0,27
2/13/2025,,15,-40,0,0,27
2/14/2025,,,,,,
2/15/2025,,,,,,
2/16/2025,,,,,,
2/17/2025,,27,23,0.25,6,33
2/18/2025,,,,,,
2/19/2025,,29,6,0.01,0.5,31
2/20/2025,,35,21,0,0,31
2/21/2025,,33,12,0,0,30
2/22/2025,,,,,,
2/23/2025,,,,,,
2/24/2025,,,,,,
2/25/2025,,38,-1,,,25
2/26/2025,,34,15,0,0,25
2/27/2025,,29,-3,0,0,24
2/28/2025,,43,-2,0,0,24
3/1/2025,,52,-2,0,0,23
3/2/2025,,54,-3,0,0,23
3/3/2025,,53,15,0,0,21
3/4/2025,,42,10,0,0,21
3/5/2025,,37,13,0,0,21
3/6/2025,,36,21,0.24,4,22
3/7/2025,,23,0,0.03,2,24
3/8/2025,,37,-2,0,0,24
3/9/2025,,,,,,
3/10/2025,,44,22,0,0,22
3/11/2025,,,,,,
3/12/2025,,45,11,0,0,20
3/13/2025,,42,29,0.23,3,22
3/14/2025,,40,20,0,0,21
3/15/2025,,28,10,0.08,2,21
3/16/2025,,30,16,0.29,5,25
3/17/2025,,33,26,0.42,8,30
3/18/2025,,32,18,0.52,9,36
3/19/2025,,32,-24,0,0,36
3/20/2025,,32,-24,0,0,30
3/21/2025,,30,14,0.23,4,34
3/22/2025,,31,20,0.15,3,33
